
ISO-10303-21;
HEADER;
FILE_DESCRIPTION (( 'STEP AP214' ),
    '1' );
FILE_NAME ('17HS08-1504-ME1K.STEP',
    '2021-11-11T00:42:53',
    ( '' ),
    ( '' ),
    'SwSTEP 2.0',
    'SolidWorks 2016',
    '' );
FILE_SCHEMA (( 'AUTOMOTIVE_DESIGN' ));
ENDSEC;

DATA;
#1 = EDGE_CURVE ( 'NONE', #4234, #372, #6868, .T. ) ;
#2 = CARTESIAN_POINT ( 'NONE',  ( -21.14999999999999500, -16.94289321881344500, -1.499999999999997800 ) ) ;
#3 = ORIENTED_EDGE ( 'NONE', *, *, #10549, .F. ) ;
#4 = FACE_BOUND ( 'NONE', #9449, .T. ) ;
#5 = VECTOR ( 'NONE', #10003, 1000.000000000000000 ) ;
#6 = FILL_AREA_STYLE_COLOUR ( '', #2677 ) ;
#7 = CARTESIAN_POINT ( 'NONE',  ( -15.98624964825069300, -16.80716972541312200, -9.499999999999998200 ) ) ;
#8 = ORIENTED_EDGE ( 'NONE', *, *, #7611, .T. ) ;
#9 = COLOUR_RGB ( '',0.2509803921568627400, 0.2509803921568627400, 0.2509803921568627400 ) ;
#10 =( LENGTH_UNIT ( ) NAMED_UNIT ( * ) SI_UNIT ( .MILLI., .METRE. ) );
#11 = VERTEX_POINT ( 'NONE', #990 ) ;
#12 = MECHANICAL_DESIGN_GEOMETRIC_PRESENTATION_REPRESENTATION (  '', ( #2604 ), #3732 ) ;
#13 = ORIENTED_EDGE ( 'NONE', *, *, #10170, .T. ) ;
#14 = CARTESIAN_POINT ( 'NONE',  ( -15.49999999999999600, 15.50000000000000000, 5.500000000000000000 ) ) ;
#15 = CARTESIAN_POINT ( 'NONE',  ( -3.600000000000001000, -19.15000000000000600, -8.999999999999992900 ) ) ;
#16 = LINE ( 'NONE', #2450, #8647 ) ;
#17 = EDGE_CURVE ( 'NONE', #3271, #9541, #3473, .T. ) ;
#18 = CARTESIAN_POINT ( 'NONE',  ( 11.50000000000000000, 0.0000000000000000000, 9.500000000000000000 ) ) ;
#19 = DIRECTION ( 'NONE',  ( -0.0000000000000000000, -0.0000000000000000000, -1.000000000000000000 ) ) ;
#20 = VECTOR ( 'NONE', #2986, 1000.000000000000000 ) ;
#21 = ADVANCED_FACE ( 'NONE', ( #10552 ), #2680, .F. ) ;
#22 = DIRECTION ( 'NONE',  ( 0.0000000000000000000, 0.0000000000000000000, -1.000000000000000000 ) ) ;
#23 = DIRECTION ( 'NONE',  ( -1.000000000000000000, -0.0000000000000000000, -0.0000000000000000000 ) ) ;
#24 = SURFACE_SIDE_STYLE ('',( #5338 ) ) ;
#25 = ORIENTED_EDGE ( 'NONE', *, *, #5595, .F. ) ;
#26 = CARTESIAN_POINT ( 'NONE',  ( 14.25000000000000000, 15.50000000000000000, 10.00000000000000000 ) ) ;
#27 = VECTOR ( 'NONE', #5177, 1000.000000000000000 ) ;
#28 = UNCERTAINTY_MEASURE_WITH_UNIT (LENGTH_MEASURE( 1.000000000000000100E-005 ), #6709, 'distance_accuracy_value', 'NONE');
#29 = EDGE_CURVE ( 'NONE', #8474, #3092, #10136, .T. ) ;
#30 = CARTESIAN_POINT ( 'NONE',  ( 20.65000000000000200, -16.94289321881343100, -11.49999999999999800 ) ) ;
#31 = AXIS2_PLACEMENT_3D ( 'NONE', #9176, #2449, #7453 ) ;
#32 = ORIENTED_EDGE ( 'NONE', *, *, #4293, .T. ) ;
#33 =( LENGTH_UNIT ( ) NAMED_UNIT ( * ) SI_UNIT ( .MILLI., .METRE. ) );
#34 = DIRECTION ( 'NONE',  ( 0.0000000000000000000, 0.0000000000000000000, -1.000000000000000000 ) ) ;
#35 = DIRECTION ( 'NONE',  ( 0.0000000000000000000, 0.0000000000000000000, 1.000000000000000000 ) ) ;
#36 = CARTESIAN_POINT ( 'NONE',  ( -20.64999999999999500, 16.94289321881344900, 10.00000000000000000 ) ) ;
#37 = ORIENTED_EDGE ( 'NONE', *, *, #9923, .F. ) ;
#38 = MECHANICAL_DESIGN_GEOMETRIC_PRESENTATION_REPRESENTATION (  '', ( #5846 ), #3394 ) ;
#39 = ORIENTED_EDGE ( 'NONE', *, *, #6231, .T. ) ;
#40 = CARTESIAN_POINT ( 'NONE',  ( 0.0000000000000000000, 0.0000000000000000000, 9.500000000000000000 ) ) ;
#41 = SURFACE_STYLE_USAGE ( .BOTH. , #8196 ) ;
#42 =( LENGTH_UNIT ( ) NAMED_UNIT ( * ) SI_UNIT ( .MILLI., .METRE. ) );
#43 = DIRECTION ( 'NONE',  ( -0.0000000000000000000, -0.0000000000000000000, -1.000000000000000000 ) ) ;
#44 = CARTESIAN_POINT ( 'NONE',  ( -12.25000000000087200, -15.49999999999912400, -11.49999999999999800 ) ) ;
#45 = ORIENTED_EDGE ( 'NONE', *, *, #8279, .F. ) ;
#46 = AXIS2_PLACEMENT_3D ( 'NONE', #818, #1707, #8445 ) ;
#47 = COLOUR_RGB ( '',0.2509803921568627400, 0.2509803921568627400, 0.2509803921568627400 ) ;
#48 = AXIS2_PLACEMENT_3D ( 'NONE', #9026, #4025, #8882 ) ;
#49 = EDGE_CURVE ( 'NONE', #7862, #8438, #6479, .T. ) ;
#50 =( GEOMETRIC_REPRESENTATION_CONTEXT ( 3 ) GLOBAL_UNCERTAINTY_ASSIGNED_CONTEXT ( ( #3107 ) ) GLOBAL_UNIT_ASSIGNED_CONTEXT ( ( #4356, #5132, #104 ) ) REPRESENTATION_CONTEXT ( 'NONE', 'WORKASPACE' ) );
#51 = FILL_AREA_STYLE_COLOUR ( '', #67 ) ;
#52 =( NAMED_UNIT ( * ) PLANE_ANGLE_UNIT ( ) SI_UNIT ( $, .RADIAN. ) );
#53 = ORIENTED_EDGE ( 'NONE', *, *, #5521, .F. ) ;
#54 = COLOUR_RGB ( '',0.2509803921568627400, 0.2509803921568627400, 0.2509803921568627400 ) ;
#55 =( NAMED_UNIT ( * ) SI_UNIT ( $, .STERADIAN. ) SOLID_ANGLE_UNIT ( ) );
#56 = ORIENTED_EDGE ( 'NONE', *, *, #274, .F. ) ;
#57 = CARTESIAN_POINT ( 'NONE',  ( 15.03502403148815200, -15.98624964824929200, -10.99999999999999800 ) ) ;
#58 = FACE_OUTER_BOUND ( 'NONE', #4700, .T. ) ;
#59 = EDGE_CURVE ( 'NONE', #1216, #565, #8965, .T. ) ;
#60 = PRESENTATION_LAYER_ASSIGNMENT (  '', '', ( #2653 ) ) ;
#61 = AXIS2_PLACEMENT_3D ( 'NONE', #9799, #4682, #8856 ) ;
#62 = EDGE_CURVE ( 'NONE', #10470, #10422, #888, .T. ) ;
#63 = CARTESIAN_POINT ( 'NONE',  ( -15.98624964825069700, -15.03502403148862900, -9.499999999999998200 ) ) ;
#64 =( NAMED_UNIT ( * ) PLANE_ANGLE_UNIT ( ) SI_UNIT ( $, .RADIAN. ) );
#65 = CARTESIAN_POINT ( 'NONE',  ( 16.75000000000000000, -15.50000000000000000, 10.00000000000000000 ) ) ;
#66 = DIRECTION ( 'NONE',  ( 0.0000000000000000000, 0.0000000000000000000, -1.000000000000000000 ) ) ;
#67 = COLOUR_RGB ( '',0.2509803921568627400, 0.2509803921568627400, 0.2509803921568627400 ) ;
#68 = ORIENTED_EDGE ( 'NONE', *, *, #29, .F. ) ;
#69 = ADVANCED_FACE ( 'NONE', ( #3733 ), #9489, .T. ) ;
#70 = ORIENTED_EDGE ( 'NONE', *, *, #370, .T. ) ;
#71 = LINE ( 'NONE', #7342, #1807 ) ;
#72 = VECTOR ( 'NONE', #9123, 1000.000000000000000 ) ;
#73 = ORIENTED_EDGE ( 'NONE', *, *, #2919, .F. ) ;
#74 = COLOUR_RGB ( '',0.0000000000000000000, 0.0000000000000000000, 0.0000000000000000000 ) ;
#75 = MECHANICAL_DESIGN_GEOMETRIC_PRESENTATION_REPRESENTATION (  '', ( #10167 ), #3443 ) ;
#76 = CARTESIAN_POINT ( 'NONE',  ( 17.89999999999912100, -15.50000000000000200, -10.49999999999999600 ) ) ;
#77 = DIRECTION ( 'NONE',  ( 0.6700528225186805900, 0.0000000000000000000, -0.7423134210256133700 ) ) ;
#78 = FACE_OUTER_BOUND ( 'NONE', #5028, .T. ) ;
#79 = EDGE_CURVE ( 'NONE', #6498, #2738, #5692, .T. ) ;
#80 = CARTESIAN_POINT ( 'NONE',  ( -15.98624964825069700, -14.19283027458502200, -10.99999999999999800 ) ) ;
#81 = DIRECTION ( 'NONE',  ( -1.000000000000000000, 0.0000000000000000000, 0.0000000000000000000 ) ) ;
#82 = VECTOR ( 'NONE', #2651, 1000.000000000000100 ) ;
#83 = DIRECTION ( 'NONE',  ( -1.000000000000000000, 0.0000000000000000000, 0.0000000000000000000 ) ) ;
#84 = DIRECTION ( 'NONE',  ( -0.0000000000000000000, -0.0000000000000000000, -1.000000000000000000 ) ) ;
#85 = VERTEX_POINT ( 'NONE', #7703 ) ;
#86 = PRESENTATION_STYLE_ASSIGNMENT (( #10436 ) ) ;
#87 = CARTESIAN_POINT ( 'NONE',  ( 17.69999999999999900, 15.50000000000000000, -10.49999999999999600 ) ) ;
#88 = PRESENTATION_LAYER_ASSIGNMENT (  '', '', ( #4436 ) ) ;
#89 = SURFACE_SIDE_STYLE ('',( #3977 ) ) ;
#90 = FILL_AREA_STYLE_COLOUR ( '', #7147 ) ;
#91 =( NAMED_UNIT ( * ) PLANE_ANGLE_UNIT ( ) SI_UNIT ( $, .RADIAN. ) );
#92 = CIRCLE ( 'NONE', #249, 20.00000000000000000 ) ;
#93 = VECTOR ( 'NONE', #3106, 1000.000000000000000 ) ;
#94 = ORIENTED_EDGE ( 'NONE', *, *, #1271, .F. ) ;
#95 = COLOUR_RGB ( '',0.2509803921568627400, 0.2509803921568627400, 0.2509803921568627400 ) ;
#96 = UNCERTAINTY_MEASURE_WITH_UNIT (LENGTH_MEASURE( 1.000000000000000100E-005 ), #3882, 'distance_accuracy_value', 'NONE');
#97 = SURFACE_SIDE_STYLE ('',( #8311 ) ) ;
#98 = VECTOR ( 'NONE', #1261, 1000.000000000000000 ) ;
#99 = DIRECTION ( 'NONE',  ( -0.0000000000000000000, -0.0000000000000000000, -1.000000000000000000 ) ) ;
#100 = DIRECTION ( 'NONE',  ( 0.0000000000000000000, 0.0000000000000000000, 1.000000000000000000 ) ) ;
#101 = ORIENTED_EDGE ( 'NONE', *, *, #1587, .F. ) ;
#102 = DIRECTION ( 'NONE',  ( -1.000000000000000000, -8.202002250481357500E-017, 0.0000000000000000000 ) ) ;
#103 = ORIENTED_EDGE ( 'NONE', *, *, #10040, .T. ) ;
#104 =( NAMED_UNIT ( * ) SI_UNIT ( $, .STERADIAN. ) SOLID_ANGLE_UNIT ( ) );
#105 = VECTOR ( 'NONE', #4448, 1000.000000000000000 ) ;
#106 = COLOUR_RGB ( '',0.2509803921568627400, 0.2509803921568627400, 0.2509803921568627400 ) ;
#107 = EDGE_CURVE ( 'NONE', #7836, #6627, #1266, .T. ) ;
#108 = VERTEX_POINT ( 'NONE', #2119 ) ;
#109 = DIRECTION ( 'NONE',  ( 0.0000000000000000000, 0.0000000000000000000, -1.000000000000000000 ) ) ;
#110 = ORIENTED_EDGE ( 'NONE', *, *, #8268, .T. ) ;
#111 = EDGE_CURVE ( 'NONE', #6802, #5424, #5572, .T. ) ;
#112 = DIRECTION ( 'NONE',  ( -0.0000000000000000000, -0.0000000000000000000, -1.000000000000000000 ) ) ;
#113 = AXIS2_PLACEMENT_3D ( 'NONE', #6987, #8674, #4576 ) ;
#114 = DIRECTION ( 'NONE',  ( -0.7071067811865460200, 0.7071067811865490200, 0.0000000000000000000 ) ) ;
#115 = SURFACE_STYLE_USAGE ( .BOTH. , #8536 ) ;
#116 = ORIENTED_EDGE ( 'NONE', *, *, #9531, .F. ) ;
#117 = FILL_AREA_STYLE ('',( #5149 ) ) ;
#118 = CARTESIAN_POINT ( 'NONE',  ( -15.01375035175307500, -15.03502403148862900, -9.499999999999998200 ) ) ;
#119 = ORIENTED_EDGE ( 'NONE', *, *, #1047, .F. ) ;
#120 = DIRECTION ( 'NONE',  ( 4.542762141924063400E-015, -1.000000000000000000, 0.0000000000000000000 ) ) ;
#121 = AXIS2_PLACEMENT_3D ( 'NONE', #10674, #3916, #8014 ) ;
#122 = ADVANCED_FACE ( 'NONE', ( #6738 ), #3076, .T. ) ;
#123 = AXIS2_PLACEMENT_3D ( 'NONE', #3186, #10649, #9844 ) ;
#124 = PLANE ( 'NONE',  #8609 ) ;
#125 = ORIENTED_EDGE ( 'NONE', *, *, #8528, .T. ) ;
#126 = EDGE_CURVE ( 'NONE', #1313, #5541, #2812, .T. ) ;
#127 = EDGE_LOOP ( 'NONE', ( #10074, #1435 ) ) ;
#128 = PLANE ( 'NONE',  #4064 ) ;
#129 = ORIENTED_EDGE ( 'NONE', *, *, #873, .F. ) ;
#130 = ORIENTED_EDGE ( 'NONE', *, *, #6641, .F. ) ;
#131 = DIRECTION ( 'NONE',  ( 0.0000000000000000000, 0.0000000000000000000, -1.000000000000000000 ) ) ;
#132 = CARTESIAN_POINT ( 'NONE',  ( 1.339045298307557800, -39.15000000000000600, -6.400283824922876600 ) ) ;
#133 = CARTESIAN_POINT ( 'NONE',  ( 15.03502403148815600, -14.25001964264521200, -9.499999999999998200 ) ) ;
#134 = EDGE_LOOP ( 'NONE', ( #9975, #2213, #220, #6103 ) ) ;
#135 = ADVANCED_FACE ( 'NONE', ( #6212 ), #3599, .T. ) ;
#136 = FACE_OUTER_BOUND ( 'NONE', #5105, .T. ) ;
#137 = PRESENTATION_LAYER_ASSIGNMENT (  '', '', ( #10457 ) ) ;
#138 = PRESENTATION_LAYER_ASSIGNMENT (  '', '', ( #709 ) ) ;
#139 = EDGE_CURVE ( 'NONE', #4060, #7128, #10418, .T. ) ;
#140 = DIRECTION ( 'NONE',  ( 0.0000000000000000000, 0.0000000000000000000, -1.000000000000000000 ) ) ;
#141 = CARTESIAN_POINT ( 'NONE',  ( 20.79644660940673300, -16.79644660940672900, 10.00000000000000000 ) ) ;
#142 = ORIENTED_EDGE ( 'NONE', *, *, #8395, .F. ) ;
#143 = DIRECTION ( 'NONE',  ( -1.000000000000000000, 0.0000000000000000000, 0.0000000000000000000 ) ) ;
#144 = FILL_AREA_STYLE ('',( #10840 ) ) ;
#145 = PRESENTATION_STYLE_ASSIGNMENT (( #115 ) ) ;
#146 = CARTESIAN_POINT ( 'NONE',  ( -16.74998035735715300, -15.96497596850949400, -10.99999999999999800 ) ) ;
#147 = PRESENTATION_STYLE_ASSIGNMENT (( #4278 ) ) ;
#148 = CARTESIAN_POINT ( 'NONE',  ( 3.483848208458101900, -21.25000000000000700, 3.513670508111635500E-016 ) ) ;
#149 = VERTEX_POINT ( 'NONE', #4726 ) ;
#150 = ORIENTED_EDGE ( 'NONE', *, *, #6533, .T. ) ;
#151 = STYLED_ITEM ( 'NONE', ( #3110 ), #3540 ) ;
#152 = DIRECTION ( 'NONE',  ( 0.0000000000000000000, 0.0000000000000000000, 1.000000000000000000 ) ) ;
#153 = CARTESIAN_POINT ( 'NONE',  ( -16.94289321881344200, -20.65000000000000600, 10.00000000000000000 ) ) ;
#154 = DIRECTION ( 'NONE',  ( -0.0000000000000000000, -0.0000000000000000000, 1.000000000000000000 ) ) ;
#155 = EDGE_CURVE ( 'NONE', #4594, #8239, #8715, .T. ) ;
#156 = ORIENTED_EDGE ( 'NONE', *, *, #4409, .T. ) ;
#157 = CARTESIAN_POINT ( 'NONE',  ( 15.03502403148815200, -16.74998035735574600, -9.499999999999998200 ) ) ;
#158 = FACE_OUTER_BOUND ( 'NONE', #3014, .T. ) ;
#159 = DIRECTION ( 'NONE',  ( -0.0000000000000000000, 0.0000000000000000000, -1.000000000000000000 ) ) ;
#160 = EDGE_LOOP ( 'NONE', ( #5273, #2716 ) ) ;
#161 = EDGE_CURVE ( 'NONE', #10112, #9715, #1010, .T. ) ;
#162 = CARTESIAN_POINT ( 'NONE',  ( -15.96497596851091000, 15.01375035175259500, -9.499999999999998200 ) ) ;
#163 = AXIS2_PLACEMENT_3D ( 'NONE', #10597, #8942, #594 ) ;
#164 = FACE_OUTER_BOUND ( 'NONE', #6697, .T. ) ;
#165 = SURFACE_STYLE_USAGE ( .BOTH. , #2726 ) ;
#166 = CARTESIAN_POINT ( 'NONE',  ( 1.799999999999999400, -39.15000000000002000, -12.15000000000000200 ) ) ;
#167 = DIRECTION ( 'NONE',  ( -0.0000000000000000000, 0.0000000000000000000, -1.000000000000000000 ) ) ;
#168 = DIRECTION ( 'NONE',  ( -1.000000000000000000, 0.0000000000000000000, -0.0000000000000000000 ) ) ;
#169 = ORIENTED_EDGE ( 'NONE', *, *, #8003, .T. ) ;
#170 = FILL_AREA_STYLE ('',( #2691 ) ) ;
#171 = PRESENTATION_LAYER_ASSIGNMENT (  '', '', ( #754 ) ) ;
#172 = CARTESIAN_POINT ( 'NONE',  ( 21.00355339059327900, -17.29644660940672600, 9.500000000000000000 ) ) ;
#173 = ORIENTED_EDGE ( 'NONE', *, *, #10251, .F. ) ;
#174 = ADVANCED_FACE ( 'NONE', ( #7930 ), #8100, .F. ) ;
#175 = CARTESIAN_POINT ( 'NONE',  ( -21.14999999999999500, 13.32957238623956400, -1.500000000000001300 ) ) ;
#176 = LINE ( 'NONE', #8982, #7377 ) ;
#177 = VECTOR ( 'NONE', #4799, 1000.000000000000000 ) ;
#178 = ORIENTED_EDGE ( 'NONE', *, *, #10448, .F. ) ;
#179 = CIRCLE ( 'NONE', #1060, 4.000000000000000000 ) ;
#180 = CARTESIAN_POINT ( 'NONE',  ( 0.0000000000000000000, 0.0000000000000000000, 12.00000000000000000 ) ) ;
#182 = AXIS2_PLACEMENT_3D ( 'NONE', #6410, #2250, #10488 ) ;
#181 = CARTESIAN_POINT ( 'NONE',  ( -1.800000000000000900, -39.15000000000002000, -13.85000000000000300 ) ) ;
#183 = CYLINDRICAL_SURFACE ( 'NONE', #2935, 0.5000000000000022200 ) ;
#184 = MECHANICAL_DESIGN_GEOMETRIC_PRESENTATION_REPRESENTATION (  '', ( #7480 ), #4673 ) ;
#185 = LINE ( 'NONE', #5505, #6604 ) ;
#186 = ORIENTED_EDGE ( 'NONE', *, *, #1277, .T. ) ;
#187 = EDGE_CURVE ( 'NONE', #9549, #7993, #4655, .T. ) ;
#188 = ADVANCED_FACE ( 'NONE', ( #5821 ), #2215, .T. ) ;
#189 = DIRECTION ( 'NONE',  ( 0.0000000000000000000, 0.0000000000000000000, 1.000000000000000000 ) ) ;
#190 = AXIS2_PLACEMENT_3D ( 'NONE', #4386, #4426, #4490 ) ;
#191 = DIRECTION ( 'NONE',  ( 0.0000000000000000000, 0.0000000000000000000, 1.000000000000000000 ) ) ;
#192 = TOROIDAL_SURFACE ( 'NONE', #3704, 10.49999999999999800, 0.5000000000000000000 ) ;
#193 = ORIENTED_EDGE ( 'NONE', *, *, #5499, .T. ) ;
#194 = DIRECTION ( 'NONE',  ( -0.0000000000000000000, -0.0000000000000000000, 1.000000000000000000 ) ) ;
#195 = LINE ( 'NONE', #7452, #4008 ) ;
#196 = LINE ( 'NONE', #9011, #8844 ) ;
#197 = PRESENTATION_STYLE_ASSIGNMENT (( #4371 ) ) ;
#198 = APPLICATION_CONTEXT ( 'automotive_design' ) ;
#199 = VECTOR ( 'NONE', #7712, 1000.000000000000100 ) ;
#200 = VECTOR ( 'NONE', #7250, 1000.000000000000000 ) ;
#201 = AXIS2_PLACEMENT_3D ( 'NONE', #5739, #9524, #10172 ) ;
#202 = CARTESIAN_POINT ( 'NONE',  ( 0.0000000000000000000, 0.0000000000000000000, -9.499999999999998200 ) ) ;
#203 = ORIENTED_EDGE ( 'NONE', *, *, #6403, .F. ) ;
#204 = DIRECTION ( 'NONE',  ( 0.0000000000000000000, 1.000000000000000000, 0.0000000000000000000 ) ) ;
#205 = EDGE_CURVE ( 'NONE', #9715, #10112, #5454, .T. ) ;
#206 = CARTESIAN_POINT ( 'NONE',  ( 21.14999999999999900, 16.94289321881343500, 9.500000000000000000 ) ) ;
#207 = CARTESIAN_POINT ( 'NONE',  ( 0.0000000000000000000, 0.0000000000000000000, -15.99999999999999600 ) ) ;
#208 = LINE ( 'NONE', #2889, #2190 ) ;
#209 = DIRECTION ( 'NONE',  ( 1.000000000000000000, 0.0000000000000000000, 0.0000000000000000000 ) ) ;
#211 = DIRECTION ( 'NONE',  ( 1.000000000000000000, 0.0000000000000000000, -0.0000000000000000000 ) ) ;
#210 = LINE ( 'NONE', #4633, #8070 ) ;
#212 = ORIENTED_EDGE ( 'NONE', *, *, #3815, .T. ) ;
#213 = CARTESIAN_POINT ( 'NONE',  ( -0.6000000000000009800, -18.15000000000000600, -14.35000000000000500 ) ) ;
#214 = DIRECTION ( 'NONE',  ( 0.0000000000000000000, -1.000000000000000000, 0.0000000000000000000 ) ) ;
#215 =( LENGTH_UNIT ( ) NAMED_UNIT ( * ) SI_UNIT ( .MILLI., .METRE. ) );
#216 = AXIS2_PLACEMENT_3D ( 'NONE', #4033, #6619, #7352 ) ;
#217 = FILL_AREA_STYLE ('',( #10321 ) ) ;
#218 = VECTOR ( 'NONE', #6014, 1000.000000000000000 ) ;
#219 = CYLINDRICAL_SURFACE ( 'NONE', #7888, 2.799999999999999800 ) ;
#220 = ORIENTED_EDGE ( 'NONE', *, *, #5169, .F. ) ;
#221 = EDGE_CURVE ( 'NONE', #9372, #6267, #6354, .T. ) ;
#222 = CARTESIAN_POINT ( 'NONE',  ( 15.03502403148815200, -15.01375035175166400, -9.499999999999998200 ) ) ;
#223 = LINE ( 'NONE', #3348, #4672 ) ;
#224 = ORIENTED_EDGE ( 'NONE', *, *, #1431, .T. ) ;
#225 = EDGE_LOOP ( 'NONE', ( #9148, #1764, #6447, #5124 ) ) ;
#226 = CARTESIAN_POINT ( 'NONE',  ( 21.14999999999999900, 17.15000000000000200, -11.49999999999999800 ) ) ;
#227 = CARTESIAN_POINT ( 'NONE',  ( 0.0000000000000000000, 0.0000000000000000000, -1.500000000000001300 ) ) ;
#228 = ORIENTED_EDGE ( 'NONE', *, *, #600, .T. ) ;
#229 = ORIENTED_EDGE ( 'NONE', *, *, #8562, .T. ) ;
#230 = ADVANCED_FACE ( 'NONE', ( #10554 ), #1931, .T. ) ;
#231 = UNCERTAINTY_MEASURE_WITH_UNIT (LENGTH_MEASURE( 1.000000000000000100E-005 ), #7016, 'distance_accuracy_value', 'NONE');
#232 = EDGE_CURVE ( 'NONE', #968, #1162, #9636, .T. ) ;
#233 = STYLED_ITEM ( 'NONE', ( #8771 ), #4035 ) ;
#234 = CARTESIAN_POINT ( 'NONE',  ( -15.01375035175307500, -15.03502403148862900, -10.99999999999999800 ) ) ;
#235 = SURFACE_SIDE_STYLE ('',( #10118 ) ) ;
#236 = LINE ( 'NONE', #7893, #4288 ) ;
#237 = CARTESIAN_POINT ( 'NONE',  ( -2.999999999999973400, -19.77371993328519300, -11.49999999999999800 ) ) ;
#238 = EDGE_LOOP ( 'NONE', ( #6826, #4472, #10083, #8071 ) ) ;
#239 = VECTOR ( 'NONE', #4765, 1000.000000000000000 ) ;
#240 = MECHANICAL_DESIGN_GEOMETRIC_PRESENTATION_REPRESENTATION (  '', ( #1951 ), #5646 ) ;
#241 = DIRECTION ( 'NONE',  ( -0.0000000000000000000, -1.000000000000000000, -0.0000000000000000000 ) ) ;
#242 = CARTESIAN_POINT ( 'NONE',  ( 13.29999999999999900, 15.50000000000000000, -10.99999999999999800 ) ) ;
#243 = ORIENTED_EDGE ( 'NONE', *, *, #6728, .F. ) ;
#244 = CARTESIAN_POINT ( 'NONE',  ( 15.49999999999912400, -15.50000000000000200, -10.99999999999999800 ) ) ;
#245 = CARTESIAN_POINT ( 'NONE',  ( -21.14999999999999500, -21.15000000000000600, -1.499999999999997800 ) ) ;
#246 = ADVANCED_FACE ( 'NONE', ( #3478 ), #8461, .T. ) ;
#247 = ORIENTED_EDGE ( 'NONE', *, *, #1913, .T. ) ;
#248 = ORIENTED_EDGE ( 'NONE', *, *, #1226, .T. ) ;
#249 = AXIS2_PLACEMENT_3D ( 'NONE', #6138, #5284, #1268 ) ;
#250 = ORIENTED_EDGE ( 'NONE', *, *, #1933, .F. ) ;
#251 =( GEOMETRIC_REPRESENTATION_CONTEXT ( 3 ) GLOBAL_UNCERTAINTY_ASSIGNED_CONTEXT ( ( #7880 ) ) GLOBAL_UNIT_ASSIGNED_CONTEXT ( ( #5426, #5460, #9619 ) ) REPRESENTATION_CONTEXT ( 'NONE', 'WORKASPACE' ) );
#252 = VECTOR ( 'NONE', #10801, 1000.000000000000100 ) ;
#253 = EDGE_CURVE ( 'NONE', #10442, #3789, #741, .T. ) ;
#254 = DIRECTION ( 'NONE',  ( 0.0000000000000000000, 0.0000000000000000000, 1.000000000000000000 ) ) ;
#255 = AXIS2_PLACEMENT_3D ( 'NONE', #9411, #1938, #337 ) ;
#256 = FILL_AREA_STYLE_COLOUR ( '', #5204 ) ;
#257 = ORIENTED_EDGE ( 'NONE', *, *, #17, .F. ) ;
#258 = VERTEX_POINT ( 'NONE', #2397 ) ;
#259 = CARTESIAN_POINT ( 'NONE',  ( -15.50000000000087200, -15.49999999999912400, -9.499999999999998200 ) ) ;
#260 = SURFACE_STYLE_USAGE ( .BOTH. , #3662 ) ;
#261 = ORIENTED_EDGE ( 'NONE', *, *, #1819, .T. ) ;
#262 =( LENGTH_UNIT ( ) NAMED_UNIT ( * ) SI_UNIT ( .MILLI., .METRE. ) );
#263 = CYLINDRICAL_SURFACE ( 'NONE', #2191, 2.400000000000003000 ) ;
#264 =( NAMED_UNIT ( * ) PLANE_ANGLE_UNIT ( ) SI_UNIT ( $, .RADIAN. ) );
#265 = VECTOR ( 'NONE', #7407, 1000.000000000000000 ) ;
#266 = CARTESIAN_POINT ( 'NONE',  ( 15.96497596850902500, -14.25001964264521200, -9.499999999999998200 ) ) ;
#267 = EDGE_LOOP ( 'NONE', ( #7585, #2318, #10624, #10103 ) ) ;
#268 = EDGE_CURVE ( 'NONE', #7796, #4337, #8190, .T. ) ;
#269 = FILL_AREA_STYLE ('',( #8637 ) ) ;
#270 =( GEOMETRIC_REPRESENTATION_CONTEXT ( 3 ) GLOBAL_UNCERTAINTY_ASSIGNED_CONTEXT ( ( #701 ) ) GLOBAL_UNIT_ASSIGNED_CONTEXT ( ( #7229, #8086, #5596 ) ) REPRESENTATION_CONTEXT ( 'NONE', 'WORKASPACE' ) );
#271 = LINE ( 'NONE', #10693, #8909 ) ;
#272 = AXIS2_PLACEMENT_3D ( 'NONE', #9911, #4763, #8131 ) ;
#273 = CARTESIAN_POINT ( 'NONE',  ( -15.50000000000087200, -15.49999999999912400, -10.49999999999999600 ) ) ;
#274 = EDGE_CURVE ( 'NONE', #10548, #6773, #2068, .T. ) ;
#275 = ORIENTED_EDGE ( 'NONE', *, *, #10747, .F. ) ;
#276 = ORIENTED_EDGE ( 'NONE', *, *, #1311, .F. ) ;
#277 = FACE_OUTER_BOUND ( 'NONE', #8260, .T. ) ;
#278 = VERTEX_POINT ( 'NONE', #6512 ) ;
#279 = CARTESIAN_POINT ( 'NONE',  ( 3.483848208458101900, -19.15000000000000600, 3.513670508111635500E-016 ) ) ;
#280 = EDGE_LOOP ( 'NONE', ( #6271, #6278, #2770, #8833 ) ) ;
#281 = DIRECTION ( 'NONE',  ( 0.0000000000000000000, 0.0000000000000000000, 1.000000000000000000 ) ) ;
#282 = CARTESIAN_POINT ( 'NONE',  ( 21.14999999999999900, 13.32957238623956000, 4.000000000000003600 ) ) ;
#283 = DIRECTION ( 'NONE',  ( 1.000000000000000000, 0.0000000000000000000, 0.0000000000000000000 ) ) ;
#284 =( GEOMETRIC_REPRESENTATION_CONTEXT ( 3 ) GLOBAL_UNCERTAINTY_ASSIGNED_CONTEXT ( ( #3782 ) ) GLOBAL_UNIT_ASSIGNED_CONTEXT ( ( #4941, #6579, #7382 ) ) REPRESENTATION_CONTEXT ( 'NONE', 'WORKASPACE' ) );
#285 = EDGE_LOOP ( 'NONE', ( #6373, #3006, #9616, #261, #2348 ) ) ;
#286 = CIRCLE ( 'NONE', #5744, 0.5000000000000004400 ) ;
#287 = AXIS2_PLACEMENT_3D ( 'NONE', #5060, #6587, #8273 ) ;
#288 = FILL_AREA_STYLE_COLOUR ( '', #5365 ) ;
#289 = PRESENTATION_STYLE_ASSIGNMENT (( #2392 ) ) ;
#290 = EDGE_CURVE ( 'NONE', #2405, #5076, #4395, .T. ) ;
#291 = ORIENTED_EDGE ( 'NONE', *, *, #7671, .F. ) ;
#292 = ADVANCED_FACE ( 'NONE', ( #2187 ), #708, .F. ) ;
#293 = PLANE ( 'NONE',  #6362 ) ;
#294 = EDGE_LOOP ( 'NONE', ( #8228, #4011, #3966, #6685 ) ) ;
#295 = FACE_BOUND ( 'NONE', #8372, .T. ) ;
#296 = DIRECTION ( 'NONE',  ( 1.000000000000000000, -0.0000000000000000000, -0.0000000000000000000 ) ) ;
#297 = DIRECTION ( 'NONE',  ( 0.0000000000000000000, 0.0000000000000000000, 1.000000000000000000 ) ) ;
#298 = PLANE ( 'NONE',  #9067 ) ;
#299 = CARTESIAN_POINT ( 'NONE',  ( 15.50000000000000000, 15.50000000000000000, -10.49999999999999600 ) ) ;
#300 = ORIENTED_EDGE ( 'NONE', *, *, #471, .F. ) ;
#301 = UNCERTAINTY_MEASURE_WITH_UNIT (LENGTH_MEASURE( 1.000000000000000100E-005 ), #3873, 'distance_accuracy_value', 'NONE');
#302 = VECTOR ( 'NONE', #1864, 1000.000000000000000 ) ;
#303 = MECHANICAL_DESIGN_GEOMETRIC_PRESENTATION_REPRESENTATION (  '', ( #10252 ), #3517 ) ;
#304 = VECTOR ( 'NONE', #10501, 1000.000000000000000 ) ;
#305 = ADVANCED_FACE ( 'NONE', ( #8968 ), #8272, .F. ) ;
#306 = DIRECTION ( 'NONE',  ( 1.000000000000000000, 0.0000000000000000000, 0.0000000000000000000 ) ) ;
#307 = CARTESIAN_POINT ( 'NONE',  ( -21.14999999999999500, -16.94289321881344900, 9.500000000000000000 ) ) ;
#308 = EDGE_LOOP ( 'NONE', ( #9046, #2492, #2487 ) ) ;
#309 =( NAMED_UNIT ( * ) SI_UNIT ( $, .STERADIAN. ) SOLID_ANGLE_UNIT ( ) );
#310 = CYLINDRICAL_SURFACE ( 'NONE', #9181, 0.5563334663949278700 ) ;
#311 = PLANE ( 'NONE',  #1207 ) ;
#312 = CYLINDRICAL_SURFACE ( 'NONE', #4110, 1.250000000000001100 ) ;
#313 = STYLED_ITEM ( 'NONE', ( #10561 ), #5195 ) ;
#314 = DIRECTION ( 'NONE',  ( 0.0000000000000000000, 0.0000000000000000000, -1.000000000000000000 ) ) ;
#315 = CARTESIAN_POINT ( 'NONE',  ( -1.800000000000000900, -18.15000000000000600, -13.85000000000000300 ) ) ;
#316 = ORIENTED_EDGE ( 'NONE', *, *, #5314, .T. ) ;
#317 = CIRCLE ( 'NONE', #1978, 0.5000000000000004400 ) ;
#318 =( LENGTH_UNIT ( ) NAMED_UNIT ( * ) SI_UNIT ( .MILLI., .METRE. ) );
#319 = VECTOR ( 'NONE', #3889, 1000.000000000000000 ) ;
#320 = ORIENTED_EDGE ( 'NONE', *, *, #5212, .T. ) ;
#321 = FILL_AREA_STYLE_COLOUR ( '', #8821 ) ;
#322 = EDGE_CURVE ( 'NONE', #5147, #6309, #4646, .T. ) ;
#323 = ORIENTED_EDGE ( 'NONE', *, *, #2746, .F. ) ;
#324 = CIRCLE ( 'NONE', #2378, 25.00000000000000000 ) ;
#325 = PRESENTATION_STYLE_ASSIGNMENT (( #9416 ) ) ;
#326 = ORIENTED_EDGE ( 'NONE', *, *, #6787, .T. ) ;
#327 = SURFACE_STYLE_USAGE ( .BOTH. , #1232 ) ;
#328 = DIRECTION ( 'NONE',  ( 0.0000000000000000000, 0.0000000000000000000, 1.000000000000000000 ) ) ;
#329 = VECTOR ( 'NONE', #2523, 1000.000000000000000 ) ;
#330 = VECTOR ( 'NONE', #7466, 1000.000000000000000 ) ;
#331 = CARTESIAN_POINT ( 'NONE',  ( 15.50000000000000400, -15.50000000000000000, 5.500000000000000000 ) ) ;
#332 = LINE ( 'NONE', #9994, #742 ) ;
#333 =( GEOMETRIC_REPRESENTATION_CONTEXT ( 3 ) GLOBAL_UNCERTAINTY_ASSIGNED_CONTEXT ( ( #373 ) ) GLOBAL_UNIT_ASSIGNED_CONTEXT ( ( #1755, #5849, #7577 ) ) REPRESENTATION_CONTEXT ( 'NONE', 'WORKASPACE' ) );
#334 = ORIENTED_EDGE ( 'NONE', *, *, #8003, .F. ) ;
#335 = MECHANICAL_DESIGN_GEOMETRIC_PRESENTATION_REPRESENTATION (  '', ( #9513 ), #916 ) ;
#336 = EDGE_CURVE ( 'NONE', #7574, #6936, #1533, .T. ) ;
#337 = DIRECTION ( 'NONE',  ( 1.000000000000000000, 0.0000000000000000000, 0.0000000000000000000 ) ) ;
#339 = DIRECTION ( 'NONE',  ( -0.0000000000000000000, -0.0000000000000000000, -1.000000000000000000 ) ) ;
#338 = LINE ( 'NONE', #635, #72 ) ;
#340 = EDGE_LOOP ( 'NONE', ( #7494, #1889, #1655, #3494 ) ) ;
#341 = CIRCLE ( 'NONE', #3615, 3.500000000000000000 ) ;
#342 = DIRECTION ( 'NONE',  ( 0.0000000000000000000, -1.000000000000000000, -2.081668171172166600E-014 ) ) ;
#343 = VECTOR ( 'NONE', #351, 1000.000000000000000 ) ;
#344 = ADVANCED_FACE ( 'NONE', ( #4257 ), #9357, .T. ) ;
#345 = VERTEX_POINT ( 'NONE', #8199 ) ;
#346 = AXIS2_PLACEMENT_3D ( 'NONE', #7289, #3160, #5579 ) ;
#347 = ORIENTED_EDGE ( 'NONE', *, *, #7203, .T. ) ;
#348 = EDGE_LOOP ( 'NONE', ( #1105, #4443 ) ) ;
#349 = CIRCLE ( 'NONE', #10053, 3.249999999999999600 ) ;
#350 =( GEOMETRIC_REPRESENTATION_CONTEXT ( 3 ) GLOBAL_UNCERTAINTY_ASSIGNED_CONTEXT ( ( #8553 ) ) GLOBAL_UNIT_ASSIGNED_CONTEXT ( ( #352, #6345, #10498 ) ) REPRESENTATION_CONTEXT ( 'NONE', 'WORKASPACE' ) );
#351 = DIRECTION ( 'NONE',  ( 1.008560160451632500E-016, 0.0000000000000000000, -1.000000000000000000 ) ) ;
#352 =( LENGTH_UNIT ( ) NAMED_UNIT ( * ) SI_UNIT ( .MILLI., .METRE. ) );
#353 = EDGE_CURVE ( 'NONE', #4650, #10278, #1404, .T. ) ;
#354 = PLANE ( 'NONE',  #5021 ) ;
#355 = FILL_AREA_STYLE_COLOUR ( '', #10160 ) ;
#356 = ADVANCED_FACE ( 'NONE', ( #2296 ), #5443, .T. ) ;
#357 = FILL_AREA_STYLE_COLOUR ( '', #7064 ) ;
#358 = DIRECTION ( 'NONE',  ( 0.0000000000000000000, 0.0000000000000000000, 1.000000000000000000 ) ) ;
#359 = SURFACE_STYLE_FILL_AREA ( #3444 ) ;
#360 = SURFACE_STYLE_USAGE ( .BOTH. , #6317 ) ;
#361 = CIRCLE ( 'NONE', #596, 25.00000000000000000 ) ;
#362 = ORIENTED_EDGE ( 'NONE', *, *, #8602, .F. ) ;
#363 = DIRECTION ( 'NONE',  ( 0.0000000000000000000, -0.0000000000000000000, -1.000000000000000000 ) ) ;
#364 = CYLINDRICAL_SURFACE ( 'NONE', #2965, 0.5000000000000004400 ) ;
#365 = SURFACE_STYLE_USAGE ( .BOTH. , #4564 ) ;
#366 = MECHANICAL_DESIGN_GEOMETRIC_PRESENTATION_REPRESENTATION (  '', ( #567 ), #3582 ) ;
#367 = CARTESIAN_POINT ( 'NONE',  ( -15.50000000000087200, -15.49999999999912400, -10.99999999999999800 ) ) ;
#368 = DIRECTION ( 'NONE',  ( 0.0000000000000000000, -1.000000000000000000, 0.0000000000000000000 ) ) ;
#369 = PLANE ( 'NONE',  #5427 ) ;
#370 = EDGE_CURVE ( 'NONE', #6660, #10278, #6481, .T. ) ;
#371 = DIRECTION ( 'NONE',  ( 0.0000000000000000000, 0.0000000000000000000, -1.000000000000000000 ) ) ;
#372 = VERTEX_POINT ( 'NONE', #9190 ) ;
#373 = UNCERTAINTY_MEASURE_WITH_UNIT (LENGTH_MEASURE( 1.000000000000000100E-005 ), #1755, 'distance_accuracy_value', 'NONE');
#374 = VECTOR ( 'NONE', #6892, 1000.000000000000000 ) ;
#375 = CARTESIAN_POINT ( 'NONE',  ( -0.6000000000000009800, -39.15000000000002000, -14.35000000000000500 ) ) ;
#376 = ORIENTED_EDGE ( 'NONE', *, *, #8012, .T. ) ;
#377 = DIRECTION ( 'NONE',  ( 1.000000000000000000, 0.0000000000000000000, 0.0000000000000000000 ) ) ;
#378 = EDGE_CURVE ( 'NONE', #4054, #513, #9230, .T. ) ;
#379 = AXIS2_PLACEMENT_3D ( 'NONE', #5552, #676, #7253 ) ;
#380 = ORIENTED_EDGE ( 'NONE', *, *, #568, .T. ) ;
#381 = FACE_OUTER_BOUND ( 'NONE', #10637, .T. ) ;
#382 = EDGE_LOOP ( 'NONE', ( #7538, #4351, #8345, #7736 ) ) ;
#383 = AXIS2_PLACEMENT_3D ( 'NONE', #6407, #5643, #1422 ) ;
#384 = CARTESIAN_POINT ( 'NONE',  ( 0.0000000000000000000, 0.0000000000000000000, 63.84951795962939500 ) ) ;
#385 = DIRECTION ( 'NONE',  ( -0.0000000000000000000, -0.0000000000000000000, -1.000000000000000000 ) ) ;
#386 = ORIENTED_EDGE ( 'NONE', *, *, #9340, .F. ) ;
#387 = CYLINDRICAL_SURFACE ( 'NONE', #4717, 0.5000000000000006700 ) ;
#388 = DIRECTION ( 'NONE',  ( 1.000000000000000000, 0.0000000000000000000, 0.0000000000000000000 ) ) ;
#389 = FILL_AREA_STYLE ('',( #7892 ) ) ;
#390 = LINE ( 'NONE', #1775, #9292 ) ;
#391 =( NAMED_UNIT ( * ) SI_UNIT ( $, .STERADIAN. ) SOLID_ANGLE_UNIT ( ) );
#392 = ORIENTED_EDGE ( 'NONE', *, *, #10770, .F. ) ;
#393 = ADVANCED_FACE ( 'NONE', ( #1269, #6998 ), #8459, .T. ) ;
#394 =( NAMED_UNIT ( * ) SI_UNIT ( $, .STERADIAN. ) SOLID_ANGLE_UNIT ( ) );
#395 = PRESENTATION_LAYER_ASSIGNMENT (  '', '', ( #5459 ) ) ;
#396 = ORIENTED_EDGE ( 'NONE', *, *, #6392, .F. ) ;
#397 = EDGE_CURVE ( 'NONE', #4928, #5256, #3205, .T. ) ;
#398 = DIRECTION ( 'NONE',  ( 0.0000000000000000000, -0.0000000000000000000, -1.000000000000000000 ) ) ;
#399 = SURFACE_STYLE_USAGE ( .BOTH. , #7731 ) ;
#400 = AXIS2_PLACEMENT_3D ( 'NONE', #6730, #140, #2666 ) ;
#401 = SURFACE_SIDE_STYLE ('',( #786 ) ) ;
#402 = ORIENTED_EDGE ( 'NONE', *, *, #8082, .F. ) ;
#403 = ORIENTED_EDGE ( 'NONE', *, *, #5797, .F. ) ;
#404 = ADVANCED_FACE ( 'NONE', ( #10141 ), #1143, .F. ) ;
#405 = DIRECTION ( 'NONE',  ( 0.0000000000000000000, 0.0000000000000000000, -1.000000000000000000 ) ) ;
#406 = ORIENTED_EDGE ( 'NONE', *, *, #8128, .T. ) ;
#407 = LINE ( 'NONE', #3555, #2244 ) ;
#408 = PRESENTATION_LAYER_ASSIGNMENT (  '', '', ( #3214 ) ) ;
#409 = LINE ( 'NONE', #1818, #5403 ) ;
#410 = AXIS2_PLACEMENT_3D ( 'NONE', #8580, #2051, #1176 ) ;
#411 = ORIENTED_EDGE ( 'NONE', *, *, #7268, .T. ) ;
#412 = FACE_OUTER_BOUND ( 'NONE', #4023, .T. ) ;
#413 = EDGE_CURVE ( 'NONE', #6028, #2828, #4509, .T. ) ;
#414 = VERTEX_POINT ( 'NONE', #9149 ) ;
#415 = ORIENTED_EDGE ( 'NONE', *, *, #840, .T. ) ;
#416 = SURFACE_STYLE_FILL_AREA ( #2122 ) ;
#417 =( NAMED_UNIT ( * ) SI_UNIT ( $, .STERADIAN. ) SOLID_ANGLE_UNIT ( ) );
#418 = FILL_AREA_STYLE_COLOUR ( '', #7076 ) ;
#419 = DIRECTION ( 'NONE',  ( 0.0000000000000000000, 0.0000000000000000000, 1.000000000000000000 ) ) ;
#420 = LINE ( 'NONE', #4831, #836 ) ;
#421 = CARTESIAN_POINT ( 'NONE',  ( 0.2693558656738565000, 1.999999999999995300, 29.99999999999999600 ) ) ;
#423 = STYLED_ITEM ( 'NONE', ( #8134 ), #2648 ) ;
#422 = SURFACE_SIDE_STYLE ('',( #4195 ) ) ;
#424 = AXIS2_PLACEMENT_3D ( 'NONE', #6483, #1501, #2400 ) ;
#425 = EDGE_CURVE ( 'NONE', #8474, #5076, #9756, .T. ) ;
#426 = EDGE_LOOP ( 'NONE', ( #4193, #6541, #9448, #2066 ) ) ;
#427 =( NAMED_UNIT ( * ) SI_UNIT ( $, .STERADIAN. ) SOLID_ANGLE_UNIT ( ) );
#428 = LINE ( 'NONE', #9282, #6321 ) ;
#429 = UNCERTAINTY_MEASURE_WITH_UNIT (LENGTH_MEASURE( 1.000000000000000100E-005 ), #6262, 'distance_accuracy_value', 'NONE');
#430 = EDGE_LOOP ( 'NONE', ( #4176, #9172, #10164, #7310 ) ) ;
#431 = CARTESIAN_POINT ( 'NONE',  ( -1.500000000000000200, 2.000000000000000000, 29.50000000000000000 ) ) ;
#432 = CARTESIAN_POINT ( 'NONE',  ( -16.94289321881344200, -21.15000000000000600, 9.500000000000000000 ) ) ;
#433 = DIRECTION ( 'NONE',  ( 1.000000000000000000, 0.0000000000000000000, 0.0000000000000000000 ) ) ;
#434 = SURFACE_SIDE_STYLE ('',( #7605 ) ) ;
#435 = SURFACE_STYLE_USAGE ( .BOTH. , #4613 ) ;
#436 = ORIENTED_EDGE ( 'NONE', *, *, #7931, .F. ) ;
#437 = VECTOR ( 'NONE', #805, 1000.000000000000000 ) ;
#438 = EDGE_CURVE ( 'NONE', #2562, #10018, #4782, .T. ) ;
#439 = AXIS2_PLACEMENT_3D ( 'NONE', #651, #7343, #3210 ) ;
#440 = VECTOR ( 'NONE', #9770, 1000.000000000000000 ) ;
#441 = CARTESIAN_POINT ( 'NONE',  ( -2.999999999999973800, -18.15000000000000600, -11.49999999999999800 ) ) ;
#442 = LINE ( 'NONE', #4875, #6202 ) ;
#443 = ADVANCED_FACE ( 'NONE', ( #5319 ), #9624, .F. ) ;
#444 = DIRECTION ( 'NONE',  ( 1.000000000000000000, 1.865390464730955100E-015, 0.0000000000000000000 ) ) ;
#445 = FACE_OUTER_BOUND ( 'NONE', #340, .T. ) ;
#446 = ORIENTED_EDGE ( 'NONE', *, *, #1613, .F. ) ;
#447 = SURFACE_STYLE_FILL_AREA ( #9981 ) ;
#448 = FILL_AREA_STYLE ('',( #9643 ) ) ;
#449 = EDGE_LOOP ( 'NONE', ( #3744, #4279 ) ) ;
#450 = DIRECTION ( 'NONE',  ( -0.0000000000000000000, -0.0000000000000000000, -1.000000000000000000 ) ) ;
#451 = DIRECTION ( 'NONE',  ( -0.0000000000000000000, 1.000000000000000000, -0.0000000000000000000 ) ) ;
#452 = CARTESIAN_POINT ( 'NONE',  ( 16.94289321881343800, -21.15000000000000200, 2.000000000000000000 ) ) ;
#453 = AXIS2_PLACEMENT_3D ( 'NONE', #5496, #8886, #8853 ) ;
#454 = ADVANCED_FACE ( 'NONE', ( #7384 ), #3367, .F. ) ;
#455 = EDGE_CURVE ( 'NONE', #2791, #1835, #8451, .T. ) ;
#456 = ORIENTED_EDGE ( 'NONE', *, *, #9803, .T. ) ;
#457 = FACE_OUTER_BOUND ( 'NONE', #7481, .T. ) ;
#458 = AXIS2_PLACEMENT_3D ( 'NONE', #226, #6109, #9481 ) ;
#460 = SURFACE_STYLE_FILL_AREA ( #1535 ) ;
#459 = CARTESIAN_POINT ( 'NONE',  ( -1.800000000000000700, -18.15000000000000600, -13.15000000000000600 ) ) ;
#461 = LINE ( 'NONE', #4958, #1932 ) ;
#462 = DIRECTION ( 'NONE',  ( 0.7071067811865441300, -0.7071067811865510100, 0.0000000000000000000 ) ) ;
#463 = ORIENTED_EDGE ( 'NONE', *, *, #7548, .T. ) ;
#464 = ORIENTED_EDGE ( 'NONE', *, *, #10004, .T. ) ;
#465 = DIRECTION ( 'NONE',  ( 0.0000000000000000000, -1.000000000000000000, 0.0000000000000000000 ) ) ;
#466 = CARTESIAN_POINT ( 'NONE',  ( 0.0000000000000000000, 0.0000000000000000000, -1.500000000000001300 ) ) ;
#467 = SURFACE_SIDE_STYLE ('',( #2359 ) ) ;
#468 = PLANE ( 'NONE',  #4954 ) ;
#469 = LINE ( 'NONE', #10598, #5831 ) ;
#470 = ORIENTED_EDGE ( 'NONE', *, *, #4057, .F. ) ;
#471 = EDGE_CURVE ( 'NONE', #838, #5407, #1800, .T. ) ;
#473 = AXIS2_PLACEMENT_3D ( 'NONE', #9320, #34, #7600 ) ;
#472 = DIRECTION ( 'NONE',  ( -0.0000000000000000000, -0.0000000000000000000, 1.000000000000000000 ) ) ;
#474 =( LENGTH_UNIT ( ) NAMED_UNIT ( * ) SI_UNIT ( .MILLI., .METRE. ) );
#475 = MECHANICAL_DESIGN_GEOMETRIC_PRESENTATION_REPRESENTATION (  '', ( #7782 ), #9459 ) ;
#476 = VERTEX_POINT ( 'NONE', #6981 ) ;
#477 = EDGE_CURVE ( 'NONE', #4462, #7586, #2055, .T. ) ;
#478 =( NAMED_UNIT ( * ) PLANE_ANGLE_UNIT ( ) SI_UNIT ( $, .RADIAN. ) );
#479 = LINE ( 'NONE', #3562, #8468 ) ;
#480 = DIRECTION ( 'NONE',  ( 1.000000000000000000, 0.0000000000000000000, 0.0000000000000000000 ) ) ;
#481 = ORIENTED_EDGE ( 'NONE', *, *, #6046, .F. ) ;
#482 = FILL_AREA_STYLE ('',( #2153 ) ) ;
#483 = PRESENTATION_STYLE_ASSIGNMENT (( #4492 ) ) ;
#484 = FACE_OUTER_BOUND ( 'NONE', #3179, .T. ) ;
#485 = CARTESIAN_POINT ( 'NONE',  ( -15.50000000000087200, -15.49999999999912400, -10.99999999999999800 ) ) ;
#486 = STYLED_ITEM ( 'NONE', ( #5908 ), #1814 ) ;
#487 = UNCERTAINTY_MEASURE_WITH_UNIT (LENGTH_MEASURE( 1.000000000000000100E-005 ), #10686, 'distance_accuracy_value', 'NONE');
#488 = DIRECTION ( 'NONE',  ( 1.000000000000000000, 0.0000000000000000000, 0.0000000000000000000 ) ) ;
#489 = VERTEX_POINT ( 'NONE', #1928 ) ;
#490 = EDGE_LOOP ( 'NONE', ( #9995, #8720, #3241, #1972 ) ) ;
#491 = EDGE_CURVE ( 'NONE', #6113, #7305, #3737, .T. ) ;
#492 = DIRECTION ( 'NONE',  ( 1.000000000000000000, 8.202002250481357500E-017, -0.0000000000000000000 ) ) ;
#493 = FACE_OUTER_BOUND ( 'NONE', #5128, .T. ) ;
#494 =( NAMED_UNIT ( * ) SI_UNIT ( $, .STERADIAN. ) SOLID_ANGLE_UNIT ( ) );
#495 = PRESENTATION_STYLE_ASSIGNMENT (( #360 ) ) ;
#496 = DIRECTION ( 'NONE',  ( -1.000000000000000000, 0.0000000000000000000, 0.0000000000000000000 ) ) ;
#497 = ADVANCED_FACE ( 'NONE', ( #10668 ), #7183, .T. ) ;
#498 = CIRCLE ( 'NONE', #869, 20.00000000000000000 ) ;
#499 = ORIENTED_EDGE ( 'NONE', *, *, #6077, .F. ) ;
#500 = LINE ( 'NONE', #3283, #5229 ) ;
#501 = EDGE_CURVE ( 'NONE', #3640, #702, #8837, .T. ) ;
#502 = DIRECTION ( 'NONE',  ( 0.0000000000000000000, 0.0000000000000000000, 1.000000000000000000 ) ) ;
#503 = AXIS2_PLACEMENT_3D ( 'NONE', #4233, #1025, #9314 ) ;
#504 = FACE_OUTER_BOUND ( 'NONE', #5915, .T. ) ;
#505 = PLANE ( 'NONE',  #7982 ) ;
#506 = CARTESIAN_POINT ( 'NONE',  ( -21.14999999999999500, -13.32957238623956400, -63.34951795962939500 ) ) ;
#507 = VERTEX_POINT ( 'NONE', #5283 ) ;
#508 = ORIENTED_EDGE ( 'NONE', *, *, #3931, .F. ) ;
#509 = DIRECTION ( 'NONE',  ( 1.000000000000000000, 3.815920199215875400E-013, -0.0000000000000000000 ) ) ;
#510 = EDGE_CURVE ( 'NONE', #10187, #7747, #3347, .T. ) ;
#511 =( LENGTH_UNIT ( ) NAMED_UNIT ( * ) SI_UNIT ( .MILLI., .METRE. ) );
#512 = DIRECTION ( 'NONE',  ( 7.885106708985490300E-017, 0.0000000000000000000, -1.000000000000000000 ) ) ;
#513 = VERTEX_POINT ( 'NONE', #1893 ) ;
#514 = ADVANCED_FACE ( 'NONE', ( #4930, #8588 ), #10203, .T. ) ;
#515 = DIRECTION ( 'NONE',  ( 5.351335930702250900E-015, -1.000000000000000000, 0.0000000000000000000 ) ) ;
#516 = FILL_AREA_STYLE_COLOUR ( '', #10657 ) ;
#517 = ORIENTED_EDGE ( 'NONE', *, *, #2524, .T. ) ;
#518 =( LENGTH_UNIT ( ) NAMED_UNIT ( * ) SI_UNIT ( .MILLI., .METRE. ) );
#519 = AXIS2_PLACEMENT_3D ( 'NONE', #8353, #880, #2408 ) ;
#520 = CARTESIAN_POINT ( 'NONE',  ( -3.516151791541896700, -21.25000000000000700, -4.298253383695605800 ) ) ;
#521 = ORIENTED_EDGE ( 'NONE', *, *, #6596, .F. ) ;
#522 = LINE ( 'NONE', #1523, #822 ) ;
#523 = PRESENTATION_STYLE_ASSIGNMENT (( #9378 ) ) ;
#524 = VECTOR ( 'NONE', #5557, 1000.000000000000000 ) ;
#525 = AXIS2_PLACEMENT_3D ( 'NONE', #2048, #342, #9703 ) ;
#526 = EDGE_LOOP ( 'NONE', ( #1167, #5974, #6083, #1475 ) ) ;
#527 = DIRECTION ( 'NONE',  ( 0.0000000000000000000, -1.000000000000000000, 0.0000000000000000000 ) ) ;
#528 = SURFACE_STYLE_FILL_AREA ( #10773 ) ;
#529 = CARTESIAN_POINT ( 'NONE',  ( -16.94289321881343500, 21.14999999999999900, -10.99999999999999800 ) ) ;
#530 = ORIENTED_EDGE ( 'NONE', *, *, #9460, .F. ) ;
#531 = ORIENTED_EDGE ( 'NONE', *, *, #8203, .F. ) ;
#532 = VECTOR ( 'NONE', #3700, 1000.000000000000000 ) ;
#533 = DIRECTION ( 'NONE',  ( 0.0000000000000000000, -1.000000000000000000, 0.0000000000000000000 ) ) ;
#534 = SURFACE_STYLE_FILL_AREA ( #2140 ) ;
#535 = ORIENTED_EDGE ( 'NONE', *, *, #9065, .F. ) ;
#536 = DIRECTION ( 'NONE',  ( 0.0000000000000000000, 1.000000000000000000, 0.0000000000000000000 ) ) ;
#537 = AXIS2_PLACEMENT_3D ( 'NONE', #5584, #1293, #10460 ) ;
#538 = ORIENTED_EDGE ( 'NONE', *, *, #6664, .T. ) ;
#539 = CARTESIAN_POINT ( 'NONE',  ( 0.0000000000000000000, 0.0000000000000000000, -10.99999999999999800 ) ) ;
#540 = EDGE_CURVE ( 'NONE', #1162, #476, #10813, .T. ) ;
#541 = SURFACE_STYLE_USAGE ( .BOTH. , #4709 ) ;
#542 = CARTESIAN_POINT ( 'NONE',  ( 20.64999999999999900, 16.94289321881343500, 10.00000000000000000 ) ) ;
#543 = AXIS2_PLACEMENT_3D ( 'NONE', #9206, #770, #4970 ) ;
#544 = VERTEX_POINT ( 'NONE', #5239 ) ;
#545 = SURFACE_STYLE_USAGE ( .BOTH. , #6398 ) ;
#546 = EDGE_LOOP ( 'NONE', ( #9294, #7570, #2313, #9598 ) ) ;
#547 = CARTESIAN_POINT ( 'NONE',  ( -16.94289321881344200, 20.64999999999999900, -10.99999999999999800 ) ) ;
#548 = SURFACE_STYLE_FILL_AREA ( #7536 ) ;
#549 = EDGE_LOOP ( 'NONE', ( #6333, #7516 ) ) ;
#550 = FACE_OUTER_BOUND ( 'NONE', #4055, .T. ) ;
#551 = ORIENTED_EDGE ( 'NONE', *, *, #438, .F. ) ;
#552 = DIRECTION ( 'NONE',  ( 0.0000000000000000000, 0.0000000000000000000, 1.000000000000000000 ) ) ;
#553 = AXIS2_PLACEMENT_3D ( 'NONE', #5029, #4995, #4919 ) ;
#554 = ORIENTED_EDGE ( 'NONE', *, *, #1737, .F. ) ;
#555 = ADVANCED_FACE ( 'NONE', ( #9893 ), #3883, .T. ) ;
#556 =( LENGTH_UNIT ( ) NAMED_UNIT ( * ) SI_UNIT ( .MILLI., .METRE. ) );
#557 = AXIS2_PLACEMENT_3D ( 'NONE', #6631, #7437, #9197 ) ;
#558 = EDGE_CURVE ( 'NONE', #8836, #4569, #7271, .T. ) ;
#559 = ORIENTED_EDGE ( 'NONE', *, *, #2195, .T. ) ;
#560 = CIRCLE ( 'NONE', #5267, 0.5000000000000004400 ) ;
#561 = EDGE_LOOP ( 'NONE', ( #3987, #1744, #110, #3842 ) ) ;
#562 = DIRECTION ( 'NONE',  ( 0.0000000000000000000, -0.0000000000000000000, -1.000000000000000000 ) ) ;
#563 = UNCERTAINTY_MEASURE_WITH_UNIT (LENGTH_MEASURE( 1.000000000000000100E-005 ), #6849, 'distance_accuracy_value', 'NONE');
#564 = DIRECTION ( 'NONE',  ( 0.0000000000000000000, 0.0000000000000000000, -1.000000000000000000 ) ) ;
#565 = VERTEX_POINT ( 'NONE', #8782 ) ;
#566 = ADVANCED_FACE ( 'NONE', ( #10020 ), #5829, .T. ) ;
#567 = STYLED_ITEM ( 'NONE', ( #1322 ), #3033 ) ;
#568 = EDGE_CURVE ( 'NONE', #258, #6900, #1551, .T. ) ;
#569 = DIRECTION ( 'NONE',  ( 0.0000000000000000000, -0.0000000000000000000, 1.000000000000000000 ) ) ;
#570 = ORIENTED_EDGE ( 'NONE', *, *, #3872, .T. ) ;
#571 = CARTESIAN_POINT ( 'NONE',  ( -3.600000000000001400, -19.15000000000000600, -3.499999999999994200 ) ) ;
#572 = FACE_OUTER_BOUND ( 'NONE', #1190, .T. ) ;
#573 = FILL_AREA_STYLE ('',( #5597 ) ) ;
#574 = CARTESIAN_POINT ( 'NONE',  ( 15.03502403148815200, -15.01375035175166400, -9.499999999999998200 ) ) ;
#575 = SURFACE_STYLE_FILL_AREA ( #10072 ) ;
#576 = FILL_AREA_STYLE ('',( #5535 ) ) ;
#577 = CARTESIAN_POINT ( 'NONE',  ( -3.600000000000001400, -21.15000000000000600, -3.499999999999994200 ) ) ;
#578 = DIRECTION ( 'NONE',  ( -0.0000000000000000000, -0.0000000000000000000, 1.000000000000000000 ) ) ;
#579 = EDGE_CURVE ( 'NONE', #3212, #4402, #2690, .T. ) ;
#580 = PRESENTATION_LAYER_ASSIGNMENT (  '', '', ( #9767 ) ) ;
#581 = DIRECTION ( 'NONE',  ( 0.0000000000000000000, 0.0000000000000000000, -1.000000000000000000 ) ) ;
#582 = VECTOR ( 'NONE', #5914, 1000.000000000000000 ) ;
#583 = LINE ( 'NONE', #6647, #3999 ) ;
#584 = DIRECTION ( 'NONE',  ( 1.000000000000000000, 0.0000000000000000000, 0.0000000000000000000 ) ) ;
#585 = DIRECTION ( 'NONE',  ( 1.000000000000000000, 0.0000000000000000000, 0.0000000000000000000 ) ) ;
#586 = ORIENTED_EDGE ( 'NONE', *, *, #2162, .F. ) ;
#587 = AXIS2_PLACEMENT_3D ( 'NONE', #7329, #6562, #5792 ) ;
#588 = SURFACE_STYLE_USAGE ( .BOTH. , #710 ) ;
#589 = ORIENTED_EDGE ( 'NONE', *, *, #729, .F. ) ;
#590 = DIRECTION ( 'NONE',  ( 0.0000000000000000000, 1.000000000000000000, 0.0000000000000000000 ) ) ;
#591 = PRESENTATION_STYLE_ASSIGNMENT (( #10437 ) ) ;
#592 = ORIENTED_EDGE ( 'NONE', *, *, #3802, .F. ) ;
#593 = CARTESIAN_POINT ( 'NONE',  ( -20.64999999999999500, 16.94289321881343100, -11.49999999999999800 ) ) ;
#594 = DIRECTION ( 'NONE',  ( -1.000000000000000000, 0.0000000000000000000, 0.0000000000000000000 ) ) ;
#595 = DIRECTION ( 'NONE',  ( -0.0000000000000000000, -0.0000000000000000000, -1.000000000000000000 ) ) ;
#596 = AXIS2_PLACEMENT_3D ( 'NONE', #895, #9213, #5046 ) ;
#597 = ORIENTED_EDGE ( 'NONE', *, *, #2327, .T. ) ;
#598 = MECHANICAL_DESIGN_GEOMETRIC_PRESENTATION_REPRESENTATION (  '', ( #10697 ), #9583 ) ;
#599 = FILL_AREA_STYLE_COLOUR ( '', #54 ) ;
#600 = EDGE_CURVE ( 'NONE', #9061, #5005, #3607, .T. ) ;
#601 = FACE_OUTER_BOUND ( 'NONE', #4260, .T. ) ;
#602 = AXIS2_PLACEMENT_3D ( 'NONE', #4872, #4174, #7355 ) ;
#603 = DIRECTION ( 'NONE',  ( 0.0000000000000000000, -0.0000000000000000000, 1.000000000000000000 ) ) ;
#604 = VERTEX_POINT ( 'NONE', #7156 ) ;
#605 = CARTESIAN_POINT ( 'NONE',  ( -16.74998035735715300, -15.03502403148862900, -9.499999999999998200 ) ) ;
#606 = CARTESIAN_POINT ( 'NONE',  ( 0.0000000000000000000, 0.0000000000000000000, -3.499999999999996000 ) ) ;
#607 = DIRECTION ( 'NONE',  ( 0.0000000000000000000, 0.0000000000000000000, -1.000000000000000000 ) ) ;
#608 = CARTESIAN_POINT ( 'NONE',  ( -15.98624964825069300, -16.80716972541312200, -9.499999999999998200 ) ) ;
#609 = EDGE_CURVE ( 'NONE', #10187, #6044, #208, .T. ) ;
#611 = AXIS2_PLACEMENT_3D ( 'NONE', #3645, #6348, #8873 ) ;
#610 = CARTESIAN_POINT ( 'NONE',  ( 15.49999999999912400, -15.50000000000000200, -11.49999999999999800 ) ) ;
#612 = DIRECTION ( 'NONE',  ( -0.7071067811865507900, 8.659560562354974800E-017, 0.7071067811865441300 ) ) ;
#613 = FACE_OUTER_BOUND ( 'NONE', #4513, .T. ) ;
#614 = ORIENTED_EDGE ( 'NONE', *, *, #2923, .F. ) ;
#615 = PRESENTATION_LAYER_ASSIGNMENT (  '', '', ( #4691 ) ) ;
#616 = EDGE_CURVE ( 'NONE', #1580, #4949, #4791, .T. ) ;
#617 = ADVANCED_FACE ( 'NONE', ( #8184 ), #9622, .T. ) ;
#618 = CARTESIAN_POINT ( 'NONE',  ( 2.372516188615978500, -21.25000000000000700, -4.993382708682202200 ) ) ;
#619 = EDGE_LOOP ( 'NONE', ( #8950, #203, #9821, #9210 ) ) ;
#620 = DIRECTION ( 'NONE',  ( 0.0000000000000000000, 0.0000000000000000000, -1.000000000000000000 ) ) ;
#621 = FILL_AREA_STYLE_COLOUR ( '', #8978 ) ;
#622 = SURFACE_STYLE_FILL_AREA ( #2046 ) ;
#623 = UNCERTAINTY_MEASURE_WITH_UNIT (LENGTH_MEASURE( 1.000000000000000100E-005 ), #4589, 'distance_accuracy_value', 'NONE');
#624 = DIRECTION ( 'NONE',  ( 1.000000000000000000, 0.0000000000000000000, 0.0000000000000000000 ) ) ;
#626 = ORIENTED_EDGE ( 'NONE', *, *, #558, .T. ) ;
#625 = DIRECTION ( 'NONE',  ( -1.000000000000000000, 0.0000000000000000000, 0.0000000000000000000 ) ) ;
#627 = VECTOR ( 'NONE', #84, 1000.000000000000000 ) ;
#628 = DIRECTION ( 'NONE',  ( 1.000000000000000000, 1.235860604586731400E-014, 0.0000000000000000000 ) ) ;
#629 = STYLED_ITEM ( 'NONE', ( #8374 ), #2708 ) ;
#630 = ORIENTED_EDGE ( 'NONE', *, *, #6072, .T. ) ;
#631 = MECHANICAL_DESIGN_GEOMETRIC_PRESENTATION_REPRESENTATION (  '', ( #9815 ), #1792 ) ;
#632 =( NAMED_UNIT ( * ) SI_UNIT ( $, .STERADIAN. ) SOLID_ANGLE_UNIT ( ) );
#633 = EDGE_CURVE ( 'NONE', #5369, #1986, #2957, .T. ) ;
#634 = CARTESIAN_POINT ( 'NONE',  ( -3.516151791541896700, -21.25000000000000700, -8.449999999999992200 ) ) ;
#635 = CARTESIAN_POINT ( 'NONE',  ( 1.999999999999994900, 2.449293598294700000E-016, 30.00000000000000000 ) ) ;
#636 = ORIENTED_EDGE ( 'NONE', *, *, #7744, .F. ) ;
#637 = CIRCLE ( 'NONE', #8226, 0.5563334663949305300 ) ;
#638 = FILL_AREA_STYLE_COLOUR ( '', #7520 ) ;
#639 =( NAMED_UNIT ( * ) SI_UNIT ( $, .STERADIAN. ) SOLID_ANGLE_UNIT ( ) );
#640 = COLOUR_RGB ( '',0.2509803921568627400, 0.2509803921568627400, 0.2509803921568627400 ) ;
#641 = ORIENTED_EDGE ( 'NONE', *, *, #9227, .F. ) ;
#642 = CARTESIAN_POINT ( 'NONE',  ( -15.03502403149003500, 15.01375035175260000, -9.499999999999998200 ) ) ;
#643 = ORIENTED_EDGE ( 'NONE', *, *, #8181, .F. ) ;
#644 = ORIENTED_EDGE ( 'NONE', *, *, #1318, .T. ) ;
#645 = DIRECTION ( 'NONE',  ( -1.000000000000000000, 0.0000000000000000000, -0.0000000000000000000 ) ) ;
#646 = EDGE_CURVE ( 'NONE', #4980, #5888, #8712, .T. ) ;
#647 = DIRECTION ( 'NONE',  ( 0.0000000000000000000, -0.0000000000000000000, -1.000000000000000000 ) ) ;
#648 = AXIS2_PLACEMENT_3D ( 'NONE', #5386, #7047, #5491 ) ;
#649 = ORIENTED_EDGE ( 'NONE', *, *, #4024, .F. ) ;
#650 = CARTESIAN_POINT ( 'NONE',  ( 16.80716972541264600, -15.98624964824928800, -9.499999999999998200 ) ) ;
#651 = CARTESIAN_POINT ( 'NONE',  ( 15.50000000000000000, 0.0000000000000000000, 10.00000000000000000 ) ) ;
#652 = DIRECTION ( 'NONE',  ( 0.0000000000000000000, 0.0000000000000000000, 1.000000000000000000 ) ) ;
#653 = LINE ( 'NONE', #922, #2740 ) ;
#654 = CYLINDRICAL_SURFACE ( 'NONE', #5621, 2.749999999999997300 ) ;
#655 = EDGE_LOOP ( 'NONE', ( #685, #10599, #411, #4127 ) ) ;
#656 = FILL_AREA_STYLE_COLOUR ( '', #9705 ) ;
#657 = DIRECTION ( 'NONE',  ( 0.0000000000000000000, 0.0000000000000000000, -1.000000000000000000 ) ) ;
#658 = VERTEX_POINT ( 'NONE', #8823 ) ;
#659 = ORIENTED_EDGE ( 'NONE', *, *, #951, .T. ) ;
#660 = VERTEX_POINT ( 'NONE', #5462 ) ;
#661 = LINE ( 'NONE', #6332, #7070 ) ;
#662 = CARTESIAN_POINT ( 'NONE',  ( 3.483848208458102800, -21.25000000000000700, -8.449999999999992200 ) ) ;
#663 = DIRECTION ( 'NONE',  ( -0.0000000000000000000, 1.000000000000000000, -0.0000000000000000000 ) ) ;
#664 = DIRECTION ( 'NONE',  ( 1.000000000000000000, 0.0000000000000000000, 0.0000000000000000000 ) ) ;
#665 = EDGE_LOOP ( 'NONE', ( #8482, #9802, #3301 ) ) ;
#666 = LINE ( 'NONE', #6524, #5515 ) ;
#667 = CARTESIAN_POINT ( 'NONE',  ( 16.74998035735527000, 15.96497596851043000, -9.499999999999998200 ) ) ;
#668 = DIRECTION ( 'NONE',  ( 0.0000000000000000000, 0.0000000000000000000, 1.000000000000000000 ) ) ;
#669 = EDGE_CURVE ( 'NONE', #4402, #5402, #3742, .T. ) ;
#670 = EDGE_LOOP ( 'NONE', ( #7919, #2920, #3611 ) ) ;
#671 = PRESENTATION_LAYER_ASSIGNMENT (  '', '', ( #5711 ) ) ;
#672 = AXIS2_PLACEMENT_3D ( 'NONE', #4651, #9516, #4618 ) ;
#673 = CIRCLE ( 'NONE', #6568, 11.00000000000000000 ) ;
#674 = CARTESIAN_POINT ( 'NONE',  ( 0.0000000000000000000, 0.0000000000000000000, -11.49999999999999800 ) ) ;
#675 = EDGE_LOOP ( 'NONE', ( #2022, #5649, #10497, #2305 ) ) ;
#676 = DIRECTION ( 'NONE',  ( 0.0000000000000000000, -1.000000000000000000, 0.0000000000000000000 ) ) ;
#677 = SURFACE_STYLE_USAGE ( .BOTH. , #4088 ) ;
#678 = ORIENTED_EDGE ( 'NONE', *, *, #2850, .F. ) ;
#679 = ORIENTED_EDGE ( 'NONE', *, *, #2402, .F. ) ;
#680 = VECTOR ( 'NONE', #1114, 1000.000000000000000 ) ;
#681 = ADVANCED_FACE ( 'NONE', ( #10804 ), #4265, .F. ) ;
#682 = ORIENTED_EDGE ( 'NONE', *, *, #1879, .T. ) ;
#683 = SURFACE_SIDE_STYLE ('',( #3864 ) ) ;
#684 = CARTESIAN_POINT ( 'NONE',  ( -16.79644660940671100, 20.79644660940672600, -11.49999999999999800 ) ) ;
#685 = ORIENTED_EDGE ( 'NONE', *, *, #6841, .F. ) ;
#686 = CIRCLE ( 'NONE', #5671, 2.750000000000000900 ) ;
#687 = EDGE_CURVE ( 'NONE', #7155, #544, #735, .T. ) ;
#688 = MECHANICAL_DESIGN_GEOMETRIC_PRESENTATION_REPRESENTATION (  '', ( #5726 ), #9094 ) ;
#689 = CIRCLE ( 'NONE', #6835, 0.5000000000000004400 ) ;
#690 = ORIENTED_EDGE ( 'NONE', *, *, #9885, .T. ) ;
#691 = AXIS2_PLACEMENT_3D ( 'NONE', #5896, #8313, #1725 ) ;
#692 = DIRECTION ( 'NONE',  ( 0.0000000000000000000, 0.0000000000000000000, 1.000000000000000000 ) ) ;
#693 = DIRECTION ( 'NONE',  ( 0.0000000000000000000, 0.0000000000000000000, 1.000000000000000000 ) ) ;
#694 = EDGE_CURVE ( 'NONE', #7001, #2127, #3472, .T. ) ;
#695 = DIRECTION ( 'NONE',  ( 0.0000000000000000000, 0.0000000000000000000, -1.000000000000000000 ) ) ;
#696 = PLANE ( 'NONE',  #9418 ) ;
#697 = ORIENTED_EDGE ( 'NONE', *, *, #4293, .F. ) ;
#698 = AXIS2_PLACEMENT_3D ( 'NONE', #7521, #2517, #2723 ) ;
#699 = CARTESIAN_POINT ( 'NONE',  ( 15.50000000000000000, 15.50000000000000000, -10.49999999999999600 ) ) ;
#701 = UNCERTAINTY_MEASURE_WITH_UNIT (LENGTH_MEASURE( 1.000000000000000100E-005 ), #7229, 'distance_accuracy_value', 'NONE');
#700 = CARTESIAN_POINT ( 'NONE',  ( -0.6000000000000007500, -39.15000000000002000, -12.65000000000000400 ) ) ;
#702 = VERTEX_POINT ( 'NONE', #8153 ) ;
#703 = TOROIDAL_SURFACE ( 'NONE', #3012, 1.900000000000002800, 0.5000000000000000000 ) ;
#704 = CARTESIAN_POINT ( 'NONE',  ( 15.98624964824874800, 15.03502403148986100, -10.99999999999999800 ) ) ;
#705 = FACE_OUTER_BOUND ( 'NONE', #954, .T. ) ;
#706 =( GEOMETRIC_REPRESENTATION_CONTEXT ( 3 ) GLOBAL_UNCERTAINTY_ASSIGNED_CONTEXT ( ( #5714 ) ) GLOBAL_UNIT_ASSIGNED_CONTEXT ( ( #10325, #5287, #8744 ) ) REPRESENTATION_CONTEXT ( 'NONE', 'WORKASPACE' ) );
#707 = PLANE ( 'NONE',  #4759 ) ;
#708 = PLANE ( 'NONE',  #979 ) ;
#709 = STYLED_ITEM ( 'NONE', ( #8639 ), #7040 ) ;
#710 = SURFACE_SIDE_STYLE ('',( #5087 ) ) ;
#711 = CARTESIAN_POINT ( 'NONE',  ( 0.0000000000000000000, 0.0000000000000000000, -9.499999999999998200 ) ) ;
#712 = EDGE_CURVE ( 'NONE', #6488, #5168, #9633, .T. ) ;
#713 = ORIENTED_EDGE ( 'NONE', *, *, #9130, .T. ) ;
#714 = SURFACE_STYLE_FILL_AREA ( #1549 ) ;
#715 = UNCERTAINTY_MEASURE_WITH_UNIT (LENGTH_MEASURE( 1.000000000000000100E-005 ), #518, 'distance_accuracy_value', 'NONE');
#716 = FACE_OUTER_BOUND ( 'NONE', #1221, .T. ) ;
#717 = ORIENTED_EDGE ( 'NONE', *, *, #8500, .T. ) ;
#718 = VECTOR ( 'NONE', #4913, 1000.000000000000000 ) ;
#719 = CARTESIAN_POINT ( 'NONE',  ( -15.50000000000087200, -15.49999999999912400, -9.499999999999998200 ) ) ;
#720 = FILL_AREA_STYLE_COLOUR ( '', #10428 ) ;
#721 = LINE ( 'NONE', #8258, #10134 ) ;
#722 = AXIS2_PLACEMENT_3D ( 'NONE', #6569, #2515, #6639 ) ;
#723 = DIRECTION ( 'NONE',  ( 1.734723475976807100E-015, 1.422820585392461400E-031, -1.000000000000000000 ) ) ;
#724 = COLOUR_RGB ( '',0.2509803921568627400, 0.2509803921568627400, 0.2509803921568627400 ) ;
#725 = ORIENTED_EDGE ( 'NONE', *, *, #9242, .T. ) ;
#727 = SURFACE_STYLE_FILL_AREA ( #8341 ) ;
#726 = CARTESIAN_POINT ( 'NONE',  ( -13.60000000000087000, -15.49999999999912400, -10.99999999999999800 ) ) ;
#728 = CIRCLE ( 'NONE', #4973, 3.250000000000001300 ) ;
#729 = EDGE_CURVE ( 'NONE', #9521, #3519, #2303, .T. ) ;
#730 = DIRECTION ( 'NONE',  ( 1.000000000000000000, -1.776356839400250500E-015, 0.0000000000000000000 ) ) ;
#731 = EDGE_LOOP ( 'NONE', ( #6250, #3828 ) ) ;
#732 = CARTESIAN_POINT ( 'NONE',  ( 14.19283027458454600, -15.98624964824929200, -9.499999999999998200 ) ) ;
#733 = CARTESIAN_POINT ( 'NONE',  ( 15.50000000000000000, 0.0000000000000000000, 9.500000000000000000 ) ) ;
#734 = DIRECTION ( 'NONE',  ( -0.0000000000000000000, -0.0000000000000000000, -1.000000000000000000 ) ) ;
#735 = LINE ( 'NONE', #2235, #1541 ) ;
#736 = DIRECTION ( 'NONE',  ( 1.000000000000000000, 0.0000000000000000000, 0.0000000000000000000 ) ) ;
#737 = VERTEX_POINT ( 'NONE', #5564 ) ;
#738 = FACE_OUTER_BOUND ( 'NONE', #3431, .T. ) ;
#739 = DIRECTION ( 'NONE',  ( 1.000000000000000000, 0.0000000000000000000, 0.0000000000000000000 ) ) ;
#740 = FILL_AREA_STYLE ('',( #3143 ) ) ;
#741 = CIRCLE ( 'NONE', #2581, 0.5000000000000004400 ) ;
#742 = VECTOR ( 'NONE', #10807, 1000.000000000000000 ) ;
#743 = ORIENTED_EDGE ( 'NONE', *, *, #3159, .T. ) ;
#744 = EDGE_CURVE ( 'NONE', #4745, #7903, #1671, .T. ) ;
#745 = AXIS2_PLACEMENT_3D ( 'NONE', #5447, #7959, #2196 ) ;
#746 = DIRECTION ( 'NONE',  ( 0.0000000000000000000, 0.0000000000000000000, 1.000000000000000000 ) ) ;
#747 = EDGE_LOOP ( 'NONE', ( #4296, #4136, #300, #2977 ) ) ;
#748 = ADVANCED_FACE ( 'NONE', ( #1923 ), #7269, .F. ) ;
#749 = CARTESIAN_POINT ( 'NONE',  ( -15.03502403149003500, 15.98624964825022200, -10.99999999999999800 ) ) ;
#750 = CARTESIAN_POINT ( 'NONE',  ( 15.49999999999912400, -15.50000000000000200, -11.49999999999999800 ) ) ;
#751 = EDGE_LOOP ( 'NONE', ( #1245, #5788, #3353, #7554 ) ) ;
#752 = DIRECTION ( 'NONE',  ( -1.000000000000000000, 1.224646799147353500E-016, 0.0000000000000000000 ) ) ;
#753 = FACE_OUTER_BOUND ( 'NONE', #4768, .T. ) ;
#754 = STYLED_ITEM ( 'NONE', ( #4911 ), #9125 ) ;
#755 = DIRECTION ( 'NONE',  ( -1.000000000000000000, 0.0000000000000000000, -0.0000000000000000000 ) ) ;
#756 = DIRECTION ( 'NONE',  ( 0.0000000000000000000, -1.000000000000000000, 0.0000000000000000000 ) ) ;
#757 = CARTESIAN_POINT ( 'NONE',  ( -17.14999999999999100, -21.15000000000000600, 2.000000000000000000 ) ) ;
#758 = FACE_OUTER_BOUND ( 'NONE', #3242, .T. ) ;
#760 = CARTESIAN_POINT ( 'NONE',  ( -15.03502403149003500, 15.98624964825022200, -10.99999999999999800 ) ) ;
#759 = SURFACE_STYLE_FILL_AREA ( #10158 ) ;
#761 = ORIENTED_EDGE ( 'NONE', *, *, #5120, .F. ) ;
#762 = VECTOR ( 'NONE', #296, 1000.000000000000000 ) ;
#763 = CARTESIAN_POINT ( 'NONE',  ( -1.371348881391340800, -39.15000000000000600, -7.512950757712736100 ) ) ;
#764 = MECHANICAL_DESIGN_GEOMETRIC_PRESENTATION_REPRESENTATION (  '', ( #5793 ), #333 ) ;
#765 = LINE ( 'NONE', #9060, #2707 ) ;
#766 = AXIS2_PLACEMENT_3D ( 'NONE', #3022, #9676, #5445 ) ;
#767 = CARTESIAN_POINT ( 'NONE',  ( 4.000000000000000000, 0.0000000000000000000, 12.00000000000000000 ) ) ;
#768 = EDGE_CURVE ( 'NONE', #882, #10259, #5187, .T. ) ;
#769 = DIRECTION ( 'NONE',  ( 1.000000000000000000, -0.0000000000000000000, -0.0000000000000000000 ) ) ;
#770 = DIRECTION ( 'NONE',  ( -0.7071067811865456900, 0.7071067811865493500, 0.0000000000000000000 ) ) ;
#771 = FACE_OUTER_BOUND ( 'NONE', #7927, .T. ) ;
#772 = ORIENTED_EDGE ( 'NONE', *, *, #8330, .T. ) ;
#773 = ORIENTED_EDGE ( 'NONE', *, *, #9408, .F. ) ;
#774 = CARTESIAN_POINT ( 'NONE',  ( 21.14999999999999900, 13.32957238623956000, -63.34951795962939500 ) ) ;
#775 = FILL_AREA_STYLE ('',( #2301 ) ) ;
#776 = DIRECTION ( 'NONE',  ( -0.0000000000000000000, -1.000000000000000000, -0.0000000000000000000 ) ) ;
#777 = FILL_AREA_STYLE ('',( #7158 ) ) ;
#779 = AXIS2_PLACEMENT_3D ( 'NONE', #9205, #2514, #4159 ) ;
#778 = CARTESIAN_POINT ( 'NONE',  ( -21.16000000000001100, -13.31369220013740300, 63.84951795962939500 ) ) ;
#780 = STYLED_ITEM ( 'NONE', ( #4891 ), #6336 ) ;
#781 = UNCERTAINTY_MEASURE_WITH_UNIT (LENGTH_MEASURE( 1.000000000000000100E-005 ), #6889, 'distance_accuracy_value', 'NONE');
#782 = DIRECTION ( 'NONE',  ( -0.0000000000000000000, -0.0000000000000000000, -1.000000000000000000 ) ) ;
#783 = ORIENTED_EDGE ( 'NONE', *, *, #8310, .T. ) ;
#784 = EDGE_CURVE ( 'NONE', #7031, #4526, #5960, .T. ) ;
#785 = CARTESIAN_POINT ( 'NONE',  ( -21.15999999999998900, 13.31369220013744000, -3.499999999999996000 ) ) ;
#786 = SURFACE_STYLE_FILL_AREA ( #10407 ) ;
#787 = ORIENTED_EDGE ( 'NONE', *, *, #4469, .F. ) ;
#788 = ORIENTED_EDGE ( 'NONE', *, *, #4595, .F. ) ;
#789 = DIRECTION ( 'NONE',  ( 0.0000000000000000000, 0.0000000000000000000, 1.000000000000000000 ) ) ;
#790 = SURFACE_STYLE_USAGE ( .BOTH. , #7429 ) ;
#791 = DIRECTION ( 'NONE',  ( 0.0000000000000000000, 0.0000000000000000000, 1.000000000000000000 ) ) ;
#792 =( NAMED_UNIT ( * ) PLANE_ANGLE_UNIT ( ) SI_UNIT ( $, .RADIAN. ) );
#793 = ORIENTED_EDGE ( 'NONE', *, *, #2785, .T. ) ;
#794 = VECTOR ( 'NONE', #3038, 1000.000000000000000 ) ;
#795 = AXIS2_PLACEMENT_3D ( 'NONE', #7460, #6330, #5703 ) ;
#796 = CIRCLE ( 'NONE', #8077, 3.250000000000001300 ) ;
#797 = CARTESIAN_POINT ( 'NONE',  ( 14.19283027458454600, -15.98624964824929200, -9.499999999999998200 ) ) ;
#798 = ORIENTED_EDGE ( 'NONE', *, *, #1933, .T. ) ;
#799 = DIRECTION ( 'NONE',  ( -1.000000000000000000, 0.0000000000000000000, 0.0000000000000000000 ) ) ;
#800 = ORIENTED_EDGE ( 'NONE', *, *, #3001, .F. ) ;
#801 = EDGE_CURVE ( 'NONE', #10313, #7820, #5698, .T. ) ;
#802 = DIRECTION ( 'NONE',  ( 0.0000000000000000000, 0.0000000000000000000, -1.000000000000000000 ) ) ;
#803 = ADVANCED_FACE ( 'NONE', ( #7392, #7004 ), #505, .F. ) ;
#804 = DIRECTION ( 'NONE',  ( 1.000000000000000000, 0.0000000000000000000, 0.0000000000000000000 ) ) ;
#805 = DIRECTION ( 'NONE',  ( 1.000000000000000000, 8.202002250481357500E-017, 0.0000000000000000000 ) ) ;
#806 = ORIENTED_EDGE ( 'NONE', *, *, #4043, .T. ) ;
#807 = CYLINDRICAL_SURFACE ( 'NONE', #4073, 0.5000000000000004400 ) ;
#808 = LINE ( 'NONE', #3229, #1463 ) ;
#809 = LINE ( 'NONE', #9925, #6934 ) ;
#810 = CYLINDRICAL_SURFACE ( 'NONE', #6240, 0.5000000000000022200 ) ;
#811 = EDGE_LOOP ( 'NONE', ( #1942, #1073, #3434, #5811 ) ) ;
#812 = CARTESIAN_POINT ( 'NONE',  ( 15.50000000000000000, 15.50000000000000000, -10.99999999999999800 ) ) ;
#813 = ORIENTED_EDGE ( 'NONE', *, *, #10514, .T. ) ;
#814 = EDGE_CURVE ( 'NONE', #4396, #8042, #195, .T. ) ;
#815 =( GEOMETRIC_REPRESENTATION_CONTEXT ( 3 ) GLOBAL_UNCERTAINTY_ASSIGNED_CONTEXT ( ( #8023 ) ) GLOBAL_UNIT_ASSIGNED_CONTEXT ( ( #2109, #3772, #8667 ) ) REPRESENTATION_CONTEXT ( 'NONE', 'WORKASPACE' ) );
#816 = DIRECTION ( 'NONE',  ( -0.0000000000000000000, 1.000000000000000000, -0.0000000000000000000 ) ) ;
#817 = CARTESIAN_POINT ( 'NONE',  ( 1.799999999999999400, -39.15000000000002000, -12.65000000000000400 ) ) ;
#818 = CARTESIAN_POINT ( 'NONE',  ( -20.64999999999999500, -16.94289321881344900, -10.99999999999999800 ) ) ;
#819 = EDGE_LOOP ( 'NONE', ( #7886, #10679 ) ) ;
#820 = COLOUR_RGB ( '',0.2509803921568627400, 0.2509803921568627400, 0.2509803921568627400 ) ;
#821 = CIRCLE ( 'NONE', #190, 0.4999999999999982200 ) ;
#822 = VECTOR ( 'NONE', #5738, 1000.000000000000000 ) ;
#823 = ORIENTED_EDGE ( 'NONE', *, *, #9788, .F. ) ;
#824 = AXIS2_PLACEMENT_3D ( 'NONE', #5588, #564, #7176 ) ;
#825 = ORIENTED_EDGE ( 'NONE', *, *, #7715, .F. ) ;
#826 = ORIENTED_EDGE ( 'NONE', *, *, #4956, .F. ) ;
#827 = DIRECTION ( 'NONE',  ( 0.0000000000000000000, 1.000000000000000000, 0.0000000000000000000 ) ) ;
#828 = ORIENTED_EDGE ( 'NONE', *, *, #10107, .F. ) ;
#829 = CARTESIAN_POINT ( 'NONE',  ( -15.50000000000087200, -15.49999999999912400, -10.99999999999999800 ) ) ;
#830 = PLANE ( 'NONE',  #3296 ) ;
#831 = FACE_OUTER_BOUND ( 'NONE', #1091, .T. ) ;
#832 = ORIENTED_EDGE ( 'NONE', *, *, #3994, .T. ) ;
#834 = DIRECTION ( 'NONE',  ( 1.000000000000000000, 0.0000000000000000000, -0.0000000000000000000 ) ) ;
#833 = PRESENTATION_LAYER_ASSIGNMENT (  '', '', ( #8305 ) ) ;
#835 = ORIENTED_EDGE ( 'NONE', *, *, #5550, .T. ) ;
#836 = VECTOR ( 'NONE', #10756, 1000.000000000000000 ) ;
#837 = AXIS2_PLACEMENT_3D ( 'NONE', #606, #7341, #1482 ) ;
#838 = VERTEX_POINT ( 'NONE', #4027 ) ;
#839 = ORIENTED_EDGE ( 'NONE', *, *, #9697, .T. ) ;
#840 = EDGE_CURVE ( 'NONE', #5017, #8397, #2063, .T. ) ;
#841 = DIRECTION ( 'NONE',  ( 0.0000000000000000000, -1.000000000000000000, 0.0000000000000000000 ) ) ;
#842 = AXIS2_PLACEMENT_3D ( 'NONE', #6006, #5248, #6040 ) ;
#843 = CARTESIAN_POINT ( 'NONE',  ( 0.0000000000000000000, 0.0000000000000000000, 9.000000000000001800 ) ) ;
#844 = DIRECTION ( 'NONE',  ( 0.0000000000000000000, 1.000000000000000000, 0.0000000000000000000 ) ) ;
#845 = VERTEX_POINT ( 'NONE', #8182 ) ;
#846 = CARTESIAN_POINT ( 'NONE',  ( 3.500000000000000000, 0.0000000000000000000, 10.00000000000000000 ) ) ;
#847 = COLOUR_RGB ( '',0.2509803921568627400, 0.2509803921568627400, 0.2509803921568627400 ) ;
#848 = ORIENTED_EDGE ( 'NONE', *, *, #7102, .F. ) ;
#849 = SURFACE_STYLE_USAGE ( .BOTH. , #5828 ) ;
#850 = DIRECTION ( 'NONE',  ( -0.0000000000000000000, -0.0000000000000000000, 1.000000000000000000 ) ) ;
#851 = DIRECTION ( 'NONE',  ( 0.0000000000000000000, 0.0000000000000000000, 1.000000000000000000 ) ) ;
#852 = EDGE_CURVE ( 'NONE', #9837, #3129, #4518, .T. ) ;
#853 = AXIS2_PLACEMENT_3D ( 'NONE', #315, #7789, #6159 ) ;
#854 = ORIENTED_EDGE ( 'NONE', *, *, #7227, .F. ) ;
#855 = LINE ( 'NONE', #1740, #9988 ) ;
#856 = EDGE_CURVE ( 'NONE', #8042, #737, #71, .T. ) ;
#857 = CARTESIAN_POINT ( 'NONE',  ( 15.98624964824874800, 15.03502403148986100, -9.499999999999998200 ) ) ;
#858 = DIRECTION ( 'NONE',  ( -0.0000000000000000000, -0.0000000000000000000, -1.000000000000000000 ) ) ;
#859 = DIRECTION ( 'NONE',  ( 0.8571673007021116700, 0.0000000000000000000, 0.5150380749100552700 ) ) ;
#860 = CARTESIAN_POINT ( 'NONE',  ( 0.0000000000000000000, 0.0000000000000000000, -15.99999999999999600 ) ) ;
#861 = CARTESIAN_POINT ( 'NONE',  ( 1.693713464724400800E-015, -20.65000000000000600, -11.49999999999999800 ) ) ;
#862 = ORIENTED_EDGE ( 'NONE', *, *, #6425, .T. ) ;
#863 = ADVANCED_FACE ( 'NONE', ( #10274 ), #5571, .T. ) ;
#864 = ORIENTED_EDGE ( 'NONE', *, *, #10448, .T. ) ;
#865 = AXIS2_PLACEMENT_3D ( 'NONE', #7006, #8694, #1298 ) ;
#866 = DIRECTION ( 'NONE',  ( -1.000000000000000000, 0.0000000000000000000, 0.0000000000000000000 ) ) ;
#867 = LINE ( 'NONE', #6637, #7917 ) ;
#868 = CARTESIAN_POINT ( 'NONE',  ( 0.0000000000000000000, 0.0000000000000000000, 10.00000000000000000 ) ) ;
#869 = AXIS2_PLACEMENT_3D ( 'NONE', #2787, #10372, #1941 ) ;
#870 = DIRECTION ( 'NONE',  ( 0.0000000000000000000, -0.0000000000000000000, 1.000000000000000000 ) ) ;
#871 = ORIENTED_EDGE ( 'NONE', *, *, #4648, .T. ) ;
#872 = DIRECTION ( 'NONE',  ( 1.000000000000000000, 0.0000000000000000000, 0.0000000000000000000 ) ) ;
#873 = EDGE_CURVE ( 'NONE', #2755, #5752, #721, .T. ) ;
#874 = DIRECTION ( 'NONE',  ( 1.000000000000000000, 0.0000000000000000000, 0.0000000000000000000 ) ) ;
#875 = LINE ( 'NONE', #857, #4910 ) ;
#876 = CYLINDRICAL_SURFACE ( 'NONE', #8648, 0.5000000000000004400 ) ;
#877 = CARTESIAN_POINT ( 'NONE',  ( -17.89999999999999500, 15.50000000000087400, -10.49999999999999600 ) ) ;
#878 = PRESENTATION_STYLE_ASSIGNMENT (( #2874 ) ) ;
#879 =( NAMED_UNIT ( * ) SI_UNIT ( $, .STERADIAN. ) SOLID_ANGLE_UNIT ( ) );
#880 = DIRECTION ( 'NONE',  ( 1.000000000000000000, 0.0000000000000000000, 0.0000000000000000000 ) ) ;
#881 = CARTESIAN_POINT ( 'NONE',  ( 16.80716972541264600, -15.01375035175166400, -9.499999999999998200 ) ) ;
#882 = VERTEX_POINT ( 'NONE', #8295 ) ;
#883 = DIRECTION ( 'NONE',  ( -1.000000000000000000, 0.0000000000000000000, 0.0000000000000000000 ) ) ;
#884 = AXIS2_PLACEMENT_3D ( 'NONE', #957, #2611, #8476 ) ;
#885 = DIRECTION ( 'NONE',  ( 1.000000000000000000, 0.0000000000000000000, -0.0000000000000000000 ) ) ;
#886 = ORIENTED_EDGE ( 'NONE', *, *, #5676, .F. ) ;
#887 = CIRCLE ( 'NONE', #1396, 0.5000000000000004400 ) ;
#888 = CIRCLE ( 'NONE', #2029, 0.4999999999999982200 ) ;
#889 = VECTOR ( 'NONE', #8611, 1000.000000000000000 ) ;
#890 = DIRECTION ( 'NONE',  ( 0.0000000000000000000, 0.0000000000000000000, 1.000000000000000000 ) ) ;
#891 = ORIENTED_EDGE ( 'NONE', *, *, #3491, .T. ) ;
#892 = DIRECTION ( 'NONE',  ( -0.0000000000000000000, -0.0000000000000000000, -1.000000000000000000 ) ) ;
#893 = DIRECTION ( 'NONE',  ( 0.0000000000000000000, -0.0000000000000000000, -1.000000000000000000 ) ) ;
#894 = SURFACE_SIDE_STYLE ('',( #4563 ) ) ;
#895 = CARTESIAN_POINT ( 'NONE',  ( 0.0000000000000000000, 0.0000000000000000000, -3.499999999999996000 ) ) ;
#896 = VECTOR ( 'NONE', #5394, 1000.000000000000000 ) ;
#897 = ORIENTED_EDGE ( 'NONE', *, *, #1566, .T. ) ;
#898 = LINE ( 'NONE', #10357, #4536 ) ;
#899 = AXIS2_PLACEMENT_3D ( 'NONE', #3208, #7490, #3280 ) ;
#900 = CARTESIAN_POINT ( 'NONE',  ( -14.19283027458642900, 15.98624964825022200, -9.499999999999998200 ) ) ;
#901 = SURFACE_STYLE_USAGE ( .BOTH. , #10796 ) ;
#902 = MECHANICAL_DESIGN_GEOMETRIC_PRESENTATION_REPRESENTATION (  '', ( #9087 ), #9650 ) ;
#903 = PRESENTATION_LAYER_ASSIGNMENT (  '', '', ( #2771 ) ) ;
#904 =( LENGTH_UNIT ( ) NAMED_UNIT ( * ) SI_UNIT ( .MILLI., .METRE. ) );
#905 = FACE_OUTER_BOUND ( 'NONE', #3698, .T. ) ;
#906 = ORIENTED_EDGE ( 'NONE', *, *, #3721, .T. ) ;
#907 = CARTESIAN_POINT ( 'NONE',  ( 17.39999999999912500, -15.50000000000000200, -10.49999999999999600 ) ) ;
#908 = ORIENTED_EDGE ( 'NONE', *, *, #10119, .F. ) ;
#909 = CARTESIAN_POINT ( 'NONE',  ( -21.16000000000001100, -13.31369220013740300, -3.499999999999996000 ) ) ;
#910 = PLANE ( 'NONE',  #6646 ) ;
#911 = DIRECTION ( 'NONE',  ( 1.000000000000000000, 0.0000000000000000000, 0.0000000000000000000 ) ) ;
#912 = VECTOR ( 'NONE', #9414, 1000.000000000000000 ) ;
#913 = EDGE_LOOP ( 'NONE', ( #8931, #1320, #5458, #4092 ) ) ;
#914 = ADVANCED_FACE ( 'NONE', ( #3594 ), #4776, .T. ) ;
#915 = LINE ( 'NONE', #7676, #10590 ) ;
#916 =( GEOMETRIC_REPRESENTATION_CONTEXT ( 3 ) GLOBAL_UNCERTAINTY_ASSIGNED_CONTEXT ( ( #8880 ) ) GLOBAL_UNIT_ASSIGNED_CONTEXT ( ( #3423, #4304, #5118 ) ) REPRESENTATION_CONTEXT ( 'NONE', 'WORKASPACE' ) );
#917 = CARTESIAN_POINT ( 'NONE',  ( 13.32957238623955800, 21.14999999999999900, -63.34951795962939500 ) ) ;
#918 = VECTOR ( 'NONE', #6092, 1000.000000000000000 ) ;
#919 = EDGE_CURVE ( 'NONE', #6255, #2242, #875, .T. ) ;
#920 = ORIENTED_EDGE ( 'NONE', *, *, #5823, .F. ) ;
#921 = CARTESIAN_POINT ( 'NONE',  ( -1.371348881391340800, -39.15000000000000600, -7.512950757712736100 ) ) ;
#922 = CARTESIAN_POINT ( 'NONE',  ( -13.31369220013740100, -21.16000000000001100, 4.000000000000003600 ) ) ;
#923 = UNCERTAINTY_MEASURE_WITH_UNIT (LENGTH_MEASURE( 1.000000000000000100E-005 ), #9204, 'distance_accuracy_value', 'NONE');
#924 = CARTESIAN_POINT ( 'NONE',  ( -16.74999999999999300, -15.50000000000000400, 5.500000000000000000 ) ) ;
#925 = DIRECTION ( 'NONE',  ( -1.000000000000000000, 0.0000000000000000000, 0.0000000000000000000 ) ) ;
#926 = EDGE_LOOP ( 'NONE', ( #228, #2003, #5322, #1784 ) ) ;
#927 = DIRECTION ( 'NONE',  ( 0.0000000000000000000, 1.000000000000000000, 0.0000000000000000000 ) ) ;
#928 = DIRECTION ( 'NONE',  ( 1.000000000000000000, 0.0000000000000000000, 0.0000000000000000000 ) ) ;
#929 = SURFACE_STYLE_FILL_AREA ( #8183 ) ;
#930 = DIRECTION ( 'NONE',  ( -0.0000000000000000000, -0.0000000000000000000, -1.000000000000000000 ) ) ;
#931 = FACE_OUTER_BOUND ( 'NONE', #655, .T. ) ;
#933 = AXIS2_PLACEMENT_3D ( 'NONE', #4844, #3192, #2322 ) ;
#932 = CARTESIAN_POINT ( 'NONE',  ( 21.14999999999999900, -13.32957238623955700, -3.499999999999996000 ) ) ;
#934 = ORIENTED_EDGE ( 'NONE', *, *, #6989, .F. ) ;
#935 =( GEOMETRIC_REPRESENTATION_CONTEXT ( 3 ) GLOBAL_UNCERTAINTY_ASSIGNED_CONTEXT ( ( #7400 ) ) GLOBAL_UNIT_ASSIGNED_CONTEXT ( ( #8072, #2325, #3899 ) ) REPRESENTATION_CONTEXT ( 'NONE', 'WORKASPACE' ) );
#936 = EDGE_CURVE ( 'NONE', #3035, #8758, #7256, .T. ) ;
#937 = CARTESIAN_POINT ( 'NONE',  ( 2.999999999999976000, -18.15000000000000600, -11.49999999999999800 ) ) ;
#938 = ORIENTED_EDGE ( 'NONE', *, *, #1913, .F. ) ;
#939 = VECTOR ( 'NONE', #3269, 1000.000000000000000 ) ;
#940 = CARTESIAN_POINT ( 'NONE',  ( 21.15000000000000200, -20.65000000000000200, -10.99999999999999800 ) ) ;
#941 = SPHERICAL_SURFACE ( 'NONE', #5885, 0.5000000000000000000 ) ;
#942 = DIRECTION ( 'NONE',  ( 1.000000000000000000, 0.0000000000000000000, 0.0000000000000000000 ) ) ;
#943 = VERTEX_POINT ( 'NONE', #733 ) ;
#944 = CARTESIAN_POINT ( 'NONE',  ( 0.0000000000000000000, 0.0000000000000000000, 10.00000000000000000 ) ) ;
#945 = MECHANICAL_DESIGN_GEOMETRIC_PRESENTATION_REPRESENTATION (  '', ( #6737 ), #1512 ) ;
#946 = ORIENTED_EDGE ( 'NONE', *, *, #6314, .T. ) ;
#947 = LINE ( 'NONE', #10546, #7463 ) ;
#948 = FACE_OUTER_BOUND ( 'NONE', #1366, .T. ) ;
#949 = DIRECTION ( 'NONE',  ( -1.000000000000000000, -4.542762141924063400E-015, 0.0000000000000000000 ) ) ;
#950 = SURFACE_STYLE_FILL_AREA ( #6088 ) ;
#951 = EDGE_CURVE ( 'NONE', #1525, #4398, #999, .T. ) ;
#952 = ORIENTED_EDGE ( 'NONE', *, *, #9097, .T. ) ;
#953 =( NAMED_UNIT ( * ) SI_UNIT ( $, .STERADIAN. ) SOLID_ANGLE_UNIT ( ) );
#954 = EDGE_LOOP ( 'NONE', ( #2189, #7206, #9156, #1982 ) ) ;
#955 = FACE_OUTER_BOUND ( 'NONE', #8753, .T. ) ;
#956 =( NAMED_UNIT ( * ) PLANE_ANGLE_UNIT ( ) SI_UNIT ( $, .RADIAN. ) );
#957 = CARTESIAN_POINT ( 'NONE',  ( 0.0000000000000000000, 0.0000000000000000000, 4.000000000000003600 ) ) ;
#958 = ORIENTED_EDGE ( 'NONE', *, *, #5352, .T. ) ;
#959 = DIRECTION ( 'NONE',  ( 1.000000000000000000, 0.0000000000000000000, 0.0000000000000000000 ) ) ;
#960 = ORIENTED_EDGE ( 'NONE', *, *, #3420, .T. ) ;
#961 = EDGE_CURVE ( 'NONE', #6804, #10557, #8059, .T. ) ;
#962 = FILL_AREA_STYLE_COLOUR ( '', #10013 ) ;
#963 = AXIS2_PLACEMENT_3D ( 'NONE', #7003, #7825, #2799 ) ;
#964 = CARTESIAN_POINT ( 'NONE',  ( -15.98624964825069700, -15.03502403148862900, -9.499999999999998200 ) ) ;
#965 = FACE_OUTER_BOUND ( 'NONE', #6608, .T. ) ;
#966 = SURFACE_STYLE_USAGE ( .BOTH. , #3389 ) ;
#967 = CARTESIAN_POINT ( 'NONE',  ( 4.000000000000000000, 0.0000000000000000000, -11.49999999999999800 ) ) ;
#968 = VERTEX_POINT ( 'NONE', #1591 ) ;
#969 = EDGE_LOOP ( 'NONE', ( #7054, #9939, #10783, #6885 ) ) ;
#970 = AXIS2_PLACEMENT_3D ( 'NONE', #881, #4295, #3413 ) ;
#971 = PRESENTATION_STYLE_ASSIGNMENT (( #4797 ) ) ;
#972 = ADVANCED_FACE ( 'NONE', ( #5045 ), #5765, .F. ) ;
#973 = DIRECTION ( 'NONE',  ( 0.0000000000000000000, -1.000000000000000000, 0.0000000000000000000 ) ) ;
#974 = DIRECTION ( 'NONE',  ( 1.235860604586721200E-014, -1.000000000000000000, -0.0000000000000000000 ) ) ;
#975 = CARTESIAN_POINT ( 'NONE',  ( 15.96497596850902500, -14.25001964264521200, -9.499999999999998200 ) ) ;
#976 = VERTEX_POINT ( 'NONE', #166 ) ;
#977 = CIRCLE ( 'NONE', #10376, 0.5000000000000004400 ) ;
#979 = AXIS2_PLACEMENT_3D ( 'NONE', #3967, #1569, #7359 ) ;
#978 = CARTESIAN_POINT ( 'NONE',  ( 20.64999999999999900, 16.94289321881345200, -10.99999999999999800 ) ) ;
#980 = PRESENTATION_STYLE_ASSIGNMENT (( #10328 ) ) ;
#981 = AXIS2_PLACEMENT_3D ( 'NONE', #7000, #2024, #7853 ) ;
#982 = LINE ( 'NONE', #6033, #1514 ) ;
#983 = EDGE_CURVE ( 'NONE', #2352, #8254, #9753, .T. ) ;
#984 =( GEOMETRIC_REPRESENTATION_CONTEXT ( 3 ) GLOBAL_UNCERTAINTY_ASSIGNED_CONTEXT ( ( #3239 ) ) GLOBAL_UNIT_ASSIGNED_CONTEXT ( ( #4524, #6356, #427 ) ) REPRESENTATION_CONTEXT ( 'NONE', 'WORKASPACE' ) );
#985 = FILL_AREA_STYLE ('',( #1053 ) ) ;
#986 = CARTESIAN_POINT ( 'NONE',  ( -3.516151791541896700, -21.25000000000000700, 0.0000000000000000000 ) ) ;
#987 = ADVANCED_BREP_SHAPE_REPRESENTATION ( '17HS08-1504-ME1K', ( #8480, #1635 ), #3708 ) ;
#988 = SURFACE_STYLE_USAGE ( .BOTH. , #10037 ) ;
#989 = ORIENTED_EDGE ( 'NONE', *, *, #425, .F. ) ;
#990 = CARTESIAN_POINT ( 'NONE',  ( -3.516151791541896700, -19.15000000000000600, -4.298253383695605800 ) ) ;
#991 = DIRECTION ( 'NONE',  ( -1.000000000000000000, 1.224646799147351500E-016, 0.0000000000000000000 ) ) ;
#992 = FACE_OUTER_BOUND ( 'NONE', #3261, .T. ) ;
#993 = DIRECTION ( 'NONE',  ( -0.0000000000000000000, -1.000000000000000000, -0.0000000000000000000 ) ) ;
#994 =( GEOMETRIC_REPRESENTATION_CONTEXT ( 3 ) GLOBAL_UNCERTAINTY_ASSIGNED_CONTEXT ( ( #8829 ) ) GLOBAL_UNIT_ASSIGNED_CONTEXT ( ( #1505, #8236, #2285 ) ) REPRESENTATION_CONTEXT ( 'NONE', 'WORKASPACE' ) );
#995 = AXIS2_PLACEMENT_3D ( 'NONE', #5912, #8329, #283 ) ;
#996 = CARTESIAN_POINT ( 'NONE',  ( -15.49999999999999600, 15.50000000000087400, -9.499999999999998200 ) ) ;
#997 = EDGE_CURVE ( 'NONE', #1623, #8381, #5310, .T. ) ;
#998 = DIRECTION ( 'NONE',  ( 0.0000000000000000000, 0.0000000000000000000, -1.000000000000000000 ) ) ;
#999 = LINE ( 'NONE', #4863, #8700 ) ;
#1000 = CARTESIAN_POINT ( 'NONE',  ( -21.00355339059327200, 17.29644660940672600, 9.500000000000000000 ) ) ;
#1001 =( NAMED_UNIT ( * ) SI_UNIT ( $, .STERADIAN. ) SOLID_ANGLE_UNIT ( ) );
#1002 = VECTOR ( 'NONE', #10132, 1000.000000000000000 ) ;
#1003 = FILL_AREA_STYLE ('',( #288 ) ) ;
#1004 = VERTEX_POINT ( 'NONE', #5121 ) ;
#1005 = FILL_AREA_STYLE_COLOUR ( '', #1214 ) ;
#1006 = AXIS2_PLACEMENT_3D ( 'NONE', #9356, #2769, #5307 ) ;
#1007 = ORIENTED_EDGE ( 'NONE', *, *, #9097, .F. ) ;
#1008 =( NAMED_UNIT ( * ) PLANE_ANGLE_UNIT ( ) SI_UNIT ( $, .RADIAN. ) );
#1009 = CARTESIAN_POINT ( 'NONE',  ( -2.616151791541898100, -19.15000000000000600, -4.341649960993327200E-016 ) ) ;
#1010 = CIRCLE ( 'NONE', #10202, 1.249999999999999300 ) ;
#1011 = LINE ( 'NONE', #3602, #6751 ) ;
#1012 = EDGE_CURVE ( 'NONE', #5168, #7302, #8444, .T. ) ;
#1013 = DIRECTION ( 'NONE',  ( -0.7071067811865463500, -0.7071067811865487900, 0.0000000000000000000 ) ) ;
#1014 = ORIENTED_EDGE ( 'NONE', *, *, #2265, .F. ) ;
#1015 = DIRECTION ( 'NONE',  ( 0.7071067811865510100, -0.7071067811865441300, 0.0000000000000000000 ) ) ;
#1017 = DIRECTION ( 'NONE',  ( -1.000000000000000000, 6.179303022933785000E-015, -0.0000000000000000000 ) ) ;
#1016 = COLOUR_RGB ( '',0.2509803921568627400, 0.2509803921568627400, 0.2509803921568627400 ) ;
#1018 = ORIENTED_EDGE ( 'NONE', *, *, #5181, .F. ) ;
#1019 =( LENGTH_UNIT ( ) NAMED_UNIT ( * ) SI_UNIT ( .MILLI., .METRE. ) );
#1020 = ADVANCED_FACE ( 'NONE', ( #7528 ), #3995, .T. ) ;
#1021 = DIRECTION ( 'NONE',  ( -0.0000000000000000000, -0.0000000000000000000, -1.000000000000000000 ) ) ;
#1022 = EDGE_CURVE ( 'NONE', #2533, #7848, #3201, .T. ) ;
#1023 = PRESENTATION_LAYER_ASSIGNMENT (  '', '', ( #10748 ) ) ;
#1024 = CARTESIAN_POINT ( 'NONE',  ( 21.16000000000000000, 13.31369220013741700, 63.84951795962939500 ) ) ;
#1025 = DIRECTION ( 'NONE',  ( 0.0000000000000000000, -1.000000000000000000, 0.0000000000000000000 ) ) ;
#1026 = DIRECTION ( 'NONE',  ( -0.0000000000000000000, -0.0000000000000000000, -1.000000000000000000 ) ) ;
#1027 = LINE ( 'NONE', #10799, #2840 ) ;
#1028 = CIRCLE ( 'NONE', #7318, 2.399999999999999500 ) ;
#1029 = VERTEX_POINT ( 'NONE', #2525 ) ;
#1030 = VECTOR ( 'NONE', #10036, 1000.000000000000000 ) ;
#1031 = AXIS2_PLACEMENT_3D ( 'NONE', #4699, #10565, #10843 ) ;
#1032 = CARTESIAN_POINT ( 'NONE',  ( 18.19999999999999900, 15.50000000000000000, -9.499999999999998200 ) ) ;
#1033 = VECTOR ( 'NONE', #6681, 1000.000000000000000 ) ;
#1034 =( NAMED_UNIT ( * ) SI_UNIT ( $, .STERADIAN. ) SOLID_ANGLE_UNIT ( ) );
#1035 = ORIENTED_EDGE ( 'NONE', *, *, #2471, .T. ) ;
#1036 = CARTESIAN_POINT ( 'NONE',  ( 1.799999999999998900, -39.15000000000002000, -14.35000000000000300 ) ) ;
#1037 = CIRCLE ( 'NONE', #6457, 20.00000000000000000 ) ;
#1038 = VECTOR ( 'NONE', #3846, 1000.000000000000000 ) ;
#1039 = ORIENTED_EDGE ( 'NONE', *, *, #3650, .F. ) ;
#1040 = ORIENTED_EDGE ( 'NONE', *, *, #6743, .T. ) ;
#1041 = CARTESIAN_POINT ( 'NONE',  ( -1.800000000000000900, -39.15000000000002000, -13.85000000000000300 ) ) ;
#1042 = CIRCLE ( 'NONE', #745, 0.5563334663949305300 ) ;
#1043 = STYLED_ITEM ( 'NONE', ( #1421 ), #8083 ) ;
#1044 = EDGE_CURVE ( 'NONE', #3070, #2530, #324, .T. ) ;
#1045 = DIRECTION ( 'NONE',  ( 1.000000000000000000, -6.938893903907222100E-015, 0.0000000000000000000 ) ) ;
#1046 = CARTESIAN_POINT ( 'NONE',  ( 0.0000000000000000000, 0.0000000000000000000, 12.00000000000000000 ) ) ;
#1047 = EDGE_CURVE ( 'NONE', #1873, #5042, #5951, .T. ) ;
#1048 =( NAMED_UNIT ( * ) PLANE_ANGLE_UNIT ( ) SI_UNIT ( $, .RADIAN. ) );
#1049 = AXIS2_PLACEMENT_3D ( 'NONE', #996, #2557, #7599 ) ;
#1050 =( NAMED_UNIT ( * ) PLANE_ANGLE_UNIT ( ) SI_UNIT ( $, .RADIAN. ) );
#1051 = UNCERTAINTY_MEASURE_WITH_UNIT (LENGTH_MEASURE( 1.000000000000000100E-005 ), #9115, 'distance_accuracy_value', 'NONE');
#1052 = ORIENTED_EDGE ( 'NONE', *, *, #1136, .F. ) ;
#1053 = FILL_AREA_STYLE_COLOUR ( '', #10297 ) ;
#1054 = ORIENTED_EDGE ( 'NONE', *, *, #4469, .T. ) ;
#1055 = EDGE_LOOP ( 'NONE', ( #9855, #70, #5923, #9945 ) ) ;
#1056 = CARTESIAN_POINT ( 'NONE',  ( 17.14999999999997000, 21.15000000000000900, -10.99999999999999800 ) ) ;
#1057 = EDGE_CURVE ( 'NONE', #9372, #845, #1530, .T. ) ;
#1058 = CARTESIAN_POINT ( 'NONE',  ( -13.32957238623955800, 21.14999999999999900, 4.000000000000003600 ) ) ;
#1059 = AXIS2_PLACEMENT_3D ( 'NONE', #7181, #6390, #4702 ) ;
#1060 = AXIS2_PLACEMENT_3D ( 'NONE', #2395, #3965, #5746 ) ;
#1061 = UNCERTAINTY_MEASURE_WITH_UNIT (LENGTH_MEASURE( 1.000000000000000100E-005 ), #4122, 'distance_accuracy_value', 'NONE');
#1062 = DIRECTION ( 'NONE',  ( 1.000000000000000000, -4.542762141924042900E-015, 0.0000000000000000000 ) ) ;
#1063 = CARTESIAN_POINT ( 'NONE',  ( 20.65000000000000200, -16.94289321881346000, 10.00000000000000000 ) ) ;
#1064 = VERTEX_POINT ( 'NONE', #3498 ) ;
#1065 = EDGE_CURVE ( 'NONE', #5372, #5763, #2289, .T. ) ;
#1066 = LINE ( 'NONE', #10043, #7728 ) ;
#1067 = CIRCLE ( 'NONE', #5489, 2.700000000000001100 ) ;
#1068 = ORIENTED_EDGE ( 'NONE', *, *, #712, .F. ) ;
#1069 = CARTESIAN_POINT ( 'NONE',  ( 16.94289321881345200, 20.64999999999999900, 10.00000000000000000 ) ) ;
#1070 = DIRECTION ( 'NONE',  ( -1.000000000000000000, 0.0000000000000000000, -0.0000000000000000000 ) ) ;
#1071 = DIRECTION ( 'NONE',  ( 0.7071067811865441300, -0.7071067811865510100, -0.0000000000000000000 ) ) ;
#1072 = FILL_AREA_STYLE ('',( #2689 ) ) ;
#1073 = ORIENTED_EDGE ( 'NONE', *, *, #6246, .F. ) ;
#1074 = CIRCLE ( 'NONE', #1145, 2.500000000000000000 ) ;
#1076 =( GEOMETRIC_REPRESENTATION_CONTEXT ( 3 ) GLOBAL_UNCERTAINTY_ASSIGNED_CONTEXT ( ( #7340 ) ) GLOBAL_UNIT_ASSIGNED_CONTEXT ( ( #10, #792, #10769 ) ) REPRESENTATION_CONTEXT ( 'NONE', 'WORKASPACE' ) );
#1075 = SURFACE_SIDE_STYLE ('',( #950 ) ) ;
#1077 = VECTOR ( 'NONE', #6684, 1000.000000000000000 ) ;
#1078 = PRESENTATION_STYLE_ASSIGNMENT (( #5990 ) ) ;
#1079 = AXIS2_PLACEMENT_3D ( 'NONE', #5585, #9854, #3053 ) ;
#1080 = VECTOR ( 'NONE', #1542, 1000.000000000000000 ) ;
#1081 = EDGE_CURVE ( 'NONE', #9412, #2758, #6601, .T. ) ;
#1082 = ADVANCED_FACE ( 'NONE', ( #5304 ), #7639, .T. ) ;
#1083 = CARTESIAN_POINT ( 'NONE',  ( -14.19283027458642900, 15.98624964825022200, -9.499999999999998200 ) ) ;
#1084 = FILL_AREA_STYLE ('',( #8663 ) ) ;
#1085 = ORIENTED_EDGE ( 'NONE', *, *, #111, .F. ) ;
#1086 = EDGE_LOOP ( 'NONE', ( #2277, #9740, #4687, #2743 ) ) ;
#1087 = DIRECTION ( 'NONE',  ( -0.7423134210255906100, 0.0000000000000000000, 0.6700528225187057900 ) ) ;
#1088 = CIRCLE ( 'NONE', #1495, 0.5000000000000004400 ) ;
#1089 = VERTEX_POINT ( 'NONE', #8443 ) ;
#1090 = CIRCLE ( 'NONE', #10393, 0.5000000000000022200 ) ;
#1091 = EDGE_LOOP ( 'NONE', ( #10762, #6692, #5237 ) ) ;
#1092 = DIRECTION ( 'NONE',  ( -0.0000000000000000000, -0.0000000000000000000, -1.000000000000000000 ) ) ;
#1093 = CARTESIAN_POINT ( 'NONE',  ( 20.79644660940672600, 16.79644660940672600, -11.49999999999999800 ) ) ;
#1094 = VECTOR ( 'NONE', #1250, 1000.000000000000000 ) ;
#1095 = ORIENTED_EDGE ( 'NONE', *, *, #4806, .T. ) ;
#1096 = EDGE_CURVE ( 'NONE', #5226, #489, #9748, .T. ) ;
#1097 = AXIS2_PLACEMENT_3D ( 'NONE', #10741, #3237, #2445 ) ;
#1098 = ADVANCED_FACE ( 'NONE', ( #1518 ), #3067, .T. ) ;
#1099 = DIRECTION ( 'NONE',  ( 0.0000000000000000000, 0.0000000000000000000, -1.000000000000000000 ) ) ;
#1100 = EDGE_CURVE ( 'NONE', #9409, #2546, #4119, .T. ) ;
#1101 = ORIENTED_EDGE ( 'NONE', *, *, #9629, .F. ) ;
#1102 = CARTESIAN_POINT ( 'NONE',  ( 12.24999999999912400, -15.50000000000000200, -10.99999999999999800 ) ) ;
#1103 = CYLINDRICAL_SURFACE ( 'NONE', #255, 0.5000000000000004400 ) ;
#1104 = EDGE_LOOP ( 'NONE', ( #8513, #7687, #1359, #2371 ) ) ;
#1105 = ORIENTED_EDGE ( 'NONE', *, *, #4786, .F. ) ;
#1106 = SURFACE_STYLE_USAGE ( .BOTH. , #235 ) ;
#1107 = LINE ( 'NONE', #7348, #8809 ) ;
#1108 = ORIENTED_EDGE ( 'NONE', *, *, #2061, .F. ) ;
#1109 = VERTEX_POINT ( 'NONE', #8615 ) ;
#1110 = ORIENTED_EDGE ( 'NONE', *, *, #1839, .F. ) ;
#1111 = FACE_OUTER_BOUND ( 'NONE', #5497, .T. ) ;
#1112 =( LENGTH_UNIT ( ) NAMED_UNIT ( * ) SI_UNIT ( .MILLI., .METRE. ) );
#1113 =( GEOMETRIC_REPRESENTATION_CONTEXT ( 3 ) GLOBAL_UNCERTAINTY_ASSIGNED_CONTEXT ( ( #8681 ) ) GLOBAL_UNIT_ASSIGNED_CONTEXT ( ( #7328, #1508, #3976 ) ) REPRESENTATION_CONTEXT ( 'NONE', 'WORKASPACE' ) );
#1114 = DIRECTION ( 'NONE',  ( 1.427022914853926000E-014, 1.000000000000000000, -0.0000000000000000000 ) ) ;
#1115 = DIRECTION ( 'NONE',  ( -0.7071067811865580100, 0.7071067811865372500, 0.0000000000000000000 ) ) ;
#1116 = DIRECTION ( 'NONE',  ( -0.7071067811865510100, 0.7071067811865441300, 4.906538933386817000E-015 ) ) ;
#1117 = ORIENTED_EDGE ( 'NONE', *, *, #1668, .F. ) ;
#1118 = FILL_AREA_STYLE_COLOUR ( '', #9309 ) ;
#1119 =( GEOMETRIC_REPRESENTATION_CONTEXT ( 3 ) GLOBAL_UNCERTAINTY_ASSIGNED_CONTEXT ( ( #6794 ) ) GLOBAL_UNIT_ASSIGNED_CONTEXT ( ( #1351, #1283, #4654 ) ) REPRESENTATION_CONTEXT ( 'NONE', 'WORKASPACE' ) );
#1120 =( NAMED_UNIT ( * ) SI_UNIT ( $, .STERADIAN. ) SOLID_ANGLE_UNIT ( ) );
#1121 = ORIENTED_EDGE ( 'NONE', *, *, #7060, .T. ) ;
#1122 = DIRECTION ( 'NONE',  ( -0.0000000000000000000, -0.0000000000000000000, -1.000000000000000000 ) ) ;
#1123 = VECTOR ( 'NONE', #1657, 1000.000000000000200 ) ;
#1124 = ORIENTED_EDGE ( 'NONE', *, *, #9746, .T. ) ;
#1125 = SURFACE_STYLE_USAGE ( .BOTH. , #3581 ) ;
#1126 =( NAMED_UNIT ( * ) SI_UNIT ( $, .STERADIAN. ) SOLID_ANGLE_UNIT ( ) );
#1127 = ORIENTED_EDGE ( 'NONE', *, *, #8847, .F. ) ;
#1128 = DIRECTION ( 'NONE',  ( -1.000000000000000000, 0.0000000000000000000, 0.0000000000000000000 ) ) ;
#1129 = UNCERTAINTY_MEASURE_WITH_UNIT (LENGTH_MEASURE( 1.000000000000000100E-005 ), #318, 'distance_accuracy_value', 'NONE');
#1131 = STYLED_ITEM ( 'NONE', ( #4134 ), #246 ) ;
#1130 = CARTESIAN_POINT ( 'NONE',  ( 0.0000000000000000000, 0.0000000000000000000, -8.999999999999998200 ) ) ;
#1132 = ORIENTED_EDGE ( 'NONE', *, *, #353, .T. ) ;
#1133 = FACE_OUTER_BOUND ( 'NONE', #7220, .T. ) ;
#1134 = COLOUR_RGB ( '',0.2509803921568627400, 0.2509803921568627400, 0.2509803921568627400 ) ;
#1135 = ORIENTED_EDGE ( 'NONE', *, *, #232, .T. ) ;
#1136 = EDGE_CURVE ( 'NONE', #9841, #7346, #317, .T. ) ;
#1137 = CARTESIAN_POINT ( 'NONE',  ( -20.64999999999999500, 0.0000000000000000000, -11.49999999999999800 ) ) ;
#1138 =( NAMED_UNIT ( * ) PLANE_ANGLE_UNIT ( ) SI_UNIT ( $, .RADIAN. ) );
#1139 = ORIENTED_EDGE ( 'NONE', *, *, #3090, .T. ) ;
#1140 = ADVANCED_FACE ( 'NONE', ( #2425 ), #183, .T. ) ;
#1141 = FILL_AREA_STYLE ('',( #3591 ) ) ;
#1142 = AXIS2_PLACEMENT_3D ( 'NONE', #10803, #2540, #834 ) ;
#1143 = CONICAL_SURFACE ( 'NONE', #7840, 1.249999999999999300, 1.029744258676653900 ) ;
#1144 = PRESENTATION_STYLE_ASSIGNMENT (( #5066 ) ) ;
#1145 = AXIS2_PLACEMENT_3D ( 'NONE', #4086, #9996, #799 ) ;
#1146 = SURFACE_STYLE_USAGE ( .BOTH. , #1988 ) ;
#1147 = ORIENTED_EDGE ( 'NONE', *, *, #4082, .F. ) ;
#1148 = EDGE_CURVE ( 'NONE', #6729, #7865, #2548, .T. ) ;
#1149 = CARTESIAN_POINT ( 'NONE',  ( 20.65000000000000200, -16.94289321881346000, 9.500000000000000000 ) ) ;
#1150 = CARTESIAN_POINT ( 'NONE',  ( 16.74998035735527000, 15.03502403148956300, -10.99999999999999800 ) ) ;
#1151 = ORIENTED_EDGE ( 'NONE', *, *, #1012, .T. ) ;
#1152 = CARTESIAN_POINT ( 'NONE',  ( 3.483848208458102800, -21.25000000000000700, -4.298253383695601400 ) ) ;
#1153 = VECTOR ( 'NONE', #8806, 1000.000000000000000 ) ;
#1154 = FILL_AREA_STYLE ('',( #4458 ) ) ;
#1155 = ORIENTED_EDGE ( 'NONE', *, *, #1668, .T. ) ;
#1156 = CARTESIAN_POINT ( 'NONE',  ( -1.270660914494727200, 2.000000000000000400, 29.63760345130316400 ) ) ;
#1157 = CARTESIAN_POINT ( 'NONE',  ( 3.599999999999996100, -21.15000000000000600, -8.999999999999992900 ) ) ;
#1158 = DIRECTION ( 'NONE',  ( -0.0000000000000000000, -1.000000000000000000, -0.0000000000000000000 ) ) ;
#1159 = DIRECTION ( 'NONE',  ( 1.000000000000000000, 0.0000000000000000000, -0.0000000000000000000 ) ) ;
#1160 = PRESENTATION_STYLE_ASSIGNMENT (( #7718 ) ) ;
#1162 = VERTEX_POINT ( 'NONE', #10306 ) ;
#1161 = CARTESIAN_POINT ( 'NONE',  ( 21.15000000000000200, -16.94289321881343100, -11.49999999999999800 ) ) ;
#1163 = EDGE_CURVE ( 'NONE', #3268, #4622, #3724, .T. ) ;
#1164 = LINE ( 'NONE', #9055, #5984 ) ;
#1165 =( LENGTH_UNIT ( ) NAMED_UNIT ( * ) SI_UNIT ( .MILLI., .METRE. ) );
#1166 =( LENGTH_UNIT ( ) NAMED_UNIT ( * ) SI_UNIT ( .MILLI., .METRE. ) );
#1167 = ORIENTED_EDGE ( 'NONE', *, *, #7734, .T. ) ;
#1168 = DIRECTION ( 'NONE',  ( -1.000000000000000000, 0.0000000000000000000, 1.387778780781444300E-014 ) ) ;
#1169 = LINE ( 'NONE', #4004, #8089 ) ;
#1170 = DIRECTION ( 'NONE',  ( -0.0000000000000000000, -0.0000000000000000000, -1.000000000000000000 ) ) ;
#1171 = EDGE_LOOP ( 'NONE', ( #6968, #68, #1382, #1742 ) ) ;
#1172 = ORIENTED_EDGE ( 'NONE', *, *, #9660, .T. ) ;
#1173 = EDGE_CURVE ( 'NONE', #3763, #8103, #3328, .T. ) ;
#1174 = PRESENTATION_LAYER_ASSIGNMENT (  '', '', ( #4093 ) ) ;
#1175 = DIRECTION ( 'NONE',  ( -1.000000000000000000, -1.235860604586731400E-014, 0.0000000000000000000 ) ) ;
#1176 = DIRECTION ( 'NONE',  ( 1.000000000000000000, 0.0000000000000000000, 0.0000000000000000000 ) ) ;
#1177 = AXIS2_PLACEMENT_3D ( 'NONE', #10695, #10738, #10809 ) ;
#1178 = DIRECTION ( 'NONE',  ( 1.000000000000000000, 0.0000000000000000000, 0.0000000000000000000 ) ) ;
#1179 = CARTESIAN_POINT ( 'NONE',  ( -19.14999999999996300, -19.15000000000002700, -1.499999999999997800 ) ) ;
#1180 = EDGE_LOOP ( 'NONE', ( #7700, #8659, #9949, #4040 ) ) ;
#1181 =( NAMED_UNIT ( * ) PLANE_ANGLE_UNIT ( ) SI_UNIT ( $, .RADIAN. ) );
#1182 = DIRECTION ( 'NONE',  ( -0.7071067811865371400, -0.7071067811865579000, 0.0000000000000000000 ) ) ;
#1183 = VECTOR ( 'NONE', #6888, 1000.000000000000000 ) ;
#1184 = DIRECTION ( 'NONE',  ( 0.7071067811865441300, 0.7071067811865510100, 0.0000000000000000000 ) ) ;
#1185 = LINE ( 'NONE', #1817, #374 ) ;
#1186 = ORIENTED_EDGE ( 'NONE', *, *, #4976, .T. ) ;
#1187 = UNCERTAINTY_MEASURE_WITH_UNIT (LENGTH_MEASURE( 1.000000000000000100E-005 ), #7809, 'distance_accuracy_value', 'NONE');
#1188 = ADVANCED_FACE ( 'NONE', ( #1133 ), #8040, .F. ) ;
#1189 =( GEOMETRIC_REPRESENTATION_CONTEXT ( 3 ) GLOBAL_UNCERTAINTY_ASSIGNED_CONTEXT ( ( #1598 ) ) GLOBAL_UNIT_ASSIGNED_CONTEXT ( ( #5095, #1050, #9257 ) ) REPRESENTATION_CONTEXT ( 'NONE', 'WORKASPACE' ) );
#1190 = EDGE_LOOP ( 'NONE', ( #6907, #4535, #10234, #5652, #4779 ) ) ;
#1191 = VECTOR ( 'NONE', #7567, 1000.000000000000000 ) ;
#1192 = AXIS2_PLACEMENT_3D ( 'NONE', #3134, #10606, #10672 ) ;
#1193 = VECTOR ( 'NONE', #5096, 1000.000000000000000 ) ;
#1194 = EDGE_CURVE ( 'NONE', #7770, #660, #8689, .T. ) ;
#1195 = CARTESIAN_POINT ( 'NONE',  ( 15.96497596850902000, -16.74998035735574600, -10.99999999999999800 ) ) ;
#1196 = CARTESIAN_POINT ( 'NONE',  ( -13.31369220013740100, -21.16000000000001100, -3.499999999999996000 ) ) ;
#1197 = AXIS2_PLACEMENT_3D ( 'NONE', #7166, #3888, #3856 ) ;
#1198 = PLANE ( 'NONE',  #1758 ) ;
#1199 = ORIENTED_EDGE ( 'NONE', *, *, #10009, .F. ) ;
#1200 = DIRECTION ( 'NONE',  ( 0.0000000000000000000, -1.000000000000000000, 0.0000000000000000000 ) ) ;
#1201 = CARTESIAN_POINT ( 'NONE',  ( -21.00355339059326800, -17.29644660940672200, 2.000000000000000000 ) ) ;
#1202 = ORIENTED_EDGE ( 'NONE', *, *, #9408, .T. ) ;
#1203 = ADVANCED_FACE ( 'NONE', ( #2284 ), #1253, .T. ) ;
#1204 = FILL_AREA_STYLE ('',( #3667 ) ) ;
#1205 = FACE_OUTER_BOUND ( 'NONE', #10217, .T. ) ;
#1206 = EDGE_CURVE ( 'NONE', #5541, #4603, #5434, .T. ) ;
#1207 = AXIS2_PLACEMENT_3D ( 'NONE', #7884, #2719, #1175 ) ;
#1208 = ORIENTED_EDGE ( 'NONE', *, *, #1776, .T. ) ;
#1209 = FILL_AREA_STYLE_COLOUR ( '', #1532 ) ;
#1210 = MECHANICAL_DESIGN_GEOMETRIC_PRESENTATION_REPRESENTATION (  '', ( #2455 ), #7350 ) ;
#1211 = CARTESIAN_POINT ( 'NONE',  ( 15.50000000000000000, 15.50000000000000000, 5.500000000000000000 ) ) ;
#1212 = EDGE_CURVE ( 'NONE', #5442, #7714, #3191, .T. ) ;
#1213 = ORIENTED_EDGE ( 'NONE', *, *, #5155, .T. ) ;
#1214 = COLOUR_RGB ( '',0.2509803921568627400, 0.2509803921568627400, 0.2509803921568627400 ) ;
#1215 = CARTESIAN_POINT ( 'NONE',  ( 1.799999999999998900, -39.15000000000002000, -13.35000000000000300 ) ) ;
#1216 = VERTEX_POINT ( 'NONE', #8112 ) ;
#1217 = DIRECTION ( 'NONE',  ( -1.000000000000000000, -2.605923961437087100E-016, 0.0000000000000000000 ) ) ;
#1218 = DIRECTION ( 'NONE',  ( 0.0000000000000000000, 1.000000000000000000, -0.0000000000000000000 ) ) ;
#1220 = AXIS2_PLACEMENT_3D ( 'NONE', #7964, #3796, #9575 ) ;
#1219 = CARTESIAN_POINT ( 'NONE',  ( 2.583848208458102500, -19.15000000000000600, -7.606617291317806300 ) ) ;
#1221 = EDGE_LOOP ( 'NONE', ( #2692, #10080, #5159, #9076, #8261, #6178, #10130, #376 ) ) ;
#1222 = PRESENTATION_LAYER_ASSIGNMENT (  '', '', ( #5139 ) ) ;
#1223 = CARTESIAN_POINT ( 'NONE',  ( 8.328979047391995900E-016, -19.15000000000000600, -4.993382708682202200 ) ) ;
#1224 = VECTOR ( 'NONE', #6764, 1000.000000000000000 ) ;
#1225 = ORIENTED_EDGE ( 'NONE', *, *, #729, .T. ) ;
#1226 = EDGE_CURVE ( 'NONE', #3256, #3070, #176, .T. ) ;
#1227 = EDGE_LOOP ( 'NONE', ( #5410, #4733, #989, #9273 ) ) ;
#1228 = LINE ( 'NONE', #6019, #680 ) ;
#1229 = ORIENTED_EDGE ( 'NONE', *, *, #2933, .F. ) ;
#1230 = EDGE_LOOP ( 'NONE', ( #5532, #9737 ) ) ;
#1231 = CARTESIAN_POINT ( 'NONE',  ( -1.371348881391340800, -19.15000000000000600, -6.956617291317808600 ) ) ;
#1232 = SURFACE_SIDE_STYLE ('',( #10439 ) ) ;
#1233 = DIRECTION ( 'NONE',  ( -1.000000000000000000, 0.0000000000000000000, 0.0000000000000000000 ) ) ;
#1234 = DIRECTION ( 'NONE',  ( -0.7071067811865456900, 0.7071067811865493500, -0.0000000000000000000 ) ) ;
#1235 = FILL_AREA_STYLE_COLOUR ( '', #4311 ) ;
#1236 = EDGE_LOOP ( 'NONE', ( #9832, #9160, #9033, #1778 ) ) ;
#1237 = CONICAL_SURFACE ( 'NONE', #6308, 1.249999999999999300, 1.029744258676653900 ) ;
#1238 =( NAMED_UNIT ( * ) SI_UNIT ( $, .STERADIAN. ) SOLID_ANGLE_UNIT ( ) );
#1239 = VECTOR ( 'NONE', #10550, 1000.000000000000000 ) ;
#1240 = EDGE_CURVE ( 'NONE', #3940, #7031, #9343, .T. ) ;
#1241 = AXIS2_PLACEMENT_3D ( 'NONE', #1633, #2421, #3247 ) ;
#1242 = VECTOR ( 'NONE', #10547, 1000.000000000000000 ) ;
#1243 = CARTESIAN_POINT ( 'NONE',  ( -16.74999999999999300, 15.50000000000000000, 10.00000000000000000 ) ) ;
#1244 = CARTESIAN_POINT ( 'NONE',  ( 0.0000000000000000000, 0.0000000000000000000, -15.99999999999999600 ) ) ;
#1245 = ORIENTED_EDGE ( 'NONE', *, *, #6502, .F. ) ;
#1246 = ADVANCED_FACE ( 'NONE', ( #1379 ), #5008, .F. ) ;
#1247 = COLOUR_RGB ( '',0.2509803921568627400, 0.2509803921568627400, 0.2509803921568627400 ) ;
#1248 = CYLINDRICAL_SURFACE ( 'NONE', #4393, 2.750000000000000900 ) ;
#1249 = DIRECTION ( 'NONE',  ( 1.000000000000000000, 8.202002250481357500E-017, -0.0000000000000000000 ) ) ;
#1250 = DIRECTION ( 'NONE',  ( 1.427022914853926000E-014, 1.000000000000000000, -0.0000000000000000000 ) ) ;
#1251 = ORIENTED_EDGE ( 'NONE', *, *, #4825, .T. ) ;
#1252 = DIRECTION ( 'NONE',  ( -0.7071067811865493500, 0.7071067811865456900, -0.0000000000000000000 ) ) ;
#1253 = CYLINDRICAL_SURFACE ( 'NONE', #9798, 0.5000000000000004400 ) ;
#1254 =( LENGTH_UNIT ( ) NAMED_UNIT ( * ) SI_UNIT ( .MILLI., .METRE. ) );
#1255 = SPHERICAL_SURFACE ( 'NONE', #3125, 0.5000000000000000000 ) ;
#1256 = ADVANCED_FACE ( 'NONE', ( #6975 ), #310, .T. ) ;
#1257 = EDGE_CURVE ( 'NONE', #1638, #8118, #1652, .T. ) ;
#1258 = CIRCLE ( 'NONE', #5398, 25.00000000000000000 ) ;
#1259 = PRESENTATION_LAYER_ASSIGNMENT (  '', '', ( #7045 ) ) ;
#1260 = AXIS2_PLACEMENT_3D ( 'NONE', #2795, #9606, #2194 ) ;
#1261 = DIRECTION ( 'NONE',  ( -1.000000000000000000, 0.0000000000000000000, -1.668003342285391600E-016 ) ) ;
#1262 = DIRECTION ( 'NONE',  ( 0.0000000000000000000, -1.000000000000000000, 0.0000000000000000000 ) ) ;
#1263 = UNCERTAINTY_MEASURE_WITH_UNIT (LENGTH_MEASURE( 1.000000000000000100E-005 ), #2132, 'distance_accuracy_value', 'NONE');
#1264 = CARTESIAN_POINT ( 'NONE',  ( 21.14999999999999900, 16.94289321881345200, -10.99999999999999800 ) ) ;
#1265 = FACE_OUTER_BOUND ( 'NONE', #5977, .T. ) ;
#1266 = CIRCLE ( 'NONE', #7394, 1.250000000000001100 ) ;
#1267 = DIRECTION ( 'NONE',  ( 0.0000000000000000000, 0.0000000000000000000, -1.000000000000000000 ) ) ;
#1268 = DIRECTION ( 'NONE',  ( -1.000000000000000000, 0.0000000000000000000, -1.734723475976807100E-015 ) ) ;
#1269 = FACE_OUTER_BOUND ( 'NONE', #7282, .T. ) ;
#1270 = CARTESIAN_POINT ( 'NONE',  ( -13.31369220013742600, 21.15999999999999700, -3.499999999999996000 ) ) ;
#1271 = EDGE_CURVE ( 'NONE', #1853, #1517, #1906, .T. ) ;
#1273 = AXIS2_PLACEMENT_3D ( 'NONE', #8517, #7675, #10050 ) ;
#1272 = CARTESIAN_POINT ( 'NONE',  ( 16.94289321881345200, 21.14999999999999900, 2.000000000000000000 ) ) ;
#1274 = DIRECTION ( 'NONE',  ( 0.0000000000000000000, 0.0000000000000000000, -1.000000000000000000 ) ) ;
#1275 = ORIENTED_EDGE ( 'NONE', *, *, #1483, .F. ) ;
#1276 = AXIS2_PLACEMENT_3D ( 'NONE', #10039, #22, #883 ) ;
#1277 = EDGE_CURVE ( 'NONE', #8892, #10092, #6059, .T. ) ;
#1278 = CARTESIAN_POINT ( 'NONE',  ( -18.24999999999999600, 15.50000000000087400, -9.499999999999998200 ) ) ;
#1279 =( GEOMETRIC_REPRESENTATION_CONTEXT ( 3 ) GLOBAL_UNCERTAINTY_ASSIGNED_CONTEXT ( ( #5059 ) ) GLOBAL_UNIT_ASSIGNED_CONTEXT ( ( #7449, #2416, #7486 ) ) REPRESENTATION_CONTEXT ( 'NONE', 'WORKASPACE' ) );
#1280 = LINE ( 'NONE', #7440, #4778 ) ;
#1281 = ORIENTED_EDGE ( 'NONE', *, *, #9460, .T. ) ;
#1282 = TOROIDAL_SURFACE ( 'NONE', #1459, 4.000000000000000000, 0.5000000000000000000 ) ;
#1283 =( NAMED_UNIT ( * ) PLANE_ANGLE_UNIT ( ) SI_UNIT ( $, .RADIAN. ) );
#1284 = COLOUR_RGB ( '',0.2509803921568627400, 0.2509803921568627400, 0.2509803921568627400 ) ;
#1285 =( LENGTH_UNIT ( ) NAMED_UNIT ( * ) SI_UNIT ( .MILLI., .METRE. ) );
#1286 = PLANE ( 'NONE',  #7497 ) ;
#1287 = VECTOR ( 'NONE', #3619, 1000.000000000000000 ) ;
#1288 = AXIS2_PLACEMENT_3D ( 'NONE', #547, #8789, #9626 ) ;
#1289 = SURFACE_STYLE_FILL_AREA ( #2027 ) ;
#1290 = ORIENTED_EDGE ( 'NONE', *, *, #1357, .T. ) ;
#1291 = LINE ( 'NONE', #6323, #4801 ) ;
#1292 = MECHANICAL_DESIGN_GEOMETRIC_PRESENTATION_REPRESENTATION (  '', ( #8201 ), #6155 ) ;
#1293 = DIRECTION ( 'NONE',  ( -0.0000000000000000000, -0.0000000000000000000, -1.000000000000000000 ) ) ;
#1294 = FILL_AREA_STYLE ('',( #418 ) ) ;
#1295 = EDGE_CURVE ( 'NONE', #2257, #6113, #4896, .T. ) ;
#1296 = DIRECTION ( 'NONE',  ( 0.0000000000000000000, 0.0000000000000000000, 1.000000000000000000 ) ) ;
#1297 = CARTESIAN_POINT ( 'NONE',  ( 0.0000000000000000000, 0.0000000000000000000, -9.499999999999998200 ) ) ;
#1298 = DIRECTION ( 'NONE',  ( 1.000000000000000000, 0.0000000000000000000, 0.0000000000000000000 ) ) ;
#1299 = LINE ( 'NONE', #5083, #9903 ) ;
#1300 = ORIENTED_EDGE ( 'NONE', *, *, #9086, .F. ) ;
#1301 = ADVANCED_FACE ( 'NONE', ( #9609, #8289, #4758, #7234, #9738, #6845, #10534 ), #7518, .T. ) ;
#1302 = CARTESIAN_POINT ( 'NONE',  ( 16.94289321881343800, -20.65000000000000200, 9.500000000000000000 ) ) ;
#1303 = CIRCLE ( 'NONE', #9142, 16.00000000000000000 ) ;
#1304 = LINE ( 'NONE', #9169, #9124 ) ;
#1305 = AXIS2_PLACEMENT_3D ( 'NONE', #3942, #2264, #7221 ) ;
#1306 = ORIENTED_EDGE ( 'NONE', *, *, #5559, .T. ) ;
#1307 = SURFACE_SIDE_STYLE ('',( #9498 ) ) ;
#1308 = CARTESIAN_POINT ( 'NONE',  ( -16.74999999999999300, -15.50000000000000400, 10.00000000000000000 ) ) ;
#1309 = CARTESIAN_POINT ( 'NONE',  ( -16.94289321881343500, 20.65000000000000200, -10.99999999999999800 ) ) ;
#1310 = CARTESIAN_POINT ( 'NONE',  ( -20.64999999999999500, -21.15000000000000600, -10.99999999999999800 ) ) ;
#1311 = EDGE_CURVE ( 'NONE', #1004, #8381, #9602, .T. ) ;
#1312 = PRESENTATION_STYLE_ASSIGNMENT (( #4145 ) ) ;
#1313 = VERTEX_POINT ( 'NONE', #10739 ) ;
#1314 = VERTEX_POINT ( 'NONE', #1731 ) ;
#1315 = PRESENTATION_STYLE_ASSIGNMENT (( #10195 ) ) ;
#1316 = ADVANCED_FACE ( 'NONE', ( #6185 ), #3382, .F. ) ;
#1317 = CARTESIAN_POINT ( 'NONE',  ( -16.94289321881343500, 20.64999999999999900, -10.99999999999999800 ) ) ;
#1318 = EDGE_CURVE ( 'NONE', #6872, #6522, #4624, .T. ) ;
#1319 = AXIS2_PLACEMENT_3D ( 'NONE', #8074, #9751, #3091 ) ;
#1320 = ORIENTED_EDGE ( 'NONE', *, *, #936, .F. ) ;
#1321 = DIRECTION ( 'NONE',  ( -0.0000000000000000000, 0.0000000000000000000, -1.000000000000000000 ) ) ;
#1322 = PRESENTATION_STYLE_ASSIGNMENT (( #2009 ) ) ;
#1323 = ORIENTED_EDGE ( 'NONE', *, *, #7872, .F. ) ;
#1324 = VERTEX_POINT ( 'NONE', #4334 ) ;
#1325 = UNCERTAINTY_MEASURE_WITH_UNIT (LENGTH_MEASURE( 1.000000000000000100E-005 ), #8338, 'distance_accuracy_value', 'NONE');
#1326 = MECHANICAL_DESIGN_GEOMETRIC_PRESENTATION_REPRESENTATION (  '', ( #754 ), #1119 ) ;
#1327 = FILL_AREA_STYLE_COLOUR ( '', #1284 ) ;
#1328 = CARTESIAN_POINT ( 'NONE',  ( -0.6000000000000007500, -39.15000000000002000, -12.15000000000000000 ) ) ;
#1329 = DIRECTION ( 'NONE',  ( 0.0000000000000000000, 0.0000000000000000000, 1.000000000000000000 ) ) ;
#1330 = ORIENTED_EDGE ( 'NONE', *, *, #501, .T. ) ;
#1331 = VERTEX_POINT ( 'NONE', #10182 ) ;
#1332 = ORIENTED_EDGE ( 'NONE', *, *, #6728, .T. ) ;
#1333 = STYLED_ITEM ( 'NONE', ( #591 ), #566 ) ;
#1334 = MECHANICAL_DESIGN_GEOMETRIC_PRESENTATION_REPRESENTATION (  '', ( #5459 ), #10511 ) ;
#1335 = PLANE ( 'NONE',  #5311 ) ;
#1336 = ORIENTED_EDGE ( 'NONE', *, *, #8549, .F. ) ;
#1337 = EDGE_CURVE ( 'NONE', #10512, #1029, #8029, .T. ) ;
#1338 = FILL_AREA_STYLE ('',( #6327 ) ) ;
#1339 = DIRECTION ( 'NONE',  ( 1.000000000000000000, 0.0000000000000000000, 0.0000000000000000000 ) ) ;
#1340 = COLOUR_RGB ( '',0.5607843137254902000, 0.3098039215686274600, 0.0000000000000000000 ) ;
#1341 = STYLED_ITEM ( 'NONE', ( #9596 ), #9998 ) ;
#1342 = DIRECTION ( 'NONE',  ( 1.000000000000000000, 0.0000000000000000000, 0.0000000000000000000 ) ) ;
#1343 = LINE ( 'NONE', #6393, #6807 ) ;
#1344 = DIRECTION ( 'NONE',  ( -0.0000000000000000000, -0.0000000000000000000, -1.000000000000000000 ) ) ;
#1345 = ORIENTED_EDGE ( 'NONE', *, *, #1899, .T. ) ;
#1346 = EDGE_LOOP ( 'NONE', ( #6527, #4050, #10602, #8863 ) ) ;
#1347 = DIRECTION ( 'NONE',  ( 1.224646799147353200E-016, 1.000000000000000000, -0.0000000000000000000 ) ) ;
#1348 = ORIENTED_EDGE ( 'NONE', *, *, #5869, .T. ) ;
#1349 = ORIENTED_EDGE ( 'NONE', *, *, #4372, .T. ) ;
#1350 = VECTOR ( 'NONE', #3449, 1000.000000000000000 ) ;
#1351 =( LENGTH_UNIT ( ) NAMED_UNIT ( * ) SI_UNIT ( .MILLI., .METRE. ) );
#1352 = VECTOR ( 'NONE', #7932, 1000.000000000000000 ) ;
#1353 = ORIENTED_EDGE ( 'NONE', *, *, #3406, .T. ) ;
#1354 = ADVANCED_FACE ( 'NONE', ( #5543 ), #3841, .F. ) ;
#1355 =( NAMED_UNIT ( * ) PLANE_ANGLE_UNIT ( ) SI_UNIT ( $, .RADIAN. ) );
#1356 = ORIENTED_EDGE ( 'NONE', *, *, #4595, .T. ) ;
#1357 = EDGE_CURVE ( 'NONE', #7586, #3256, #7773, .T. ) ;
#1358 = ORIENTED_EDGE ( 'NONE', *, *, #6880, .T. ) ;
#1359 = ORIENTED_EDGE ( 'NONE', *, *, #9187, .F. ) ;
#1360 = CARTESIAN_POINT ( 'NONE',  ( -16.80716972541453200, 15.98624964825021900, -10.99999999999999800 ) ) ;
#1361 = DIRECTION ( 'NONE',  ( 1.000000000000000000, 0.0000000000000000000, 0.0000000000000000000 ) ) ;
#1362 = FILL_AREA_STYLE_COLOUR ( '', #8187 ) ;
#1363 = ORIENTED_EDGE ( 'NONE', *, *, #2954, .F. ) ;
#1364 = LINE ( 'NONE', #8928, #9068 ) ;
#1365 = ADVANCED_FACE ( 'NONE', ( #6462 ), #124, .F. ) ;
#1366 = EDGE_LOOP ( 'NONE', ( #1135, #334, #9269, #597 ) ) ;
#1367 = STYLED_ITEM ( 'NONE', ( #1315 ), #3253 ) ;
#1368 = DIRECTION ( 'NONE',  ( 1.000000000000000000, 0.0000000000000000000, -0.0000000000000000000 ) ) ;
#1369 = EDGE_CURVE ( 'NONE', #6041, #6424, #8156, .T. ) ;
#1370 = EDGE_LOOP ( 'NONE', ( #5971, #2498, #7085, #6123 ) ) ;
#1371 = COLOUR_RGB ( '',0.2509803921568627400, 0.2509803921568627400, 0.2509803921568627400 ) ;
#1372 = CARTESIAN_POINT ( 'NONE',  ( -16.94289321881343100, 20.64999999999999900, 10.00000000000000000 ) ) ;
#1373 = VECTOR ( 'NONE', #4636, 1000.000000000000000 ) ;
#1374 = CARTESIAN_POINT ( 'NONE',  ( -13.31369220013740100, -21.16000000000001100, 63.84951795962939500 ) ) ;
#1375 = CARTESIAN_POINT ( 'NONE',  ( 8.328979047391995900E-016, -21.25000000000000700, -4.993382708682202200 ) ) ;
#1376 = PLANE ( 'NONE',  #9049 ) ;
#1377 =( NAMED_UNIT ( * ) PLANE_ANGLE_UNIT ( ) SI_UNIT ( $, .RADIAN. ) );
#1378 = ORIENTED_EDGE ( 'NONE', *, *, #9648, .T. ) ;
#1379 = FACE_OUTER_BOUND ( 'NONE', #2427, .T. ) ;
#1380 = EDGE_CURVE ( 'NONE', #4579, #3537, #2409, .T. ) ;
#1381 = STYLED_ITEM ( 'NONE', ( #2361 ), #3908 ) ;
#1382 = ORIENTED_EDGE ( 'NONE', *, *, #10243, .F. ) ;
#1383 =( LENGTH_UNIT ( ) NAMED_UNIT ( * ) SI_UNIT ( .MILLI., .METRE. ) );
#1384 = MECHANICAL_DESIGN_GEOMETRIC_PRESENTATION_REPRESENTATION (  '', ( #1747 ), #3051 ) ;
#1385 = VERTEX_POINT ( 'NONE', #3526 ) ;
#1386 = SURFACE_STYLE_FILL_AREA ( #5227 ) ;
#1387 = FACE_OUTER_BOUND ( 'NONE', #4226, .T. ) ;
#1388 = CIRCLE ( 'NONE', #6298, 0.5000000000000022200 ) ;
#1389 = DIRECTION ( 'NONE',  ( -0.0000000000000000000, 1.000000000000000000, -0.0000000000000000000 ) ) ;
#1390 = ORIENTED_EDGE ( 'NONE', *, *, #10640, .F. ) ;
#1391 = FILL_AREA_STYLE_COLOUR ( '', #9 ) ;
#1392 = UNCERTAINTY_MEASURE_WITH_UNIT (LENGTH_MEASURE( 1.000000000000000100E-005 ), #10221, 'distance_accuracy_value', 'NONE');
#1393 = CARTESIAN_POINT ( 'NONE',  ( 0.0000000000000000000, 0.0000000000000000000, 12.00000000000000000 ) ) ;
#1394 = STYLED_ITEM ( 'NONE', ( #4541 ), #8145 ) ;
#1395 = PRESENTATION_STYLE_ASSIGNMENT (( #966 ) ) ;
#1396 = AXIS2_PLACEMENT_3D ( 'NONE', #6396, #2269, #9830 ) ;
#1397 = CARTESIAN_POINT ( 'NONE',  ( 1.693713464724400800E-015, -20.65000000000000600, 9.500000000000000000 ) ) ;
#1398 = CIRCLE ( 'NONE', #7831, 0.5000000000000004400 ) ;
#1399 = SURFACE_STYLE_FILL_AREA ( #1141 ) ;
#1400 = PRESENTATION_LAYER_ASSIGNMENT (  '', '', ( #1821 ) ) ;
#1401 = CIRCLE ( 'NONE', #7843, 1.249999999999999300 ) ;
#1402 = MECHANICAL_DESIGN_GEOMETRIC_PRESENTATION_REPRESENTATION (  '', ( #7614 ), #9298 ) ;
#1404 = CIRCLE ( 'NONE', #1897, 2.750000000000000900 ) ;
#1403 = DIRECTION ( 'NONE',  ( -0.0000000000000000000, -0.0000000000000000000, 1.000000000000000000 ) ) ;
#1405 = COLOUR_RGB ( '',0.0000000000000000000, 0.5019607843137254800, 0.2509803921568627400 ) ;
#1406 = ADVANCED_FACE ( 'NONE', ( #8282 ), #3459, .F. ) ;
#1407 = ORIENTED_EDGE ( 'NONE', *, *, #4773, .F. ) ;
#1408 = DIRECTION ( 'NONE',  ( 1.000000000000000000, 1.865390464730965300E-015, -0.0000000000000000000 ) ) ;
#1409 = DIRECTION ( 'NONE',  ( 1.224646799147353200E-016, 1.000000000000000000, -0.0000000000000000000 ) ) ;
#1410 = CARTESIAN_POINT ( 'NONE',  ( -16.94289321881342000, -20.65000000000000600, -1.499999999999997800 ) ) ;
#1411 = CARTESIAN_POINT ( 'NONE',  ( -15.50000000000087200, -15.49999999999912400, -11.49999999999999800 ) ) ;
#1412 = ORIENTED_EDGE ( 'NONE', *, *, #5521, .T. ) ;
#1413 = EDGE_CURVE ( 'NONE', #4638, #9715, #4363, .T. ) ;
#1415 = PRESENTATION_LAYER_ASSIGNMENT (  '', '', ( #8745 ) ) ;
#1414 = CARTESIAN_POINT ( 'NONE',  ( 0.0000000000000000000, 0.0000000000000000000, -8.499999999999996400 ) ) ;
#1416 = VECTOR ( 'NONE', #1389, 1000.000000000000000 ) ;
#1417 = AXIS2_PLACEMENT_3D ( 'NONE', #2332, #10778, #3416 ) ;
#1418 = ORIENTED_EDGE ( 'NONE', *, *, #3855, .F. ) ;
#1419 = EDGE_CURVE ( 'NONE', #2094, #6041, #8421, .T. ) ;
#1420 = ADVANCED_FACE ( 'NONE', ( #2929 ), #703, .T. ) ;
#1421 = PRESENTATION_STYLE_ASSIGNMENT (( #9928 ) ) ;
#1422 = DIRECTION ( 'NONE',  ( 1.387778780781444400E-014, -1.000000000000000000, 0.0000000000000000000 ) ) ;
#1423 = ORIENTED_EDGE ( 'NONE', *, *, #2415, .T. ) ;
#1424 = DIRECTION ( 'NONE',  ( 1.000000000000000000, 0.0000000000000000000, 0.0000000000000000000 ) ) ;
#1425 =( GEOMETRIC_REPRESENTATION_CONTEXT ( 3 ) GLOBAL_UNCERTAINTY_ASSIGNED_CONTEXT ( ( #4923 ) ) GLOBAL_UNIT_ASSIGNED_CONTEXT ( ( #511, #10579, #8090 ) ) REPRESENTATION_CONTEXT ( 'NONE', 'WORKASPACE' ) );
#1426 = PRESENTATION_LAYER_ASSIGNMENT (  '', '', ( #3798 ) ) ;
#1428 = DIRECTION ( 'NONE',  ( -8.202002250481356300E-017, 1.000000000000000000, 0.0000000000000000000 ) ) ;
#1427 = LINE ( 'NONE', #3884, #2985 ) ;
#1429 = ORIENTED_EDGE ( 'NONE', *, *, #8215, .T. ) ;
#1430 = ORIENTED_EDGE ( 'NONE', *, *, #3627, .F. ) ;
#1431 = EDGE_CURVE ( 'NONE', #8042, #8815, #8679, .T. ) ;
#1432 = SURFACE_SIDE_STYLE ('',( #5077 ) ) ;
#1433 = SURFACE_STYLE_USAGE ( .BOTH. , #6347 ) ;
#1434 = LINE ( 'NONE', #1223, #98 ) ;
#1435 = ORIENTED_EDGE ( 'NONE', *, *, #2415, .F. ) ;
#1436 = CARTESIAN_POINT ( 'NONE',  ( -0.6000000000000007500, -18.15000000000000600, -12.15000000000000000 ) ) ;
#1437 = DIRECTION ( 'NONE',  ( -1.000000000000000000, 0.0000000000000000000, -0.0000000000000000000 ) ) ;
#1438 = LINE ( 'NONE', #2319, #8352 ) ;
#1439 = ORIENTED_EDGE ( 'NONE', *, *, #8575, .T. ) ;
#1440 = LINE ( 'NONE', #8688, #6125 ) ;
#1441 = EDGE_CURVE ( 'NONE', #1064, #5541, #977, .T. ) ;
#1442 = FILL_AREA_STYLE ('',( #8047 ) ) ;
#1443 = PRESENTATION_LAYER_ASSIGNMENT (  '', '', ( #10252 ) ) ;
#1444 = VECTOR ( 'NONE', #10717, 1000.000000000000000 ) ;
#1445 = FILL_AREA_STYLE ('',( #8990 ) ) ;
#1446 = SURFACE_STYLE_USAGE ( .BOTH. , #2205 ) ;
#1447 = VERTEX_POINT ( 'NONE', #5260 ) ;
#1448 = ORIENTED_EDGE ( 'NONE', *, *, #1631, .T. ) ;
#1449 = CARTESIAN_POINT ( 'NONE',  ( 15.50000000000000000, 15.50000000000000000, 5.500000000000000000 ) ) ;
#1450 = CIRCLE ( 'NONE', #5838, 1.249999999999999300 ) ;
#1451 = CIRCLE ( 'NONE', #7510, 2.799999999999999800 ) ;
#1452 = CARTESIAN_POINT ( 'NONE',  ( -1.800000000000000700, -18.15000000000000600, -12.65000000000000400 ) ) ;
#1453 = DIRECTION ( 'NONE',  ( -3.906775442054348700E-013, -1.000000000000000000, 0.0000000000000000000 ) ) ;
#1454 = ORIENTED_EDGE ( 'NONE', *, *, #1163, .T. ) ;
#1455 = ADVANCED_FACE ( 'NONE', ( #5425 ), #311, .F. ) ;
#1456 = DIRECTION ( 'NONE',  ( -0.7423134210255906100, 0.0000000000000000000, 0.6700528225187057900 ) ) ;
#1457 = UNCERTAINTY_MEASURE_WITH_UNIT (LENGTH_MEASURE( 1.000000000000000100E-005 ), #10785, 'distance_accuracy_value', 'NONE');
#1458 = DIRECTION ( 'NONE',  ( -0.0000000000000000000, 1.000000000000000000, -0.0000000000000000000 ) ) ;
#1459 = AXIS2_PLACEMENT_3D ( 'NONE', #539, #692, #8117 ) ;
#1460 = FILL_AREA_STYLE_COLOUR ( '', #5371 ) ;
#1461 = SURFACE_SIDE_STYLE ('',( #1624 ) ) ;
#1462 = ORIENTED_EDGE ( 'NONE', *, *, #8095, .T. ) ;
#1463 = VECTOR ( 'NONE', #3306, 1000.000000000000000 ) ;
#1464 = LINE ( 'NONE', #4269, #7323 ) ;
#1465 = AXIS2_PLACEMENT_3D ( 'NONE', #8061, #4762, #3927 ) ;
#1466 = ORIENTED_EDGE ( 'NONE', *, *, #5734, .F. ) ;
#1467 = VERTEX_POINT ( 'NONE', #1063 ) ;
#1468 = DIRECTION ( 'NONE',  ( -1.000000000000000000, 0.0000000000000000000, 0.0000000000000000000 ) ) ;
#1469 =( NAMED_UNIT ( * ) SI_UNIT ( $, .STERADIAN. ) SOLID_ANGLE_UNIT ( ) );
#1470 = ADVANCED_FACE ( 'NONE', ( #10248 ), #5160, .T. ) ;
#1471 = VERTEX_POINT ( 'NONE', #6188 ) ;
#1472 = ORIENTED_EDGE ( 'NONE', *, *, #8876, .F. ) ;
#1473 =( LENGTH_UNIT ( ) NAMED_UNIT ( * ) SI_UNIT ( .MILLI., .METRE. ) );
#1474 = CIRCLE ( 'NONE', #3204, 0.5000000000000022200 ) ;
#1475 = ORIENTED_EDGE ( 'NONE', *, *, #2673, .T. ) ;
#1476 = LINE ( 'NONE', #10862, #8387 ) ;
#1477 = EDGE_LOOP ( 'NONE', ( #9641, #3886, #7645, #4991 ) ) ;
#1478 = CARTESIAN_POINT ( 'NONE',  ( -15.98624964825069700, -15.03502403148862900, -10.99999999999999800 ) ) ;
#1479 = PRESENTATION_LAYER_ASSIGNMENT (  '', '', ( #5793 ) ) ;
#1480 = ORIENTED_EDGE ( 'NONE', *, *, #4203, .T. ) ;
#1481 =( GEOMETRIC_REPRESENTATION_CONTEXT ( 3 ) GLOBAL_UNCERTAINTY_ASSIGNED_CONTEXT ( ( #5932 ) ) GLOBAL_UNIT_ASSIGNED_CONTEXT ( ( #4549, #5268, #10421 ) ) REPRESENTATION_CONTEXT ( 'NONE', 'WORKASPACE' ) );
#1482 = DIRECTION ( 'NONE',  ( 1.000000000000000000, 3.383959779057477100E-012, 0.0000000000000000000 ) ) ;
#1483 = EDGE_CURVE ( 'NONE', #2533, #9007, #3180, .T. ) ;
#1484 = DIRECTION ( 'NONE',  ( 1.000000000000000000, 0.0000000000000000000, 0.0000000000000000000 ) ) ;
#1485 = FILL_AREA_STYLE ('',( #3658 ) ) ;
#1486 = FILL_AREA_STYLE ('',( #5670 ) ) ;
#1487 = VERTEX_POINT ( 'NONE', #3713 ) ;
#1488 = COLOUR_RGB ( '',0.2509803921568627400, 0.2509803921568627400, 0.2509803921568627400 ) ;
#1489 = CARTESIAN_POINT ( 'NONE',  ( -17.90000000000087300, -15.49999999999912400, -9.499999999999998200 ) ) ;
#1490 = ORIENTED_EDGE ( 'NONE', *, *, #161, .F. ) ;
#1491 = ORIENTED_EDGE ( 'NONE', *, *, #646, .F. ) ;
#1492 = SURFACE_SIDE_STYLE ('',( #4229 ) ) ;
#1493 = ORIENTED_EDGE ( 'NONE', *, *, #6803, .F. ) ;
#1494 = DIRECTION ( 'NONE',  ( -1.000000000000000000, 0.0000000000000000000, 0.0000000000000000000 ) ) ;
#1495 = AXIS2_PLACEMENT_3D ( 'NONE', #4397, #9369, #8501 ) ;
#1496 = PLANE ( 'NONE',  #8547 ) ;
#1497 = ORIENTED_EDGE ( 'NONE', *, *, #8920, .F. ) ;
#1498 =( NAMED_UNIT ( * ) PLANE_ANGLE_UNIT ( ) SI_UNIT ( $, .RADIAN. ) );
#1499 = VECTOR ( 'NONE', #628, 1000.000000000000000 ) ;
#1500 = MECHANICAL_DESIGN_GEOMETRIC_PRESENTATION_REPRESENTATION (  '', ( #5200 ), #7852 ) ;
#1501 = DIRECTION ( 'NONE',  ( -0.0000000000000000000, -0.0000000000000000000, 1.000000000000000000 ) ) ;
#1502 = FACE_OUTER_BOUND ( 'NONE', #7701, .T. ) ;
#1503 = DIRECTION ( 'NONE',  ( -0.0000000000000000000, -0.0000000000000000000, -1.000000000000000000 ) ) ;
#1504 = EDGE_CURVE ( 'NONE', #4442, #9226, #9335, .T. ) ;
#1505 =( LENGTH_UNIT ( ) NAMED_UNIT ( * ) SI_UNIT ( .MILLI., .METRE. ) );
#1506 = LINE ( 'NONE', #7806, #1643 ) ;
#1507 = ORIENTED_EDGE ( 'NONE', *, *, #7644, .F. ) ;
#1508 =( NAMED_UNIT ( * ) PLANE_ANGLE_UNIT ( ) SI_UNIT ( $, .RADIAN. ) );
#1509 = FILL_AREA_STYLE_COLOUR ( '', #4131 ) ;
#1510 = VERTEX_POINT ( 'NONE', #2423 ) ;
#1511 = CARTESIAN_POINT ( 'NONE',  ( 20.64999999999999900, -16.94289321881343100, -10.99999999999999800 ) ) ;
#1512 =( GEOMETRIC_REPRESENTATION_CONTEXT ( 3 ) GLOBAL_UNCERTAINTY_ASSIGNED_CONTEXT ( ( #6198 ) ) GLOBAL_UNIT_ASSIGNED_CONTEXT ( ( #9908, #8227, #1564 ) ) REPRESENTATION_CONTEXT ( 'NONE', 'WORKASPACE' ) );
#1513 = FILL_AREA_STYLE ('',( #1885 ) ) ;
#1514 = VECTOR ( 'NONE', #9405, 1000.000000000000000 ) ;
#1515 = DIRECTION ( 'NONE',  ( -1.000000000000000000, 0.0000000000000000000, 0.0000000000000000000 ) ) ;
#1516 = EDGE_CURVE ( 'NONE', #5369, #3092, #3448, .T. ) ;
#1517 = VERTEX_POINT ( 'NONE', #4545 ) ;
#1518 = FACE_OUTER_BOUND ( 'NONE', #4912, .T. ) ;
#1519 = DIRECTION ( 'NONE',  ( -0.0000000000000000000, -0.0000000000000000000, 1.000000000000000000 ) ) ;
#1520 = ORIENTED_EDGE ( 'NONE', *, *, #6360, .T. ) ;
#1521 = DIRECTION ( 'NONE',  ( 0.0000000000000000000, 0.0000000000000000000, -1.000000000000000000 ) ) ;
#1522 = DIRECTION ( 'NONE',  ( 1.000000000000000000, 0.0000000000000000000, -0.0000000000000000000 ) ) ;
#1523 = CARTESIAN_POINT ( 'NONE',  ( 14.25001964264473400, 15.96497596851043000, -10.99999999999999800 ) ) ;
#1524 =( NAMED_UNIT ( * ) PLANE_ANGLE_UNIT ( ) SI_UNIT ( $, .RADIAN. ) );
#1525 = VERTEX_POINT ( 'NONE', #8448 ) ;
#1526 = EDGE_CURVE ( 'NONE', #4462, #5752, #428, .T. ) ;
#1527 = AXIS2_PLACEMENT_3D ( 'NONE', #2660, #858, #6723 ) ;
#1528 = ADVANCED_FACE ( 'NONE', ( #6838 ), #5663, .T. ) ;
#1529 = CARTESIAN_POINT ( 'NONE',  ( -20.64999999999999500, -16.94289321881344900, 2.000000000000000000 ) ) ;
#1530 = CIRCLE ( 'NONE', #10216, 0.5000000000000004400 ) ;
#1531 = LINE ( 'NONE', #6842, #2426 ) ;
#1532 = COLOUR_RGB ( '',0.2509803921568627400, 0.2509803921568627400, 0.2509803921568627400 ) ;
#1533 = LINE ( 'NONE', #10690, #7259 ) ;
#1534 = CARTESIAN_POINT ( 'NONE',  ( 3.599999999999996100, -21.15000000000000600, -8.999999999999992900 ) ) ;
#1535 = FILL_AREA_STYLE ('',( #621 ) ) ;
#1536 = STYLED_ITEM ( 'NONE', ( #8433 ), #9286 ) ;
#1537 = DIRECTION ( 'NONE',  ( -0.7423134210255906100, 0.0000000000000000000, 0.6700528225187057900 ) ) ;
#1538 = ORIENTED_EDGE ( 'NONE', *, *, #2736, .F. ) ;
#1539 = CARTESIAN_POINT ( 'NONE',  ( -2.500558451929133100, -19.15000000000000600, -4.993382708682202200 ) ) ;
#1540 = UNCERTAINTY_MEASURE_WITH_UNIT (LENGTH_MEASURE( 1.000000000000000100E-005 ), #556, 'distance_accuracy_value', 'NONE');
#1541 = VECTOR ( 'NONE', #4826, 1000.000000000000000 ) ;
#1542 = DIRECTION ( 'NONE',  ( 0.0000000000000000000, 1.000000000000000000, 0.0000000000000000000 ) ) ;
#1543 = CARTESIAN_POINT ( 'NONE',  ( 21.15000000000000200, -17.15000000000000200, 2.000000000000000000 ) ) ;
#1544 = CARTESIAN_POINT ( 'NONE',  ( -16.94289321881342400, -20.65000000000000600, -10.99999999999999800 ) ) ;
#1545 = AXIS2_PLACEMENT_3D ( 'NONE', #868, #1822, #3295 ) ;
#1546 = ORIENTED_EDGE ( 'NONE', *, *, #501, .F. ) ;
#1547 = STYLED_ITEM ( 'NONE', ( #7531 ), #5366 ) ;
#1548 = SURFACE_SIDE_STYLE ('',( #9483 ) ) ;
#1549 = FILL_AREA_STYLE ('',( #4890 ) ) ;
#1550 = EDGE_CURVE ( 'NONE', #2722, #3036, #4105, .T. ) ;
#1551 = CIRCLE ( 'NONE', #8044, 0.5000000000000004400 ) ;
#1552 = AXIS2_PLACEMENT_3D ( 'NONE', #1529, #9039, #1567 ) ;
#1553 = DIRECTION ( 'NONE',  ( -0.0000000000000000000, -1.000000000000000000, -0.0000000000000000000 ) ) ;
#1554 = VERTEX_POINT ( 'NONE', #4062 ) ;
#1555 = DIRECTION ( 'NONE',  ( 0.7071067811865456900, -0.7071067811865493500, -0.0000000000000000000 ) ) ;
#1556 = DIRECTION ( 'NONE',  ( 0.7071067811865456900, -0.7071067811865493500, 0.0000000000000000000 ) ) ;
#1557 = SURFACE_SIDE_STYLE ('',( #1700 ) ) ;
#1559 = AXIS2_PLACEMENT_3D ( 'NONE', #2255, #2356, #3224 ) ;
#1558 = DIRECTION ( 'NONE',  ( 0.7071067811865460200, 0.7071067811865489100, -0.0000000000000000000 ) ) ;
#1560 = CARTESIAN_POINT ( 'NONE',  ( -15.96497596851090600, 15.98624964825022900, -9.499999999999998200 ) ) ;
#1561 = LINE ( 'NONE', #2590, #4666 ) ;
#1562 = ORIENTED_EDGE ( 'NONE', *, *, #7012, .T. ) ;
#1563 = PRESENTATION_LAYER_ASSIGNMENT (  '', '', ( #9244 ) ) ;
#1564 =( NAMED_UNIT ( * ) SI_UNIT ( $, .STERADIAN. ) SOLID_ANGLE_UNIT ( ) );
#1565 = SURFACE_STYLE_FILL_AREA ( #5661 ) ;
#1566 = EDGE_CURVE ( 'NONE', #8027, #8430, #6827, .T. ) ;
#1567 = DIRECTION ( 'NONE',  ( 1.000000000000000000, 0.0000000000000000000, 0.0000000000000000000 ) ) ;
#1568 = DIRECTION ( 'NONE',  ( -1.000000000000000000, -3.815920199215875400E-013, 0.0000000000000000000 ) ) ;
#1569 = DIRECTION ( 'NONE',  ( 1.000000000000000000, -7.817771884311253300E-016, 0.0000000000000000000 ) ) ;
#1570 =( NAMED_UNIT ( * ) PLANE_ANGLE_UNIT ( ) SI_UNIT ( $, .RADIAN. ) );
#1572 = ORIENTED_EDGE ( 'NONE', *, *, #10062, .T. ) ;
#1571 = DIRECTION ( 'NONE',  ( -1.239088197126291100E-016, -0.0000000000000000000, 1.000000000000000000 ) ) ;
#1573 = ORIENTED_EDGE ( 'NONE', *, *, #2139, .T. ) ;
#1574 = SURFACE_STYLE_USAGE ( .BOTH. , #1461 ) ;
#1575 = AXIS2_PLACEMENT_3D ( 'NONE', #36, #6726, #10014 ) ;
#1576 = AXIS2_PLACEMENT_3D ( 'NONE', #6554, #9191, #1757 ) ;
#1577 = SURFACE_STYLE_USAGE ( .BOTH. , #4187 ) ;
#1578 = EDGE_CURVE ( 'NONE', #6013, #10533, #7360, .T. ) ;
#1579 = CARTESIAN_POINT ( 'NONE',  ( 16.75000000000000000, -15.50000000000000000, 10.00000000000000000 ) ) ;
#1580 = VERTEX_POINT ( 'NONE', #6117 ) ;
#1581 = ADVANCED_FACE ( 'NONE', ( #1111 ), #9523, .F. ) ;
#1582 = CYLINDRICAL_SURFACE ( 'NONE', #1739, 0.5000000000000004400 ) ;
#1583 =( NAMED_UNIT ( * ) PLANE_ANGLE_UNIT ( ) SI_UNIT ( $, .RADIAN. ) );
#1584 = FACE_OUTER_BOUND ( 'NONE', #670, .T. ) ;
#1585 = ORIENTED_EDGE ( 'NONE', *, *, #2796, .T. ) ;
#1586 = ORIENTED_EDGE ( 'NONE', *, *, #9514, .F. ) ;
#1587 = EDGE_CURVE ( 'NONE', #3814, #1713, #5153, .T. ) ;
#1588 = SURFACE_STYLE_USAGE ( .BOTH. , #6575 ) ;
#1589 =( GEOMETRIC_REPRESENTATION_CONTEXT ( 3 ) GLOBAL_UNCERTAINTY_ASSIGNED_CONTEXT ( ( #6523 ) ) GLOBAL_UNIT_ASSIGNED_CONTEXT ( ( #5252, #264, #8503 ) ) REPRESENTATION_CONTEXT ( 'NONE', 'WORKASPACE' ) );
#1590 = ORIENTED_EDGE ( 'NONE', *, *, #7693, .F. ) ;
#1591 = CARTESIAN_POINT ( 'NONE',  ( 16.80716972541264600, -15.01375035175166400, -10.99999999999999800 ) ) ;
#1592 =( NAMED_UNIT ( * ) PLANE_ANGLE_UNIT ( ) SI_UNIT ( $, .RADIAN. ) );
#1593 = CARTESIAN_POINT ( 'NONE',  ( 17.14999999999999100, -21.15000000000000200, -11.49999999999999800 ) ) ;
#1594 = CIRCLE ( 'NONE', #9869, 0.5000000000000004400 ) ;
#1595 = PLANE ( 'NONE',  #4556 ) ;
#1596 = ORIENTED_EDGE ( 'NONE', *, *, #3559, .F. ) ;
#1597 = EDGE_LOOP ( 'NONE', ( #5636, #7036, #2926, #8618 ) ) ;
#1598 = UNCERTAINTY_MEASURE_WITH_UNIT (LENGTH_MEASURE( 1.000000000000000100E-005 ), #5095, 'distance_accuracy_value', 'NONE');
#1599 = STYLED_ITEM ( 'NONE', ( #6497 ), #8526 ) ;
#1600 = CARTESIAN_POINT ( 'NONE',  ( -1.800000000000000700, -39.15000000000002000, -12.65000000000000400 ) ) ;
#1601 = DIRECTION ( 'NONE',  ( 0.0000000000000000000, 1.000000000000000000, 0.0000000000000000000 ) ) ;
#1602 = ORIENTED_EDGE ( 'NONE', *, *, #8225, .T. ) ;
#1603 = CIRCLE ( 'NONE', #8696, 2.750000000000000900 ) ;
#1604 = DIRECTION ( 'NONE',  ( 0.0000000000000000000, -1.000000000000000000, 0.0000000000000000000 ) ) ;
#1605 = DIRECTION ( 'NONE',  ( 0.0000000000000000000, 1.000000000000000000, -0.0000000000000000000 ) ) ;
#1606 = SURFACE_STYLE_USAGE ( .BOTH. , #6375 ) ;
#1607 = DIRECTION ( 'NONE',  ( 1.000000000000000000, -0.0000000000000000000, -0.0000000000000000000 ) ) ;
#1608 = ORIENTED_EDGE ( 'NONE', *, *, #7334, .T. ) ;
#1609 =( NAMED_UNIT ( * ) SI_UNIT ( $, .STERADIAN. ) SOLID_ANGLE_UNIT ( ) );
#1610 = AXIS2_PLACEMENT_3D ( 'NONE', #299, #7902, #8628 ) ;
#1611 = EDGE_CURVE ( 'NONE', #3565, #149, #3309, .T. ) ;
#1612 = EDGE_LOOP ( 'NONE', ( #9054, #8941, #4800, #9808 ) ) ;
#1613 = EDGE_CURVE ( 'NONE', #10278, #4650, #686, .T. ) ;
#1614 = PRESENTATION_LAYER_ASSIGNMENT (  '', '', ( #3266 ) ) ;
#1615 = CARTESIAN_POINT ( 'NONE',  ( 0.0000000000000000000, 0.0000000000000000000, -11.49999999999999800 ) ) ;
#1616 = DIRECTION ( 'NONE',  ( -1.000000000000000000, 3.815920199215883900E-013, 0.0000000000000000000 ) ) ;
#1617 = ORIENTED_EDGE ( 'NONE', *, *, #10625, .T. ) ;
#1618 = CARTESIAN_POINT ( 'NONE',  ( -15.01375035175306900, -14.19283027458502200, -9.499999999999998200 ) ) ;
#1619 = CARTESIAN_POINT ( 'NONE',  ( -15.96497596851090600, 14.25001964264614300, -9.499999999999998200 ) ) ;
#1620 = ORIENTED_EDGE ( 'NONE', *, *, #9290, .T. ) ;
#1621 = ORIENTED_EDGE ( 'NONE', *, *, #5875, .T. ) ;
#1622 = CARTESIAN_POINT ( 'NONE',  ( -20.64999999999999500, 16.94289321881343100, -10.99999999999999800 ) ) ;
#1623 = VERTEX_POINT ( 'NONE', #10338 ) ;
#1624 = SURFACE_STYLE_FILL_AREA ( #10591 ) ;
#1625 = EDGE_CURVE ( 'NONE', #5591, #6309, #3435, .T. ) ;
#1626 =( GEOMETRIC_REPRESENTATION_CONTEXT ( 3 ) GLOBAL_UNCERTAINTY_ASSIGNED_CONTEXT ( ( #7682 ) ) GLOBAL_UNIT_ASSIGNED_CONTEXT ( ( #5271, #1914, #7756 ) ) REPRESENTATION_CONTEXT ( 'NONE', 'WORKASPACE' ) );
#1627 = CONICAL_SURFACE ( 'NONE', #10572, 1.999999999999994900, 0.7853981633974530500 ) ;
#1628 = ORIENTED_EDGE ( 'NONE', *, *, #6291, .T. ) ;
#1629 = AXIS2_PLACEMENT_3D ( 'NONE', #940, #4950, #827 ) ;
#1630 = DIRECTION ( 'NONE',  ( 0.0000000000000000000, 0.0000000000000000000, 1.000000000000000000 ) ) ;
#1631 = EDGE_CURVE ( 'NONE', #737, #4084, #2268, .T. ) ;
#1632 = DIRECTION ( 'NONE',  ( -1.000000000000000000, 0.0000000000000000000, 0.0000000000000000000 ) ) ;
#1633 = CARTESIAN_POINT ( 'NONE',  ( 15.03502403148815200, -16.74998035735574600, -9.499999999999998200 ) ) ;
#1634 = EDGE_LOOP ( 'NONE', ( #5868, #9662, #3839, #7325 ) ) ;
#1635 = AXIS2_PLACEMENT_3D ( 'NONE', #6015, #7748, #959 ) ;
#1636 = DIRECTION ( 'NONE',  ( -8.202002250481356300E-017, 1.000000000000000000, 0.0000000000000000000 ) ) ;
#1637 = DIRECTION ( 'NONE',  ( -0.0000000000000000000, -0.0000000000000000000, -1.000000000000000000 ) ) ;
#1638 = VERTEX_POINT ( 'NONE', #7140 ) ;
#1639 = CARTESIAN_POINT ( 'NONE',  ( 0.0000000000000000000, 0.0000000000000000000, 30.00000000000000000 ) ) ;
#1640 = SURFACE_STYLE_FILL_AREA ( #9450 ) ;
#1641 = ADVANCED_FACE ( 'NONE', ( #2911 ), #1286, .F. ) ;
#1642 = CARTESIAN_POINT ( 'NONE',  ( -17.89999999999999500, 15.50000000000087400, -9.499999999999998200 ) ) ;
#1643 = VECTOR ( 'NONE', #2782, 1000.000000000000000 ) ;
#1644 = AXIS2_PLACEMENT_3D ( 'NONE', #6412, #3932, #9048 ) ;
#1645 =( NAMED_UNIT ( * ) SI_UNIT ( $, .STERADIAN. ) SOLID_ANGLE_UNIT ( ) );
#1646 = CARTESIAN_POINT ( 'NONE',  ( 16.94289321881344500, -20.65000000000000200, -11.49999999999999800 ) ) ;
#1647 = STYLED_ITEM ( 'NONE', ( #6811 ), #6916 ) ;
#1648 = DIRECTION ( 'NONE',  ( 0.7071067811865463500, 0.7071067811865487900, 0.0000000000000000000 ) ) ;
#1649 = CARTESIAN_POINT ( 'NONE',  ( 16.74998035735527000, 15.03502403148956300, -9.499999999999998200 ) ) ;
#1650 = EDGE_CURVE ( 'NONE', #7865, #4389, #10635, .T. ) ;
#1651 = ORIENTED_EDGE ( 'NONE', *, *, #6213, .T. ) ;
#1652 = LINE ( 'NONE', #3236, #437 ) ;
#1653 = SURFACE_SIDE_STYLE ('',( #3829 ) ) ;
#1654 = CIRCLE ( 'NONE', #2625, 2.500000000000000000 ) ;
#1655 = ORIENTED_EDGE ( 'NONE', *, *, #205, .T. ) ;
#1656 = VECTOR ( 'NONE', #9980, 1000.000000000000000 ) ;
#1657 = DIRECTION ( 'NONE',  ( -0.7071067811865490200, -0.7071067811865460200, -0.0000000000000000000 ) ) ;
#1658 = CARTESIAN_POINT ( 'NONE',  ( 2.500000000000000000, 0.0000000000000000000, -8.999999999999998200 ) ) ;
#1659 = CARTESIAN_POINT ( 'NONE',  ( 15.03502403148815200, -15.01375035175166400, -10.99999999999999800 ) ) ;
#1660 = ORIENTED_EDGE ( 'NONE', *, *, #10170, .F. ) ;
#1661 = DIRECTION ( 'NONE',  ( 1.000000000000000000, 0.0000000000000000000, 0.0000000000000000000 ) ) ;
#1662 = EDGE_CURVE ( 'NONE', #9961, #4745, #7094, .T. ) ;
#1663 = AXIS2_PLACEMENT_3D ( 'NONE', #2683, #885, #7594 ) ;
#1664 = DIRECTION ( 'NONE',  ( 8.202002250481357500E-017, -1.000000000000000000, -0.0000000000000000000 ) ) ;
#1665 = CIRCLE ( 'NONE', #8376, 0.5000000000000022200 ) ;
#1666 = ORIENTED_EDGE ( 'NONE', *, *, #4372, .F. ) ;
#1667 = FACE_OUTER_BOUND ( 'NONE', #6405, .T. ) ;
#1668 = EDGE_CURVE ( 'NONE', #149, #6644, #9326, .T. ) ;
#1669 = CARTESIAN_POINT ( 'NONE',  ( 17.29644660940671800, -21.00355339059327500, -11.49999999999999800 ) ) ;
#1670 = EDGE_LOOP ( 'NONE', ( #8158, #4574, #788 ) ) ;
#1671 = CIRCLE ( 'NONE', #6642, 2.799999999999999800 ) ;
#1672 = FACE_OUTER_BOUND ( 'NONE', #4697, .T. ) ;
#1673 = VERTEX_POINT ( 'NONE', #520 ) ;
#1674 = CIRCLE ( 'NONE', #5795, 0.5000000000000004400 ) ;
#1675 = LINE ( 'NONE', #3374, #10282 ) ;
#1676 = CARTESIAN_POINT ( 'NONE',  ( 0.0000000000000000000, 0.0000000000000000000, 4.000000000000003600 ) ) ;
#1677 = ORIENTED_EDGE ( 'NONE', *, *, #3487, .F. ) ;
#1678 = ORIENTED_EDGE ( 'NONE', *, *, #7900, .T. ) ;
#1679 = DIRECTION ( 'NONE',  ( 1.000000000000000000, 0.0000000000000000000, 0.0000000000000000000 ) ) ;
#1680 = COLOUR_RGB ( '',0.2509803921568627400, 0.2509803921568627400, 0.2509803921568627400 ) ;
#1681 = AXIS2_PLACEMENT_3D ( 'NONE', #7239, #3047, #1494 ) ;
#1682 =( NAMED_UNIT ( * ) PLANE_ANGLE_UNIT ( ) SI_UNIT ( $, .RADIAN. ) );
#1683 = EDGE_LOOP ( 'NONE', ( #4820, #2446, #5894, #9203 ) ) ;
#1684 = SURFACE_SIDE_STYLE ('',( #6839 ) ) ;
#1685 = FACE_OUTER_BOUND ( 'NONE', #5624, .T. ) ;
#1686 =( LENGTH_UNIT ( ) NAMED_UNIT ( * ) SI_UNIT ( .MILLI., .METRE. ) );
#1687 = EDGE_LOOP ( 'NONE', ( #8011, #8346, #8036, #8504, #3131, #5275, #2314, #5658, #3, #5484, #1754, #2831, #8076, #6937, #8401, #9796, #1117, #6010 ) ) ;
#1688 = DIRECTION ( 'NONE',  ( -0.7071067811865469100, 0.7071067811865482400, -0.0000000000000000000 ) ) ;
#1689 = FACE_BOUND ( 'NONE', #5845, .T. ) ;
#1690 = DIRECTION ( 'NONE',  ( 1.000000000000000000, 0.0000000000000000000, 0.0000000000000000000 ) ) ;
#1691 =( GEOMETRIC_REPRESENTATION_CONTEXT ( 3 ) GLOBAL_UNCERTAINTY_ASSIGNED_CONTEXT ( ( #9153 ) ) GLOBAL_UNIT_ASSIGNED_CONTEXT ( ( #5997, #1008, #1126 ) ) REPRESENTATION_CONTEXT ( 'NONE', 'WORKASPACE' ) );
#1692 = ADVANCED_FACE ( 'NONE', ( #9063 ), #4747, .T. ) ;
#1693 = AXIS2_PLACEMENT_3D ( 'NONE', #843, #1768, #2510 ) ;
#1694 = ORIENTED_EDGE ( 'NONE', *, *, #10305, .F. ) ;
#1695 = DIRECTION ( 'NONE',  ( -0.0000000000000000000, -0.0000000000000000000, 1.000000000000000000 ) ) ;
#1696 = EDGE_CURVE ( 'NONE', #7903, #4745, #6964, .T. ) ;
#1697 = DIRECTION ( 'NONE',  ( 1.000000000000000000, 0.0000000000000000000, 0.0000000000000000000 ) ) ;
#1698 = FILL_AREA_STYLE_COLOUR ( '', #9170 ) ;
#1699 = LINE ( 'NONE', #8972, #9395 ) ;
#1700 = SURFACE_STYLE_FILL_AREA ( #777 ) ;
#1701 = ORIENTED_EDGE ( 'NONE', *, *, #232, .F. ) ;
#1702 = ORIENTED_EDGE ( 'NONE', *, *, #9829, .F. ) ;
#1703 = DIRECTION ( 'NONE',  ( -0.0000000000000000000, 1.000000000000000000, 0.0000000000000000000 ) ) ;
#1704 = DIRECTION ( 'NONE',  ( -0.0000000000000000000, -0.0000000000000000000, 1.000000000000000000 ) ) ;
#1705 = LINE ( 'NONE', #8041, #6116 ) ;
#1706 = DIRECTION ( 'NONE',  ( 0.0000000000000000000, -1.000000000000000000, 0.0000000000000000000 ) ) ;
#1707 = DIRECTION ( 'NONE',  ( 0.7071067811865475700, -0.7071067811865475700, -0.0000000000000000000 ) ) ;
#1708 = ORIENTED_EDGE ( 'NONE', *, *, #8665, .T. ) ;
#1710 =( GEOMETRIC_REPRESENTATION_CONTEXT ( 3 ) GLOBAL_UNCERTAINTY_ASSIGNED_CONTEXT ( ( #7202 ) ) GLOBAL_UNIT_ASSIGNED_CONTEXT ( ( #8422, #1682, #9948 ) ) REPRESENTATION_CONTEXT ( 'NONE', 'WORKASPACE' ) );
#1709 = CARTESIAN_POINT ( 'NONE',  ( 13.32957238623955100, -21.15000000000000600, 4.000000000000003600 ) ) ;
#1711 = AXIS2_PLACEMENT_3D ( 'NONE', #3534, #204, #10303 ) ;
#1712 = CARTESIAN_POINT ( 'NONE',  ( -2.500000000000000000, 0.0000000000000000000, 29.50000000000000000 ) ) ;
#1713 = VERTEX_POINT ( 'NONE', #8936 ) ;
#1714 = EDGE_CURVE ( 'NONE', #2152, #1089, #6572, .T. ) ;
#1715 = FILL_AREA_STYLE_COLOUR ( '', #2904 ) ;
#1716 = LINE ( 'NONE', #10189, #1183 ) ;
#1717 = SURFACE_STYLE_FILL_AREA ( #8741 ) ;
#1718 = ORIENTED_EDGE ( 'NONE', *, *, #1419, .T. ) ;
#1719 = ORIENTED_EDGE ( 'NONE', *, *, #4675, .T. ) ;
#1720 = DIRECTION ( 'NONE',  ( 0.0000000000000000000, 0.0000000000000000000, 1.000000000000000000 ) ) ;
#1721 = PLANE ( 'NONE',  #3717 ) ;
#1722 = ORIENTED_EDGE ( 'NONE', *, *, #1380, .T. ) ;
#1723 = AXIS2_PLACEMENT_3D ( 'NONE', #5891, #10028, #872 ) ;
#1724 = COLOUR_RGB ( '',0.2509803921568627400, 0.2509803921568627400, 0.2509803921568627400 ) ;
#1725 = DIRECTION ( 'NONE',  ( 1.000000000000000000, 0.0000000000000000000, 0.0000000000000000000 ) ) ;
#1726 = EDGE_LOOP ( 'NONE', ( #8763, #3949, #4568, #682 ) ) ;
#1727 = ORIENTED_EDGE ( 'NONE', *, *, #10381, .T. ) ;
#1728 = CARTESIAN_POINT ( 'NONE',  ( -16.94289321881343100, 20.64999999999999900, 9.500000000000000000 ) ) ;
#1729 = EDGE_CURVE ( 'NONE', #414, #7173, #2531, .T. ) ;
#1730 = CARTESIAN_POINT ( 'NONE',  ( 15.50000000000000000, 15.50000000000000000, -10.99999999999999800 ) ) ;
#1731 = CARTESIAN_POINT ( 'NONE',  ( 15.03502403148815600, -14.25001964264521200, -10.99999999999999800 ) ) ;
#1732 = EDGE_LOOP ( 'NONE', ( #7406, #9704 ) ) ;
#1733 = CYLINDRICAL_SURFACE ( 'NONE', #5040, 11.00000000000000000 ) ;
#1734 = DIRECTION ( 'NONE',  ( -0.7071067811865507900, 0.0000000000000000000, -0.7071067811865441300 ) ) ;
#1735 = ORIENTED_EDGE ( 'NONE', *, *, #1714, .T. ) ;
#1736 = UNCERTAINTY_MEASURE_WITH_UNIT (LENGTH_MEASURE( 1.000000000000000100E-005 ), #6708, 'distance_accuracy_value', 'NONE');
#1737 = EDGE_CURVE ( 'NONE', #10035, #3920, #4482, .T. ) ;
#1738 = FILL_AREA_STYLE ('',( #6720 ) ) ;
#1739 = AXIS2_PLACEMENT_3D ( 'NONE', #542, #4751, #8259 ) ;
#1740 = CARTESIAN_POINT ( 'NONE',  ( 2.999999999999976500, -18.15000000000000600, -14.99999999999999800 ) ) ;
#1741 = DIRECTION ( 'NONE',  ( -0.0000000000000000000, -0.0000000000000000000, -1.000000000000000000 ) ) ;
#1742 = ORIENTED_EDGE ( 'NONE', *, *, #3994, .F. ) ;
#1743 = CARTESIAN_POINT ( 'NONE',  ( 21.14999999999999900, 21.14999999999999900, -1.499999999999997800 ) ) ;
#1744 = ORIENTED_EDGE ( 'NONE', *, *, #10214, .F. ) ;
#1745 = CIRCLE ( 'NONE', #1288, 0.4999999999999982200 ) ;
#1746 = CARTESIAN_POINT ( 'NONE',  ( 15.01375035175125200, 15.96497596851013900, -10.99999999999999800 ) ) ;
#1747 = STYLED_ITEM ( 'NONE', ( #9763 ), #8734 ) ;
#1748 = CARTESIAN_POINT ( 'NONE',  ( -15.49999999999999800, -15.50000000000000400, 4.748924226215550000 ) ) ;
#1749 = VERTEX_POINT ( 'NONE', #9006 ) ;
#1750 = ADVANCED_FACE ( 'NONE', ( #2780 ), #1237, .F. ) ;
#1751 = DIRECTION ( 'NONE',  ( -0.0000000000000000000, -0.0000000000000000000, 1.000000000000000000 ) ) ;
#1752 = VERTEX_POINT ( 'NONE', #4007 ) ;
#1753 = CARTESIAN_POINT ( 'NONE',  ( -17.29644660940670100, 21.00355339059327500, 2.000000000000000000 ) ) ;
#1754 = ORIENTED_EDGE ( 'NONE', *, *, #6020, .T. ) ;
#1755 =( LENGTH_UNIT ( ) NAMED_UNIT ( * ) SI_UNIT ( .MILLI., .METRE. ) );
#1756 = VECTOR ( 'NONE', #9155, 999.9999999999998900 ) ;
#1757 = DIRECTION ( 'NONE',  ( 0.0000000000000000000, 0.0000000000000000000, 1.000000000000000000 ) ) ;
#1759 = CARTESIAN_POINT ( 'NONE',  ( -3.516151791541896700, -21.25000000000000700, -4.298253383695605800 ) ) ;
#1758 = AXIS2_PLACEMENT_3D ( 'NONE', #9762, #8088, #9734 ) ;
#1760 = VERTEX_POINT ( 'NONE', #4728 ) ;
#1761 = VECTOR ( 'NONE', #1062, 1000.000000000000000 ) ;
#1762 = AXIS2_PLACEMENT_3D ( 'NONE', #10543, #465, #502 ) ;
#1763 = EDGE_LOOP ( 'NONE', ( #848, #8032, #10411, #8166 ) ) ;
#1764 = ORIENTED_EDGE ( 'NONE', *, *, #1879, .F. ) ;
#1765 = EDGE_CURVE ( 'NONE', #7574, #9688, #3699, .T. ) ;
#1766 = CARTESIAN_POINT ( 'NONE',  ( 4.000000000000000000, 0.0000000000000000000, -10.99999999999999800 ) ) ;
#1767 = AXIS2_PLACEMENT_3D ( 'NONE', #40, #4316, #10163 ) ;
#1768 = DIRECTION ( 'NONE',  ( 0.0000000000000000000, 0.0000000000000000000, 1.000000000000000000 ) ) ;
#1769 = CARTESIAN_POINT ( 'NONE',  ( -15.96497596851091000, 15.01375035175259500, -9.499999999999998200 ) ) ;
#1770 = ORIENTED_EDGE ( 'NONE', *, *, #2550, .T. ) ;
#1771 = CARTESIAN_POINT ( 'NONE',  ( -15.98624964825070400, -15.96497596850949400, -9.499999999999998200 ) ) ;
#1772 = LINE ( 'NONE', #9769, #8274 ) ;
#1773 = CARTESIAN_POINT ( 'NONE',  ( -14.19283027458642900, 15.98624964825022200, -10.99999999999999800 ) ) ;
#1774 =( NAMED_UNIT ( * ) SI_UNIT ( $, .STERADIAN. ) SOLID_ANGLE_UNIT ( ) );
#1775 = CARTESIAN_POINT ( 'NONE',  ( -15.96497596851089900, 16.74998035735668000, -10.99999999999999800 ) ) ;
#1776 = EDGE_CURVE ( 'NONE', #4396, #6129, #5919, .T. ) ;
#1777 = AXIS2_PLACEMENT_3D ( 'NONE', #8246, #6678, #4052 ) ;
#1778 = ORIENTED_EDGE ( 'NONE', *, *, #2234, .T. ) ;
#1779 = AXIS2_PLACEMENT_3D ( 'NONE', #10709, #2418, #693 ) ;
#1780 =( NAMED_UNIT ( * ) SI_UNIT ( $, .STERADIAN. ) SOLID_ANGLE_UNIT ( ) );
#1781 = VECTOR ( 'NONE', #8038, 1000.000000000000000 ) ;
#1782 = CARTESIAN_POINT ( 'NONE',  ( -20.64999999999999500, 16.94289321881343100, -10.99999999999999800 ) ) ;
#1783 = EDGE_CURVE ( 'NONE', #7213, #7670, #10109, .T. ) ;
#1784 = ORIENTED_EDGE ( 'NONE', *, *, #10700, .T. ) ;
#1785 = CARTESIAN_POINT ( 'NONE',  ( 0.0000000000000000000, 0.0000000000000000000, 29.50000000000000000 ) ) ;
#1786 = FACE_OUTER_BOUND ( 'NONE', #8512, .T. ) ;
#1787 = DIRECTION ( 'NONE',  ( -1.000000000000000000, -0.0000000000000000000, -6.938893903907221300E-015 ) ) ;
#1788 = ORIENTED_EDGE ( 'NONE', *, *, #4435, .F. ) ;
#1789 = DIRECTION ( 'NONE',  ( 1.000000000000000000, 0.0000000000000000000, 0.0000000000000000000 ) ) ;
#1790 = AXIS2_PLACEMENT_3D ( 'NONE', #8812, #7113, #8773 ) ;
#1791 = CARTESIAN_POINT ( 'NONE',  ( -12.75000000000087200, -15.49999999999912400, -9.499999999999998200 ) ) ;
#1792 =( GEOMETRIC_REPRESENTATION_CONTEXT ( 3 ) GLOBAL_UNCERTAINTY_ASSIGNED_CONTEXT ( ( #3515 ) ) GLOBAL_UNIT_ASSIGNED_CONTEXT ( ( #4360, #10205, #3550 ) ) REPRESENTATION_CONTEXT ( 'NONE', 'WORKASPACE' ) );
#1793 = DIRECTION ( 'NONE',  ( -1.000000000000000000, -0.0000000000000000000, -0.0000000000000000000 ) ) ;
#1794 = SURFACE_STYLE_USAGE ( .BOTH. , #8380 ) ;
#1795 = EDGE_CURVE ( 'NONE', #10442, #258, #10764, .T. ) ;
#1796 = PLANE ( 'NONE',  #7424 ) ;
#1797 = LINE ( 'NONE', #1903, #10417 ) ;
#1798 = PLANE ( 'NONE',  #9088 ) ;
#1799 = CYLINDRICAL_SURFACE ( 'NONE', #8819, 2.750000000000000900 ) ;
#1800 = LINE ( 'NONE', #8375, #10420 ) ;
#1801 = DIRECTION ( 'NONE',  ( -0.7423134210256133700, 0.0000000000000000000, -0.6700528225186805900 ) ) ;
#1802 = ORIENTED_EDGE ( 'NONE', *, *, #3915, .F. ) ;
#1803 = ADVANCED_FACE ( 'NONE', ( #3955 ), #6310, .T. ) ;
#1804 = EDGE_CURVE ( 'NONE', #6870, #2243, #10098, .T. ) ;
#1805 = PRESENTATION_LAYER_ASSIGNMENT (  '', '', ( #233 ) ) ;
#1806 = CARTESIAN_POINT ( 'NONE',  ( 0.0000000000000000000, 0.0000000000000000000, 9.000000000000001800 ) ) ;
#1807 = VECTOR ( 'NONE', #2342, 1000.000000000000000 ) ;
#1808 = ORIENTED_EDGE ( 'NONE', *, *, #2919, .T. ) ;
#1809 = LINE ( 'NONE', #4787, #5834 ) ;
#1810 =( NAMED_UNIT ( * ) PLANE_ANGLE_UNIT ( ) SI_UNIT ( $, .RADIAN. ) );
#1811 = CARTESIAN_POINT ( 'NONE',  ( 21.15000000000000200, -21.15000000000000200, 2.000000000000000000 ) ) ;
#1812 = DIRECTION ( 'NONE',  ( 0.0000000000000000000, 0.0000000000000000000, -1.000000000000000000 ) ) ;
#1813 =( NAMED_UNIT ( * ) PLANE_ANGLE_UNIT ( ) SI_UNIT ( $, .RADIAN. ) );
#1814 = ADVANCED_FACE ( 'NONE', ( #4216 ), #5276, .T. ) ;
#1815 = DIRECTION ( 'NONE',  ( 1.000000000000000000, 0.0000000000000000000, 0.0000000000000000000 ) ) ;
#1816 = ORIENTED_EDGE ( 'NONE', *, *, #3946, .F. ) ;
#1817 = CARTESIAN_POINT ( 'NONE',  ( 15.96497596850902500, -15.01375035175166400, -9.499999999999998200 ) ) ;
#1818 = CARTESIAN_POINT ( 'NONE',  ( -16.79644660940671800, -20.79644660940673600, 10.00000000000000000 ) ) ;
#1819 = EDGE_CURVE ( 'NONE', #5442, #8632, #6042, .T. ) ;
#1820 = DIRECTION ( 'NONE',  ( 0.0000000000000000000, 0.0000000000000000000, -1.000000000000000000 ) ) ;
#1821 = STYLED_ITEM ( 'NONE', ( #5313 ), #122 ) ;
#1822 = DIRECTION ( 'NONE',  ( 0.0000000000000000000, 0.0000000000000000000, 1.000000000000000000 ) ) ;
#1823 = COLOUR_RGB ( '',0.2509803921568627400, 0.2509803921568627400, 0.2509803921568627400 ) ;
#1824 = STYLED_ITEM ( 'NONE', ( #9472 ), #9558 ) ;
#1825 = DIRECTION ( 'NONE',  ( 1.000000000000000000, -0.0000000000000000000, -0.0000000000000000000 ) ) ;
#1827 = ORIENTED_EDGE ( 'NONE', *, *, #107, .T. ) ;
#1826 = PLANE ( 'NONE',  #9754 ) ;
#1828 = VECTOR ( 'NONE', #6597, 1000.000000000000000 ) ;
#1829 = DIRECTION ( 'NONE',  ( 0.0000000000000000000, 0.0000000000000000000, -1.000000000000000000 ) ) ;
#1830 = CARTESIAN_POINT ( 'NONE',  ( -16.74999999999999300, -15.50000000000000400, 10.00000000000000000 ) ) ;
#1831 = SURFACE_STYLE_USAGE ( .BOTH. , #10142 ) ;
#1832 = CIRCLE ( 'NONE', #287, 0.5000000000000004400 ) ;
#1833 = EDGE_CURVE ( 'NONE', #3692, #8818, #10240, .T. ) ;
#1834 = PRESENTATION_LAYER_ASSIGNMENT (  '', '', ( #9310 ) ) ;
#1835 = VERTEX_POINT ( 'NONE', #9193 ) ;
#1836 = VERTEX_POINT ( 'NONE', #4955 ) ;
#1837 = AXIS2_PLACEMENT_3D ( 'NONE', #6675, #5865, #7556 ) ;
#1838 =( LENGTH_UNIT ( ) NAMED_UNIT ( * ) SI_UNIT ( .MILLI., .METRE. ) );
#1839 = EDGE_CURVE ( 'NONE', #8673, #1749, #7762, .T. ) ;
#1840 = ORIENTED_EDGE ( 'NONE', *, *, #4361, .T. ) ;
#1841 = DIRECTION ( 'NONE',  ( -1.224646799147353200E-016, 1.000000000000000000, 0.0000000000000000000 ) ) ;
#1842 = CARTESIAN_POINT ( 'NONE',  ( -15.49999999999999800, 15.50000000000000000, 4.748924226215550000 ) ) ;
#1843 = ORIENTED_EDGE ( 'NONE', *, *, #6909, .F. ) ;
#1844 = CARTESIAN_POINT ( 'NONE',  ( -14.24999999999999600, -15.50000000000000400, 5.500000000000000000 ) ) ;
#1845 = FACE_OUTER_BOUND ( 'NONE', #1927, .T. ) ;
#1846 = CARTESIAN_POINT ( 'NONE',  ( 0.0000000000000000000, 0.0000000000000000000, 2.000000000000001800 ) ) ;
#1848 = MECHANICAL_DESIGN_GEOMETRIC_PRESENTATION_REPRESENTATION (  '', ( #10457 ), #706 ) ;
#1847 = CARTESIAN_POINT ( 'NONE',  ( -16.74998035735715300, -15.03502403148862900, -9.499999999999998200 ) ) ;
#1849 = ORIENTED_EDGE ( 'NONE', *, *, #5186, .T. ) ;
#1850 = PRESENTATION_LAYER_ASSIGNMENT (  '', '', ( #1647 ) ) ;
#1851 = EDGE_CURVE ( 'NONE', #6872, #1064, #7487, .T. ) ;
#1852 = ADVANCED_FACE ( 'NONE', ( #9965 ), #8306, .F. ) ;
#1853 = VERTEX_POINT ( 'NONE', #7581 ) ;
#1854 = COLOUR_RGB ( '',0.2509803921568627400, 0.2509803921568627400, 0.2509803921568627400 ) ;
#1855 = SURFACE_STYLE_FILL_AREA ( #9884 ) ;
#1856 = DIRECTION ( 'NONE',  ( -0.0000000000000000000, -0.0000000000000000000, -1.000000000000000000 ) ) ;
#1857 = UNCERTAINTY_MEASURE_WITH_UNIT (LENGTH_MEASURE( 1.000000000000000100E-005 ), #9880, 'distance_accuracy_value', 'NONE');
#1858 = VERTEX_POINT ( 'NONE', #5751 ) ;
#1859 = EDGE_LOOP ( 'NONE', ( #9122, #6096, #7170, #3230, #5628 ) ) ;
#1860 = DIRECTION ( 'NONE',  ( 1.659555831213624300E-016, 0.0000000000000000000, -1.000000000000000000 ) ) ;
#1861 = MECHANICAL_DESIGN_GEOMETRIC_PRESENTATION_REPRESENTATION (  '', ( #4232 ), #2412 ) ;
#1862 = ORIENTED_EDGE ( 'NONE', *, *, #5875, .F. ) ;
#1863 = ADVANCED_FACE ( 'NONE', ( #6699, #4730 ), #1721, .T. ) ;
#1864 = DIRECTION ( 'NONE',  ( -0.0000000000000000000, 1.000000000000000000, -0.0000000000000000000 ) ) ;
#1865 = DIRECTION ( 'NONE',  ( 0.0000000000000000000, 0.0000000000000000000, -1.000000000000000000 ) ) ;
#1866 = DIRECTION ( 'NONE',  ( -1.000000000000000000, 0.0000000000000000000, 0.0000000000000000000 ) ) ;
#1867 = LINE ( 'NONE', #3608, #6154 ) ;
#1868 = EDGE_CURVE ( 'NONE', #7796, #660, #286, .T. ) ;
#1869 = DIRECTION ( 'NONE',  ( -1.000000000000000000, 0.0000000000000000000, 0.0000000000000000000 ) ) ;
#1870 = FILL_AREA_STYLE_COLOUR ( '', #9887 ) ;
#1871 = UNCERTAINTY_MEASURE_WITH_UNIT (LENGTH_MEASURE( 1.000000000000000100E-005 ), #4094, 'distance_accuracy_value', 'NONE');
#1872 = DIRECTION ( 'NONE',  ( -0.0000000000000000000, -0.0000000000000000000, 1.000000000000000000 ) ) ;
#1873 = VERTEX_POINT ( 'NONE', #9224 ) ;
#1874 =( NAMED_UNIT ( * ) SI_UNIT ( $, .STERADIAN. ) SOLID_ANGLE_UNIT ( ) );
#1875 = ORIENTED_EDGE ( 'NONE', *, *, #8985, .T. ) ;
#1876 = COLOUR_RGB ( '',0.2509803921568627400, 0.2509803921568627400, 0.2509803921568627400 ) ;
#1877 = LINE ( 'NONE', #3510, #5897 ) ;
#1878 = ORIENTED_EDGE ( 'NONE', *, *, #8290, .F. ) ;
#1879 = EDGE_CURVE ( 'NONE', #1673, #11, #8926, .T. ) ;
#1880 = DIRECTION ( 'NONE',  ( -0.0000000000000000000, -0.0000000000000000000, -1.000000000000000000 ) ) ;
#1881 = MECHANICAL_DESIGN_GEOMETRIC_PRESENTATION_REPRESENTATION (  '', ( #10263 ), #5224 ) ;
#1882 = ORIENTED_EDGE ( 'NONE', *, *, #10541, .F. ) ;
#1883 = CARTESIAN_POINT ( 'NONE',  ( 17.29644660940671800, -21.00355339059327500, -10.99999999999999800 ) ) ;
#1884 = LINE ( 'NONE', #9699, #7755 ) ;
#1885 = FILL_AREA_STYLE_COLOUR ( '', #2169 ) ;
#1886 = ORIENTED_EDGE ( 'NONE', *, *, #10669, .T. ) ;
#1887 = DIRECTION ( 'NONE',  ( 0.7071067811865441300, 0.7071067811865510100, 0.0000000000000000000 ) ) ;
#1888 = DIRECTION ( 'NONE',  ( -0.0000000000000000000, -0.0000000000000000000, -1.000000000000000000 ) ) ;
#1889 = ORIENTED_EDGE ( 'NONE', *, *, #1413, .T. ) ;
#1890 = CIRCLE ( 'NONE', #2701, 2.500000000000000000 ) ;
#1891 = CARTESIAN_POINT ( 'NONE',  ( -16.94289321881342000, -20.65000000000000600, -11.49999999999999800 ) ) ;
#1892 = COLOUR_RGB ( '',0.0000000000000000000, 0.0000000000000000000, 0.0000000000000000000 ) ;
#1893 = CARTESIAN_POINT ( 'NONE',  ( -18.24999999999999600, 15.50000000000087400, -9.499999999999998200 ) ) ;
#1894 = CARTESIAN_POINT ( 'NONE',  ( 21.00355339059327200, 17.29644660940672900, -1.499999999999997800 ) ) ;
#1895 = ORIENTED_EDGE ( 'NONE', *, *, #10287, .F. ) ;
#1897 = AXIS2_PLACEMENT_3D ( 'NONE', #829, #5927, #1679 ) ;
#1896 = DIRECTION ( 'NONE',  ( 0.0000000000000000000, 0.0000000000000000000, 1.000000000000000000 ) ) ;
#1898 = COLOUR_RGB ( '',1.000000000000000000, 0.0000000000000000000, 0.0000000000000000000 ) ;
#1899 = EDGE_CURVE ( 'NONE', #345, #6267, #8655, .T. ) ;
#1900 = DIRECTION ( 'NONE',  ( -0.0000000000000000000, -0.0000000000000000000, 1.000000000000000000 ) ) ;
#1901 = AXIS2_PLACEMENT_3D ( 'NONE', #4071, #5678, #7504 ) ;
#1902 = FILL_AREA_STYLE ('',( #3484 ) ) ;
#1903 = CARTESIAN_POINT ( 'NONE',  ( 2.500000000000000000, 3.061616997868383100E-016, 30.00000000000000000 ) ) ;
#1904 = ORIENTED_EDGE ( 'NONE', *, *, #9788, .T. ) ;
#1905 = ADVANCED_FACE ( 'NONE', ( #2147 ), #8262, .T. ) ;
#1906 = CIRCLE ( 'NONE', #779, 3.250000000000001300 ) ;
#1907 = LINE ( 'NONE', #6586, #718 ) ;
#1908 = DIRECTION ( 'NONE',  ( -0.0000000000000000000, -0.0000000000000000000, 1.000000000000000000 ) ) ;
#1909 = STYLED_ITEM ( 'NONE', ( #2789 ), #1203 ) ;
#1910 =( GEOMETRIC_REPRESENTATION_CONTEXT ( 3 ) GLOBAL_UNCERTAINTY_ASSIGNED_CONTEXT ( ( #6925 ) ) GLOBAL_UNIT_ASSIGNED_CONTEXT ( ( #474, #1377, #7160 ) ) REPRESENTATION_CONTEXT ( 'NONE', 'WORKASPACE' ) );
#1911 = PLANE ( 'NONE',  #6565 ) ;
#1912 = CARTESIAN_POINT ( 'NONE',  ( 2.583848208458102500, -21.25000000000000700, -5.125280410722631100 ) ) ;
#1913 = EDGE_CURVE ( 'NONE', #7992, #7128, #5769, .T. ) ;
#1914 =( NAMED_UNIT ( * ) PLANE_ANGLE_UNIT ( ) SI_UNIT ( $, .RADIAN. ) );
#1915 = SURFACE_STYLE_FILL_AREA ( #9464 ) ;
#1916 = CARTESIAN_POINT ( 'NONE',  ( -21.16000000000000700, -13.31369220013741200, -3.499999999999996000 ) ) ;
#1917 = VECTOR ( 'NONE', #9484, 1000.000000000000000 ) ;
#1918 = ADVANCED_FACE ( 'NONE', ( #6035 ), #5208, .T. ) ;
#1919 = DIRECTION ( 'NONE',  ( 0.0000000000000000000, 0.0000000000000000000, -1.000000000000000000 ) ) ;
#1920 = CARTESIAN_POINT ( 'NONE',  ( 0.0000000000000000000, 0.0000000000000000000, -8.499999999999996400 ) ) ;
#1921 = VERTEX_POINT ( 'NONE', #6038 ) ;
#1922 = DIRECTION ( 'NONE',  ( 0.0000000000000000000, 0.0000000000000000000, -1.000000000000000000 ) ) ;
#1923 = FACE_OUTER_BOUND ( 'NONE', #1683, .T. ) ;
#1924 = PLANE ( 'NONE',  #7180 ) ;
#1925 = AXIS2_PLACEMENT_3D ( 'NONE', #5847, #7501, #2593 ) ;
#1926 = LINE ( 'NONE', #4157, #10147 ) ;
#1927 = EDGE_LOOP ( 'NONE', ( #535, #3603, #3066, #2774 ) ) ;
#1928 = CARTESIAN_POINT ( 'NONE',  ( -1.800000000000000900, -18.15000000000000600, -13.35000000000000100 ) ) ;
#1929 = SURFACE_STYLE_FILL_AREA ( #6050 ) ;
#1930 = FILL_AREA_STYLE_COLOUR ( '', #1823 ) ;
#1931 = CYLINDRICAL_SURFACE ( 'NONE', #182, 0.5000000000000022200 ) ;
#1932 = VECTOR ( 'NONE', #8384, 1000.000000000000000 ) ;
#1933 = EDGE_CURVE ( 'NONE', #1029, #10512, #4721, .T. ) ;
#1934 = UNCERTAINTY_MEASURE_WITH_UNIT (LENGTH_MEASURE( 1.000000000000000100E-005 ), #4177, 'distance_accuracy_value', 'NONE');
#1935 = EDGE_LOOP ( 'NONE', ( #1040, #1573 ) ) ;
#1936 =( NAMED_UNIT ( * ) PLANE_ANGLE_UNIT ( ) SI_UNIT ( $, .RADIAN. ) );
#1937 = ORIENTED_EDGE ( 'NONE', *, *, #7503, .F. ) ;
#1938 = DIRECTION ( 'NONE',  ( 0.0000000000000000000, 0.0000000000000000000, 1.000000000000000000 ) ) ;
#1939 = COLOUR_RGB ( '',0.2509803921568627400, 0.2509803921568627400, 0.2509803921568627400 ) ;
#1941 = DIRECTION ( 'NONE',  ( -1.000000000000000000, 0.0000000000000000000, 0.0000000000000000000 ) ) ;
#1940 = CIRCLE ( 'NONE', #6192, 2.750000000000000900 ) ;
#1942 = ORIENTED_EDGE ( 'NONE', *, *, #4485, .T. ) ;
#1943 = FACE_OUTER_BOUND ( 'NONE', #9530, .T. ) ;
#1944 = DIRECTION ( 'NONE',  ( 0.0000000000000000000, 0.0000000000000000000, -1.000000000000000000 ) ) ;
#1945 = EDGE_CURVE ( 'NONE', #9837, #4838, #407, .T. ) ;
#1946 = MECHANICAL_DESIGN_GEOMETRIC_PRESENTATION_REPRESENTATION (  '', ( #233 ), #6611 ) ;
#1947 = DIRECTION ( 'NONE',  ( -1.000000000000000000, 0.0000000000000000000, 0.0000000000000000000 ) ) ;
#1948 = LINE ( 'NONE', #7362, #896 ) ;
#1949 = VECTOR ( 'NONE', #2528, 1000.000000000000000 ) ;
#1950 = ORIENTED_EDGE ( 'NONE', *, *, #7693, .T. ) ;
#1951 = STYLED_ITEM ( 'NONE', ( #2702 ), #8414 ) ;
#1952 = PRESENTATION_STYLE_ASSIGNMENT (( #6814 ) ) ;
#1953 = FILL_AREA_STYLE_COLOUR ( '', #4767 ) ;
#1954 = CARTESIAN_POINT ( 'NONE',  ( -21.14999999999999500, 13.32957238623956400, 4.000000000000003600 ) ) ;
#1955 = SURFACE_SIDE_STYLE ('',( #5067 ) ) ;
#1956 = CARTESIAN_POINT ( 'NONE',  ( 15.98624964824874800, 14.19283027458602200, -10.99999999999999800 ) ) ;
#1957 = VERTEX_POINT ( 'NONE', #2674 ) ;
#1958 = VERTEX_POINT ( 'NONE', #80 ) ;
#1959 = ADVANCED_FACE ( 'NONE', ( #6817 ), #1796, .T. ) ;
#1960 = CARTESIAN_POINT ( 'NONE',  ( 15.49999999999912400, -15.50000000000000200, -10.99999999999999800 ) ) ;
#1961 = SURFACE_STYLE_FILL_AREA ( #10660 ) ;
#1962 = AXIS2_PLACEMENT_3D ( 'NONE', #8418, #114, #9366 ) ;
#1963 = STYLED_ITEM ( 'NONE', ( #10680 ), #5293 ) ;
#1964 =( NAMED_UNIT ( * ) PLANE_ANGLE_UNIT ( ) SI_UNIT ( $, .RADIAN. ) );
#1965 = EDGE_CURVE ( 'NONE', #9921, #1525, #9051, .T. ) ;
#1966 = CARTESIAN_POINT ( 'NONE',  ( -13.31369220013742600, 21.15999999999999700, 63.84951795962939500 ) ) ;
#1967 = AXIS2_PLACEMENT_3D ( 'NONE', #10174, #152, #6069 ) ;
#1968 = CARTESIAN_POINT ( 'NONE',  ( -21.14999999999999500, -13.32957238623956400, 2.000000000000001800 ) ) ;
#1969 = FILL_AREA_STYLE_COLOUR ( '', #640 ) ;
#1970 = LINE ( 'NONE', #7386, #9791 ) ;
#1971 = DIRECTION ( 'NONE',  ( -1.000000000000000000, 0.0000000000000000000, 0.0000000000000000000 ) ) ;
#1972 = ORIENTED_EDGE ( 'NONE', *, *, #10736, .F. ) ;
#1973 = LINE ( 'NONE', #10175, #627 ) ;
#1974 = DIRECTION ( 'NONE',  ( 1.224646799147353200E-016, 1.000000000000000000, -0.0000000000000000000 ) ) ;
#1975 = ORIENTED_EDGE ( 'NONE', *, *, #2899, .T. ) ;
#1976 = EDGE_CURVE ( 'NONE', #4402, #3554, #9577, .T. ) ;
#1977 = DIRECTION ( 'NONE',  ( 0.0000000000000000000, 0.0000000000000000000, 1.000000000000000000 ) ) ;
#1978 = AXIS2_PLACEMENT_3D ( 'NONE', #3604, #1070, #2728 ) ;
#1979 = FILL_AREA_STYLE_COLOUR ( '', #3597 ) ;
#1980 = AXIS2_PLACEMENT_3D ( 'NONE', #1730, #10114, #5109 ) ;
#1981 = DIRECTION ( 'NONE',  ( -0.0000000000000000000, -0.0000000000000000000, 1.000000000000000000 ) ) ;
#1982 = ORIENTED_EDGE ( 'NONE', *, *, #10030, .F. ) ;
#1983 = EDGE_CURVE ( 'NONE', #9726, #10218, #4596, .T. ) ;
#1984 =( NAMED_UNIT ( * ) PLANE_ANGLE_UNIT ( ) SI_UNIT ( $, .RADIAN. ) );
#1985 = FACE_OUTER_BOUND ( 'NONE', #2167, .T. ) ;
#1986 = VERTEX_POINT ( 'NONE', #3403 ) ;
#1987 = ORIENTED_EDGE ( 'NONE', *, *, #8822, .F. ) ;
#1988 = SURFACE_SIDE_STYLE ('',( #5953 ) ) ;
#1989 =( NAMED_UNIT ( * ) SI_UNIT ( $, .STERADIAN. ) SOLID_ANGLE_UNIT ( ) );
#1990 = CARTESIAN_POINT ( 'NONE',  ( 15.49999999999912400, -15.50000000000000200, -9.499999999999998200 ) ) ;
#1991 = ORIENTED_EDGE ( 'NONE', *, *, #7797, .T. ) ;
#1992 = SURFACE_SIDE_STYLE ('',( #6970 ) ) ;
#1993 = CARTESIAN_POINT ( 'NONE',  ( -1.800000000000000900, -39.15000000000002000, -14.35000000000000500 ) ) ;
#1994 = FACE_OUTER_BOUND ( 'NONE', #8355, .T. ) ;
#1995 = CIRCLE ( 'NONE', #865, 1.999999999999994900 ) ;
#1996 = STYLED_ITEM ( 'NONE', ( #8216 ), #7702 ) ;
#1997 = VERTEX_POINT ( 'NONE', #5242 ) ;
#1998 = EDGE_CURVE ( 'NONE', #8542, #3574, #1088, .T. ) ;
#1999 = CARTESIAN_POINT ( 'NONE',  ( 0.0000000000000000000, 0.0000000000000000000, 10.00000000000000000 ) ) ;
#2000 = DIRECTION ( 'NONE',  ( 0.0000000000000000000, 0.0000000000000000000, -1.000000000000000000 ) ) ;
#2001 = EDGE_LOOP ( 'NONE', ( #6914, #10658, #643, #3936 ) ) ;
#2002 = CARTESIAN_POINT ( 'NONE',  ( -20.64999999999999500, -16.94289321881344500, -1.499999999999997800 ) ) ;
#2003 = ORIENTED_EDGE ( 'NONE', *, *, #10788, .F. ) ;
#2004 =( NAMED_UNIT ( * ) SI_UNIT ( $, .STERADIAN. ) SOLID_ANGLE_UNIT ( ) );
#2005 = DIRECTION ( 'NONE',  ( -1.000000000000000000, -5.211847922874174100E-016, 0.0000000000000000000 ) ) ;
#2006 = SURFACE_STYLE_FILL_AREA ( #4467 ) ;
#2007 = DIRECTION ( 'NONE',  ( 0.0000000000000000000, 0.0000000000000000000, 1.000000000000000000 ) ) ;
#2008 = ORIENTED_EDGE ( 'NONE', *, *, #8310, .F. ) ;
#2010 = FACE_OUTER_BOUND ( 'NONE', #4323, .T. ) ;
#2009 = SURFACE_STYLE_USAGE ( .BOTH. , #10366 ) ;
#2011 = SURFACE_SIDE_STYLE ('',( #7207 ) ) ;
#2012 = ORIENTED_EDGE ( 'NONE', *, *, #6803, .T. ) ;
#2013 = ORIENTED_EDGE ( 'NONE', *, *, #4277, .T. ) ;
#2014 = STYLED_ITEM ( 'NONE', ( #495 ), #3364 ) ;
#2015 = PLANE ( 'NONE',  #672 ) ;
#2016 = EDGE_LOOP ( 'NONE', ( #10746, #6080, #10352, #7327 ) ) ;
#2017 = PRESENTATION_STYLE_ASSIGNMENT (( #1574 ) ) ;
#2018 = ADVANCED_FACE ( 'NONE', ( #9952 ), #3820, .T. ) ;
#2019 = CARTESIAN_POINT ( 'NONE',  ( -17.14999999999997700, 21.14999999999999900, 9.500000000000000000 ) ) ;
#2020 = DIRECTION ( 'NONE',  ( 0.0000000000000000000, 0.0000000000000000000, -1.000000000000000000 ) ) ;
#2021 = EDGE_LOOP ( 'NONE', ( #2634, #8804, #8670, #7141 ) ) ;
#2022 = ORIENTED_EDGE ( 'NONE', *, *, #49, .T. ) ;
#2023 = VECTOR ( 'NONE', #3636, 1000.000000000000000 ) ;
#2024 = DIRECTION ( 'NONE',  ( 0.0000000000000000000, 0.0000000000000000000, -1.000000000000000000 ) ) ;
#2025 = LINE ( 'NONE', #618, #1239 ) ;
#2026 = SURFACE_SIDE_STYLE ('',( #6520 ) ) ;
#2027 = FILL_AREA_STYLE ('',( #355 ) ) ;
#2028 =( LENGTH_UNIT ( ) NAMED_UNIT ( * ) SI_UNIT ( .MILLI., .METRE. ) );
#2029 = AXIS2_PLACEMENT_3D ( 'NONE', #7879, #10378, #5332 ) ;
#2030 = STYLED_ITEM ( 'NONE', ( #2938 ), #9342 ) ;
#2031 = EDGE_LOOP ( 'NONE', ( #8280, #8361, #5222 ) ) ;
#2032 = DIRECTION ( 'NONE',  ( -0.0000000000000000000, 0.0000000000000000000, -1.000000000000000000 ) ) ;
#2033 = FACE_OUTER_BOUND ( 'NONE', #731, .T. ) ;
#2034 = ORIENTED_EDGE ( 'NONE', *, *, #7632, .F. ) ;
#2035 = DIRECTION ( 'NONE',  ( 0.0000000000000000000, 0.0000000000000000000, 1.000000000000000000 ) ) ;
#2036 = COLOUR_RGB ( '',0.2509803921568627400, 0.2509803921568627400, 0.2509803921568627400 ) ;
#2037 = FILL_AREA_STYLE_COLOUR ( '', #9030 ) ;
#2038 = DIRECTION ( 'NONE',  ( 0.0000000000000000000, 0.0000000000000000000, -1.000000000000000000 ) ) ;
#2040 = MECHANICAL_DESIGN_GEOMETRIC_PRESENTATION_REPRESENTATION (  '', ( #7477 ), #2438 ) ;
#2039 = DIRECTION ( 'NONE',  ( 0.0000000000000000000, 0.0000000000000000000, -1.000000000000000000 ) ) ;
#2041 = ORIENTED_EDGE ( 'NONE', *, *, #6403, .T. ) ;
#2042 = VECTOR ( 'NONE', #10124, 1000.000000000000000 ) ;
#2043 = MECHANICAL_DESIGN_GEOMETRIC_PRESENTATION_REPRESENTATION (  '', ( #4322 ), #1481 ) ;
#2044 = LINE ( 'NONE', #10618, #3069 ) ;
#2045 = EDGE_CURVE ( 'NONE', #6813, #5728, #9702, .T. ) ;
#2046 = FILL_AREA_STYLE ('',( #3590 ) ) ;
#2047 = CIRCLE ( 'NONE', #7410, 0.5000000000000004400 ) ;
#2048 = CARTESIAN_POINT ( 'NONE',  ( 20.65000000000000200, -16.94289321881344900, 9.500000000000000000 ) ) ;
#2049 = DIRECTION ( 'NONE',  ( 0.7071067811865493500, 0.7071067811865456900, -0.0000000000000000000 ) ) ;
#2050 = DIRECTION ( 'NONE',  ( -1.000000000000000000, 0.0000000000000000000, 0.0000000000000000000 ) ) ;
#2051 = DIRECTION ( 'NONE',  ( 0.0000000000000000000, 0.0000000000000000000, 1.000000000000000000 ) ) ;
#2052 = SURFACE_STYLE_FILL_AREA ( #9380 ) ;
#2053 = ORIENTED_EDGE ( 'NONE', *, *, #7785, .T. ) ;
#2054 = MECHANICAL_DESIGN_GEOMETRIC_PRESENTATION_REPRESENTATION (  '', ( #10238 ), #8408 ) ;
#2055 = CIRCLE ( 'NONE', #2636, 25.00000000000000000 ) ;
#2056 = CIRCLE ( 'NONE', #1693, 2.499999999999999600 ) ;
#2057 = PRESENTATION_LAYER_ASSIGNMENT (  '', '', ( #10089 ) ) ;
#2058 = FILL_AREA_STYLE ('',( #5341 ) ) ;
#2059 = ORIENTED_EDGE ( 'NONE', *, *, #10396, .T. ) ;
#2060 = FILL_AREA_STYLE_COLOUR ( '', #8136 ) ;
#2061 = EDGE_CURVE ( 'NONE', #10391, #5776, #2136, .T. ) ;
#2062 = CARTESIAN_POINT ( 'NONE',  ( -2.616151791541896800, -21.25000000000000700, -7.606617291317807200 ) ) ;
#2063 = LINE ( 'NONE', #9175, #8843 ) ;
#2064 = DIRECTION ( 'NONE',  ( -0.0000000000000000000, -0.0000000000000000000, -1.000000000000000000 ) ) ;
#2065 = CIRCLE ( 'NONE', #2833, 4.000000000000000000 ) ;
#2066 = ORIENTED_EDGE ( 'NONE', *, *, #7715, .T. ) ;
#2068 = LINE ( 'NONE', #9111, #6226 ) ;
#2067 = DIRECTION ( 'NONE',  ( -0.0000000000000000000, -0.0000000000000000000, -1.000000000000000000 ) ) ;
#2069 = ADVANCED_FACE ( 'NONE', ( #5263 ), #8672, .T. ) ;
#2070 = UNCERTAINTY_MEASURE_WITH_UNIT (LENGTH_MEASURE( 1.000000000000000100E-005 ), #8766, 'distance_accuracy_value', 'NONE');
#2071 = DIRECTION ( 'NONE',  ( 0.8571673007021116700, 0.0000000000000000000, 0.5150380749100552700 ) ) ;
#2072 = STYLED_ITEM ( 'NONE', ( #9281 ), #2819 ) ;
#2073 = CARTESIAN_POINT ( 'NONE',  ( 15.98624964824874800, 15.03502403148986100, -9.499999999999998200 ) ) ;
#2074 = CARTESIAN_POINT ( 'NONE',  ( -20.79644660940671800, 16.79644660940672600, 10.00000000000000000 ) ) ;
#2075 = LINE ( 'NONE', #5041, #218 ) ;
#2076 = FILL_AREA_STYLE ('',( #9547 ) ) ;
#2077 = FACE_OUTER_BOUND ( 'NONE', #294, .T. ) ;
#2079 = ORIENTED_EDGE ( 'NONE', *, *, #8920, .T. ) ;
#2078 = CARTESIAN_POINT ( 'NONE',  ( -1.371348881391340800, -39.15000000000000600, -6.400283824922880200 ) ) ;
#2080 = EDGE_CURVE ( 'NONE', #6129, #2094, #2630, .T. ) ;
#2081 = PRESENTATION_STYLE_ASSIGNMENT (( #1125 ) ) ;
#2082 = CARTESIAN_POINT ( 'NONE',  ( 20.65000000000000200, -16.94289321881344900, 10.00000000000000000 ) ) ;
#2083 = ADVANCED_FACE ( 'NONE', ( #2508 ), #7057, .T. ) ;
#2084 = DIRECTION ( 'NONE',  ( -0.7071067811865510100, 0.7071067811865441300, 0.0000000000000000000 ) ) ;
#2085 = CIRCLE ( 'NONE', #7578, 0.5000000000000004400 ) ;
#2086 = CYLINDRICAL_SURFACE ( 'NONE', #7895, 0.5000000000000022200 ) ;
#2087 = ORIENTED_EDGE ( 'NONE', *, *, #139, .F. ) ;
#2088 =( NAMED_UNIT ( * ) PLANE_ANGLE_UNIT ( ) SI_UNIT ( $, .RADIAN. ) );
#2089 = EDGE_CURVE ( 'NONE', #6690, #10557, #4867, .T. ) ;
#2090 = AXIS2_PLACEMENT_3D ( 'NONE', #3463, #100, #3355 ) ;
#2091 = LINE ( 'NONE', #10633, #3634 ) ;
#2092 =( GEOMETRIC_REPRESENTATION_CONTEXT ( 3 ) GLOBAL_UNCERTAINTY_ASSIGNED_CONTEXT ( ( #8743 ) ) GLOBAL_UNIT_ASSIGNED_CONTEXT ( ( #1383, #8932, #4722 ) ) REPRESENTATION_CONTEXT ( 'NONE', 'WORKASPACE' ) );
#2093 = CARTESIAN_POINT ( 'NONE',  ( -15.49999999999999600, -15.50000000000000400, 5.500000000000000000 ) ) ;
#2094 = VERTEX_POINT ( 'NONE', #1272 ) ;
#2095 = ORIENTED_EDGE ( 'NONE', *, *, #8893, .F. ) ;
#2096 = CARTESIAN_POINT ( 'NONE',  ( 12.26375928220259400, 15.79874071779740400, -11.49999999999999800 ) ) ;
#2097 = FACE_OUTER_BOUND ( 'NONE', #8208, .T. ) ;
#2098 = ORIENTED_EDGE ( 'NONE', *, *, #1839, .T. ) ;
#2099 = SURFACE_STYLE_USAGE ( .BOTH. , #9539 ) ;
#2100 = DIRECTION ( 'NONE',  ( -0.0000000000000000000, -0.0000000000000000000, 1.000000000000000000 ) ) ;
#2101 = AXIS2_PLACEMENT_3D ( 'NONE', #5963, #8417, #3400 ) ;
#2102 = EDGE_LOOP ( 'NONE', ( #8698, #7485, #3046, #5207 ) ) ;
#2103 = CIRCLE ( 'NONE', #439, 0.5000000000000004400 ) ;
#2104 = AXIS2_PLACEMENT_3D ( 'NONE', #7637, #4342, #6753 ) ;
#2105 = CARTESIAN_POINT ( 'NONE',  ( 3.483848208458102800, -19.15000000000000600, -4.298253383695601400 ) ) ;
#2106 = FILL_AREA_STYLE ('',( #7088 ) ) ;
#2107 = EDGE_CURVE ( 'NONE', #10422, #2243, #4997, .T. ) ;
#2108 =( NAMED_UNIT ( * ) PLANE_ANGLE_UNIT ( ) SI_UNIT ( $, .RADIAN. ) );
#2109 =( LENGTH_UNIT ( ) NAMED_UNIT ( * ) SI_UNIT ( .MILLI., .METRE. ) );
#2110 = AXIS2_PLACEMENT_3D ( 'NONE', #8229, #6585, #6546 ) ;
#2111 = CARTESIAN_POINT ( 'NONE',  ( 0.5999999999999992000, -18.15000000000000600, -12.15000000000000000 ) ) ;
#2112 = EDGE_LOOP ( 'NONE', ( #8509, #2897, #150, #5298 ) ) ;
#2113 = FILL_AREA_STYLE_COLOUR ( '', #4695 ) ;
#2114 = CARTESIAN_POINT ( 'NONE',  ( -15.50000000000087200, -15.49999999999912400, -10.99999999999999800 ) ) ;
#2115 = ORIENTED_EDGE ( 'NONE', *, *, #9313, .T. ) ;
#2116 = FACE_BOUND ( 'NONE', #7498, .T. ) ;
#2117 =( GEOMETRIC_REPRESENTATION_CONTEXT ( 3 ) GLOBAL_UNCERTAINTY_ASSIGNED_CONTEXT ( ( #10294 ) ) GLOBAL_UNIT_ASSIGNED_CONTEXT ( ( #5796, #1583, #2413 ) ) REPRESENTATION_CONTEXT ( 'NONE', 'WORKASPACE' ) );
#2118 = ADVANCED_FACE ( 'NONE', ( #277 ), #807, .T. ) ;
#2119 = CARTESIAN_POINT ( 'NONE',  ( 2.500000000000000000, 3.061616997868383100E-016, -8.499999999999996400 ) ) ;
#2120 = AXIS2_PLACEMENT_3D ( 'NONE', #6950, #5362, #10371 ) ;
#2121 = EDGE_CURVE ( 'NONE', #2613, #3574, #9306, .T. ) ;
#2122 = FILL_AREA_STYLE ('',( #2909 ) ) ;
#2123 = VERTEX_POINT ( 'NONE', #5323 ) ;
#2124 = CIRCLE ( 'NONE', #4471, 20.00000000000000000 ) ;
#2125 = CIRCLE ( 'NONE', #5347, 0.5000000000000004400 ) ;
#2126 = DIRECTION ( 'NONE',  ( 0.7071067811865510100, -0.7071067811865440200, 0.0000000000000000000 ) ) ;
#2127 = VERTEX_POINT ( 'NONE', #2818 ) ;
#2128 = FILL_AREA_STYLE ('',( #3790 ) ) ;
#2129 = COLOUR_RGB ( '',0.2509803921568627400, 0.2509803921568627400, 0.2509803921568627400 ) ;
#2130 = DIRECTION ( 'NONE',  ( 0.0000000000000000000, -0.0000000000000000000, 1.000000000000000000 ) ) ;
#2131 = ADVANCED_FACE ( 'NONE', ( #8249 ), #5642, .T. ) ;
#2132 =( LENGTH_UNIT ( ) NAMED_UNIT ( * ) SI_UNIT ( .MILLI., .METRE. ) );
#2133 = ORIENTED_EDGE ( 'NONE', *, *, #8122, .T. ) ;
#2134 =( GEOMETRIC_REPRESENTATION_CONTEXT ( 3 ) GLOBAL_UNCERTAINTY_ASSIGNED_CONTEXT ( ( #7544 ) ) GLOBAL_UNIT_ASSIGNED_CONTEXT ( ( #4555, #5451, #5422 ) ) REPRESENTATION_CONTEXT ( 'NONE', 'WORKASPACE' ) );
#2135 = EDGE_LOOP ( 'NONE', ( #1493, #7561 ) ) ;
#2136 = CIRCLE ( 'NONE', #9878, 2.500000000000000000 ) ;
#2137 = MECHANICAL_DESIGN_GEOMETRIC_PRESENTATION_REPRESENTATION (  '', ( #3798 ), #8905 ) ;
#2138 = CYLINDRICAL_SURFACE ( 'NONE', #8902, 0.5000000000000004400 ) ;
#2139 = EDGE_CURVE ( 'NONE', #7445, #4019, #6805, .T. ) ;
#2140 = FILL_AREA_STYLE ('',( #6320 ) ) ;
#2141 = PRESENTATION_STYLE_ASSIGNMENT (( #165 ) ) ;
#2142 = ORIENTED_EDGE ( 'NONE', *, *, #8467, .F. ) ;
#2143 = CARTESIAN_POINT ( 'NONE',  ( -18.79644660940668600, -18.79644660940675000, -10.99999999999999800 ) ) ;
#2144 = DIRECTION ( 'NONE',  ( 0.0000000000000000000, -0.0000000000000000000, -1.000000000000000000 ) ) ;
#2145 = SURFACE_STYLE_USAGE ( .BOTH. , #401 ) ;
#2146 = ORIENTED_EDGE ( 'NONE', *, *, #3075, .F. ) ;
#2147 = FACE_OUTER_BOUND ( 'NONE', #3933, .T. ) ;
#2148 = ORIENTED_EDGE ( 'NONE', *, *, #2339, .T. ) ;
#2149 = EDGE_CURVE ( 'NONE', #2530, #7984, #8520, .T. ) ;
#2150 = MECHANICAL_DESIGN_GEOMETRIC_PRESENTATION_REPRESENTATION (  '', ( #10748 ), #3245 ) ;
#2151 = DIRECTION ( 'NONE',  ( -0.7071067811865441300, -0.7071067811865510100, 0.0000000000000000000 ) ) ;
#2152 = VERTEX_POINT ( 'NONE', #2272 ) ;
#2153 = FILL_AREA_STYLE_COLOUR ( '', #2572 ) ;
#2154 = AXIS2_PLACEMENT_3D ( 'NONE', #5343, #7078, #1184 ) ;
#2155 = CYLINDRICAL_SURFACE ( 'NONE', #2120, 0.5000000000000004400 ) ;
#2156 = DIRECTION ( 'NONE',  ( -0.0000000000000000000, -0.0000000000000000000, -1.000000000000000000 ) ) ;
#2157 = SURFACE_STYLE_USAGE ( .BOTH. , #6272 ) ;
#2158 = ORIENTED_EDGE ( 'NONE', *, *, #5945, .F. ) ;
#2159 =( NAMED_UNIT ( * ) SI_UNIT ( $, .STERADIAN. ) SOLID_ANGLE_UNIT ( ) );
#2160 = LINE ( 'NONE', #2589, #3714 ) ;
#2161 = ORIENTED_EDGE ( 'NONE', *, *, #5432, .F. ) ;
#2162 = EDGE_CURVE ( 'NONE', #3129, #9084, #1745, .T. ) ;
#2163 = COLOUR_RGB ( '',0.5607843137254902000, 0.3098039215686274600, 0.0000000000000000000 ) ;
#2164 = MECHANICAL_DESIGN_GEOMETRIC_PRESENTATION_REPRESENTATION (  '', ( #7045 ), #3265 ) ;
#2165 = AXIS2_PLACEMENT_3D ( 'NONE', #2900, #4499, #6300 ) ;
#2166 = CARTESIAN_POINT ( 'NONE',  ( -21.14999999999999500, -21.15000000000000600, 2.000000000000000000 ) ) ;
#2167 = EDGE_LOOP ( 'NONE', ( #119, #2079, #3691, #5436, #8049, #7613 ) ) ;
#2168 = ADVANCED_FACE ( 'NONE', ( #3408 ), #9564, .T. ) ;
#2169 = COLOUR_RGB ( '',0.2509803921568627400, 0.2509803921568627400, 0.2509803921568627400 ) ;
#2170 = DIRECTION ( 'NONE',  ( 1.000000000000000000, 0.0000000000000000000, 0.0000000000000000000 ) ) ;
#2171 = CARTESIAN_POINT ( 'NONE',  ( 1.693713464724400800E-015, -20.65000000000000600, 10.00000000000000000 ) ) ;
#2172 =( LENGTH_UNIT ( ) NAMED_UNIT ( * ) SI_UNIT ( .MILLI., .METRE. ) );
#2173 = CARTESIAN_POINT ( 'NONE',  ( -15.98624964825070400, -15.96497596850949400, -9.499999999999998200 ) ) ;
#2174 = CARTESIAN_POINT ( 'NONE',  ( -21.14999999999999500, -21.15000000000000600, 4.000000000000000000 ) ) ;
#2175 = CIRCLE ( 'NONE', #1980, 2.200000000000000600 ) ;
#2176 = EDGE_CURVE ( 'NONE', #9412, #4268, #3541, .T. ) ;
#2178 = PRESENTATION_LAYER_ASSIGNMENT (  '', '', ( #7198 ) ) ;
#2177 = DIRECTION ( 'NONE',  ( 0.0000000000000000000, 0.0000000000000000000, -1.000000000000000000 ) ) ;
#2179 = SURFACE_STYLE_USAGE ( .BOTH. , #3108 ) ;
#2180 = AXIS2_PLACEMENT_3D ( 'NONE', #6063, #109, #6833 ) ;
#2181 = EDGE_CURVE ( 'NONE', #565, #5888, #3149, .T. ) ;
#2182 = ADVANCED_FACE ( 'NONE', ( #136 ), #1376, .T. ) ;
#2183 = DIRECTION ( 'NONE',  ( -4.542762141924042900E-015, -1.000000000000000000, 0.0000000000000000000 ) ) ;
#2184 = FACE_OUTER_BOUND ( 'NONE', #6953, .T. ) ;
#2185 = ORIENTED_EDGE ( 'NONE', *, *, #4435, .T. ) ;
#2186 = CARTESIAN_POINT ( 'NONE',  ( 16.94289321881343500, 20.64999999999999900, -10.99999999999999800 ) ) ;
#2187 = FACE_OUTER_BOUND ( 'NONE', #5970, .T. ) ;
#2188 = SURFACE_SIDE_STYLE ('',( #2310 ) ) ;
#2189 = ORIENTED_EDGE ( 'NONE', *, *, #9967, .F. ) ;
#2190 = VECTOR ( 'NONE', #10404, 1000.000000000000000 ) ;
#2191 = AXIS2_PLACEMENT_3D ( 'NONE', #5085, #6652, #1815 ) ;
#2192 = ORIENTED_EDGE ( 'NONE', *, *, #2538, .T. ) ;
#2193 = SURFACE_STYLE_FILL_AREA ( #6283 ) ;
#2194 = DIRECTION ( 'NONE',  ( 1.000000000000000000, 0.0000000000000000000, 0.0000000000000000000 ) ) ;
#2195 = EDGE_CURVE ( 'NONE', #7876, #1997, #10210, .T. ) ;
#2196 = DIRECTION ( 'NONE',  ( 0.0000000000000000000, 0.0000000000000000000, 1.000000000000000000 ) ) ;
#2197 = UNCERTAINTY_MEASURE_WITH_UNIT (LENGTH_MEASURE( 1.000000000000000100E-005 ), #9069, 'distance_accuracy_value', 'NONE');
#2198 =( LENGTH_UNIT ( ) NAMED_UNIT ( * ) SI_UNIT ( .MILLI., .METRE. ) );
#2199 = FACE_OUTER_BOUND ( 'NONE', #9473, .T. ) ;
#2200 = DIRECTION ( 'NONE',  ( 3.730780929461923600E-015, 1.000000000000000000, -0.0000000000000000000 ) ) ;
#2201 = EDGE_LOOP ( 'NONE', ( #908, #5111, #9554, #1462 ) ) ;
#2202 = PLANE ( 'NONE',  #8052 ) ;
#2203 = CIRCLE ( 'NONE', #6339, 0.5563334663949305300 ) ;
#2204 = FILL_AREA_STYLE ('',( #7050 ) ) ;
#2205 = SURFACE_SIDE_STYLE ('',( #4310 ) ) ;
#2206 = DIRECTION ( 'NONE',  ( -1.000000000000000000, 0.0000000000000000000, 0.0000000000000000000 ) ) ;
#2207 = FACE_OUTER_BOUND ( 'NONE', #8754, .T. ) ;
#2208 = CARTESIAN_POINT ( 'NONE',  ( 2.583848208458102500, -19.15000000000000600, -5.125280410722631100 ) ) ;
#2209 = CIRCLE ( 'NONE', #7389, 0.5000000000000022200 ) ;
#2210 = ORIENTED_EDGE ( 'NONE', *, *, #5039, .T. ) ;
#2211 = ORIENTED_EDGE ( 'NONE', *, *, #4648, .F. ) ;
#2212 = CARTESIAN_POINT ( 'NONE',  ( -18.74999999999999600, 15.50000000000087400, -10.99999999999999800 ) ) ;
#2213 = ORIENTED_EDGE ( 'NONE', *, *, #9604, .F. ) ;
#2214 = ADVANCED_FACE ( 'NONE', ( #5393 ), #7335, .T. ) ;
#2215 = PLANE ( 'NONE',  #5926 ) ;
#2216 = AXIS2_PLACEMENT_3D ( 'NONE', #4272, #1812, #2558 ) ;
#2217 = ORIENTED_EDGE ( 'NONE', *, *, #5379, .F. ) ;
#2218 = LINE ( 'NONE', #10345, #4175 ) ;
#2219 = EDGE_LOOP ( 'NONE', ( #7321, #9505 ) ) ;
#2220 =( GEOMETRIC_REPRESENTATION_CONTEXT ( 3 ) GLOBAL_UNCERTAINTY_ASSIGNED_CONTEXT ( ( #9415 ) ) GLOBAL_UNIT_ASSIGNED_CONTEXT ( ( #6073, #1138, #4439 ) ) REPRESENTATION_CONTEXT ( 'NONE', 'WORKASPACE' ) );
#2221 = CARTESIAN_POINT ( 'NONE',  ( 15.01375035175125200, 14.19283027458602200, -9.499999999999998200 ) ) ;
#2222 = FILL_AREA_STYLE_COLOUR ( '', #2129 ) ;
#2223 =( LENGTH_UNIT ( ) NAMED_UNIT ( * ) SI_UNIT ( .MILLI., .METRE. ) );
#2224 = ORIENTED_EDGE ( 'NONE', *, *, #268, .F. ) ;
#2225 = ADVANCED_FACE ( 'NONE', ( #5249 ), #9041, .T. ) ;
#2226 = LINE ( 'NONE', #1196, #9157 ) ;
#2227 =( NAMED_UNIT ( * ) PLANE_ANGLE_UNIT ( ) SI_UNIT ( $, .RADIAN. ) );
#2228 = FILL_AREA_STYLE_COLOUR ( '', #4034 ) ;
#2229 = ORIENTED_EDGE ( 'NONE', *, *, #10305, .T. ) ;
#2230 = AXIS2_PLACEMENT_3D ( 'NONE', #6766, #4988, #10832 ) ;
#2231 = MECHANICAL_DESIGN_GEOMETRIC_PRESENTATION_REPRESENTATION (  '', ( #1547 ), #5244 ) ;
#2232 = DIRECTION ( 'NONE',  ( -0.7071067811865463500, -0.7071067811865487900, 0.0000000000000000000 ) ) ;
#2233 = ORIENTED_EDGE ( 'NONE', *, *, #1163, .F. ) ;
#2234 = EDGE_CURVE ( 'NONE', #7720, #882, #5759, .T. ) ;
#2235 = CARTESIAN_POINT ( 'NONE',  ( -3.600000000000001000, -19.15000000000000600, -8.999999999999992900 ) ) ;
#2236 = DIRECTION ( 'NONE',  ( 1.000000000000000000, 0.0000000000000000000, 0.0000000000000000000 ) ) ;
#2237 = VECTOR ( 'NONE', #2385, 1000.000000000000000 ) ;
#2238 = CIRCLE ( 'NONE', #557, 0.5563334663949287600 ) ;
#2239 = DIRECTION ( 'NONE',  ( -6.179303022933785000E-015, -1.000000000000000000, 0.0000000000000000000 ) ) ;
#2240 = CIRCLE ( 'NONE', #2444, 2.399999999999999500 ) ;
#2241 = DIRECTION ( 'NONE',  ( -1.000000000000000000, -0.0000000000000000000, 0.0000000000000000000 ) ) ;
#2242 = VERTEX_POINT ( 'NONE', #7981 ) ;
#2243 = VERTEX_POINT ( 'NONE', #7232 ) ;
#2244 = VECTOR ( 'NONE', #1013, 1000.000000000000000 ) ;
#2245 = CARTESIAN_POINT ( 'NONE',  ( 18.74999999999912600, -15.50000000000000200, -10.99999999999999800 ) ) ;
#2246 = SURFACE_STYLE_FILL_AREA ( #5354 ) ;
#2247 = ORIENTED_EDGE ( 'NONE', *, *, #3815, .F. ) ;
#2248 = SURFACE_STYLE_FILL_AREA ( #10127 ) ;
#2249 = ORIENTED_EDGE ( 'NONE', *, *, #6064, .T. ) ;
#2250 = DIRECTION ( 'NONE',  ( -0.0000000000000000000, 1.000000000000000000, -0.0000000000000000000 ) ) ;
#2251 = AXIS2_PLACEMENT_3D ( 'NONE', #1211, #1695, #3609 ) ;
#2252 = UNCERTAINTY_MEASURE_WITH_UNIT (LENGTH_MEASURE( 1.000000000000000100E-005 ), #7659, 'distance_accuracy_value', 'NONE');
#2253 = DIRECTION ( 'NONE',  ( 1.000000000000000000, 8.202002250481357500E-017, -0.0000000000000000000 ) ) ;
#2254 = EDGE_CURVE ( 'NONE', #149, #3788, #661, .T. ) ;
#2255 = CARTESIAN_POINT ( 'NONE',  ( 0.0000000000000000000, 0.0000000000000000000, -9.499999999999998200 ) ) ;
#2256 = ORIENTED_EDGE ( 'NONE', *, *, #7196, .T. ) ;
#2257 = VERTEX_POINT ( 'NONE', #10520 ) ;
#2258 = DIRECTION ( 'NONE',  ( -0.0000000000000000000, -1.000000000000000000, -0.0000000000000000000 ) ) ;
#2259 = FACE_OUTER_BOUND ( 'NONE', #9189, .T. ) ;
#2260 = DIRECTION ( 'NONE',  ( 0.0000000000000000000, 1.000000000000000000, 0.0000000000000000000 ) ) ;
#2261 = VECTOR ( 'NONE', #9800, 1000.000000000000000 ) ;
#2262 = MECHANICAL_DESIGN_GEOMETRIC_PRESENTATION_REPRESENTATION (  '', ( #1367 ), #7228 ) ;
#2263 = DIRECTION ( 'NONE',  ( -8.202002250481362500E-017, 1.000000000000000000, 0.0000000000000000000 ) ) ;
#2264 = DIRECTION ( 'NONE',  ( 1.224646799147353200E-016, 1.000000000000000000, -0.0000000000000000000 ) ) ;
#2265 = EDGE_CURVE ( 'NONE', #6815, #845, #947, .T. ) ;
#2266 = ORIENTED_EDGE ( 'NONE', *, *, #3664, .F. ) ;
#2267 = ADVANCED_FACE ( 'NONE', ( #6548 ), #8918, .T. ) ;
#2268 = CIRCLE ( 'NONE', #6921, 0.5000000000000004400 ) ;
#2269 = DIRECTION ( 'NONE',  ( 0.0000000000000000000, -1.000000000000000000, 6.938893903907221300E-015 ) ) ;
#2270 = VERTEX_POINT ( 'NONE', #3041 ) ;
#2271 = PLANE ( 'NONE',  #2482 ) ;
#2272 = CARTESIAN_POINT ( 'NONE',  ( 1.339045298307557800, -39.15000000000000600, -5.070497742733968100 ) ) ;
#2273 = ORIENTED_EDGE ( 'NONE', *, *, #2518, .T. ) ;
#2274 = VECTOR ( 'NONE', #2682, 1000.000000000000000 ) ;
#2275 = EDGE_CURVE ( 'NONE', #8339, #8629, #9184, .T. ) ;
#2276 = STYLED_ITEM ( 'NONE', ( #7913 ), #3875 ) ;
#2277 = ORIENTED_EDGE ( 'NONE', *, *, #8675, .F. ) ;
#2278 = ADVANCED_FACE ( 'NONE', ( #2010 ), #2138, .T. ) ;
#2279 = DIRECTION ( 'NONE',  ( 1.000000000000000000, -0.0000000000000000000, -0.0000000000000000000 ) ) ;
#2280 = DIRECTION ( 'NONE',  ( -0.6700528225187057900, 0.0000000000000000000, -0.7423134210255906100 ) ) ;
#2281 =( GEOMETRIC_REPRESENTATION_CONTEXT ( 3 ) GLOBAL_UNCERTAINTY_ASSIGNED_CONTEXT ( ( #4189 ) ) GLOBAL_UNIT_ASSIGNED_CONTEXT ( ( #2223, #2991, #494 ) ) REPRESENTATION_CONTEXT ( 'NONE', 'WORKASPACE' ) );
#2282 = DIRECTION ( 'NONE',  ( 0.7071067811865491300, 0.7071067811865461300, 0.0000000000000000000 ) ) ;
#2283 = ORIENTED_EDGE ( 'NONE', *, *, #2480, .F. ) ;
#2284 = FACE_OUTER_BOUND ( 'NONE', #6654, .T. ) ;
#2285 =( NAMED_UNIT ( * ) SI_UNIT ( $, .STERADIAN. ) SOLID_ANGLE_UNIT ( ) );
#2286 = FILL_AREA_STYLE ('',( #3163 ) ) ;
#2287 = DIRECTION ( 'NONE',  ( -0.0000000000000000000, 1.000000000000000000, -0.0000000000000000000 ) ) ;
#2288 =( GEOMETRIC_REPRESENTATION_CONTEXT ( 3 ) GLOBAL_UNCERTAINTY_ASSIGNED_CONTEXT ( ( #4657 ) ) GLOBAL_UNIT_ASSIGNED_CONTEXT ( ( #9031, #5632, #5767 ) ) REPRESENTATION_CONTEXT ( 'NONE', 'WORKASPACE' ) );
#2289 = LINE ( 'NONE', #9248, #2042 ) ;
#2290 = AXIS2_PLACEMENT_3D ( 'NONE', #8623, #6062, #9506 ) ;
#2291 = DIRECTION ( 'NONE',  ( 1.000000000000000000, 0.0000000000000000000, 0.0000000000000000000 ) ) ;
#2292 = ORIENTED_EDGE ( 'NONE', *, *, #10479, .T. ) ;
#2293 = EDGE_CURVE ( 'NONE', #1517, #6861, #2749, .T. ) ;
#2294 = FACE_OUTER_BOUND ( 'NONE', #5558, .T. ) ;
#2295 = PRESENTATION_LAYER_ASSIGNMENT (  '', '', ( #8469 ) ) ;
#2296 = FACE_OUTER_BOUND ( 'NONE', #1763, .T. ) ;
#2297 = SURFACE_STYLE_FILL_AREA ( #448 ) ;
#2298 = DIRECTION ( 'NONE',  ( -0.8571673007021120000, 1.049727191138618300E-016, 0.5150380749100547100 ) ) ;
#2299 = EDGE_LOOP ( 'NONE', ( #9773, #10382, #5555, #6536 ) ) ;
#2300 = DIRECTION ( 'NONE',  ( -0.0000000000000000000, -0.0000000000000000000, 1.000000000000000000 ) ) ;
#2301 = FILL_AREA_STYLE_COLOUR ( '', #7899 ) ;
#2302 = DIRECTION ( 'NONE',  ( -0.0000000000000000000, -0.0000000000000000000, 1.000000000000000000 ) ) ;
#2303 = CIRCLE ( 'NONE', #121, 0.5000000000000022200 ) ;
#2304 = CARTESIAN_POINT ( 'NONE',  ( 15.96497596850902500, -14.25001964264521200, -10.99999999999999800 ) ) ;
#2305 = ORIENTED_EDGE ( 'NONE', *, *, #8910, .T. ) ;
#2306 = CYLINDRICAL_SURFACE ( 'NONE', #5856, 0.5000000000000004400 ) ;
#2307 = EDGE_CURVE ( 'NONE', #4622, #4736, #6693, .T. ) ;
#2308 = DIRECTION ( 'NONE',  ( 0.0000000000000000000, 0.0000000000000000000, 1.000000000000000000 ) ) ;
#2309 = CARTESIAN_POINT ( 'NONE',  ( 0.0000000000000000000, 0.0000000000000000000, -9.499999999999998200 ) ) ;
#2310 = SURFACE_STYLE_FILL_AREA ( #482 ) ;
#2311 = CIRCLE ( 'NONE', #3768, 0.5000000000000006700 ) ;
#2312 = MECHANICAL_DESIGN_GEOMETRIC_PRESENTATION_REPRESENTATION (  '', ( #9387 ), #9801 ) ;
#2313 = ORIENTED_EDGE ( 'NONE', *, *, #9666, .F. ) ;
#2314 = ORIENTED_EDGE ( 'NONE', *, *, #126, .T. ) ;
#2315 = EDGE_CURVE ( 'NONE', #10278, #2942, #6414, .T. ) ;
#2316 = CARTESIAN_POINT ( 'NONE',  ( 14.19283027458454600, -15.98624964824929200, -9.499999999999998200 ) ) ;
#2317 = CARTESIAN_POINT ( 'NONE',  ( 15.50000000000000000, 15.50000000000000000, -10.99999999999999800 ) ) ;
#2318 = ORIENTED_EDGE ( 'NONE', *, *, #6459, .T. ) ;
#2319 = CARTESIAN_POINT ( 'NONE',  ( 1.339045298307557800, -39.15000000000000600, -7.512950757712737000 ) ) ;
#2320 = SURFACE_SIDE_STYLE ('',( #1855 ) ) ;
#2321 = UNCERTAINTY_MEASURE_WITH_UNIT (LENGTH_MEASURE( 1.000000000000000100E-005 ), #6191, 'distance_accuracy_value', 'NONE');
#2322 = DIRECTION ( 'NONE',  ( 0.0000000000000000000, 0.0000000000000000000, 1.000000000000000000 ) ) ;
#2323 = LINE ( 'NONE', #7615, #9900 ) ;
#2324 = STYLED_ITEM ( 'NONE', ( #9651 ), #7776 ) ;
#2325 =( NAMED_UNIT ( * ) PLANE_ANGLE_UNIT ( ) SI_UNIT ( $, .RADIAN. ) );
#2326 = VERTEX_POINT ( 'NONE', #5700 ) ;
#2327 = EDGE_CURVE ( 'NONE', #6460, #968, #5266, .T. ) ;
#2328 = FILL_AREA_STYLE_COLOUR ( '', #8736 ) ;
#2329 = LINE ( 'NONE', #1543, #6386 ) ;
#2330 = CARTESIAN_POINT ( 'NONE',  ( 15.96497596850902000, -16.74998035735574600, -9.499999999999998200 ) ) ;
#2331 = ADVANCED_FACE ( 'NONE', ( #2493 ), #5634, .F. ) ;
#2332 = CARTESIAN_POINT ( 'NONE',  ( -0.6000000000000010900, -39.15000000000002000, -13.85000000000000300 ) ) ;
#2333 = ORIENTED_EDGE ( 'NONE', *, *, #9374, .T. ) ;
#2334 = DIRECTION ( 'NONE',  ( -1.000000000000000000, 0.0000000000000000000, 0.0000000000000000000 ) ) ;
#2335 = SURFACE_STYLE_USAGE ( .BOTH. , #7337 ) ;
#2336 = COLOUR_RGB ( '',0.0000000000000000000, 0.0000000000000000000, 0.0000000000000000000 ) ;
#2337 = ORIENTED_EDGE ( 'NONE', *, *, #2863, .T. ) ;
#2338 = VECTOR ( 'NONE', #3430, 1000.000000000000100 ) ;
#2339 = EDGE_CURVE ( 'NONE', #6315, #9593, #6303, .T. ) ;
#2340 = PLANE ( 'NONE',  #9016 ) ;
#2341 = AXIS2_PLACEMENT_3D ( 'NONE', #5830, #7803, #3436 ) ;
#2342 = DIRECTION ( 'NONE',  ( -0.0000000000000000000, -0.0000000000000000000, -1.000000000000000000 ) ) ;
#2343 = CARTESIAN_POINT ( 'NONE',  ( 14.25000000000000200, 15.50000000000000000, 5.500000000000000000 ) ) ;
#2344 = CARTESIAN_POINT ( 'NONE',  ( 15.50000000000000400, -15.50000000000000000, 5.500000000000000000 ) ) ;
#2345 = EDGE_LOOP ( 'NONE', ( #4785, #9462, #6234, #1950 ) ) ;
#2346 = DIRECTION ( 'NONE',  ( 0.0000000000000000000, 0.0000000000000000000, -1.000000000000000000 ) ) ;
#2347 = CARTESIAN_POINT ( 'NONE',  ( -1.371348881391340800, -19.15000000000000600, -7.512950757712736100 ) ) ;
#2348 = ORIENTED_EDGE ( 'NONE', *, *, #3491, .F. ) ;
#2349 = DIRECTION ( 'NONE',  ( -0.0000000000000000000, -0.0000000000000000000, 1.000000000000000000 ) ) ;
#2350 = PRESENTATION_STYLE_ASSIGNMENT (( #4204 ) ) ;
#2351 = FACE_OUTER_BOUND ( 'NONE', #134, .T. ) ;
#2352 = VERTEX_POINT ( 'NONE', #1489 ) ;
#2353 = ORIENTED_EDGE ( 'NONE', *, *, #8888, .F. ) ;
#2354 = DIRECTION ( 'NONE',  ( -1.000000000000000000, 0.0000000000000000000, 0.0000000000000000000 ) ) ;
#2355 = DIRECTION ( 'NONE',  ( -1.000000000000000000, 0.0000000000000000000, 0.0000000000000000000 ) ) ;
#2356 = DIRECTION ( 'NONE',  ( 0.0000000000000000000, 0.0000000000000000000, -1.000000000000000000 ) ) ;
#2357 = ORIENTED_EDGE ( 'NONE', *, *, #8709, .T. ) ;
#2358 = EDGE_CURVE ( 'NONE', #4039, #3558, #9955, .T. ) ;
#2359 = SURFACE_STYLE_FILL_AREA ( #1485 ) ;
#2360 = CYLINDRICAL_SURFACE ( 'NONE', #543, 0.5000000000000006700 ) ;
#2361 = PRESENTATION_STYLE_ASSIGNMENT (( #6287 ) ) ;
#2362 =( GEOMETRIC_REPRESENTATION_CONTEXT ( 3 ) GLOBAL_UNCERTAINTY_ASSIGNED_CONTEXT ( ( #4590 ) ) GLOBAL_UNIT_ASSIGNED_CONTEXT ( ( #6184, #4476, #309 ) ) REPRESENTATION_CONTEXT ( 'NONE', 'WORKASPACE' ) );
#2363 = AXIS2_PLACEMENT_3D ( 'NONE', #2974, #2084, #2151 ) ;
#2364 = ORIENTED_EDGE ( 'NONE', *, *, #8630, .F. ) ;
#2365 = SURFACE_STYLE_USAGE ( .BOTH. , #5688 ) ;
#2366 = ORIENTED_EDGE ( 'NONE', *, *, #1737, .T. ) ;
#2367 = DIRECTION ( 'NONE',  ( 1.000000000000000000, 0.0000000000000000000, 0.0000000000000000000 ) ) ;
#2368 = DIRECTION ( 'NONE',  ( 0.0000000000000000000, -0.0000000000000000000, -1.000000000000000000 ) ) ;
#2369 = CARTESIAN_POINT ( 'NONE',  ( 0.0000000000000000000, 0.0000000000000000000, 11.50000000000000000 ) ) ;
#2370 = SURFACE_SIDE_STYLE ('',( #3851 ) ) ;
#2371 = ORIENTED_EDGE ( 'NONE', *, *, #3017, .F. ) ;
#2372 = VECTOR ( 'NONE', #2973, 1000.000000000000000 ) ;
#2373 = DIRECTION ( 'NONE',  ( -8.202002250481356300E-017, 1.000000000000000000, 0.0000000000000000000 ) ) ;
#2374 = CARTESIAN_POINT ( 'NONE',  ( 15.01375035175125200, 15.03502403148986100, -10.99999999999999800 ) ) ;
#2375 = SPHERICAL_SURFACE ( 'NONE', #10517, 0.5000000000000000000 ) ;
#2376 = ORIENTED_EDGE ( 'NONE', *, *, #1337, .T. ) ;
#2377 = EDGE_CURVE ( 'NONE', #3963, #7772, #522, .T. ) ;
#2378 = AXIS2_PLACEMENT_3D ( 'NONE', #9278, #3354, #4308 ) ;
#2379 = EDGE_LOOP ( 'NONE', ( #825, #9729 ) ) ;
#2380 =( LENGTH_UNIT ( ) NAMED_UNIT ( * ) SI_UNIT ( .MILLI., .METRE. ) );
#2381 = EDGE_CURVE ( 'NONE', #7820, #3311, #6931, .T. ) ;
#2382 =( NAMED_UNIT ( * ) SI_UNIT ( $, .STERADIAN. ) SOLID_ANGLE_UNIT ( ) );
#2383 = ORIENTED_EDGE ( 'NONE', *, *, #7785, .F. ) ;
#2384 = SURFACE_STYLE_FILL_AREA ( #6905 ) ;
#2385 = DIRECTION ( 'NONE',  ( -1.000000000000000000, 0.0000000000000000000, 0.0000000000000000000 ) ) ;
#2386 = CARTESIAN_POINT ( 'NONE',  ( -15.49999999999999600, 15.50000000000087400, -10.99999999999999800 ) ) ;
#2387 = VECTOR ( 'NONE', #10094, 1000.000000000000000 ) ;
#2388 = UNCERTAINTY_MEASURE_WITH_UNIT (LENGTH_MEASURE( 1.000000000000000100E-005 ), #1686, 'distance_accuracy_value', 'NONE');
#2389 = VERTEX_POINT ( 'NONE', #9071 ) ;
#2390 = VECTOR ( 'NONE', #154, 1000.000000000000000 ) ;
#2391 = ADVANCED_FACE ( 'NONE', ( #3553 ), #1595, .F. ) ;
#2392 = SURFACE_STYLE_USAGE ( .BOTH. , #7383 ) ;
#2393 = EDGE_LOOP ( 'NONE', ( #9862, #10250, #5191, #9004, #1878, #5009, #6940, #8995 ) ) ;
#2394 = AXIS2_PLACEMENT_3D ( 'NONE', #10171, #2745, #8464 ) ;
#2395 = CARTESIAN_POINT ( 'NONE',  ( 0.0000000000000000000, 0.0000000000000000000, -11.49999999999999800 ) ) ;
#2396 = ORIENTED_EDGE ( 'NONE', *, *, #107, .F. ) ;
#2397 = CARTESIAN_POINT ( 'NONE',  ( 11.00000000000000000, 0.0000000000000000000, 11.50000000000000000 ) ) ;
#2398 = VECTOR ( 'NONE', #9562, 1000.000000000000000 ) ;
#2399 = AXIS2_PLACEMENT_3D ( 'NONE', #2763, #314, #7854 ) ;
#2400 = DIRECTION ( 'NONE',  ( 1.000000000000000000, 0.0000000000000000000, 0.0000000000000000000 ) ) ;
#2401 = LINE ( 'NONE', #6368, #10521 ) ;
#2402 = EDGE_CURVE ( 'NONE', #8818, #6844, #16, .T. ) ;
#2403 = ORIENTED_EDGE ( 'NONE', *, *, #8893, .T. ) ;
#2404 = FACE_OUTER_BOUND ( 'NONE', #1732, .T. ) ;
#2405 = VERTEX_POINT ( 'NONE', #5880 ) ;
#2406 = DIRECTION ( 'NONE',  ( 0.0000000000000000000, 0.0000000000000000000, -1.000000000000000000 ) ) ;
#2407 = EDGE_LOOP ( 'NONE', ( #9915, #9823, #2095, #6134 ) ) ;
#2408 = DIRECTION ( 'NONE',  ( 0.0000000000000000000, 0.0000000000000000000, -1.000000000000000000 ) ) ;
#2409 = LINE ( 'NONE', #6847, #2274 ) ;
#2410 = CARTESIAN_POINT ( 'NONE',  ( 20.64999999999999900, 16.94289321881343500, 10.00000000000000000 ) ) ;
#2411 = CIRCLE ( 'NONE', #1967, 2.500000000000000000 ) ;
#2412 =( GEOMETRIC_REPRESENTATION_CONTEXT ( 3 ) GLOBAL_UNCERTAINTY_ASSIGNED_CONTEXT ( ( #563 ) ) GLOBAL_UNIT_ASSIGNED_CONTEXT ( ( #6849, #9238, #1874 ) ) REPRESENTATION_CONTEXT ( 'NONE', 'WORKASPACE' ) );
#2413 =( NAMED_UNIT ( * ) SI_UNIT ( $, .STERADIAN. ) SOLID_ANGLE_UNIT ( ) );
#2414 =( NAMED_UNIT ( * ) SI_UNIT ( $, .STERADIAN. ) SOLID_ANGLE_UNIT ( ) );
#2415 = EDGE_CURVE ( 'NONE', #3284, #8397, #1090, .T. ) ;
#2416 =( NAMED_UNIT ( * ) PLANE_ANGLE_UNIT ( ) SI_UNIT ( $, .RADIAN. ) );
#2417 = EDGE_LOOP ( 'NONE', ( #1323, #3546, #7222, #3750 ) ) ;
#2418 = DIRECTION ( 'NONE',  ( -0.0000000000000000000, 1.000000000000000000, -0.0000000000000000000 ) ) ;
#2419 = LINE ( 'NONE', #3113, #177 ) ;
#2420 = FILL_AREA_STYLE_COLOUR ( '', #10663 ) ;
#2421 = DIRECTION ( 'NONE',  ( -1.000000000000000000, 0.0000000000000000000, 0.0000000000000000000 ) ) ;
#2422 = DIRECTION ( 'NONE',  ( -0.0000000000000000000, 1.000000000000000000, -0.0000000000000000000 ) ) ;
#2423 = CARTESIAN_POINT ( 'NONE',  ( 14.25000000000000500, -15.50000000000000000, 10.00000000000000000 ) ) ;
#2424 = ORIENTED_EDGE ( 'NONE', *, *, #161, .T. ) ;
#2425 = FACE_OUTER_BOUND ( 'NONE', #4551, .T. ) ;
#2426 = VECTOR ( 'NONE', #2823, 1000.000000000000000 ) ;
#2427 = EDGE_LOOP ( 'NONE', ( #56, #2594, #1054, #7470 ) ) ;
#2428 = FILL_AREA_STYLE ('',( #7425 ) ) ;
#2429 = PRESENTATION_LAYER_ASSIGNMENT (  '', '', ( #2030 ) ) ;
#2430 =( NAMED_UNIT ( * ) SI_UNIT ( $, .STERADIAN. ) SOLID_ANGLE_UNIT ( ) );
#2431 = ORIENTED_EDGE ( 'NONE', *, *, #2518, .F. ) ;
#2432 = DIRECTION ( 'NONE',  ( 1.000000000000000000, 0.0000000000000000000, -0.0000000000000000000 ) ) ;
#2433 = DIRECTION ( 'NONE',  ( -0.0000000000000000000, -0.0000000000000000000, -1.000000000000000000 ) ) ;
#2434 = PRESENTATION_STYLE_ASSIGNMENT (( #6745 ) ) ;
#2435 = VERTEX_POINT ( 'NONE', #8450 ) ;
#2436 = PRESENTATION_STYLE_ASSIGNMENT (( #5779 ) ) ;
#2437 = CARTESIAN_POINT ( 'NONE',  ( -21.14999999999999500, -17.14999999999999500, 9.500000000000000000 ) ) ;
#2438 =( GEOMETRIC_REPRESENTATION_CONTEXT ( 3 ) GLOBAL_UNCERTAINTY_ASSIGNED_CONTEXT ( ( #2632 ) ) GLOBAL_UNIT_ASSIGNED_CONTEXT ( ( #42, #1048, #2004 ) ) REPRESENTATION_CONTEXT ( 'NONE', 'WORKASPACE' ) );
#2439 = ORIENTED_EDGE ( 'NONE', *, *, #322, .T. ) ;
#2440 = ADVANCED_FACE ( 'NONE', ( #5001 ), #263, .T. ) ;
#2441 = STYLED_ITEM ( 'NONE', ( #10029 ), #5609 ) ;
#2442 = CARTESIAN_POINT ( 'NONE',  ( -16.74998035735715300, -15.96497596850949400, -9.499999999999998200 ) ) ;
#2443 = EDGE_CURVE ( 'NONE', #7120, #5372, #8633, .T. ) ;
#2444 = AXIS2_PLACEMENT_3D ( 'NONE', #3804, #7969, #7187 ) ;
#2445 = DIRECTION ( 'NONE',  ( 0.0000000000000000000, 0.0000000000000000000, 1.000000000000000000 ) ) ;
#2446 = ORIENTED_EDGE ( 'NONE', *, *, #6174, .F. ) ;
#2447 = DIRECTION ( 'NONE',  ( -1.000000000000000000, 4.542762141924073600E-015, 0.0000000000000000000 ) ) ;
#2448 = UNCERTAINTY_MEASURE_WITH_UNIT (LENGTH_MEASURE( 1.000000000000000100E-005 ), #262, 'distance_accuracy_value', 'NONE');
#2449 = DIRECTION ( 'NONE',  ( 0.0000000000000000000, -1.000000000000000000, 0.0000000000000000000 ) ) ;
#2451 = AXIS2_PLACEMENT_3D ( 'NONE', #10223, #8548, #991 ) ;
#2450 = CARTESIAN_POINT ( 'NONE',  ( -15.96497596851089900, 16.74998035735668000, -10.99999999999999800 ) ) ;
#2452 = COLOUR_RGB ( '',0.0000000000000000000, 0.0000000000000000000, 0.0000000000000000000 ) ;
#2453 = ORIENTED_EDGE ( 'NONE', *, *, #5246, .T. ) ;
#2454 = COLOUR_RGB ( '',0.2509803921568627400, 0.2509803921568627400, 0.2509803921568627400 ) ;
#2455 = STYLED_ITEM ( 'NONE', ( #9990 ), #6274 ) ;
#2456 = CIRCLE ( 'NONE', #4788, 0.5000000000000004400 ) ;
#2457 = EDGE_CURVE ( 'NONE', #8524, #4579, #5771, .T. ) ;
#2458 =( NAMED_UNIT ( * ) PLANE_ANGLE_UNIT ( ) SI_UNIT ( $, .RADIAN. ) );
#2459 =( LENGTH_UNIT ( ) NAMED_UNIT ( * ) SI_UNIT ( .MILLI., .METRE. ) );
#2460 = DIRECTION ( 'NONE',  ( -0.0000000000000000000, -0.0000000000000000000, -1.000000000000000000 ) ) ;
#2461 = CARTESIAN_POINT ( 'NONE',  ( 0.0000000000000000000, 0.0000000000000000000, -9.499999999999998200 ) ) ;
#2462 = LINE ( 'NONE', #1375, #3620 ) ;
#2463 = VERTEX_POINT ( 'NONE', #1746 ) ;
#2464 = EDGE_LOOP ( 'NONE', ( #1666, #5899, #5747, #10608 ) ) ;
#2465 = LINE ( 'NONE', #2955, #7434 ) ;
#2466 = CARTESIAN_POINT ( 'NONE',  ( 0.0000000000000000000, 0.0000000000000000000, -9.499999999999998200 ) ) ;
#2467 = PRESENTATION_STYLE_ASSIGNMENT (( #8175 ) ) ;
#2468 = VERTEX_POINT ( 'NONE', #7569 ) ;
#2469 = FILL_AREA_STYLE_COLOUR ( '', #9858 ) ;
#2470 = DIRECTION ( 'NONE',  ( 0.0000000000000000000, 0.0000000000000000000, -1.000000000000000000 ) ) ;
#2471 = EDGE_CURVE ( 'NONE', #9035, #6424, #7473, .T. ) ;
#2472 = CIRCLE ( 'NONE', #4421, 2.399999999999999500 ) ;
#2473 = CARTESIAN_POINT ( 'NONE',  ( -2.799999999999999800, 0.0000000000000000000, -9.499999999999998200 ) ) ;
#2474 = ORIENTED_EDGE ( 'NONE', *, *, #7565, .T. ) ;
#2475 =( NAMED_UNIT ( * ) PLANE_ANGLE_UNIT ( ) SI_UNIT ( $, .RADIAN. ) );
#2476 = EDGE_LOOP ( 'NONE', ( #2133, #570 ) ) ;
#2477 = ORIENTED_EDGE ( 'NONE', *, *, #7985, .T. ) ;
#2478 = CARTESIAN_POINT ( 'NONE',  ( -1.800000000000000900, -39.15000000000002000, -14.35000000000000500 ) ) ;
#2479 = B_SPLINE_CURVE_WITH_KNOTS ( 'NONE', 3,
 ( #431, #1156, #9475, #8664, #5389, #2848, #3656, #9507 ),
 .UNSPECIFIED., .F., .F.,
 ( 4, 2, 2, 4 ),
 ( 0.0000000000000000000, 0.0007972752717058471200, 0.001195912907558769000, 0.001594550543411690800 ),
 .UNSPECIFIED. ) ;
#2480 = EDGE_CURVE ( 'NONE', #7376, #9593, #3289, .T. ) ;
#2481 = CARTESIAN_POINT ( 'NONE',  ( 3.500000000000000000, 0.0000000000000000000, 10.00000000000000000 ) ) ;
#2482 = AXIS2_PLACEMENT_3D ( 'NONE', #3071, #8087, #10516 ) ;
#2483 = ORIENTED_EDGE ( 'NONE', *, *, #5143, .F. ) ;
#2484 = DIRECTION ( 'NONE',  ( -1.000000000000000000, 0.0000000000000000000, 0.0000000000000000000 ) ) ;
#2485 = VECTOR ( 'NONE', #4607, 1000.000000000000000 ) ;
#2486 = CARTESIAN_POINT ( 'NONE',  ( -0.6000000000000010900, -18.15000000000000600, -13.85000000000000300 ) ) ;
#2487 = ORIENTED_EDGE ( 'NONE', *, *, #10155, .T. ) ;
#2488 = ORIENTED_EDGE ( 'NONE', *, *, #4971, .F. ) ;
#2489 = ORIENTED_EDGE ( 'NONE', *, *, #7366, .F. ) ;
#2490 = MECHANICAL_DESIGN_GEOMETRIC_PRESENTATION_REPRESENTATION (  '', ( #1599 ), #10341 ) ;
#2491 = ADVANCED_FACE ( 'NONE', ( #7209 ), #4724, .T. ) ;
#2492 = ORIENTED_EDGE ( 'NONE', *, *, #5143, .T. ) ;
#2493 = FACE_OUTER_BOUND ( 'NONE', #2001, .T. ) ;
#2494 = LINE ( 'NONE', #6571, #265 ) ;
#2495 = FACE_BOUND ( 'NONE', #8692, .T. ) ;
#2496 = DIRECTION ( 'NONE',  ( -1.000000000000000000, 0.0000000000000000000, -0.0000000000000000000 ) ) ;
#2497 = CARTESIAN_POINT ( 'NONE',  ( 16.75000000000000000, -15.50000000000000000, 5.500000000000000000 ) ) ;
#2498 = ORIENTED_EDGE ( 'NONE', *, *, #10605, .T. ) ;
#2499 = ORIENTED_EDGE ( 'NONE', *, *, #9038, .T. ) ;
#2500 =( LENGTH_UNIT ( ) NAMED_UNIT ( * ) SI_UNIT ( .MILLI., .METRE. ) );
#2502 = SURFACE_STYLE_USAGE ( .BOTH. , #6590 ) ;
#2501 = STYLED_ITEM ( 'NONE', ( #5482 ), #7968 ) ;
#2503 = PRESENTATION_LAYER_ASSIGNMENT (  '', '', ( #1963 ) ) ;
#2504 = ORIENTED_EDGE ( 'NONE', *, *, #7299, .F. ) ;
#2505 = VERTEX_POINT ( 'NONE', #9283 ) ;
#2506 = EDGE_CURVE ( 'NONE', #2123, #9933, #7749, .T. ) ;
#2507 = CARTESIAN_POINT ( 'NONE',  ( -16.94289321881343500, 20.64999999999999900, -1.499999999999997800 ) ) ;
#2508 = FACE_OUTER_BOUND ( 'NONE', #10055, .T. ) ;
#2509 = AXIS2_PLACEMENT_3D ( 'NONE', #6876, #2675, #1829 ) ;
#2510 = DIRECTION ( 'NONE',  ( 1.000000000000000000, 0.0000000000000000000, 0.0000000000000000000 ) ) ;
#2511 = ORIENTED_EDGE ( 'NONE', *, *, #2293, .F. ) ;
#2512 = PRESENTATION_STYLE_ASSIGNMENT (( #2875 ) ) ;
#2513 = DIRECTION ( 'NONE',  ( -0.0000000000000000000, -1.000000000000000000, -0.0000000000000000000 ) ) ;
#2514 = DIRECTION ( 'NONE',  ( 0.0000000000000000000, 0.0000000000000000000, 1.000000000000000000 ) ) ;
#2515 = DIRECTION ( 'NONE',  ( 0.0000000000000000000, 0.0000000000000000000, -1.000000000000000000 ) ) ;
#2516 = ORIENTED_EDGE ( 'NONE', *, *, #2480, .T. ) ;
#2517 = DIRECTION ( 'NONE',  ( -0.0000000000000000000, -0.0000000000000000000, 1.000000000000000000 ) ) ;
#2518 = EDGE_CURVE ( 'NONE', #10492, #737, #3822, .T. ) ;
#2519 = PRESENTATION_LAYER_ASSIGNMENT (  '', '', ( #5536 ) ) ;
#2520 = VECTOR ( 'NONE', #4982, 1000.000000000000000 ) ;
#2521 =( GEOMETRIC_REPRESENTATION_CONTEXT ( 3 ) GLOBAL_UNCERTAINTY_ASSIGNED_CONTEXT ( ( #7068 ) ) GLOBAL_UNIT_ASSIGNED_CONTEXT ( ( #10698, #2475, #4121 ) ) REPRESENTATION_CONTEXT ( 'NONE', 'WORKASPACE' ) );
#2522 = UNCERTAINTY_MEASURE_WITH_UNIT (LENGTH_MEASURE( 1.000000000000000100E-005 ), #2500, 'distance_accuracy_value', 'NONE');
#2523 = DIRECTION ( 'NONE',  ( -0.0000000000000000000, -0.0000000000000000000, -1.000000000000000000 ) ) ;
#2524 = EDGE_CURVE ( 'NONE', #6972, #7903, #1476, .T. ) ;
#2525 = CARTESIAN_POINT ( 'NONE',  ( -13.59999999999999600, 15.50000000000087400, -10.99999999999999800 ) ) ;
#2526 = DIRECTION ( 'NONE',  ( 0.0000000000000000000, -1.000000000000000000, 0.0000000000000000000 ) ) ;
#2527 = EDGE_LOOP ( 'NONE', ( #178, #5617, #10329, #1816 ) ) ;
#2528 = DIRECTION ( 'NONE',  ( 0.0000000000000000000, 0.0000000000000000000, -1.000000000000000000 ) ) ;
#2529 = SURFACE_SIDE_STYLE ('',( #2248 ) ) ;
#2530 = VERTEX_POINT ( 'NONE', #932 ) ;
#2531 = CIRCLE ( 'NONE', #1644, 0.5000000000000004400 ) ;
#2532 = CYLINDRICAL_SURFACE ( 'NONE', #5928, 2.700000000000001100 ) ;
#2533 = VERTEX_POINT ( 'NONE', #1709 ) ;
#2534 = LINE ( 'NONE', #10392, #304 ) ;
#2535 = PRESENTATION_LAYER_ASSIGNMENT (  '', '', ( #3866 ) ) ;
#2536 = DIRECTION ( 'NONE',  ( 0.0000000000000000000, -0.0000000000000000000, -1.000000000000000000 ) ) ;
#2537 = AXIS2_PLACEMENT_3D ( 'NONE', #6560, #5179, #911 ) ;
#2538 = EDGE_CURVE ( 'NONE', #1471, #2822, #8786, .T. ) ;
#2539 = EDGE_LOOP ( 'NONE', ( #4474, #3119, #4220, #1095 ) ) ;
#2540 = DIRECTION ( 'NONE',  ( 0.0000000000000000000, 0.0000000000000000000, 1.000000000000000000 ) ) ;
#2541 = LINE ( 'NONE', #506, #1781 ) ;
#2542 = PRESENTATION_STYLE_ASSIGNMENT (( #6170 ) ) ;
#2543 = CARTESIAN_POINT ( 'NONE',  ( 15.49999999999912400, -15.50000000000000200, -9.499999999999998200 ) ) ;
#2544 =( NAMED_UNIT ( * ) SI_UNIT ( $, .STERADIAN. ) SOLID_ANGLE_UNIT ( ) );
#2545 = CARTESIAN_POINT ( 'NONE',  ( -1.800000000000000900, -39.15000000000002000, -13.35000000000000100 ) ) ;
#2546 = VERTEX_POINT ( 'NONE', #8559 ) ;
#2547 = ADVANCED_FACE ( 'NONE', ( #9434 ), #3020, .F. ) ;
#2548 = CIRCLE ( 'NONE', #10444, 0.5000000000000004400 ) ;
#2549 = PLANE ( 'NONE',  #10006 ) ;
#2550 = EDGE_CURVE ( 'NONE', #3775, #838, #10367, .T. ) ;
#2551 =( GEOMETRIC_REPRESENTATION_CONTEXT ( 3 ) GLOBAL_UNCERTAINTY_ASSIGNED_CONTEXT ( ( #5418 ) ) GLOBAL_UNIT_ASSIGNED_CONTEXT ( ( #10395, #3761, #5423 ) ) REPRESENTATION_CONTEXT ( 'NONE', 'WORKASPACE' ) );
#2552 = CIRCLE ( 'NONE', #10626, 0.5000000000000022200 ) ;
#2553 = DIRECTION ( 'NONE',  ( 1.000000000000000000, 0.0000000000000000000, 0.0000000000000000000 ) ) ;
#2554 = VECTOR ( 'NONE', #663, 1000.000000000000000 ) ;
#2555 = PLANE ( 'NONE',  #8951 ) ;
#2556 = PLANE ( 'NONE',  #7911 ) ;
#2557 = DIRECTION ( 'NONE',  ( -0.0000000000000000000, -0.0000000000000000000, -1.000000000000000000 ) ) ;
#2558 = DIRECTION ( 'NONE',  ( -1.000000000000000000, 0.0000000000000000000, 0.0000000000000000000 ) ) ;
#2559 = CARTESIAN_POINT ( 'NONE',  ( -0.6000000000000010900, -18.15000000000000600, -13.35000000000000100 ) ) ;
#2560 = COLOUR_RGB ( '',0.0000000000000000000, 0.5019607843137254800, 1.000000000000000000 ) ;
#2561 = PRESENTATION_LAYER_ASSIGNMENT (  '', '', ( #313 ) ) ;
#2562 = VERTEX_POINT ( 'NONE', #1150 ) ;
#2563 = CARTESIAN_POINT ( 'NONE',  ( -17.14999999999997000, -21.15000000000000600, -10.99999999999999800 ) ) ;
#2564 = EDGE_CURVE ( 'NONE', #1986, #6129, #1867, .T. ) ;
#2565 = PRESENTATION_STYLE_ASSIGNMENT (( #3844 ) ) ;
#2566 = CARTESIAN_POINT ( 'NONE',  ( 0.0000000000000000000, 0.0000000000000000000, 4.000000000000003600 ) ) ;
#2567 = CIRCLE ( 'NONE', #8299, 11.50000000000000000 ) ;
#2568 = ORIENTED_EDGE ( 'NONE', *, *, #4892, .F. ) ;
#2569 = EDGE_CURVE ( 'NONE', #8989, #10422, #2125, .T. ) ;
#2570 = DIRECTION ( 'NONE',  ( -0.0000000000000000000, 1.000000000000000000, -0.0000000000000000000 ) ) ;
#2571 = MECHANICAL_DESIGN_GEOMETRIC_PRESENTATION_REPRESENTATION (  '', ( #2030 ), #4315 ) ;
#2572 = COLOUR_RGB ( '',0.0000000000000000000, 0.5019607843137254800, 1.000000000000000000 ) ;
#2573 = DIRECTION ( 'NONE',  ( 0.0000000000000000000, 0.0000000000000000000, 1.000000000000000000 ) ) ;
#2574 = LINE ( 'NONE', #3570, #889 ) ;
#2575 = SURFACE_STYLE_USAGE ( .BOTH. , #1653 ) ;
#2576 = ORIENTED_EDGE ( 'NONE', *, *, #7092, .T. ) ;
#2577 = CARTESIAN_POINT ( 'NONE',  ( 17.14999999999998400, -21.15000000000000200, 9.500000000000000000 ) ) ;
#2578 = DIRECTION ( 'NONE',  ( -1.000000000000000000, 0.0000000000000000000, 0.0000000000000000000 ) ) ;
#2579 = ORIENTED_EDGE ( 'NONE', *, *, #5181, .T. ) ;
#2580 = UNCERTAINTY_MEASURE_WITH_UNIT (LENGTH_MEASURE( 1.000000000000000100E-005 ), #3536, 'distance_accuracy_value', 'NONE');
#2581 = AXIS2_PLACEMENT_3D ( 'NONE', #5645, #9846, #752 ) ;
#2582 = AXIS2_PLACEMENT_3D ( 'NONE', #10302, #4484, #9567 ) ;
#2583 = ORIENTED_EDGE ( 'NONE', *, *, #187, .T. ) ;
#2584 = EDGE_CURVE ( 'NONE', #7302, #2326, #7871, .T. ) ;
#2585 =( LENGTH_UNIT ( ) NAMED_UNIT ( * ) SI_UNIT ( .MILLI., .METRE. ) );
#2586 =( LENGTH_UNIT ( ) NAMED_UNIT ( * ) SI_UNIT ( .MILLI., .METRE. ) );
#2587 = EDGE_LOOP ( 'NONE', ( #8591, #7489, #1808, #823 ) ) ;
#2588 = SURFACE_SIDE_STYLE ('',( #1929 ) ) ;
#2589 = CARTESIAN_POINT ( 'NONE',  ( 17.29644660940670800, -21.00355339059327900, 2.000000000000000000 ) ) ;
#2590 = CARTESIAN_POINT ( 'NONE',  ( -15.03502403149003500, 16.74998035735667700, -9.499999999999998200 ) ) ;
#2591 = STYLED_ITEM ( 'NONE', ( #9833 ), #1852 ) ;
#2592 = PRESENTATION_LAYER_ASSIGNMENT (  '', '', ( #8971 ) ) ;
#2593 = DIRECTION ( 'NONE',  ( -1.235860604586721200E-014, 1.000000000000000000, 0.0000000000000000000 ) ) ;
#2594 = ORIENTED_EDGE ( 'NONE', *, *, #9454, .F. ) ;
#2595 = EDGE_CURVE ( 'NONE', #9035, #6301, #9827, .T. ) ;
#2596 = ADVANCED_FACE ( 'NONE', ( #7740 ), #810, .T. ) ;
#2597 = DIRECTION ( 'NONE',  ( 0.7071067811865487900, -0.7071067811865463500, -0.0000000000000000000 ) ) ;
#2598 = FACE_OUTER_BOUND ( 'NONE', #4501, .T. ) ;
#2599 = ORIENTED_EDGE ( 'NONE', *, *, #5499, .F. ) ;
#2600 = CARTESIAN_POINT ( 'NONE',  ( 16.74998035735527000, 15.03502403148956300, -10.99999999999999800 ) ) ;
#2601 = CARTESIAN_POINT ( 'NONE',  ( -3.500000000000000000, 0.0000000000000000000, -9.499999999999998200 ) ) ;
#2602 = DIRECTION ( 'NONE',  ( -0.7363275207553919800, 0.0000000000000000000, 0.6766252893427926500 ) ) ;
#2603 = ORIENTED_EDGE ( 'NONE', *, *, #4630, .F. ) ;
#2604 = STYLED_ITEM ( 'NONE', ( #8626 ), #2978 ) ;
#2605 = DIRECTION ( 'NONE',  ( -0.0000000000000000000, -0.0000000000000000000, -1.000000000000000000 ) ) ;
#2606 = ORIENTED_EDGE ( 'NONE', *, *, #2506, .F. ) ;
#2607 = CARTESIAN_POINT ( 'NONE',  ( -15.03502403149003500, 15.01375035175260000, -10.99999999999999800 ) ) ;
#2608 = EDGE_CURVE ( 'NONE', #5857, #1623, #5512, .T. ) ;
#2609 = CARTESIAN_POINT ( 'NONE',  ( -21.14999999999999500, 13.32957238623956400, 2.000000000000001800 ) ) ;
#2610 = ORIENTED_EDGE ( 'NONE', *, *, #8665, .F. ) ;
#2611 = DIRECTION ( 'NONE',  ( 0.0000000000000000000, 0.0000000000000000000, -1.000000000000000000 ) ) ;
#2612 = VECTOR ( 'NONE', #5114, 1000.000000000000000 ) ;
#2613 = VERTEX_POINT ( 'NONE', #5196 ) ;
#2614 = ORIENTED_EDGE ( 'NONE', *, *, #7413, .F. ) ;
#2615 = ORIENTED_EDGE ( 'NONE', *, *, #9829, .T. ) ;
#2616 = EDGE_CURVE ( 'NONE', #9895, #8438, #4859, .T. ) ;
#2617 = CARTESIAN_POINT ( 'NONE',  ( 15.98624964824874800, 15.96497596851013900, -10.99999999999999800 ) ) ;
#2618 = AXIS2_PLACEMENT_3D ( 'NONE', #8650, #5228, #10307 ) ;
#2619 = DIRECTION ( 'NONE',  ( -0.0000000000000000000, -0.0000000000000000000, 1.000000000000000000 ) ) ;
#2620 = CARTESIAN_POINT ( 'NONE',  ( -16.74998035735715300, -15.96497596850949400, -9.499999999999998200 ) ) ;
#2621 = CARTESIAN_POINT ( 'NONE',  ( 15.96497596850902500, -15.98624964824928800, -9.499999999999998200 ) ) ;
#2622 = ORIENTED_EDGE ( 'NONE', *, *, #3001, .T. ) ;
#2623 = LINE ( 'NONE', #8986, #3274 ) ;
#2624 = EDGE_LOOP ( 'NONE', ( #6318, #7034, #2686, #142 ) ) ;
#2625 = AXIS2_PLACEMENT_3D ( 'NONE', #5873, #10855, #5840 ) ;
#2626 = ORIENTED_EDGE ( 'NONE', *, *, #3739, .T. ) ;
#2627 = FACE_OUTER_BOUND ( 'NONE', #4285, .T. ) ;
#2628 = ORIENTED_EDGE ( 'NONE', *, *, #4716, .T. ) ;
#2629 = DIRECTION ( 'NONE',  ( 0.0000000000000000000, 0.0000000000000000000, 1.000000000000000000 ) ) ;
#2630 = LINE ( 'NONE', #10443, #9443 ) ;
#2631 = FILL_AREA_STYLE ('',( #4111 ) ) ;
#2632 = UNCERTAINTY_MEASURE_WITH_UNIT (LENGTH_MEASURE( 1.000000000000000100E-005 ), #42, 'distance_accuracy_value', 'NONE');
#2633 = VECTOR ( 'NONE', #7461, 1000.000000000000000 ) ;
#2634 = ORIENTED_EDGE ( 'NONE', *, *, #10653, .F. ) ;
#2636 = AXIS2_PLACEMENT_3D ( 'NONE', #9406, #5172, #9364 ) ;
#2635 = DIRECTION ( 'NONE',  ( -0.0000000000000000000, 1.000000000000000000, -0.0000000000000000000 ) ) ;
#2637 = CIRCLE ( 'NONE', #2399, 20.00000000000000000 ) ;
#2638 = PRESENTATION_LAYER_ASSIGNMENT (  '', '', ( #1547 ) ) ;
#2639 = EDGE_LOOP ( 'NONE', ( #6547, #3859, #6450, #3964, #1466, #1172 ) ) ;
#2640 = ORIENTED_EDGE ( 'NONE', *, *, #540, .T. ) ;
#2641 = EDGE_CURVE ( 'NONE', #7155, #2257, #3154, .T. ) ;
#2642 = DIRECTION ( 'NONE',  ( 0.0000000000000000000, -0.0000000000000000000, 1.000000000000000000 ) ) ;
#2643 = CARTESIAN_POINT ( 'NONE',  ( 0.0000000000000000000, 0.0000000000000000000, -1.499999999999997800 ) ) ;
#2644 =( NAMED_UNIT ( * ) PLANE_ANGLE_UNIT ( ) SI_UNIT ( $, .RADIAN. ) );
#2645 = EDGE_LOOP ( 'NONE', ( #2431, #9627, #3393, #3252 ) ) ;
#2646 = DIRECTION ( 'NONE',  ( -1.000000000000000000, 0.0000000000000000000, 0.0000000000000000000 ) ) ;
#2647 = VERTEX_POINT ( 'NONE', #7760 ) ;
#2648 = ADVANCED_FACE ( 'NONE', ( #9565, #3945 ), #7641, .T. ) ;
#2649 = DIRECTION ( 'NONE',  ( -0.0000000000000000000, -0.0000000000000000000, 1.000000000000000000 ) ) ;
#2650 = UNCERTAINTY_MEASURE_WITH_UNIT (LENGTH_MEASURE( 1.000000000000000100E-005 ), #10544, 'distance_accuracy_value', 'NONE');
#2651 = DIRECTION ( 'NONE',  ( 0.7363275207553914300, 0.0000000000000000000, 0.6766252893427930900 ) ) ;
#2652 = FILL_AREA_STYLE_COLOUR ( '', #3140 ) ;
#2653 = STYLED_ITEM ( 'NONE', ( #9863 ), #1256 ) ;
#2654 = VERTEX_POINT ( 'NONE', #1036 ) ;
#2655 = VECTOR ( 'NONE', #2050, 1000.000000000000000 ) ;
#2656 = STYLED_ITEM ( 'NONE', ( #4616 ), #6655 ) ;
#2657 = DIRECTION ( 'NONE',  ( -1.000000000000000000, 0.0000000000000000000, 0.0000000000000000000 ) ) ;
#2658 = COLOUR_RGB ( '',0.2509803921568627400, 0.2509803921568627400, 0.2509803921568627400 ) ;
#2659 = EDGE_CURVE ( 'NONE', #4899, #7022, #4076, .T. ) ;
#2660 = CARTESIAN_POINT ( 'NONE',  ( 0.0000000000000000000, 0.0000000000000000000, 30.00000000000000000 ) ) ;
#2661 = SURFACE_SIDE_STYLE ('',( #759 ) ) ;
#2662 = LINE ( 'NONE', #141, #9476 ) ;
#2663 = ADVANCED_FACE ( 'NONE', ( #6551 ), #941, .T. ) ;
#2664 =( LENGTH_UNIT ( ) NAMED_UNIT ( * ) SI_UNIT ( .MILLI., .METRE. ) );
#2665 = ORIENTED_EDGE ( 'NONE', *, *, #6487, .F. ) ;
#2666 = DIRECTION ( 'NONE',  ( -1.000000000000000000, 0.0000000000000000000, -0.0000000000000000000 ) ) ;
#2667 = PRESENTATION_STYLE_ASSIGNMENT (( #8213 ) ) ;
#2668 = VECTOR ( 'NONE', #7029, 1000.000000000000000 ) ;
#2669 = ORIENTED_EDGE ( 'NONE', *, *, #1783, .T. ) ;
#2670 = PRESENTATION_LAYER_ASSIGNMENT (  '', '', ( #629 ) ) ;
#2671 = CARTESIAN_POINT ( 'NONE',  ( -14.19283027458642900, 15.98624964825022200, -9.499999999999998200 ) ) ;
#2672 = EDGE_LOOP ( 'NONE', ( #9634, #10718, #854, #2952, #2233, #7655, #5063, #406 ) ) ;
#2673 = EDGE_CURVE ( 'NONE', #3775, #3811, #6416, .T. ) ;
#2674 = CARTESIAN_POINT ( 'NONE',  ( -12.75000000000000000, 15.50000000000087400, -10.99999999999999800 ) ) ;
#2675 = DIRECTION ( 'NONE',  ( -0.0000000000000000000, -1.000000000000000000, -0.0000000000000000000 ) ) ;
#2676 = DIRECTION ( 'NONE',  ( 0.0000000000000000000, -1.000000000000000000, 0.0000000000000000000 ) ) ;
#2677 = COLOUR_RGB ( '',1.000000000000000000, 0.9058823529411764700, 0.1843137254901960900 ) ;
#2678 = SURFACE_SIDE_STYLE ('',( #8964 ) ) ;
#2679 = VERTEX_POINT ( 'NONE', #2922 ) ;
#2680 = PLANE ( 'NONE',  #10771 ) ;
#2681 = EDGE_CURVE ( 'NONE', #7747, #2468, #7860, .T. ) ;
#2682 = DIRECTION ( 'NONE',  ( -0.0000000000000000000, 1.000000000000000000, -0.0000000000000000000 ) ) ;
#2683 = CARTESIAN_POINT ( 'NONE',  ( 15.98624964824874800, 15.03502403148986100, -9.499999999999998200 ) ) ;
#2684 = ORIENTED_EDGE ( 'NONE', *, *, #3043, .T. ) ;
#2685 = DIRECTION ( 'NONE',  ( -0.0000000000000000000, -0.0000000000000000000, 1.000000000000000000 ) ) ;
#2686 = ORIENTED_EDGE ( 'NONE', *, *, #3627, .T. ) ;
#2687 = FILL_AREA_STYLE_COLOUR ( '', #8402 ) ;
#2688 = DIRECTION ( 'NONE',  ( 1.000000000000000000, 0.0000000000000000000, 0.0000000000000000000 ) ) ;
#2689 = FILL_AREA_STYLE_COLOUR ( '', #10034 ) ;
#2690 = LINE ( 'NONE', #9545, #9107 ) ;
#2691 = FILL_AREA_STYLE_COLOUR ( '', #5255 ) ;
#2692 = ORIENTED_EDGE ( 'NONE', *, *, #4546, .T. ) ;
#2693 = CARTESIAN_POINT ( 'NONE',  ( -21.14999999999999500, -21.15000000000000600, -1.499999999999997800 ) ) ;
#2694 = ADVANCED_FACE ( 'NONE', ( #3399, #10484, #8511, #2495, #2116, #8636 ), #7043, .F. ) ;
#2695 = DIRECTION ( 'NONE',  ( 1.000000000000000000, 0.0000000000000000000, 0.0000000000000000000 ) ) ;
#2696 = AXIS2_PLACEMENT_3D ( 'NONE', #8706, #2038, #6983 ) ;
#2697 = EDGE_CURVE ( 'NONE', #2647, #5324, #1995, .T. ) ;
#2698 = DIRECTION ( 'NONE',  ( -6.938893903907221300E-015, -1.000000000000000000, 0.0000000000000000000 ) ) ;
#2699 = AXIS2_PLACEMENT_3D ( 'NONE', #7910, #4764, #9638 ) ;
#2700 = DIRECTION ( 'NONE',  ( 1.000000000000000000, 0.0000000000000000000, -0.0000000000000000000 ) ) ;
#2701 = AXIS2_PLACEMENT_3D ( 'NONE', #8711, #5437, #3818 ) ;
#2702 = PRESENTATION_STYLE_ASSIGNMENT (( #8487 ) ) ;
#2703 = EDGE_LOOP ( 'NONE', ( #10824, #6670, #2516, #717 ) ) ;
#2704 = SURFACE_STYLE_FILL_AREA ( #1084 ) ;
#2705 = UNCERTAINTY_MEASURE_WITH_UNIT (LENGTH_MEASURE( 1.000000000000000100E-005 ), #7381, 'distance_accuracy_value', 'NONE');
#2706 = CARTESIAN_POINT ( 'NONE',  ( -2.616151791541898100, -21.25000000000000700, -4.341649960993327200E-016 ) ) ;
#2707 = VECTOR ( 'NONE', #7484, 1000.000000000000000 ) ;
#2708 = ADVANCED_FACE ( 'NONE', ( #10611 ), #8728, .F. ) ;
#2709 = ORIENTED_EDGE ( 'NONE', *, *, #7523, .F. ) ;
#2710 = CARTESIAN_POINT ( 'NONE',  ( 0.0000000000000000000, 0.0000000000000000000, -8.499999999999996400 ) ) ;
#2711 = TOROIDAL_SURFACE ( 'NONE', #10026, 4.000000000000000000, 0.5000000000000000000 ) ;
#2712 = EDGE_CURVE ( 'NONE', #9849, #7876, #3934, .T. ) ;
#2713 = CARTESIAN_POINT ( 'NONE',  ( 1.799999999999998900, -39.15000000000002000, -14.35000000000000300 ) ) ;
#2714 =( GEOMETRIC_REPRESENTATION_CONTEXT ( 3 ) GLOBAL_UNCERTAINTY_ASSIGNED_CONTEXT ( ( #2650 ) ) GLOBAL_UNIT_ASSIGNED_CONTEXT ( ( #10544, #3951, #9795 ) ) REPRESENTATION_CONTEXT ( 'NONE', 'WORKASPACE' ) );
#2715 = ORIENTED_EDGE ( 'NONE', *, *, #5006, .T. ) ;
#2716 = ORIENTED_EDGE ( 'NONE', *, *, #3592, .F. ) ;
#2717 = PRESENTATION_STYLE_ASSIGNMENT (( #3902 ) ) ;
#2718 = PRESENTATION_LAYER_ASSIGNMENT (  '', '', ( #7782 ) ) ;
#2719 = DIRECTION ( 'NONE',  ( -1.235860604586731400E-014, 1.000000000000000000, 0.0000000000000000000 ) ) ;
#2720 = VECTOR ( 'NONE', #7114, 1000.000000000000000 ) ;
#2721 = EDGE_CURVE ( 'NONE', #10724, #5226, #8904, .T. ) ;
#2722 = VERTEX_POINT ( 'NONE', #5490 ) ;
#2723 = DIRECTION ( 'NONE',  ( -1.000000000000000000, 0.0000000000000000000, 0.0000000000000000000 ) ) ;
#2724 = FACE_OUTER_BOUND ( 'NONE', #2112, .T. ) ;
#2725 = CARTESIAN_POINT ( 'NONE',  ( -17.90000000000087300, -15.49999999999912400, -10.49999999999999600 ) ) ;
#2726 = SURFACE_SIDE_STYLE ('',( #8267 ) ) ;
#2727 = ORIENTED_EDGE ( 'NONE', *, *, #5750, .F. ) ;
#2728 = DIRECTION ( 'NONE',  ( 0.0000000000000000000, 0.0000000000000000000, -1.000000000000000000 ) ) ;
#2729 = CIRCLE ( 'NONE', #31, 0.5563334663949305300 ) ;
#2730 = PLANE ( 'NONE',  #4511 ) ;
#2731 = FACE_OUTER_BOUND ( 'NONE', #2476, .T. ) ;
#2732 = AXIS2_PLACEMENT_3D ( 'NONE', #4133, #9180, #66 ) ;
#2733 = EDGE_LOOP ( 'NONE', ( #8115, #1770, #4866, #2185, #9027, #5695, #1621, #7970, #783, #9708, #10154, #9780 ) ) ;
#2734 = ORIENTED_EDGE ( 'NONE', *, *, #5725, .T. ) ;
#2735 = AXIS2_PLACEMENT_3D ( 'NONE', #3709, #339, #7845 ) ;
#2736 = EDGE_CURVE ( 'NONE', #6844, #9964, #8774, .T. ) ;
#2737 = PLANE ( 'NONE',  #3409 ) ;
#2738 = VERTEX_POINT ( 'NONE', #1219 ) ;
#2739 = CARTESIAN_POINT ( 'NONE',  ( 20.64999999999999900, 16.94289321881343500, 9.500000000000000000 ) ) ;
#2740 = VECTOR ( 'NONE', #10227, 1000.000000000000000 ) ;
#2741 = PRESENTATION_STYLE_ASSIGNMENT (( #1794 ) ) ;
#2742 = SURFACE_SIDE_STYLE ('',( #8572 ) ) ;
#2743 = ORIENTED_EDGE ( 'NONE', *, *, #2608, .F. ) ;
#2744 = ORIENTED_EDGE ( 'NONE', *, *, #6584, .T. ) ;
#2745 = DIRECTION ( 'NONE',  ( 1.000000000000000000, 0.0000000000000000000, 1.659555831213624300E-016 ) ) ;
#2746 = EDGE_CURVE ( 'NONE', #10548, #3565, #8121, .T. ) ;
#2747 = ORIENTED_EDGE ( 'NONE', *, *, #6246, .T. ) ;
#2748 = CARTESIAN_POINT ( 'NONE',  ( 2.500000000000000000, 3.061616997868383100E-016, 29.50000000000000000 ) ) ;
#2749 = CIRCLE ( 'NONE', #9253, 3.250000000000001300 ) ;
#2750 = SURFACE_STYLE_FILL_AREA ( #1902 ) ;
#2751 = CARTESIAN_POINT ( 'NONE',  ( -20.64999999999999100, 16.94289321881343100, -10.99999999999999800 ) ) ;
#2752 = FACE_OUTER_BOUND ( 'NONE', #4455, .T. ) ;
#2753 = DIRECTION ( 'NONE',  ( -1.000000000000000000, 0.0000000000000000000, 0.0000000000000000000 ) ) ;
#2754 = CARTESIAN_POINT ( 'NONE',  ( -18.79644660940675000, 18.79644660940668300, -10.99999999999999800 ) ) ;
#2755 = VERTEX_POINT ( 'NONE', #3728 ) ;
#2756 = ADVANCED_FACE ( 'NONE', ( #9032 ), #654, .F. ) ;
#2757 = ORIENTED_EDGE ( 'NONE', *, *, #8799, .T. ) ;
#2758 = VERTEX_POINT ( 'NONE', #6485 ) ;
#2759 = VECTOR ( 'NONE', #3624, 1000.000000000000000 ) ;
#2760 = CIRCLE ( 'NONE', #4893, 0.5000000000000004400 ) ;
#2761 = VECTOR ( 'NONE', #10793, 1000.000000000000000 ) ;
#2762 = PRESENTATION_LAYER_ASSIGNMENT (  '', '', ( #10263 ) ) ;
#2763 = CARTESIAN_POINT ( 'NONE',  ( 0.0000000000000000000, 0.0000000000000000000, -11.49999999999999800 ) ) ;
#2764 = FACE_OUTER_BOUND ( 'NONE', #10419, .T. ) ;
#2765 = CARTESIAN_POINT ( 'NONE',  ( 0.5999999999999988700, -39.15000000000002000, -14.35000000000000500 ) ) ;
#2766 = DIRECTION ( 'NONE',  ( -0.7071067811865510100, -0.7071067811865441300, 0.0000000000000000000 ) ) ;
#2767 = ORIENTED_EDGE ( 'NONE', *, *, #9746, .F. ) ;
#2768 = ADVANCED_FACE ( 'NONE', ( #5113 ), #10767, .F. ) ;
#2769 = DIRECTION ( 'NONE',  ( 0.0000000000000000000, 0.0000000000000000000, 1.000000000000000000 ) ) ;
#2770 = ORIENTED_EDGE ( 'NONE', *, *, #8128, .F. ) ;
#2771 = STYLED_ITEM ( 'NONE', ( #7529 ), #8947 ) ;
#2772 = PLANE ( 'NONE',  #7025 ) ;
#2773 = VECTOR ( 'NONE', #4139, 1000.000000000000000 ) ;
#2774 = ORIENTED_EDGE ( 'NONE', *, *, #6927, .T. ) ;
#2775 = VECTOR ( 'NONE', #512, 1000.000000000000000 ) ;
#2776 = CARTESIAN_POINT ( 'NONE',  ( 0.0000000000000000000, 21.14999999999999900, -1.499999999999997800 ) ) ;
#2777 =( NAMED_UNIT ( * ) SI_UNIT ( $, .STERADIAN. ) SOLID_ANGLE_UNIT ( ) );
#2778 =( NAMED_UNIT ( * ) SI_UNIT ( $, .STERADIAN. ) SOLID_ANGLE_UNIT ( ) );
#2779 = ORIENTED_EDGE ( 'NONE', *, *, #10781, .F. ) ;
#2780 = FACE_OUTER_BOUND ( 'NONE', #3948, .T. ) ;
#2781 = AXIS2_PLACEMENT_3D ( 'NONE', #4606, #9657, #4644 ) ;
#2782 = DIRECTION ( 'NONE',  ( 8.202002250481356300E-017, -1.000000000000000000, -0.0000000000000000000 ) ) ;
#2783 = FACE_OUTER_BOUND ( 'NONE', #2624, .T. ) ;
#2784 =( GEOMETRIC_REPRESENTATION_CONTEXT ( 3 ) GLOBAL_UNCERTAINTY_ASSIGNED_CONTEXT ( ( #2070 ) ) GLOBAL_UNIT_ASSIGNED_CONTEXT ( ( #8766, #5481, #417 ) ) REPRESENTATION_CONTEXT ( 'NONE', 'WORKASPACE' ) );
#2785 = EDGE_CURVE ( 'NONE', #2435, #9957, #6935, .T. ) ;
#2786 =( NAMED_UNIT ( * ) SI_UNIT ( $, .STERADIAN. ) SOLID_ANGLE_UNIT ( ) );
#2787 = CARTESIAN_POINT ( 'NONE',  ( 0.0000000000000000000, 0.0000000000000000000, -11.49999999999999800 ) ) ;
#2788 = ORIENTED_EDGE ( 'NONE', *, *, #10514, .F. ) ;
#2789 = PRESENTATION_STYLE_ASSIGNMENT (( #8078 ) ) ;
#2790 = DIRECTION ( 'NONE',  ( -1.000000000000000000, 0.0000000000000000000, 0.0000000000000000000 ) ) ;
#2791 = VERTEX_POINT ( 'NONE', #1539 ) ;
#2792 = FACE_OUTER_BOUND ( 'NONE', #5551, .T. ) ;
#2793 = MECHANICAL_DESIGN_GEOMETRIC_PRESENTATION_REPRESENTATION (  '', ( #1647 ), #350 ) ;
#2794 = PLANE ( 'NONE',  #981 ) ;
#2795 = CARTESIAN_POINT ( 'NONE',  ( 0.0000000000000000000, 0.0000000000000000000, -1.500000000000001300 ) ) ;
#2796 = EDGE_CURVE ( 'NONE', #5673, #6436, #6683, .T. ) ;
#2797 = DIRECTION ( 'NONE',  ( 0.0000000000000000000, 0.0000000000000000000, 1.000000000000000000 ) ) ;
#2798 = VERTEX_POINT ( 'NONE', #3158 ) ;
#2799 = DIRECTION ( 'NONE',  ( 1.000000000000000000, 0.0000000000000000000, 0.0000000000000000000 ) ) ;
#2800 = DIRECTION ( 'NONE',  ( -0.0000000000000000000, -0.0000000000000000000, -1.000000000000000000 ) ) ;
#2801 = LINE ( 'NONE', #7946, #2668 ) ;
#2802 = FILL_AREA_STYLE ('',( #357 ) ) ;
#2803 = CARTESIAN_POINT ( 'NONE',  ( 21.14999999999999900, 16.94289321881345200, -1.499999999999997800 ) ) ;
#2804 = FACE_OUTER_BOUND ( 'NONE', #6467, .T. ) ;
#2805 = CARTESIAN_POINT ( 'NONE',  ( -17.90000000000087300, -15.49999999999912400, -10.99999999999999800 ) ) ;
#2806 = ORIENTED_EDGE ( 'NONE', *, *, #7855, .T. ) ;
#2807 = ADVANCED_FACE ( 'NONE', ( #5887 ), #10652, .F. ) ;
#2808 = CARTESIAN_POINT ( 'NONE',  ( 16.80716972541264600, -15.98624964824928800, -9.499999999999998200 ) ) ;
#2809 = DIRECTION ( 'NONE',  ( -0.0000000000000000000, -0.0000000000000000000, -1.000000000000000000 ) ) ;
#2810 = AXIS2_PLACEMENT_3D ( 'NONE', #6588, #7287, #2432 ) ;
#2811 = FILL_AREA_STYLE ('',( #3770 ) ) ;
#2812 = CIRCLE ( 'NONE', #2699, 3.249999999999996000 ) ;
#2813 = DIRECTION ( 'NONE',  ( 0.0000000000000000000, 0.0000000000000000000, 1.000000000000000000 ) ) ;
#2814 = SURFACE_SIDE_STYLE ('',( #6667 ) ) ;
#2815 = DIRECTION ( 'NONE',  ( -0.0000000000000000000, 0.0000000000000000000, -1.000000000000000000 ) ) ;
#2816 = EDGE_CURVE ( 'NONE', #9711, #3404, #5622, .T. ) ;
#2817 = ORIENTED_EDGE ( 'NONE', *, *, #9247, .F. ) ;
#2818 = CARTESIAN_POINT ( 'NONE',  ( -13.31369220013740100, -21.16000000000001100, -3.499999999999996000 ) ) ;
#2819 = ADVANCED_FACE ( 'NONE', ( #7595 ), #9806, .T. ) ;
#2820 = PLANE ( 'NONE',  #2165 ) ;
#2821 = VECTOR ( 'NONE', #8173, 1000.000000000000000 ) ;
#2822 = VERTEX_POINT ( 'NONE', #4803 ) ;
#2823 = DIRECTION ( 'NONE',  ( 0.0000000000000000000, -1.000000000000000000, 0.0000000000000000000 ) ) ;
#2824 = VECTOR ( 'NONE', #8757, 1000.000000000000000 ) ;
#2825 = VECTOR ( 'NONE', #2156, 1000.000000000000000 ) ;
#2826 = DIRECTION ( 'NONE',  ( 1.000000000000000000, 0.0000000000000000000, 0.0000000000000000000 ) ) ;
#2827 = EDGE_CURVE ( 'NONE', #9927, #4297, #10201, .T. ) ;
#2828 = VERTEX_POINT ( 'NONE', #4006 ) ;
#2829 = FILL_AREA_STYLE ('',( #5221 ) ) ;
#2830 = PRESENTATION_STYLE_ASSIGNMENT (( #10291 ) ) ;
#2831 = ORIENTED_EDGE ( 'NONE', *, *, #7060, .F. ) ;
#2832 = CIRCLE ( 'NONE', #6628, 0.5563334663949287600 ) ;
#2833 = AXIS2_PLACEMENT_3D ( 'NONE', #10390, #1296, #9610 ) ;
#2834 = CARTESIAN_POINT ( 'NONE',  ( 18.79644660940675700, -18.79644660940667900, -10.99999999999999800 ) ) ;
#2835 = DIRECTION ( 'NONE',  ( 0.0000000000000000000, -0.0000000000000000000, -1.000000000000000000 ) ) ;
#2836 =( NAMED_UNIT ( * ) PLANE_ANGLE_UNIT ( ) SI_UNIT ( $, .RADIAN. ) );
#2837 = DIRECTION ( 'NONE',  ( -1.000000000000000000, 0.0000000000000000000, 0.0000000000000000000 ) ) ;
#2838 = CARTESIAN_POINT ( 'NONE',  ( -21.14999999999999500, -21.15000000000000600, 10.00000000000000000 ) ) ;
#2839 = DIRECTION ( 'NONE',  ( 0.0000000000000000000, -1.000000000000000000, 0.0000000000000000000 ) ) ;
#2840 = VECTOR ( 'NONE', #4990, 1000.000000000000000 ) ;
#2841 = VECTOR ( 'NONE', #6503, 1000.000000000000000 ) ;
#2842 = VERTEX_POINT ( 'NONE', #6556 ) ;
#2843 = CARTESIAN_POINT ( 'NONE',  ( -15.50000000000000000, 1.928818708657081300E-015, 9.500000000000000000 ) ) ;
#2844 = UNCERTAINTY_MEASURE_WITH_UNIT (LENGTH_MEASURE( 1.000000000000000100E-005 ), #5937, 'distance_accuracy_value', 'NONE');
#2845 = LINE ( 'NONE', #2925, #6508 ) ;
#2846 = AXIS2_PLACEMENT_3D ( 'NONE', #6979, #10275, #10199 ) ;
#2847 = DIRECTION ( 'NONE',  ( -1.000000000000000000, 0.0000000000000000000, 0.0000000000000000000 ) ) ;
#2848 = CARTESIAN_POINT ( 'NONE',  ( -0.2672860996805754800, 2.000000000000000000, 29.98630900375073300 ) ) ;
#2849 = ORIENTED_EDGE ( 'NONE', *, *, #2971, .F. ) ;
#2850 = EDGE_CURVE ( 'NONE', #9916, #6644, #7583, .T. ) ;
#2851 =( NAMED_UNIT ( * ) PLANE_ANGLE_UNIT ( ) SI_UNIT ( $, .RADIAN. ) );
#2852 = AXIS2_PLACEMENT_3D ( 'NONE', #1891, #3580, #3547 ) ;
#2853 = DIRECTION ( 'NONE',  ( 0.0000000000000000000, 0.0000000000000000000, 1.000000000000000000 ) ) ;
#2854 = DIRECTION ( 'NONE',  ( -0.0000000000000000000, -0.0000000000000000000, -1.000000000000000000 ) ) ;
#2855 = FACE_OUTER_BOUND ( 'NONE', #3508, .T. ) ;
#2856 =( NAMED_UNIT ( * ) PLANE_ANGLE_UNIT ( ) SI_UNIT ( $, .RADIAN. ) );
#2857 =( NAMED_UNIT ( * ) PLANE_ANGLE_UNIT ( ) SI_UNIT ( $, .RADIAN. ) );
#2858 = VERTEX_POINT ( 'NONE', #9003 ) ;
#2859 = VECTOR ( 'NONE', #9533, 1000.000000000000000 ) ;
#2860 = SURFACE_STYLE_FILL_AREA ( #1003 ) ;
#2861 = EDGE_LOOP ( 'NONE', ( #3054, #946, #5568, #4631 ) ) ;
#2862 = CARTESIAN_POINT ( 'NONE',  ( 15.49999999999912400, -15.50000000000000200, -9.499999999999998200 ) ) ;
#2863 = EDGE_CURVE ( 'NONE', #5280, #7120, #10601, .T. ) ;
#2864 = CARTESIAN_POINT ( 'NONE',  ( -15.50000000000087200, -15.49999999999912400, -11.49999999999999800 ) ) ;
#2865 = AXIS2_PLACEMENT_3D ( 'NONE', #4374, #7663, #6115 ) ;
#2866 = ADVANCED_FACE ( 'NONE', ( #7990 ), #7617, .T. ) ;
#2867 = AXIS2_PLACEMENT_3D ( 'NONE', #2386, #9072, #10715 ) ;
#2868 = ORIENTED_EDGE ( 'NONE', *, *, #438, .T. ) ;
#2869 = EDGE_CURVE ( 'NONE', #9957, #6255, #6920, .T. ) ;
#2870 = VECTOR ( 'NONE', #5122, 1000.000000000000000 ) ;
#2871 = LINE ( 'NONE', #10100, #8113 ) ;
#2872 = ORIENTED_EDGE ( 'NONE', *, *, #6743, .F. ) ;
#2873 = ORIENTED_EDGE ( 'NONE', *, *, #1851, .T. ) ;
#2874 = SURFACE_STYLE_USAGE ( .BOTH. , #7752 ) ;
#2875 = SURFACE_STYLE_USAGE ( .BOTH. , #6193 ) ;
#2876 = DIRECTION ( 'NONE',  ( 0.0000000000000000000, -1.000000000000000000, 0.0000000000000000000 ) ) ;
#2877 = FILL_AREA_STYLE ('',( #3644 ) ) ;
#2878 = ORIENTED_EDGE ( 'NONE', *, *, #79, .T. ) ;
#2879 = ADVANCED_FACE ( 'NONE', ( #1985 ), #3369, .F. ) ;
#2880 = DIRECTION ( 'NONE',  ( 0.0000000000000000000, 0.0000000000000000000, -1.000000000000000000 ) ) ;
#2881 = PRESENTATION_LAYER_ASSIGNMENT (  '', '', ( #10165 ) ) ;
#2882 = PRESENTATION_LAYER_ASSIGNMENT (  '', '', ( #8342 ) ) ;
#2883 = DIRECTION ( 'NONE',  ( -0.0000000000000000000, -0.0000000000000000000, 1.000000000000000000 ) ) ;
#2884 = ORIENTED_EDGE ( 'NONE', *, *, #3032, .F. ) ;
#2885 = ORIENTED_EDGE ( 'NONE', *, *, #7308, .T. ) ;
#2886 = EDGE_CURVE ( 'NONE', #5589, #7022, #10861, .T. ) ;
#2887 = SURFACE_SIDE_STYLE ('',( #4934 ) ) ;
#2888 = VERTEX_POINT ( 'NONE', #5930 ) ;
#2889 = CARTESIAN_POINT ( 'NONE',  ( -14.19283027458642900, 15.98624964825022200, -9.499999999999998200 ) ) ;
#2890 = PRESENTATION_STYLE_ASSIGNMENT (( #4611 ) ) ;
#2891 = DIRECTION ( 'NONE',  ( 1.000000000000000000, 0.0000000000000000000, -0.0000000000000000000 ) ) ;
#2892 = VECTOR ( 'NONE', #3840, 1000.000000000000000 ) ;
#2893 = CARTESIAN_POINT ( 'NONE',  ( 12.74999999999912200, -15.50000000000000200, -9.499999999999998200 ) ) ;
#2894 = CARTESIAN_POINT ( 'NONE',  ( 0.0000000000000000000, -21.25000000000000700, 0.0000000000000000000 ) ) ;
#2896 = ORIENTED_EDGE ( 'NONE', *, *, #7408, .T. ) ;
#2895 = CARTESIAN_POINT ( 'NONE',  ( -1.800000000000000700, -39.15000000000002000, -12.65000000000000400 ) ) ;
#2897 = ORIENTED_EDGE ( 'NONE', *, *, #10093, .F. ) ;
#2898 = VECTOR ( 'NONE', #8207, 1000.000000000000000 ) ;
#2899 = EDGE_CURVE ( 'NONE', #10092, #9895, #2871, .T. ) ;
#2900 = CARTESIAN_POINT ( 'NONE',  ( -15.03502403149003500, 16.74998035735667700, -9.499999999999998200 ) ) ;
#2901 = ORIENTED_EDGE ( 'NONE', *, *, #2080, .F. ) ;
#2902 = CARTESIAN_POINT ( 'NONE',  ( 21.14999999999999900, 13.32957238623956000, 2.000000000000001800 ) ) ;
#2903 = ORIENTED_EDGE ( 'NONE', *, *, #8996, .T. ) ;
#2904 = COLOUR_RGB ( '',0.2509803921568627400, 0.2509803921568627400, 0.2509803921568627400 ) ;
#2905 = ORIENTED_EDGE ( 'NONE', *, *, #5550, .F. ) ;
#2906 = CARTESIAN_POINT ( 'NONE',  ( 15.98624964824874800, 16.80716972541398100, -10.99999999999999800 ) ) ;
#2907 = ORIENTED_EDGE ( 'NONE', *, *, #3375, .T. ) ;
#2908 = SURFACE_STYLE_FILL_AREA ( #6157 ) ;
#2909 = FILL_AREA_STYLE_COLOUR ( '', #847 ) ;
#2910 = ORIENTED_EDGE ( 'NONE', *, *, #4843, .F. ) ;
#2911 = FACE_OUTER_BOUND ( 'NONE', #6295, .T. ) ;
#2912 = UNCERTAINTY_MEASURE_WITH_UNIT (LENGTH_MEASURE( 1.000000000000000100E-005 ), #1019, 'distance_accuracy_value', 'NONE');
#2913 = CARTESIAN_POINT ( 'NONE',  ( 0.0000000000000000000, 0.0000000000000000000, -11.49999999999999800 ) ) ;
#2914 = VECTOR ( 'NONE', #3707, 1000.000000000000000 ) ;
#2915 = FILL_AREA_STYLE ('',( #2060 ) ) ;
#2916 = CARTESIAN_POINT ( 'NONE',  ( 19.14999999999994500, 19.15000000000004500, -1.499999999999997800 ) ) ;
#2917 = CARTESIAN_POINT ( 'NONE',  ( -0.6000000000000006400, -39.15000000000002000, -13.15000000000000600 ) ) ;
#2918 = VECTOR ( 'NONE', #6995, 1000.000000000000000 ) ;
#2919 = EDGE_CURVE ( 'NONE', #1957, #3629, #5879, .T. ) ;
#2920 = ORIENTED_EDGE ( 'NONE', *, *, #5810, .T. ) ;
#2921 = DIRECTION ( 'NONE',  ( -0.0000000000000000000, 0.0000000000000000000, 1.000000000000000000 ) ) ;
#2922 = CARTESIAN_POINT ( 'NONE',  ( -3.500000000000000000, 0.0000000000000000000, -10.99999999999999800 ) ) ;
#2923 = EDGE_CURVE ( 'NONE', #7993, #9549, #1451, .T. ) ;
#2924 = PRESENTATION_LAYER_ASSIGNMENT (  '', '', ( #8312 ) ) ;
#2925 = CARTESIAN_POINT ( 'NONE',  ( -15.01375035175307500, -15.03502403148862900, -10.99999999999999800 ) ) ;
#2926 = ORIENTED_EDGE ( 'NONE', *, *, #4630, .T. ) ;
#2927 = ADVANCED_FACE ( 'NONE', ( #931 ), #5851, .T. ) ;
#2928 = SURFACE_SIDE_STYLE ('',( #534 ) ) ;
#2929 = FACE_OUTER_BOUND ( 'NONE', #8519, .T. ) ;
#2930 = FACE_OUTER_BOUND ( 'NONE', #8288, .T. ) ;
#2931 = PLANE ( 'NONE',  #453 ) ;
#2932 = CARTESIAN_POINT ( 'NONE',  ( -14.25001964264661500, -15.96497596850949400, -10.99999999999999800 ) ) ;
#2933 = EDGE_CURVE ( 'NONE', #8776, #1853, #796, .T. ) ;
#2935 = AXIS2_PLACEMENT_3D ( 'NONE', #4447, #10388, #281 ) ;
#2934 = CARTESIAN_POINT ( 'NONE',  ( 0.0000000000000000000, 21.14999999999999900, -1.499999999999997800 ) ) ;
#2936 = ORIENTED_EDGE ( 'NONE', *, *, #3474, .T. ) ;
#2937 = AXIS2_PLACEMENT_3D ( 'NONE', #2245, #1604, #620 ) ;
#2938 = PRESENTATION_STYLE_ASSIGNMENT (( #4000 ) ) ;
#2939 = EDGE_CURVE ( 'NONE', #5256, #4928, #7729, .T. ) ;
#2940 = ADVANCED_FACE ( 'NONE', ( #3264 ), #10339, .F. ) ;
#2941 = DIRECTION ( 'NONE',  ( -1.000000000000000000, 0.0000000000000000000, 0.0000000000000000000 ) ) ;
#2942 = VERTEX_POINT ( 'NONE', #44 ) ;
#2943 = CARTESIAN_POINT ( 'NONE',  ( 16.94289321881343500, 20.64999999999999900, -1.499999999999997800 ) ) ;
#2944 = PRESENTATION_STYLE_ASSIGNMENT (( #10789 ) ) ;
#2945 = VECTOR ( 'NONE', #6263, 1000.000000000000000 ) ;
#2946 = ORIENTED_EDGE ( 'NONE', *, *, #5102, .F. ) ;
#2947 = AXIS2_PLACEMENT_3D ( 'NONE', #2982, #4804, #7320 ) ;
#2948 = COLOUR_RGB ( '',0.2509803921568627400, 0.2509803921568627400, 0.2509803921568627400 ) ;
#2949 = VECTOR ( 'NONE', #9999, 1000.000000000000000 ) ;
#2950 = AXIS2_PLACEMENT_3D ( 'NONE', #10461, #10387, #3720 ) ;
#2951 = DIRECTION ( 'NONE',  ( 0.0000000000000000000, 0.0000000000000000000, -1.000000000000000000 ) ) ;
#2952 = ORIENTED_EDGE ( 'NONE', *, *, #2307, .F. ) ;
#2953 =( NAMED_UNIT ( * ) PLANE_ANGLE_UNIT ( ) SI_UNIT ( $, .RADIAN. ) );
#2954 = EDGE_CURVE ( 'NONE', #8254, #2352, #5504, .T. ) ;
#2955 = CARTESIAN_POINT ( 'NONE',  ( 3.483848208458102800, -21.25000000000000700, -4.298253383695601400 ) ) ;
#2956 = CARTESIAN_POINT ( 'NONE',  ( -15.98624964825069700, -14.19283027458502200, -9.499999999999998200 ) ) ;
#2957 = CIRCLE ( 'NONE', #2781, 0.5000000000000004400 ) ;
#2958 = PLANE ( 'NONE',  #9745 ) ;
#2959 = DIRECTION ( 'NONE',  ( 0.0000000000000000000, 1.000000000000000000, 0.0000000000000000000 ) ) ;
#2960 = VECTOR ( 'NONE', #3164, 1000.000000000000000 ) ;
#2961 = PRESENTATION_STYLE_ASSIGNMENT (( #5575 ) ) ;
#2962 = FACE_OUTER_BOUND ( 'NONE', #1055, .T. ) ;
#2963 = CARTESIAN_POINT ( 'NONE',  ( -15.01375035175305900, -16.80716972541313200, -10.99999999999999800 ) ) ;
#2964 = ORIENTED_EDGE ( 'NONE', *, *, #3771, .F. ) ;
#2965 = AXIS2_PLACEMENT_3D ( 'NONE', #6280, #7081, #4637 ) ;
#2966 = CARTESIAN_POINT ( 'NONE',  ( 21.15000000000000200, -21.15000000000000200, 9.500000000000000000 ) ) ;
#2967 = SURFACE_STYLE_FILL_AREA ( #4392 ) ;
#2968 = CARTESIAN_POINT ( 'NONE',  ( 21.00355339059327500, 17.29644660940670400, 9.500000000000000000 ) ) ;
#2970 = VERTEX_POINT ( 'NONE', #6903 ) ;
#2969 = DIRECTION ( 'NONE',  ( -8.202002250481357500E-017, 1.000000000000000000, 0.0000000000000000000 ) ) ;
#2971 = EDGE_CURVE ( 'NONE', #6690, #10761, #1067, .T. ) ;
#2972 = COLOUR_RGB ( '',0.2509803921568627400, 0.2509803921568627400, 0.2509803921568627400 ) ;
#2973 = DIRECTION ( 'NONE',  ( -0.0000000000000000000, -0.0000000000000000000, -1.000000000000000000 ) ) ;
#2974 = CARTESIAN_POINT ( 'NONE',  ( 16.94289321881343500, 20.64999999999999900, -10.99999999999999800 ) ) ;
#2975 = CARTESIAN_POINT ( 'NONE',  ( -21.14999999999999500, 16.94289321881344900, 2.000000000000000000 ) ) ;
#2976 = UNCERTAINTY_MEASURE_WITH_UNIT (LENGTH_MEASURE( 1.000000000000000100E-005 ), #8137, 'distance_accuracy_value', 'NONE');
#2977 = ORIENTED_EDGE ( 'NONE', *, *, #8834, .T. ) ;
#2978 = ADVANCED_FACE ( 'NONE', ( #6668 ), #1826, .F. ) ;
#2979 =( NAMED_UNIT ( * ) SI_UNIT ( $, .STERADIAN. ) SOLID_ANGLE_UNIT ( ) );
#2980 = VECTOR ( 'NONE', #2809, 1000.000000000000000 ) ;
#2981 = STYLED_ITEM ( 'NONE', ( #3765 ), #4738 ) ;
#2982 = CARTESIAN_POINT ( 'NONE',  ( 16.94289321881343800, -20.65000000000000200, 9.500000000000000000 ) ) ;
#2983 = AXIS2_PLACEMENT_3D ( 'NONE', #7564, #6756, #8484 ) ;
#2984 = PLANE ( 'NONE',  #9922 ) ;
#2986 = DIRECTION ( 'NONE',  ( 1.000000000000000000, 0.0000000000000000000, 0.0000000000000000000 ) ) ;
#2985 = VECTOR ( 'NONE', #2144, 1000.000000000000000 ) ;
#2987 = ORIENTED_EDGE ( 'NONE', *, *, #687, .T. ) ;
#2988 = ORIENTED_EDGE ( 'NONE', *, *, #2939, .T. ) ;
#2989 = SURFACE_SIDE_STYLE ('',( #9135 ) ) ;
#2990 = UNCERTAINTY_MEASURE_WITH_UNIT (LENGTH_MEASURE( 1.000000000000000100E-005 ), #3221, 'distance_accuracy_value', 'NONE');
#2991 =( NAMED_UNIT ( * ) PLANE_ANGLE_UNIT ( ) SI_UNIT ( $, .RADIAN. ) );
#2992 = CIRCLE ( 'NONE', #10041, 4.000000000000000000 ) ;
#2993 = ADVANCED_FACE ( 'NONE', ( #5867 ), #7979, .F. ) ;
#2994 = ORIENTED_EDGE ( 'NONE', *, *, #4219, .F. ) ;
#2995 = DIRECTION ( 'NONE',  ( -1.000000000000000000, 0.0000000000000000000, 0.0000000000000000000 ) ) ;
#2996 = CARTESIAN_POINT ( 'NONE',  ( -2.500000000000000000, 3.061616997868383100E-016, -8.999999999999998200 ) ) ;
#2997 = AXIS2_PLACEMENT_3D ( 'NONE', #7730, #6251, #9588 ) ;
#2998 = EDGE_LOOP ( 'NONE', ( #9973, #243, #7933, #2424 ) ) ;
#2999 = CARTESIAN_POINT ( 'NONE',  ( -17.14999999999999100, -21.15000000000000600, 10.00000000000000000 ) ) ;
#3000 = VECTOR ( 'NONE', #5773, 1000.000000000000000 ) ;
#3001 = EDGE_CURVE ( 'NONE', #3793, #9541, #9019, .T. ) ;
#3002 = SURFACE_SIDE_STYLE ('',( #6349 ) ) ;
#3003 = DIRECTION ( 'NONE',  ( -0.0000000000000000000, -0.0000000000000000000, -1.000000000000000000 ) ) ;
#3004 = STYLED_ITEM ( 'NONE', ( #289 ), #10056 ) ;
#3005 = ORIENTED_EDGE ( 'NONE', *, *, #9261, .F. ) ;
#3006 = ORIENTED_EDGE ( 'NONE', *, *, #9818, .T. ) ;
#3007 = ORIENTED_EDGE ( 'NONE', *, *, #5478, .T. ) ;
#3008 = CARTESIAN_POINT ( 'NONE',  ( -17.29644660940670800, 21.00355339059327500, -1.499999999999997800 ) ) ;
#3009 = LINE ( 'NONE', #4677, #794 ) ;
#3010 = VECTOR ( 'NONE', #3259, 1000.000000000000000 ) ;
#3011 = DIRECTION ( 'NONE',  ( 0.0000000000000000000, 0.0000000000000000000, -1.000000000000000000 ) ) ;
#3012 = AXIS2_PLACEMENT_3D ( 'NONE', #273, #2020, #2790 ) ;
#3013 = ORIENTED_EDGE ( 'NONE', *, *, #5925, .F. ) ;
#3014 = EDGE_LOOP ( 'NONE', ( #8388, #5053, #806, #10285 ) ) ;
#3015 = CARTESIAN_POINT ( 'NONE',  ( -15.96497596851090600, 14.25001964264614300, -9.499999999999998200 ) ) ;
#3016 = AXIS2_PLACEMENT_3D ( 'NONE', #1231, #7051, #3173 ) ;
#3017 = EDGE_CURVE ( 'NONE', #565, #9841, #7171, .T. ) ;
#3018 = ORIENTED_EDGE ( 'NONE', *, *, #2659, .F. ) ;
#3019 = VECTOR ( 'NONE', #7375, 1000.000000000000000 ) ;
#3020 = CONICAL_SURFACE ( 'NONE', #10593, 1.249999999999999300, 1.029744258676653900 ) ;
#3021 = ORIENTED_EDGE ( 'NONE', *, *, #155, .F. ) ;
#3022 = CARTESIAN_POINT ( 'NONE',  ( 16.94289321881345200, 20.64999999999999900, 9.500000000000000000 ) ) ;
#3023 = ORIENTED_EDGE ( 'NONE', *, *, #9116, .T. ) ;
#3024 = CARTESIAN_POINT ( 'NONE',  ( 0.0000000000000000000, -21.25000000000000700, -4.149999999999994100 ) ) ;
#3025 = AXIS2_PLACEMENT_3D ( 'NONE', #7838, #7056, #7938 ) ;
#3026 = DIRECTION ( 'NONE',  ( 0.0000000000000000000, 0.0000000000000000000, 1.000000000000000000 ) ) ;
#3027 = ORIENTED_EDGE ( 'NONE', *, *, #1804, .F. ) ;
#3028 = CARTESIAN_POINT ( 'NONE',  ( 0.0000000000000000000, 0.0000000000000000000, -11.49999999999999800 ) ) ;
#3029 = LINE ( 'NONE', #8564, #5127 ) ;
#3030 = VERTEX_POINT ( 'NONE', #3774 ) ;
#3031 = SURFACE_STYLE_FILL_AREA ( #3956 ) ;
#3032 = EDGE_CURVE ( 'NONE', #7546, #1554, #3787, .T. ) ;
#3033 = ADVANCED_FACE ( 'NONE', ( #2351 ), #10592, .T. ) ;
#3034 = CARTESIAN_POINT ( 'NONE',  ( 0.0000000000000000000, 0.0000000000000000000, -9.499999999999998200 ) ) ;
#3035 = VERTEX_POINT ( 'NONE', #2078 ) ;
#3036 = VERTEX_POINT ( 'NONE', #1270 ) ;
#3037 = DIRECTION ( 'NONE',  ( -1.000000000000000000, 1.224646799147349500E-016, 0.0000000000000000000 ) ) ;
#3038 = DIRECTION ( 'NONE',  ( -0.0000000000000000000, -0.0000000000000000000, 1.000000000000000000 ) ) ;
#3039 = ORIENTED_EDGE ( 'NONE', *, *, #2045, .T. ) ;
#3040 = EDGE_LOOP ( 'NONE', ( #6009, #6746, #7195, #7495 ) ) ;
#3041 = CARTESIAN_POINT ( 'NONE',  ( 13.09999999999912400, -15.50000000000000200, -10.49999999999999600 ) ) ;
#3042 = LINE ( 'NONE', #9910, #4218 ) ;
#3043 = EDGE_CURVE ( 'NONE', #5302, #7767, #10327, .T. ) ;
#3044 = ADVANCED_FACE ( 'NONE', ( #504 ), #8883, .F. ) ;
#3045 = CARTESIAN_POINT ( 'NONE',  ( 1.799999999999999400, -39.15000000000002000, -12.15000000000000200 ) ) ;
#3046 = ORIENTED_EDGE ( 'NONE', *, *, #413, .F. ) ;
#3047 = DIRECTION ( 'NONE',  ( 0.0000000000000000000, 0.0000000000000000000, -1.000000000000000000 ) ) ;
#3048 = ORIENTED_EDGE ( 'NONE', *, *, #7041, .T. ) ;
#3049 = VECTOR ( 'NONE', #1249, 1000.000000000000000 ) ;
#3050 = UNCERTAINTY_MEASURE_WITH_UNIT (LENGTH_MEASURE( 1.000000000000000100E-005 ), #5305, 'distance_accuracy_value', 'NONE');
#3051 =( GEOMETRIC_REPRESENTATION_CONTEXT ( 3 ) GLOBAL_UNCERTAINTY_ASSIGNED_CONTEXT ( ( #8411 ) ) GLOBAL_UNIT_ASSIGNED_CONTEXT ( ( #7475, #6599, #9857 ) ) REPRESENTATION_CONTEXT ( 'NONE', 'WORKASPACE' ) );
#3052 = DIRECTION ( 'NONE',  ( -0.0000000000000000000, -0.0000000000000000000, 1.000000000000000000 ) ) ;
#3053 = DIRECTION ( 'NONE',  ( 0.7071067811865441300, -0.7071067811865510100, 0.0000000000000000000 ) ) ;
#3054 = ORIENTED_EDGE ( 'NONE', *, *, #7548, .F. ) ;
#3055 = FILL_AREA_STYLE_COLOUR ( '', #95 ) ;
#3056 = CARTESIAN_POINT ( 'NONE',  ( 0.0000000000000000000, 0.0000000000000000000, 9.500000000000000000 ) ) ;
#3057 = PRESENTATION_LAYER_ASSIGNMENT (  '', '', ( #1394 ) ) ;
#3058 =( GEOMETRIC_REPRESENTATION_CONTEXT ( 3 ) GLOBAL_UNCERTAINTY_ASSIGNED_CONTEXT ( ( #10508 ) ) GLOBAL_UNIT_ASSIGNED_CONTEXT ( ( #2380, #8219, #4164 ) ) REPRESENTATION_CONTEXT ( 'NONE', 'WORKASPACE' ) );
#3059 =( LENGTH_UNIT ( ) NAMED_UNIT ( * ) SI_UNIT ( .MILLI., .METRE. ) );
#3060 = PRESENTATION_STYLE_ASSIGNMENT (( #9864 ) ) ;
#3061 = EDGE_CURVE ( 'NONE', #8239, #9372, #8761, .T. ) ;
#3062 = MECHANICAL_DESIGN_GEOMETRIC_PRESENTATION_REPRESENTATION (  '', ( #1824 ), #4808 ) ;
#3063 = SURFACE_SIDE_STYLE ('',( #6387 ) ) ;
#3064 = ORIENTED_EDGE ( 'NONE', *, *, #4303, .T. ) ;
#3065 = CARTESIAN_POINT ( 'NONE',  ( 2.583848208458102500, -21.25000000000000700, -5.125280410722631100 ) ) ;
#3066 = ORIENTED_EDGE ( 'NONE', *, *, #5102, .T. ) ;
#3067 = CYLINDRICAL_SURFACE ( 'NONE', #4972, 0.5563334663949305300 ) ;
#3068 = PLANE ( 'NONE',  #48 ) ;
#3069 = VECTOR ( 'NONE', #9807, 1000.000000000000000 ) ;
#3070 = VERTEX_POINT ( 'NONE', #10478 ) ;
#3071 = CARTESIAN_POINT ( 'NONE',  ( -15.98624964825069300, -16.80716972541312200, -9.499999999999998200 ) ) ;
#3072 = EDGE_CURVE ( 'NONE', #5042, #3371, #10849, .T. ) ;
#3073 = MECHANICAL_DESIGN_GEOMETRIC_PRESENTATION_REPRESENTATION (  '', ( #5536 ), #6843 ) ;
#3074 = AXIS2_PLACEMENT_3D ( 'NONE', #5722, #3235, #804 ) ;
#3075 = EDGE_CURVE ( 'NONE', #8438, #4268, #8105, .T. ) ;
#3076 = SPHERICAL_SURFACE ( 'NONE', #7965, 0.5000000000000000000 ) ;
#3077 = CARTESIAN_POINT ( 'NONE',  ( -15.96497596851091000, 15.01375035175259500, -10.99999999999999800 ) ) ;
#3078 = CIRCLE ( 'NONE', #6359, 0.5000000000000004400 ) ;
#3079 = ADVANCED_FACE ( 'NONE', ( #2731 ), #369, .T. ) ;
#3080 =( NAMED_UNIT ( * ) SI_UNIT ( $, .STERADIAN. ) SOLID_ANGLE_UNIT ( ) );
#3081 = EDGE_LOOP ( 'NONE', ( #5906, #4975, #10229, #8725 ) ) ;
#3082 = STYLED_ITEM ( 'NONE', ( #2890 ), #2182 ) ;
#3083 = SURFACE_STYLE_FILL_AREA ( #6420 ) ;
#3084 = EDGE_LOOP ( 'NONE', ( #7786, #1590, #7857, #743 ) ) ;
#3085 = VECTOR ( 'NONE', #2232, 1000.000000000000000 ) ;
#3086 = PRESENTATION_LAYER_ASSIGNMENT (  '', '', ( #1996 ) ) ;
#3087 = CARTESIAN_POINT ( 'NONE',  ( 1.799999999999998900, -18.15000000000000600, -13.85000000000000300 ) ) ;
#3088 = VECTOR ( 'NONE', #2049, 1000.000000000000000 ) ;
#3089 =( NAMED_UNIT ( * ) PLANE_ANGLE_UNIT ( ) SI_UNIT ( $, .RADIAN. ) );
#3090 = EDGE_CURVE ( 'NONE', #3404, #2463, #7973, .T. ) ;
#3091 = DIRECTION ( 'NONE',  ( 0.0000000000000000000, 0.0000000000000000000, -1.000000000000000000 ) ) ;
#3092 = VERTEX_POINT ( 'NONE', #9075 ) ;
#3093 = ADVANCED_FACE ( 'NONE', ( #1584 ), #10828, .T. ) ;
#3094 = SURFACE_STYLE_USAGE ( .BOTH. , #683 ) ;
#3095 = LINE ( 'NONE', #5150, #6233 ) ;
#3096 = DIRECTION ( 'NONE',  ( 1.000000000000000000, -4.542762141924042900E-015, 0.0000000000000000000 ) ) ;
#3097 = LINE ( 'NONE', #1916, #3752 ) ;
#3098 = ORIENTED_EDGE ( 'NONE', *, *, #10596, .T. ) ;
#3099 = DIRECTION ( 'NONE',  ( -1.000000000000000000, 0.0000000000000000000, 0.0000000000000000000 ) ) ;
#3100 = EDGE_CURVE ( 'NONE', #10560, #4234, #9671, .T. ) ;
#3101 = CARTESIAN_POINT ( 'NONE',  ( -1.800000000000000900, -18.15000000000000600, -14.35000000000000500 ) ) ;
#3102 = AXIS2_PLACEMENT_3D ( 'NONE', #9735, #2308, #4918 ) ;
#3103 = ORIENTED_EDGE ( 'NONE', *, *, #7299, .T. ) ;
#3104 = DIRECTION ( 'NONE',  ( -1.000000000000000000, 0.0000000000000000000, 0.0000000000000000000 ) ) ;
#3105 =( NAMED_UNIT ( * ) PLANE_ANGLE_UNIT ( ) SI_UNIT ( $, .RADIAN. ) );
#3106 = DIRECTION ( 'NONE',  ( 1.000000000000000000, -0.0000000000000000000, -0.0000000000000000000 ) ) ;
#3107 = UNCERTAINTY_MEASURE_WITH_UNIT (LENGTH_MEASURE( 1.000000000000000100E-005 ), #4356, 'distance_accuracy_value', 'NONE');
#3108 = SURFACE_SIDE_STYLE ('',( #6326 ) ) ;
#3109 = EDGE_LOOP ( 'NONE', ( #3144, #2059, #10616 ) ) ;
#3110 = PRESENTATION_STYLE_ASSIGNMENT (( #2335 ) ) ;
#3111 = CARTESIAN_POINT ( 'NONE',  ( -16.74998035735715300, -15.03502403148862900, -9.499999999999998200 ) ) ;
#3112 = ORIENTED_EDGE ( 'NONE', *, *, #4125, .T. ) ;
#3113 = CARTESIAN_POINT ( 'NONE',  ( 15.98624964824874800, 16.80716972541398100, -10.99999999999999800 ) ) ;
#3114 = DIRECTION ( 'NONE',  ( 0.0000000000000000000, 0.0000000000000000000, 1.000000000000000000 ) ) ;
#3115 = FILL_AREA_STYLE ('',( #10798 ) ) ;
#3116 = CARTESIAN_POINT ( 'NONE',  ( 18.79644660940668600, -18.79644660940676500, 9.500000000000000000 ) ) ;
#3117 = AXIS2_PLACEMENT_3D ( 'NONE', #8364, #5872, #9066 ) ;
#3119 = ORIENTED_EDGE ( 'NONE', *, *, #9270, .F. ) ;
#3118 = CARTESIAN_POINT ( 'NONE',  ( 0.5999999999999992000, -39.15000000000002000, -12.65000000000000400 ) ) ;
#3120 = FACE_OUTER_BOUND ( 'NONE', #7009, .T. ) ;
#3121 =( NAMED_UNIT ( * ) PLANE_ANGLE_UNIT ( ) SI_UNIT ( $, .RADIAN. ) );
#3122 = EDGE_CURVE ( 'NONE', #5424, #8322, #4053, .T. ) ;
#3123 = ORIENTED_EDGE ( 'NONE', *, *, #7077, .T. ) ;
#3124 = MECHANICAL_DESIGN_GEOMETRIC_PRESENTATION_REPRESENTATION (  '', ( #5711 ), #7182 ) ;
#3125 = AXIS2_PLACEMENT_3D ( 'NONE', #7877, #10415, #480 ) ;
#3126 = CARTESIAN_POINT ( 'NONE',  ( 15.49999999999912400, -15.50000000000000200, -10.99999999999999800 ) ) ;
#3127 = SURFACE_SIDE_STYLE ('',( #3495 ) ) ;
#3128 = ORIENTED_EDGE ( 'NONE', *, *, #1625, .F. ) ;
#3129 = VERTEX_POINT ( 'NONE', #4680 ) ;
#3130 = CARTESIAN_POINT ( 'NONE',  ( -1.371348881391340800, -19.15000000000000600, -6.183164675523827600 ) ) ;
#3131 = ORIENTED_EDGE ( 'NONE', *, *, #5246, .F. ) ;
#3132 = CARTESIAN_POINT ( 'NONE',  ( 15.49999999999999800, 15.50000000000000000, 4.748924226215550000 ) ) ;
#3133 = AXIS2_PLACEMENT_3D ( 'NONE', #6156, #8584, #1178 ) ;
#3134 = CARTESIAN_POINT ( 'NONE',  ( -1.800000000000000900, -18.15000000000000600, -13.85000000000000300 ) ) ;
#3135 = ORIENTED_EDGE ( 'NONE', *, *, #4137, .T. ) ;
#3136 = EDGE_CURVE ( 'NONE', #3554, #4031, #3518, .T. ) ;
#3137 = DIRECTION ( 'NONE',  ( 1.000000000000000000, 0.0000000000000000000, 0.0000000000000000000 ) ) ;
#3138 = FACE_OUTER_BOUND ( 'NONE', #7403, .T. ) ;
#3139 = CARTESIAN_POINT ( 'NONE',  ( 0.0000000000000000000, 0.0000000000000000000, -10.99999999999999800 ) ) ;
#3140 = COLOUR_RGB ( '',1.000000000000000000, 1.000000000000000000, 1.000000000000000000 ) ;
#3141 = ORIENTED_EDGE ( 'NONE', *, *, #9053, .F. ) ;
#3142 = CARTESIAN_POINT ( 'NONE',  ( -1.371348881391340800, -39.15000000000000600, -6.183164675523827600 ) ) ;
#3143 = FILL_AREA_STYLE_COLOUR ( '', #1892 ) ;
#3144 = ORIENTED_EDGE ( 'NONE', *, *, #1729, .T. ) ;
#3145 = VERTEX_POINT ( 'NONE', #5531 ) ;
#3146 = ADVANCED_FACE ( 'NONE', ( #6269 ), #10794, .F. ) ;
#3147 = DIRECTION ( 'NONE',  ( -0.0000000000000000000, -0.0000000000000000000, 1.000000000000000000 ) ) ;
#3148 = ORIENTED_EDGE ( 'NONE', *, *, #7503, .T. ) ;
#3149 = LINE ( 'NONE', #2934, #9824 ) ;
#3150 = DIRECTION ( 'NONE',  ( -0.0000000000000000000, -1.000000000000000000, -0.0000000000000000000 ) ) ;
#3151 = MECHANICAL_DESIGN_GEOMETRIC_PRESENTATION_REPRESENTATION (  '', ( #8762 ), #4274 ) ;
#3152 = CARTESIAN_POINT ( 'NONE',  ( -16.94289321881342800, -20.65000000000000600, -11.49999999999999800 ) ) ;
#3153 = CYLINDRICAL_SURFACE ( 'NONE', #6982, 3.500000000000000000 ) ;
#3154 = LINE ( 'NONE', #6825, #4586 ) ;
#3155 = MECHANICAL_DESIGN_GEOMETRIC_PRESENTATION_REPRESENTATION (  '', ( #10089 ), #3718 ) ;
#3156 = CARTESIAN_POINT ( 'NONE',  ( 0.0000000000000000000, 0.0000000000000000000, 10.00000000000000000 ) ) ;
#3157 = VECTOR ( 'NONE', #4850, 1000.000000000000000 ) ;
#3158 = CARTESIAN_POINT ( 'NONE',  ( -2.500558451929133100, -21.25000000000000700, -4.993382708682202200 ) ) ;
#3159 = EDGE_CURVE ( 'NONE', #6813, #3763, #5231, .T. ) ;
#3160 = DIRECTION ( 'NONE',  ( 0.0000000000000000000, -1.000000000000000000, 0.0000000000000000000 ) ) ;
#3161 = EDGE_LOOP ( 'NONE', ( #7172, #10774 ) ) ;
#3162 = DIRECTION ( 'NONE',  ( 1.000000000000000000, 0.0000000000000000000, 0.0000000000000000000 ) ) ;
#3163 = FILL_AREA_STYLE_COLOUR ( '', #5475 ) ;
#3164 = DIRECTION ( 'NONE',  ( -0.0000000000000000000, -0.0000000000000000000, 1.000000000000000000 ) ) ;
#3165 = ORIENTED_EDGE ( 'NONE', *, *, #4869, .F. ) ;
#3166 = AXIS2_PLACEMENT_3D ( 'NONE', #9983, #9259, #4993 ) ;
#3167 =( LENGTH_UNIT ( ) NAMED_UNIT ( * ) SI_UNIT ( .MILLI., .METRE. ) );
#3168 = EDGE_CURVE ( 'NONE', #7001, #3371, #6521, .T. ) ;
#3169 = ORIENTED_EDGE ( 'NONE', *, *, #1065, .T. ) ;
#3170 = DIRECTION ( 'NONE',  ( 0.0000000000000000000, 0.0000000000000000000, -1.000000000000000000 ) ) ;
#3171 = LINE ( 'NONE', #3111, #9714 ) ;
#3172 = ORIENTED_EDGE ( 'NONE', *, *, #568, .F. ) ;
#3173 = DIRECTION ( 'NONE',  ( 0.0000000000000000000, 0.0000000000000000000, 1.000000000000000000 ) ) ;
#3174 = LINE ( 'NONE', #577, #2775 ) ;
#3175 =( NAMED_UNIT ( * ) PLANE_ANGLE_UNIT ( ) SI_UNIT ( $, .RADIAN. ) );
#3176 = SURFACE_SIDE_STYLE ('',( #929 ) ) ;
#3177 = EDGE_LOOP ( 'NONE', ( #8369, #103 ) ) ;
#3178 = DIRECTION ( 'NONE',  ( 1.000000000000000000, 0.0000000000000000000, 0.0000000000000000000 ) ) ;
#3179 = EDGE_LOOP ( 'NONE', ( #1225, #10831 ) ) ;
#3180 = LINE ( 'NONE', #8578, #7369 ) ;
#3181 = UNCERTAINTY_MEASURE_WITH_UNIT (LENGTH_MEASURE( 1.000000000000000100E-005 ), #10673, 'distance_accuracy_value', 'NONE');
#3182 = EDGE_CURVE ( 'NONE', #6256, #4433, #4042, .T. ) ;
#3183 = AXIS2_PLACEMENT_3D ( 'NONE', #3723, #6316, #2130 ) ;
#3184 = CARTESIAN_POINT ( 'NONE',  ( -21.14999999999999500, -13.32957238623956400, -63.34951795962939500 ) ) ;
#3185 = VECTOR ( 'NONE', #3424, 1000.000000000000000 ) ;
#3186 = CARTESIAN_POINT ( 'NONE',  ( 1.339045298307557800, -39.15000000000000600, -6.956617291317806800 ) ) ;
#3187 = AXIS2_PLACEMENT_3D ( 'NONE', #5976, #6809, #7661 ) ;
#3188 = FILL_AREA_STYLE ('',( #8202 ) ) ;
#3189 = CARTESIAN_POINT ( 'NONE',  ( 15.01375035175125200, 15.96497596851013900, -9.499999999999998200 ) ) ;
#3190 = ORIENTED_EDGE ( 'NONE', *, *, #4196, .F. ) ;
#3191 = CIRCLE ( 'NONE', #3567, 3.249999999999997800 ) ;
#3192 = DIRECTION ( 'NONE',  ( 0.0000000000000000000, -1.000000000000000000, 0.0000000000000000000 ) ) ;
#3193 = SURFACE_STYLE_FILL_AREA ( #6371 ) ;
#3194 = VERTEX_POINT ( 'NONE', #1712 ) ;
#3195 = ORIENTED_EDGE ( 'NONE', *, *, #8167, .T. ) ;
#3196 = CARTESIAN_POINT ( 'NONE',  ( 20.64999999999999900, 1.693713464724399800E-015, 9.500000000000000000 ) ) ;
#3197 = SURFACE_SIDE_STYLE ('',( #4685 ) ) ;
#3198 =( NAMED_UNIT ( * ) PLANE_ANGLE_UNIT ( ) SI_UNIT ( $, .RADIAN. ) );
#3199 = MECHANICAL_DESIGN_GEOMETRIC_PRESENTATION_REPRESENTATION (  '', ( #1131 ), #10284 ) ;
#3200 = ADVANCED_FACE ( 'NONE', ( #6898 ), #6544, .F. ) ;
#3201 = CIRCLE ( 'NONE', #9661, 25.00000000000000000 ) ;
#3202 = AXIS2_PLACEMENT_3D ( 'NONE', #9349, #2685, #9317 ) ;
#3203 = EDGE_CURVE ( 'NONE', #2822, #11, #6259, .T. ) ;
#3204 = AXIS2_PLACEMENT_3D ( 'NONE', #1041, #214, #1922 ) ;
#3205 = CIRCLE ( 'NONE', #1545, 3.500000000000000000 ) ;
#3206 = DIRECTION ( 'NONE',  ( 0.0000000000000000000, 0.0000000000000000000, -1.000000000000000000 ) ) ;
#3207 = ORIENTED_EDGE ( 'NONE', *, *, #7844, .F. ) ;
#3208 = CARTESIAN_POINT ( 'NONE',  ( 0.0000000000000000000, 0.0000000000000000000, -11.49999999999999800 ) ) ;
#3209 = SURFACE_SIDE_STYLE ('',( #5449 ) ) ;
#3210 = DIRECTION ( 'NONE',  ( 0.0000000000000000000, 0.0000000000000000000, -1.000000000000000000 ) ) ;
#3211 = PRESENTATION_STYLE_ASSIGNMENT (( #6686 ) ) ;
#3212 = VERTEX_POINT ( 'NONE', #1748 ) ;
#3214 = STYLED_ITEM ( 'NONE', ( #10527 ), #1470 ) ;
#3213 = DIRECTION ( 'NONE',  ( 0.0000000000000000000, 0.0000000000000000000, 1.000000000000000000 ) ) ;
#3215 =( NAMED_UNIT ( * ) SI_UNIT ( $, .STERADIAN. ) SOLID_ANGLE_UNIT ( ) );
#3216 = VECTOR ( 'NONE', #10588, 1000.000000000000000 ) ;
#3217 =( GEOMETRIC_REPRESENTATION_CONTEXT ( 3 ) GLOBAL_UNCERTAINTY_ASSIGNED_CONTEXT ( ( #7262 ) ) GLOBAL_UNIT_ASSIGNED_CONTEXT ( ( #6581, #1524, #3215 ) ) REPRESENTATION_CONTEXT ( 'NONE', 'WORKASPACE' ) );
#3218 = VERTEX_POINT ( 'NONE', #8454 ) ;
#3219 = EDGE_CURVE ( 'NONE', #7120, #6013, #3511, .T. ) ;
#3220 = ORIENTED_EDGE ( 'NONE', *, *, #10197, .F. ) ;
#3221 =( LENGTH_UNIT ( ) NAMED_UNIT ( * ) SI_UNIT ( .MILLI., .METRE. ) );
#3222 = FACE_OUTER_BOUND ( 'NONE', #5717, .T. ) ;
#3223 =( NAMED_UNIT ( * ) PLANE_ANGLE_UNIT ( ) SI_UNIT ( $, .RADIAN. ) );
#3224 = DIRECTION ( 'NONE',  ( -1.000000000000000000, 0.0000000000000000000, 0.0000000000000000000 ) ) ;
#3225 = MECHANICAL_DESIGN_GEOMETRIC_PRESENTATION_REPRESENTATION (  '', ( #629 ), #4358 ) ;
#3226 = FACE_OUTER_BOUND ( 'NONE', #4704, .T. ) ;
#3227 =( GEOMETRIC_REPRESENTATION_CONTEXT ( 3 ) GLOBAL_UNCERTAINTY_ASSIGNED_CONTEXT ( ( #9347 ) ) GLOBAL_UNIT_ASSIGNED_CONTEXT ( ( #904, #5027, #6701 ) ) REPRESENTATION_CONTEXT ( 'NONE', 'WORKASPACE' ) );
#3229 = CARTESIAN_POINT ( 'NONE',  ( 15.96497596850902500, -15.01375035175166400, -9.499999999999998200 ) ) ;
#3228 = FACE_OUTER_BOUND ( 'NONE', #5387, .T. ) ;
#3230 = ORIENTED_EDGE ( 'NONE', *, *, #9130, .F. ) ;
#3231 = EDGE_CURVE ( 'NONE', #6770, #7462, #1185, .T. ) ;
#3232 = CARTESIAN_POINT ( 'NONE',  ( 0.0000000000000000000, 0.0000000000000000000, -9.499999999999998200 ) ) ;
#3233 = CARTESIAN_POINT ( 'NONE',  ( -15.96497596851089900, 16.74998035735668000, -10.99999999999999800 ) ) ;
#3234 = SPHERICAL_SURFACE ( 'NONE', #6470, 0.5000000000000000000 ) ;
#3235 = DIRECTION ( 'NONE',  ( 0.0000000000000000000, 0.0000000000000000000, 1.000000000000000000 ) ) ;
#3236 = CARTESIAN_POINT ( 'NONE',  ( 21.15000000000000200, -21.15000000000000200, -1.499999999999997800 ) ) ;
#3237 = DIRECTION ( 'NONE',  ( -0.0000000000000000000, -1.000000000000000000, -0.0000000000000000000 ) ) ;
#3238 = FACE_OUTER_BOUND ( 'NONE', #2861, .T. ) ;
#3239 = UNCERTAINTY_MEASURE_WITH_UNIT (LENGTH_MEASURE( 1.000000000000000100E-005 ), #4524, 'distance_accuracy_value', 'NONE');
#3240 = CIRCLE ( 'NONE', #7330, 25.00000000000000000 ) ;
#3241 = ORIENTED_EDGE ( 'NONE', *, *, #9417, .F. ) ;
#3242 = EDGE_LOOP ( 'NONE', ( #2715, #224, #8915 ) ) ;
#3243 = EDGE_CURVE ( 'NONE', #1109, #5302, #10059, .T. ) ;
#3244 = CARTESIAN_POINT ( 'NONE',  ( -4.000000000000000000, 4.898587196589412800E-016, -11.49999999999999800 ) ) ;
#3245 =( GEOMETRIC_REPRESENTATION_CONTEXT ( 3 ) GLOBAL_UNCERTAINTY_ASSIGNED_CONTEXT ( ( #2197 ) ) GLOBAL_UNIT_ASSIGNED_CONTEXT ( ( #9069, #4101, #10750 ) ) REPRESENTATION_CONTEXT ( 'NONE', 'WORKASPACE' ) );
#3246 = LINE ( 'NONE', #6056, #9272 ) ;
#3247 = DIRECTION ( 'NONE',  ( 0.0000000000000000000, 0.0000000000000000000, 1.000000000000000000 ) ) ;
#3248 = CARTESIAN_POINT ( 'NONE',  ( -18.25000000000087400, -15.49999999999912400, -9.499999999999998200 ) ) ;
#3249 = CARTESIAN_POINT ( 'NONE',  ( 20.64999999999999900, 16.94289321881345200, -11.49999999999999800 ) ) ;
#3250 = AXIS2_PLACEMENT_3D ( 'NONE', #7111, #7038, #8808 ) ;
#3251 = CARTESIAN_POINT ( 'NONE',  ( 15.03502403148815200, -15.98624964824929200, -9.499999999999998200 ) ) ;
#3252 = ORIENTED_EDGE ( 'NONE', *, *, #856, .T. ) ;
#3253 = ADVANCED_FACE ( 'NONE', ( #3778, #5487 ), #2772, .T. ) ;
#3254 = CARTESIAN_POINT ( 'NONE',  ( 1.339045298307557800, -39.15000000000000600, -5.070497742733968100 ) ) ;
#3255 = COLOUR_RGB ( '',0.2509803921568627400, 0.2509803921568627400, 0.2509803921568627400 ) ;
#3256 = VERTEX_POINT ( 'NONE', #7763 ) ;
#3257 = ORIENTED_EDGE ( 'NONE', *, *, #3872, .F. ) ;
#3258 = CARTESIAN_POINT ( 'NONE',  ( -16.80716972541454600, 15.01375035175258400, -10.99999999999999800 ) ) ;
#3259 = DIRECTION ( 'NONE',  ( 1.000000000000000000, -3.815920199215883900E-013, -0.0000000000000000000 ) ) ;
#3260 = AXIS2_PLACEMENT_3D ( 'NONE', #1411, #9693, #433 ) ;
#3261 = EDGE_LOOP ( 'NONE', ( #2249, #5962 ) ) ;
#3262 = EDGE_CURVE ( 'NONE', #9207, #6750, #8220, .T. ) ;
#3263 = FACE_OUTER_BOUND ( 'NONE', #1236, .T. ) ;
#3264 = FACE_OUTER_BOUND ( 'NONE', #5334, .T. ) ;
#3265 =( GEOMETRIC_REPRESENTATION_CONTEXT ( 3 ) GLOBAL_UNCERTAINTY_ASSIGNED_CONTEXT ( ( #1392 ) ) GLOBAL_UNIT_ASSIGNED_CONTEXT ( ( #10221, #5217, #10333 ) ) REPRESENTATION_CONTEXT ( 'NONE', 'WORKASPACE' ) );
#3266 = STYLED_ITEM ( 'NONE', ( #7502 ), #9573 ) ;
#3267 = DIRECTION ( 'NONE',  ( 0.0000000000000000000, 0.0000000000000000000, -1.000000000000000000 ) ) ;
#3268 = VERTEX_POINT ( 'NONE', #1152 ) ;
#3269 = DIRECTION ( 'NONE',  ( 1.000000000000000000, 0.0000000000000000000, 0.0000000000000000000 ) ) ;
#3270 = DIRECTION ( 'NONE',  ( 0.0000000000000000000, -1.000000000000000000, 0.0000000000000000000 ) ) ;
#3271 = VERTEX_POINT ( 'NONE', #9468 ) ;
#3272 = FACE_BOUND ( 'NONE', #127, .T. ) ;
#3273 = DIRECTION ( 'NONE',  ( 0.0000000000000000000, -1.000000000000000000, 0.0000000000000000000 ) ) ;
#3274 = VECTOR ( 'NONE', #3982, 1000.000000000000000 ) ;
#3275 = CARTESIAN_POINT ( 'NONE',  ( 2.999999999999976500, -19.77371993328519300, -11.49999999999999800 ) ) ;
#3276 = EDGE_CURVE ( 'NONE', #5485, #2352, #8494, .T. ) ;
#3277 = AXIS2_PLACEMENT_3D ( 'NONE', #5988, #6021, #893 ) ;
#3278 = VERTEX_POINT ( 'NONE', #10311 ) ;
#3279 = LINE ( 'NONE', #6418, #1080 ) ;
#3280 = DIRECTION ( 'NONE',  ( -1.000000000000000000, 0.0000000000000000000, 0.0000000000000000000 ) ) ;
#3281 = EDGE_CURVE ( 'NONE', #9726, #1673, #3246, .T. ) ;
#3282 = DIRECTION ( 'NONE',  ( 0.0000000000000000000, 0.0000000000000000000, 1.000000000000000000 ) ) ;
#3283 = CARTESIAN_POINT ( 'NONE',  ( 15.03502403148815200, -15.01375035175166400, -9.499999999999998200 ) ) ;
#3284 = VERTEX_POINT ( 'NONE', #213 ) ;
#3285 = DIRECTION ( 'NONE',  ( -0.0000000000000000000, -0.0000000000000000000, -1.000000000000000000 ) ) ;
#3286 = ORIENTED_EDGE ( 'NONE', *, *, #2564, .F. ) ;
#3287 = DIRECTION ( 'NONE',  ( -0.0000000000000000000, -0.0000000000000000000, -1.000000000000000000 ) ) ;
#3288 = ORIENTED_EDGE ( 'NONE', *, *, #919, .F. ) ;
#3289 = CIRCLE ( 'NONE', #4420, 25.00000000000000000 ) ;
#3290 = ORIENTED_EDGE ( 'NONE', *, *, #5270, .T. ) ;
#3291 = FACE_OUTER_BOUND ( 'NONE', #1171, .T. ) ;
#3292 = ORIENTED_EDGE ( 'NONE', *, *, #5212, .F. ) ;
#3293 = CARTESIAN_POINT ( 'NONE',  ( 1.799999999999999400, -39.15000000000002000, -12.65000000000000400 ) ) ;
#3294 = VERTEX_POINT ( 'NONE', #172 ) ;
#3295 = DIRECTION ( 'NONE',  ( 1.000000000000000000, 0.0000000000000000000, 0.0000000000000000000 ) ) ;
#3296 = AXIS2_PLACEMENT_3D ( 'NONE', #2461, #10064, #755 ) ;
#3297 = CARTESIAN_POINT ( 'NONE',  ( 14.19283027458454600, -15.98624964824929200, -9.499999999999998200 ) ) ;
#3298 = CYLINDRICAL_SURFACE ( 'NONE', #1197, 0.5563334663949305300 ) ;
#3299 = DIRECTION ( 'NONE',  ( -0.0000000000000000000, -0.0000000000000000000, -1.000000000000000000 ) ) ;
#3300 = EDGE_CURVE ( 'NONE', #5407, #9285, #7165, .T. ) ;
#3301 = ORIENTED_EDGE ( 'NONE', *, *, #6752, .T. ) ;
#3302 = VERTEX_POINT ( 'NONE', #3729 ) ;
#3303 = ORIENTED_EDGE ( 'NONE', *, *, #425, .T. ) ;
#3304 = CARTESIAN_POINT ( 'NONE',  ( -13.31369220013740100, -21.16000000000001100, 63.84951795962939500 ) ) ;
#3305 = DIRECTION ( 'NONE',  ( -0.0000000000000000000, 0.0000000000000000000, -1.000000000000000000 ) ) ;
#3306 = DIRECTION ( 'NONE',  ( -0.0000000000000000000, -1.000000000000000000, -0.0000000000000000000 ) ) ;
#3307 = ORIENTED_EDGE ( 'NONE', *, *, #1776, .F. ) ;
#3308 = DIRECTION ( 'NONE',  ( 0.0000000000000000000, 0.0000000000000000000, 1.000000000000000000 ) ) ;
#3309 = LINE ( 'NONE', #6078, #9723 ) ;
#3310 = CARTESIAN_POINT ( 'NONE',  ( 18.74999999999912600, -15.50000000000000200, -11.49999999999999800 ) ) ;
#3311 = VERTEX_POINT ( 'NONE', #6203 ) ;
#3312 = ADVANCED_FACE ( 'NONE', ( #7039 ), #4824, .T. ) ;
#3313 = EDGE_CURVE ( 'NONE', #3218, #3294, #10183, .T. ) ;
#3314 = STYLED_ITEM ( 'NONE', ( #3625 ), #3579 ) ;
#3315 = CARTESIAN_POINT ( 'NONE',  ( -21.00355339059326800, -17.29644660940672200, -10.99999999999999800 ) ) ;
#3316 = DIRECTION ( 'NONE',  ( -0.0000000000000000000, -0.0000000000000000000, -1.000000000000000000 ) ) ;
#3317 = VERTEX_POINT ( 'NONE', #459 ) ;
#3318 = UNCERTAINTY_MEASURE_WITH_UNIT (LENGTH_MEASURE( 1.000000000000000100E-005 ), #2198, 'distance_accuracy_value', 'NONE');
#3319 = DIRECTION ( 'NONE',  ( 0.0000000000000000000, 0.0000000000000000000, -1.000000000000000000 ) ) ;
#3320 = LINE ( 'NONE', #5936, #10645 ) ;
#3321 =( LENGTH_UNIT ( ) NAMED_UNIT ( * ) SI_UNIT ( .MILLI., .METRE. ) );
#3322 = CARTESIAN_POINT ( 'NONE',  ( 0.5999999999999987600, -39.15000000000002000, -13.85000000000000300 ) ) ;
#3323 = SURFACE_STYLE_FILL_AREA ( #2811 ) ;
#3324 =( NAMED_UNIT ( * ) SI_UNIT ( $, .STERADIAN. ) SOLID_ANGLE_UNIT ( ) );
#3325 = AXIS2_PLACEMENT_3D ( 'NONE', #244, #4416, #3605 ) ;
#3326 = ORIENTED_EDGE ( 'NONE', *, *, #2869, .T. ) ;
#3327 =( NAMED_UNIT ( * ) PLANE_ANGLE_UNIT ( ) SI_UNIT ( $, .RADIAN. ) );
#3328 = LINE ( 'NONE', #9495, #4640 ) ;
#3329 = LINE ( 'NONE', #5606, #5944 ) ;
#3330 = ORIENTED_EDGE ( 'NONE', *, *, #10429, .F. ) ;
#3331 = SURFACE_STYLE_USAGE ( .BOTH. , #4986 ) ;
#3332 = CARTESIAN_POINT ( 'NONE',  ( -15.49999999999999600, -15.50000000000000400, 5.500000000000000000 ) ) ;
#3333 = STYLED_ITEM ( 'NONE', ( #8174 ), #9077 ) ;
#3334 = ORIENTED_EDGE ( 'NONE', *, *, #9093, .F. ) ;
#3335 = DIRECTION ( 'NONE',  ( 0.0000000000000000000, 1.000000000000000000, 0.0000000000000000000 ) ) ;
#3336 = DIRECTION ( 'NONE',  ( -0.0000000000000000000, -0.0000000000000000000, -1.000000000000000000 ) ) ;
#3337 = SURFACE_STYLE_USAGE ( .BOTH. , #1684 ) ;
#3338 = FACE_BOUND ( 'NONE', #10194, .T. ) ;
#3339 = VECTOR ( 'NONE', #112, 1000.000000000000000 ) ;
#3340 = DIRECTION ( 'NONE',  ( 0.0000000000000000000, -0.0000000000000000000, 1.000000000000000000 ) ) ;
#3341 = VECTOR ( 'NONE', #3305, 1000.000000000000000 ) ;
#3342 = DIRECTION ( 'NONE',  ( -0.0000000000000000000, -0.0000000000000000000, 1.000000000000000000 ) ) ;
#3343 = STYLED_ITEM ( 'NONE', ( #3751 ), #555 ) ;
#3344 = ORIENTED_EDGE ( 'NONE', *, *, #1868, .F. ) ;
#3345 = AXIS2_PLACEMENT_3D ( 'NONE', #4224, #4151, #9159 ) ;
#3346 = EDGE_CURVE ( 'NONE', #5857, #1004, #2992, .T. ) ;
#3347 = LINE ( 'NONE', #2671, #3482 ) ;
#3348 = CARTESIAN_POINT ( 'NONE',  ( 15.98624964824874800, 15.03502403148986100, -10.99999999999999800 ) ) ;
#3349 = SURFACE_STYLE_FILL_AREA ( #8317 ) ;
#3350 = ORIENTED_EDGE ( 'NONE', *, *, #2785, .F. ) ;
#3351 = DIRECTION ( 'NONE',  ( -0.0000000000000000000, -0.0000000000000000000, 1.000000000000000000 ) ) ;
#3352 = LINE ( 'NONE', #8839, #1153 ) ;
#3353 = ORIENTED_EDGE ( 'NONE', *, *, #8614, .F. ) ;
#3354 = DIRECTION ( 'NONE',  ( -0.0000000000000000000, -0.0000000000000000000, -1.000000000000000000 ) ) ;
#3355 = DIRECTION ( 'NONE',  ( 1.000000000000000000, 0.0000000000000000000, 0.0000000000000000000 ) ) ;
#3356 = CARTESIAN_POINT ( 'NONE',  ( -3.751237317905546500, -21.25000000000000700, -4.082228845956035600 ) ) ;
#3358 = AXIS2_PLACEMENT_3D ( 'NONE', #978, #10207, #4320 ) ;
#3357 = CARTESIAN_POINT ( 'NONE',  ( 0.0000000000000000000, -19.15000000000000600, -8.449999999999992200 ) ) ;
#3359 = CIRCLE ( 'NONE', #5509, 25.00000000000000000 ) ;
#3360 = ORIENTED_EDGE ( 'NONE', *, *, #6004, .F. ) ;
#3361 = FACE_OUTER_BOUND ( 'NONE', #5344, .T. ) ;
#3362 = AXIS2_PLACEMENT_3D ( 'NONE', #674, #9779, #1468 ) ;
#3363 = EDGE_CURVE ( 'NONE', #5147, #7155, #6782, .T. ) ;
#3364 = ADVANCED_FACE ( 'NONE', ( #9536 ), #10466, .T. ) ;
#3365 = ORIENTED_EDGE ( 'NONE', *, *, #9501, .T. ) ;
#3366 = DIRECTION ( 'NONE',  ( 0.0000000000000000000, 0.0000000000000000000, -1.000000000000000000 ) ) ;
#3367 = PLANE ( 'NONE',  #7116 ) ;
#3368 = CYLINDRICAL_SURFACE ( 'NONE', #424, 2.400000000000001200 ) ;
#3370 = EDGE_LOOP ( 'NONE', ( #3207, #396, #10206, #1439 ) ) ;
#3369 = PLANE ( 'NONE',  #6528 ) ;
#3371 = VERTEX_POINT ( 'NONE', #4598 ) ;
#3372 = FACE_OUTER_BOUND ( 'NONE', #4161, .T. ) ;
#3373 = DIRECTION ( 'NONE',  ( -1.000000000000000000, 4.542762141924042900E-015, 0.0000000000000000000 ) ) ;
#3374 = CARTESIAN_POINT ( 'NONE',  ( 0.0000000000000000000, 21.14999999999999900, 2.000000000000000000 ) ) ;
#3375 = EDGE_CURVE ( 'NONE', #7894, #9492, #7706, .T. ) ;
#3376 = COLOUR_RGB ( '',0.2509803921568627400, 0.2509803921568627400, 0.2509803921568627400 ) ;
#3377 = UNCERTAINTY_MEASURE_WITH_UNIT (LENGTH_MEASURE( 1.000000000000000100E-005 ), #4380, 'distance_accuracy_value', 'NONE');
#3378 = DIRECTION ( 'NONE',  ( 0.0000000000000000000, 0.0000000000000000000, -1.000000000000000000 ) ) ;
#3379 = ORIENTED_EDGE ( 'NONE', *, *, #3203, .T. ) ;
#3380 = CYLINDRICAL_SURFACE ( 'NONE', #963, 20.00000000000000000 ) ;
#3381 = PLANE ( 'NONE',  #4407 ) ;
#3382 = PLANE ( 'NONE',  #4904 ) ;
#3383 = EDGE_LOOP ( 'NONE', ( #8585, #323, #5614, #592 ) ) ;
#3384 = EDGE_CURVE ( 'NONE', #7708, #8474, #236, .T. ) ;
#3385 = DIRECTION ( 'NONE',  ( 0.0000000000000000000, 0.0000000000000000000, -1.000000000000000000 ) ) ;
#3386 = AXIS2_PLACEMENT_3D ( 'NONE', #153, #1865, #3442 ) ;
#3387 = DIRECTION ( 'NONE',  ( 1.000000000000000000, 0.0000000000000000000, 0.0000000000000000000 ) ) ;
#3388 = ORIENTED_EDGE ( 'NONE', *, *, #5689, .F. ) ;
#3389 = SURFACE_SIDE_STYLE ('',( #8963 ) ) ;
#3390 = CARTESIAN_POINT ( 'NONE',  ( 17.89999999999912100, -15.50000000000000200, -9.499999999999998200 ) ) ;
#3391 = COLOUR_RGB ( '',0.2509803921568627400, 0.2509803921568627400, 0.2509803921568627400 ) ;
#3392 = PLANE ( 'NONE',  #6421 ) ;
#3393 = ORIENTED_EDGE ( 'NONE', *, *, #814, .T. ) ;
#3394 =( GEOMETRIC_REPRESENTATION_CONTEXT ( 3 ) GLOBAL_UNCERTAINTY_ASSIGNED_CONTEXT ( ( #10213 ) ) GLOBAL_UNIT_ASSIGNED_CONTEXT ( ( #5719, #3198, #5690 ) ) REPRESENTATION_CONTEXT ( 'NONE', 'WORKASPACE' ) );
#3395 = CARTESIAN_POINT ( 'NONE',  ( 15.98624964824874800, 14.19283027458602200, -9.499999999999998200 ) ) ;
#3396 = ORIENTED_EDGE ( 'NONE', *, *, #9660, .F. ) ;
#3397 = FACE_OUTER_BOUND ( 'NONE', #747, .T. ) ;
#3398 =( NAMED_UNIT ( * ) PLANE_ANGLE_UNIT ( ) SI_UNIT ( $, .RADIAN. ) );
#3399 = FACE_BOUND ( 'NONE', #6796, .T. ) ;
#3400 = DIRECTION ( 'NONE',  ( -1.000000000000000000, 0.0000000000000000000, 0.0000000000000000000 ) ) ;
#3401 = ORIENTED_EDGE ( 'NONE', *, *, #6609, .T. ) ;
#3402 = ORIENTED_EDGE ( 'NONE', *, *, #253, .F. ) ;
#3403 = CARTESIAN_POINT ( 'NONE',  ( -16.94289321881343100, 21.14999999999999900, 9.500000000000000000 ) ) ;
#3404 = VERTEX_POINT ( 'NONE', #6243 ) ;
#3405 = VERTEX_POINT ( 'NONE', #8814 ) ;
#3406 = EDGE_CURVE ( 'NONE', #6140, #2791, #1434, .T. ) ;
#3407 = DIRECTION ( 'NONE',  ( 4.542762141924042900E-015, 1.000000000000000000, -0.0000000000000000000 ) ) ;
#3408 = FACE_OUTER_BOUND ( 'NONE', #9764, .T. ) ;
#3409 = AXIS2_PLACEMENT_3D ( 'NONE', #1083, #3612, #2032 ) ;
#3410 = SURFACE_SIDE_STYLE ('',( #4783 ) ) ;
#3411 = FACE_OUTER_BOUND ( 'NONE', #3901, .T. ) ;
#3412 = DIRECTION ( 'NONE',  ( 0.0000000000000000000, 0.0000000000000000000, 1.000000000000000000 ) ) ;
#3413 = DIRECTION ( 'NONE',  ( 0.0000000000000000000, 0.0000000000000000000, 1.000000000000000000 ) ) ;
#3414 = CIRCLE ( 'NONE', #5957, 1.249999999999997600 ) ;
#3415 = ADVANCED_FACE ( 'NONE', ( #7033 ), #364, .T. ) ;
#3416 = DIRECTION ( 'NONE',  ( 0.0000000000000000000, 0.0000000000000000000, 1.000000000000000000 ) ) ;
#3417 = ORIENTED_EDGE ( 'NONE', *, *, #1206, .F. ) ;
#3418 = CARTESIAN_POINT ( 'NONE',  ( 0.0000000000000000000, 20.64999999999999900, 10.00000000000000000 ) ) ;
#3419 = SURFACE_STYLE_FILL_AREA ( #5783 ) ;
#3420 = EDGE_CURVE ( 'NONE', #660, #7770, #5855, .T. ) ;
#3421 =( GEOMETRIC_REPRESENTATION_CONTEXT ( 3 ) GLOBAL_UNCERTAINTY_ASSIGNED_CONTEXT ( ( #8493 ) ) GLOBAL_UNIT_ASSIGNED_CONTEXT ( ( #10295, #8718, #6151 ) ) REPRESENTATION_CONTEXT ( 'NONE', 'WORKASPACE' ) );
#3422 = LINE ( 'NONE', #4948, #1224 ) ;
#3423 =( LENGTH_UNIT ( ) NAMED_UNIT ( * ) SI_UNIT ( .MILLI., .METRE. ) );
#3424 = DIRECTION ( 'NONE',  ( -0.0000000000000000000, -0.0000000000000000000, 1.000000000000000000 ) ) ;
#3425 = ORIENTED_EDGE ( 'NONE', *, *, #9531, .T. ) ;
#3426 = PLANE ( 'NONE',  #5522 ) ;
#3427 = CONICAL_SURFACE ( 'NONE', #2251, 1.249999999999997600, 1.029744258676653200 ) ;
#3428 = EDGE_CURVE ( 'NONE', #2505, #8045, #2845, .T. ) ;
#3429 =( LENGTH_UNIT ( ) NAMED_UNIT ( * ) SI_UNIT ( .MILLI., .METRE. ) );
#3430 = DIRECTION ( 'NONE',  ( 0.7071067811865460200, 0.7071067811865489100, -0.0000000000000000000 ) ) ;
#3431 = EDGE_LOOP ( 'NONE', ( #2988, #10582 ) ) ;
#3432 = CARTESIAN_POINT ( 'NONE',  ( -15.03502403149003500, 15.98624964825022200, -9.499999999999998200 ) ) ;
#3433 = DIRECTION ( 'NONE',  ( 6.938893903907222100E-015, 0.0000000000000000000, -1.000000000000000000 ) ) ;
#3434 = ORIENTED_EDGE ( 'NONE', *, *, #10396, .F. ) ;
#3435 = LINE ( 'NONE', #6919, #3049 ) ;
#3436 = DIRECTION ( 'NONE',  ( 1.000000000000000000, 0.0000000000000000000, 0.0000000000000000000 ) ) ;
#3437 = CARTESIAN_POINT ( 'NONE',  ( 0.0000000000000000000, 0.0000000000000000000, 10.00000000000000000 ) ) ;
#3438 = VERTEX_POINT ( 'NONE', #10539 ) ;
#3439 = LINE ( 'NONE', #10581, #1242 ) ;
#3440 = PRESENTATION_LAYER_ASSIGNMENT (  '', '', ( #423 ) ) ;
#3441 = DIRECTION ( 'NONE',  ( 0.0000000000000000000, 0.0000000000000000000, -1.000000000000000000 ) ) ;
#3442 = DIRECTION ( 'NONE',  ( -1.000000000000000000, 0.0000000000000000000, 0.0000000000000000000 ) ) ;
#3443 =( GEOMETRIC_REPRESENTATION_CONTEXT ( 3 ) GLOBAL_UNCERTAINTY_ASSIGNED_CONTEXT ( ( #429 ) ) GLOBAL_UNIT_ASSIGNED_CONTEXT ( ( #6262, #1570, #3080 ) ) REPRESENTATION_CONTEXT ( 'NONE', 'WORKASPACE' ) );
#3444 = FILL_AREA_STYLE ('',( #1930 ) ) ;
#3445 = CARTESIAN_POINT ( 'NONE',  ( 15.01375035175125200, 14.19283027458602200, -9.499999999999998200 ) ) ;
#3446 = EDGE_CURVE ( 'NONE', #8989, #5076, #8998, .T. ) ;
#3447 = ORIENTED_EDGE ( 'NONE', *, *, #9851, .T. ) ;
#3448 = CIRCLE ( 'NONE', #611, 0.5000000000000006700 ) ;
#3449 = DIRECTION ( 'NONE',  ( -6.179303022933785000E-015, -1.000000000000000000, -0.0000000000000000000 ) ) ;
#3450 =( NAMED_UNIT ( * ) SI_UNIT ( $, .STERADIAN. ) SOLID_ANGLE_UNIT ( ) );
#3451 = ORIENTED_EDGE ( 'NONE', *, *, #7443, .T. ) ;
#3452 = CIRCLE ( 'NONE', #995, 25.00000000000000000 ) ;
#3453 = DIRECTION ( 'NONE',  ( 1.000000000000000000, 0.0000000000000000000, 0.0000000000000000000 ) ) ;
#3454 = FILL_AREA_STYLE ('',( #7624 ) ) ;
#3455 = DIRECTION ( 'NONE',  ( -0.0000000000000000000, -0.0000000000000000000, -1.000000000000000000 ) ) ;
#3456 = ORIENTED_EDGE ( 'NONE', *, *, #10541, .T. ) ;
#3457 = UNCERTAINTY_MEASURE_WITH_UNIT (LENGTH_MEASURE( 1.000000000000000100E-005 ), #9442, 'distance_accuracy_value', 'NONE');
#3458 =( GEOMETRIC_REPRESENTATION_CONTEXT ( 3 ) GLOBAL_UNCERTAINTY_ASSIGNED_CONTEXT ( ( #4128 ) ) GLOBAL_UNIT_ASSIGNED_CONTEXT ( ( #10641, #3105, #8956 ) ) REPRESENTATION_CONTEXT ( 'NONE', 'WORKASPACE' ) );
#3459 = PLANE ( 'NONE',  #2865 ) ;
#3460 = DIRECTION ( 'NONE',  ( 0.0000000000000000000, 0.0000000000000000000, 1.000000000000000000 ) ) ;
#3461 = DIRECTION ( 'NONE',  ( -0.0000000000000000000, 0.0000000000000000000, -1.000000000000000000 ) ) ;
#3462 = DIRECTION ( 'NONE',  ( 1.000000000000000000, 0.0000000000000000000, 0.0000000000000000000 ) ) ;
#3463 = CARTESIAN_POINT ( 'NONE',  ( -15.50000000000087200, -15.49999999999912400, -10.99999999999999800 ) ) ;
#3464 = SURFACE_STYLE_FILL_AREA ( #9028 ) ;
#3465 = DIRECTION ( 'NONE',  ( 1.000000000000000000, 0.0000000000000000000, 0.0000000000000000000 ) ) ;
#3466 = EDGE_LOOP ( 'NONE', ( #5057, #6518, #1718, #10614, #8155, #9240, #5883, #4714 ) ) ;
#3467 = DIRECTION ( 'NONE',  ( 1.000000000000000000, -0.0000000000000000000, -0.0000000000000000000 ) ) ;
#3468 = ORIENTED_EDGE ( 'NONE', *, *, #6841, .T. ) ;
#3469 = ADVANCED_FACE ( 'NONE', ( #6248 ), #9023, .F. ) ;
#3470 = CARTESIAN_POINT ( 'NONE',  ( 3.500000000000000000, 4.286263797015736600E-016, -9.499999999999998200 ) ) ;
#3471 = EDGE_CURVE ( 'NONE', #6936, #5038, #2091, .T. ) ;
#3472 = LINE ( 'NONE', #1374, #6615 ) ;
#3473 = LINE ( 'NONE', #10179, #7393 ) ;
#3474 = EDGE_CURVE ( 'NONE', #6861, #10689, #6648, .T. ) ;
#3475 = CARTESIAN_POINT ( 'NONE',  ( -3.606332336518507400, -19.15000000000000600, -3.995250529672278900 ) ) ;
#3476 = CIRCLE ( 'NONE', #1192, 0.5000000000000022200 ) ;
#3477 = MECHANICAL_DESIGN_GEOMETRIC_PRESENTATION_REPRESENTATION (  '', ( #8312 ), #7396 ) ;
#3478 = FACE_OUTER_BOUND ( 'NONE', #490, .T. ) ;
#3479 = LINE ( 'NONE', #279, #343 ) ;
#3480 = ADVANCED_FACE ( 'NONE', ( #10317 ), #5623, .F. ) ;
#3481 = CARTESIAN_POINT ( 'NONE',  ( -1.371348881391340800, -39.15000000000000600, -5.626831209128898300 ) ) ;
#3482 = VECTOR ( 'NONE', #8532, 1000.000000000000000 ) ;
#3483 = DIRECTION ( 'NONE',  ( -1.000000000000000000, 0.0000000000000000000, 0.0000000000000000000 ) ) ;
#3484 = FILL_AREA_STYLE_COLOUR ( '', #4984 ) ;
#3485 = ORIENTED_EDGE ( 'NONE', *, *, #4956, .T. ) ;
#3486 = CIRCLE ( 'NONE', #1762, 0.5563334663949278700 ) ;
#3487 = EDGE_CURVE ( 'NONE', #9285, #7724, #1705, .T. ) ;
#3488 = FILL_AREA_STYLE ('',( #1509 ) ) ;
#3489 = STYLED_ITEM ( 'NONE', ( #10655 ), #1188 ) ;
#3490 = DIRECTION ( 'NONE',  ( 0.0000000000000000000, 0.0000000000000000000, -1.000000000000000000 ) ) ;
#3491 = EDGE_CURVE ( 'NONE', #1957, #8632, #5604, .T. ) ;
#3492 = FILL_AREA_STYLE ('',( #10146 ) ) ;
#3493 = LINE ( 'NONE', #65, #5982 ) ;
#3494 = ORIENTED_EDGE ( 'NONE', *, *, #10816, .F. ) ;
#3495 = SURFACE_STYLE_FILL_AREA ( #2286 ) ;
#3496 = DIRECTION ( 'NONE',  ( -0.0000000000000000000, -0.0000000000000000000, 1.000000000000000000 ) ) ;
#3497 = DIRECTION ( 'NONE',  ( 1.000000000000000000, 0.0000000000000000000, 0.0000000000000000000 ) ) ;
#3498 = CARTESIAN_POINT ( 'NONE',  ( 18.25000000000000000, 15.50000000000000000, -10.99999999999999800 ) ) ;
#3499 =( NAMED_UNIT ( * ) SI_UNIT ( $, .STERADIAN. ) SOLID_ANGLE_UNIT ( ) );
#3500 = DIRECTION ( 'NONE',  ( 0.0000000000000000000, -0.0000000000000000000, 1.000000000000000000 ) ) ;
#3501 = DIRECTION ( 'NONE',  ( 8.202002250481356300E-017, -1.000000000000000000, -0.0000000000000000000 ) ) ;
#3503 = AXIS2_PLACEMENT_3D ( 'NONE', #8349, #9987, #6665 ) ;
#3502 = DIRECTION ( 'NONE',  ( 0.0000000000000000000, -1.000000000000000000, 0.0000000000000000000 ) ) ;
#3504 = VECTOR ( 'NONE', #9044, 1000.000000000000000 ) ;
#3505 = PRESENTATION_LAYER_ASSIGNMENT (  '', '', ( #7428 ) ) ;
#3506 = DIRECTION ( 'NONE',  ( 0.0000000000000000000, 0.0000000000000000000, -1.000000000000000000 ) ) ;
#3507 = ORIENTED_EDGE ( 'NONE', *, *, #5006, .F. ) ;
#3508 = EDGE_LOOP ( 'NONE', ( #276, #7827, #4475, #7582 ) ) ;
#3509 = EDGE_CURVE ( 'NONE', #4340, #8677, #10456, .T. ) ;
#3510 = CARTESIAN_POINT ( 'NONE',  ( 1.799999999999998900, -39.15000000000002000, -13.35000000000000300 ) ) ;
#3511 = LINE ( 'NONE', #861, #7962 ) ;
#3512 = DIRECTION ( 'NONE',  ( 0.0000000000000000000, -1.000000000000000000, 0.0000000000000000000 ) ) ;
#3513 = SURFACE_STYLE_USAGE ( .BOTH. , #9332 ) ;
#3514 = DIRECTION ( 'NONE',  ( 0.0000000000000000000, 0.0000000000000000000, 1.000000000000000000 ) ) ;
#3515 = UNCERTAINTY_MEASURE_WITH_UNIT (LENGTH_MEASURE( 1.000000000000000100E-005 ), #4360, 'distance_accuracy_value', 'NONE');
#3516 = ORIENTED_EDGE ( 'NONE', *, *, #8167, .F. ) ;
#3517 =( GEOMETRIC_REPRESENTATION_CONTEXT ( 3 ) GLOBAL_UNCERTAINTY_ASSIGNED_CONTEXT ( ( #4935 ) ) GLOBAL_UNIT_ASSIGNED_CONTEXT ( ( #2585, #5905, #1774 ) ) REPRESENTATION_CONTEXT ( 'NONE', 'WORKASPACE' ) );
#3518 = CIRCLE ( 'NONE', #216, 1.249999999999999300 ) ;
#3519 = VERTEX_POINT ( 'NONE', #3907 ) ;
#3520 = ORIENTED_EDGE ( 'NONE', *, *, #3592, .T. ) ;
#3521 =( LENGTH_UNIT ( ) NAMED_UNIT ( * ) SI_UNIT ( .MILLI., .METRE. ) );
#3522 = EDGE_CURVE ( 'NONE', #8339, #9549, #5720, .T. ) ;
#3523 = SURFACE_STYLE_USAGE ( .BOTH. , #2678 ) ;
#3524 = ADVANCED_FACE ( 'NONE', ( #3372 ), #9755, .F. ) ;
#3525 = FILL_AREA_STYLE ('',( #1870 ) ) ;
#3526 = CARTESIAN_POINT ( 'NONE',  ( 3.500000000000000000, 4.286263797015736600E-016, -10.99999999999999800 ) ) ;
#3527 = VERTEX_POINT ( 'NONE', #7184 ) ;
#3528 = CIRCLE ( 'NONE', #7942, 0.5000000000000004400 ) ;
#3529 = SURFACE_SIDE_STYLE ('',( #6636 ) ) ;
#3530 = SURFACE_SIDE_STYLE ('',( #7456 ) ) ;
#3531 = EDGE_LOOP ( 'NONE', ( #125, #9059, #4766 ) ) ;
#3532 = EDGE_LOOP ( 'NONE', ( #9040, #7811, #9056, #2583 ) ) ;
#3533 = MECHANICAL_DESIGN_GEOMETRIC_PRESENTATION_REPRESENTATION (  '', ( #2981 ), #7459 ) ;
#3534 = CARTESIAN_POINT ( 'NONE',  ( -16.94289321881343100, 20.64999999999999900, 9.500000000000000000 ) ) ;
#3535 = CARTESIAN_POINT ( 'NONE',  ( 1.339045298307557800, -39.15000000000000600, -6.956617291317806800 ) ) ;
#3536 =( LENGTH_UNIT ( ) NAMED_UNIT ( * ) SI_UNIT ( .MILLI., .METRE. ) );
#3537 = VERTEX_POINT ( 'NONE', #1436 ) ;
#3538 = CARTESIAN_POINT ( 'NONE',  ( -0.6000000000000007500, -39.15000000000002000, -12.65000000000000400 ) ) ;
#3539 = ORIENTED_EDGE ( 'NONE', *, *, #6927, .F. ) ;
#3540 = ADVANCED_FACE ( 'NONE', ( #4166 ), #3234, .T. ) ;
#3541 = LINE ( 'NONE', #8019, #9940 ) ;
#3542 = CIRCLE ( 'NONE', #4827, 2.200000000000000600 ) ;
#3543 = ORIENTED_EDGE ( 'NONE', *, *, #7580, .F. ) ;
#3544 = AXIS2_PLACEMENT_3D ( 'NONE', #2754, #5291, #6111 ) ;
#3545 = EDGE_LOOP ( 'NONE', ( #3485, #1987, #1497, #8646 ) ) ;
#3546 = ORIENTED_EDGE ( 'NONE', *, *, #8876, .T. ) ;
#3547 = DIRECTION ( 'NONE',  ( -1.000000000000000000, 0.0000000000000000000, 0.0000000000000000000 ) ) ;
#3548 = CARTESIAN_POINT ( 'NONE',  ( 15.03502403148815200, -16.74998035735574600, -10.99999999999999800 ) ) ;
#3549 = ORIENTED_EDGE ( 'NONE', *, *, #2736, .T. ) ;
#3550 =( NAMED_UNIT ( * ) SI_UNIT ( $, .STERADIAN. ) SOLID_ANGLE_UNIT ( ) );
#3551 = LINE ( 'NONE', #6695, #4464 ) ;
#3552 = ORIENTED_EDGE ( 'NONE', *, *, #4925, .T. ) ;
#3553 = FACE_OUTER_BOUND ( 'NONE', #675, .T. ) ;
#3554 = VERTEX_POINT ( 'NONE', #7374 ) ;
#3556 = PRESENTATION_LAYER_ASSIGNMENT (  '', '', ( #1333 ) ) ;
#3555 = CARTESIAN_POINT ( 'NONE',  ( -19.15000000000002000, 19.14999999999995600, -1.499999999999997800 ) ) ;
#3557 = AXIS2_PLACEMENT_3D ( 'NONE', #2093, #3052, #7074 ) ;
#3558 = VERTEX_POINT ( 'NONE', #3130 ) ;
#3559 = EDGE_CURVE ( 'NONE', #7576, #4084, #7691, .T. ) ;
#3560 = SURFACE_SIDE_STYLE ('',( #7638 ) ) ;
#3561 = AXIS2_PLACEMENT_3D ( 'NONE', #8878, #8009, #8849 ) ;
#3562 = CARTESIAN_POINT ( 'NONE',  ( -15.03502403149003500, 15.98624964825022200, -9.499999999999998200 ) ) ;
#3563 = EDGE_LOOP ( 'NONE', ( #1275, #7733, #6688, #5363, #9681, #1281, #7887, #5245, #7883, #8265, #129, #4210 ) ) ;
#3564 = CARTESIAN_POINT ( 'NONE',  ( -20.64999999999999500, 16.94289321881342800, -10.99999999999999800 ) ) ;
#3565 = VERTEX_POINT ( 'NONE', #8983 ) ;
#3566 = CARTESIAN_POINT ( 'NONE',  ( 15.03502403148815200, -16.74998035735574600, -9.499999999999998200 ) ) ;
#3567 = AXIS2_PLACEMENT_3D ( 'NONE', #3980, #9822, #4815 ) ;
#3568 = ORIENTED_EDGE ( 'NONE', *, *, #1611, .T. ) ;
#3569 = AXIS2_PLACEMENT_3D ( 'NONE', #3795, #5488, #2334 ) ;
#3570 = CARTESIAN_POINT ( 'NONE',  ( 21.14999999999999900, 21.14999999999999900, 2.000000000000000000 ) ) ;
#3571 = PRESENTATION_STYLE_ASSIGNMENT (( #10289 ) ) ;
#3572 = CARTESIAN_POINT ( 'NONE',  ( -15.03502403149003500, 16.74998035735667700, -10.99999999999999800 ) ) ;
#3573 = EDGE_CURVE ( 'NONE', #7049, #9084, #8600, .T. ) ;
#3574 = VERTEX_POINT ( 'NONE', #726 ) ;
#3575 = CARTESIAN_POINT ( 'NONE',  ( 15.50000000000000000, 15.50000000000000000, 10.00000000000000000 ) ) ;
#3576 = VECTOR ( 'NONE', #9499, 1000.000000000000000 ) ;
#3577 =( NAMED_UNIT ( * ) PLANE_ANGLE_UNIT ( ) SI_UNIT ( $, .RADIAN. ) );
#3578 = ORIENTED_EDGE ( 'NONE', *, *, #1277, .F. ) ;
#3579 = ADVANCED_FACE ( 'NONE', ( #10304 ), #9963, .F. ) ;
#3580 = DIRECTION ( 'NONE',  ( 0.0000000000000000000, 0.0000000000000000000, -1.000000000000000000 ) ) ;
#3581 = SURFACE_SIDE_STYLE ('',( #3754 ) ) ;
#3582 =( GEOMETRIC_REPRESENTATION_CONTEXT ( 3 ) GLOBAL_UNCERTAINTY_ASSIGNED_CONTEXT ( ( #8150 ) ) GLOBAL_UNIT_ASSIGNED_CONTEXT ( ( #9509, #9659, #3738 ) ) REPRESENTATION_CONTEXT ( 'NONE', 'WORKASPACE' ) );
#3583 = DIRECTION ( 'NONE',  ( 0.0000000000000000000, 0.0000000000000000000, 1.000000000000000000 ) ) ;
#3584 = FILL_AREA_STYLE ('',( #256 ) ) ;
#3585 = EDGE_CURVE ( 'NONE', #6364, #7049, #10038, .T. ) ;
#3586 = DIRECTION ( 'NONE',  ( 0.0000000000000000000, -1.000000000000000000, 0.0000000000000000000 ) ) ;
#3587 = ORIENTED_EDGE ( 'NONE', *, *, #8413, .T. ) ;
#3588 = CARTESIAN_POINT ( 'NONE',  ( 16.94289321881344500, -20.65000000000000200, -1.499999999999997800 ) ) ;
#3589 = DIRECTION ( 'NONE',  ( -0.7071067811865441300, -0.7071067811865510100, 4.906538933386768800E-015 ) ) ;
#3590 = FILL_AREA_STYLE_COLOUR ( '', #4548 ) ;
#3591 = FILL_AREA_STYLE_COLOUR ( '', #9876 ) ;
#3592 = EDGE_CURVE ( 'NONE', #6068, #6484, #7824, .T. ) ;
#3593 = MECHANICAL_DESIGN_GEOMETRIC_PRESENTATION_REPRESENTATION (  '', ( #4093 ), #1589 ) ;
#3594 = FACE_OUTER_BOUND ( 'NONE', #4236, .T. ) ;
#3595 = SURFACE_SIDE_STYLE ('',( #9594 ) ) ;
#3596 = LINE ( 'NONE', #5825, #10277 ) ;
#3597 = COLOUR_RGB ( '',0.2509803921568627400, 0.2509803921568627400, 0.2509803921568627400 ) ;
#3598 = VECTOR ( 'NONE', #9968, 1000.000000000000000 ) ;
#3599 = CYLINDRICAL_SURFACE ( 'NONE', #3684, 0.5000000000000004400 ) ;
#3600 = LINE ( 'NONE', #8035, #10016 ) ;
#3601 = AXIS2_PLACEMENT_3D ( 'NONE', #10267, #6823, #7791 ) ;
#3602 = CARTESIAN_POINT ( 'NONE',  ( -3.500000000000000000, 4.286263797015736600E-016, 10.00000000000000000 ) ) ;
#3603 = ORIENTED_EDGE ( 'NONE', *, *, #4345, .T. ) ;
#3604 = CARTESIAN_POINT ( 'NONE',  ( 16.94289321881343500, 20.64999999999999900, -10.99999999999999800 ) ) ;
#3605 = DIRECTION ( 'NONE',  ( 1.000000000000000000, 0.0000000000000000000, 0.0000000000000000000 ) ) ;
#3606 = CARTESIAN_POINT ( 'NONE',  ( 1.999999999999994900, 2.755455298081541800E-016, 30.00000000000000000 ) ) ;
#3607 = LINE ( 'NONE', #1195, #4659 ) ;
#3608 = CARTESIAN_POINT ( 'NONE',  ( 0.0000000000000000000, 21.14999999999999900, 9.500000000000000000 ) ) ;
#3609 = DIRECTION ( 'NONE',  ( 1.000000000000000000, 0.0000000000000000000, 0.0000000000000000000 ) ) ;
#3610 = VECTOR ( 'NONE', #2287, 1000.000000000000000 ) ;
#3611 = ORIENTED_EDGE ( 'NONE', *, *, #6629, .T. ) ;
#3612 = DIRECTION ( 'NONE',  ( 1.000000000000000000, 0.0000000000000000000, -0.0000000000000000000 ) ) ;
#3613 = AXIS2_PLACEMENT_3D ( 'NONE', #2344, #8186, #3178 ) ;
#3614 = ORIENTED_EDGE ( 'NONE', *, *, #6873, .F. ) ;
#3615 = AXIS2_PLACEMENT_3D ( 'NONE', #5043, #3319, #9926 ) ;
#3616 =( NAMED_UNIT ( * ) PLANE_ANGLE_UNIT ( ) SI_UNIT ( $, .RADIAN. ) );
#3617 =( NAMED_UNIT ( * ) SI_UNIT ( $, .STERADIAN. ) SOLID_ANGLE_UNIT ( ) );
#3618 = EDGE_CURVE ( 'NONE', #3692, #5116, #765, .T. ) ;
#3619 = DIRECTION ( 'NONE',  ( -1.000000000000000000, 0.0000000000000000000, 0.0000000000000000000 ) ) ;
#3620 = VECTOR ( 'NONE', #5465, 1000.000000000000000 ) ;
#3621 = MECHANICAL_DESIGN_GEOMETRIC_PRESENTATION_REPRESENTATION (  '', ( #3266 ), #9652 ) ;
#3622 = CIRCLE ( 'NONE', #3968, 0.5000000000000004400 ) ;
#3623 = EDGE_LOOP ( 'NONE', ( #8129, #4186 ) ) ;
#3624 = DIRECTION ( 'NONE',  ( 0.0000000000000000000, -0.0000000000000000000, -1.000000000000000000 ) ) ;
#3625 = PRESENTATION_STYLE_ASSIGNMENT (( #6531 ) ) ;
#3626 = CARTESIAN_POINT ( 'NONE',  ( -21.14999999999999500, 13.32957238623956400, -3.499999999999996000 ) ) ;
#3627 = EDGE_CURVE ( 'NONE', #10557, #6804, #10829, .T. ) ;
#3628 = FACE_OUTER_BOUND ( 'NONE', #5832, .T. ) ;
#3629 = VERTEX_POINT ( 'NONE', #4968 ) ;
#3630 = ORIENTED_EDGE ( 'NONE', *, *, #997, .T. ) ;
#3631 = ADVANCED_FACE ( 'NONE', ( #9909 ), #5593, .F. ) ;
#3632 = DIRECTION ( 'NONE',  ( 1.659555831213624300E-016, 0.0000000000000000000, -1.000000000000000000 ) ) ;
#3633 = AXIS2_PLACEMENT_3D ( 'NONE', #8162, #8969, #10619 ) ;
#3634 = VECTOR ( 'NONE', #10573, 1000.000000000000000 ) ;
#3635 = EDGE_CURVE ( 'NONE', #3527, #1216, #9390, .T. ) ;
#3636 = DIRECTION ( 'NONE',  ( -0.0000000000000000000, -0.0000000000000000000, 1.000000000000000000 ) ) ;
#3637 = ORIENTED_EDGE ( 'NONE', *, *, #7771, .F. ) ;
#3638 = TOROIDAL_SURFACE ( 'NONE', #6800, 4.000000000000000000, 0.5000000000000000000 ) ;
#3639 = CARTESIAN_POINT ( 'NONE',  ( 12.26375928220177300, -15.79874071779804500, -11.49999999999999800 ) ) ;
#3640 = VERTEX_POINT ( 'NONE', #3315 ) ;
#3641 = DIRECTION ( 'NONE',  ( 1.000000000000000000, 0.0000000000000000000, 0.0000000000000000000 ) ) ;
#3642 = DIRECTION ( 'NONE',  ( 0.7071067811865493500, 0.7071067811865456900, -0.0000000000000000000 ) ) ;
#3643 = COLOUR_RGB ( '',0.2509803921568627400, 0.2509803921568627400, 0.2509803921568627400 ) ;
#3644 = FILL_AREA_STYLE_COLOUR ( '', #1016 ) ;
#3645 = CARTESIAN_POINT ( 'NONE',  ( -16.94289321881343100, 20.64999999999999900, 9.500000000000000000 ) ) ;
#3646 =( NAMED_UNIT ( * ) PLANE_ANGLE_UNIT ( ) SI_UNIT ( $, .RADIAN. ) );
#3647 = CARTESIAN_POINT ( 'NONE',  ( -15.03502403149003900, 14.25001964264614400, -9.499999999999998200 ) ) ;
#3648 = EDGE_LOOP ( 'NONE', ( #9360, #2087, #2489, #8801, #6540, #9845, #10340, #10644, #1701, #5662, #6879, #291 ) ) ;
#3649 = MECHANICAL_DESIGN_GEOMETRIC_PRESENTATION_REPRESENTATION (  '', ( #1996 ), #3227 ) ;
#3650 = EDGE_CURVE ( 'NONE', #6770, #6460, #1304, .T. ) ;
#3651 =( NAMED_UNIT ( * ) SI_UNIT ( $, .STERADIAN. ) SOLID_ANGLE_UNIT ( ) );
#3652 = UNCERTAINTY_MEASURE_WITH_UNIT (LENGTH_MEASURE( 1.000000000000000100E-005 ), #9782, 'distance_accuracy_value', 'NONE');
#3653 = ORIENTED_EDGE ( 'NONE', *, *, #7121, .F. ) ;
#3654 = FACE_OUTER_BOUND ( 'NONE', #8900, .T. ) ;
#3655 =( NAMED_UNIT ( * ) SI_UNIT ( $, .STERADIAN. ) SOLID_ANGLE_UNIT ( ) );
#3656 = CARTESIAN_POINT ( 'NONE',  ( -0.1346328369071380600, 2.000000000000000400, 30.00000000000000000 ) ) ;
#3657 = DIRECTION ( 'NONE',  ( 0.0000000000000000000, 0.0000000000000000000, 1.000000000000000000 ) ) ;
#3658 = FILL_AREA_STYLE_COLOUR ( '', #1854 ) ;
#3659 = ORIENTED_EDGE ( 'NONE', *, *, #2712, .F. ) ;
#3660 = ORIENTED_EDGE ( 'NONE', *, *, #4825, .F. ) ;
#3661 = DIRECTION ( 'NONE',  ( 1.000000000000000000, 8.202002250481357500E-017, -0.0000000000000000000 ) ) ;
#3662 = SURFACE_SIDE_STYLE ('',( #4326 ) ) ;
#3663 = CARTESIAN_POINT ( 'NONE',  ( 18.24999999999912600, -15.50000000000000200, -10.99999999999999800 ) ) ;
#3664 = EDGE_CURVE ( 'NONE', #10018, #4899, #223, .T. ) ;
#3665 = MECHANICAL_DESIGN_GEOMETRIC_PRESENTATION_REPRESENTATION (  '', ( #10410 ), #6324 ) ;
#3666 = VERTEX_POINT ( 'NONE', #5010 ) ;
#3667 = FILL_AREA_STYLE_COLOUR ( '', #5782 ) ;
#3668 = VECTOR ( 'NONE', #6741, 1000.000000000000000 ) ;
#3669 = CARTESIAN_POINT ( 'NONE',  ( -15.49999999999999600, 15.50000000000087400, -9.499999999999998200 ) ) ;
#3670 = ORIENTED_EDGE ( 'NONE', *, *, #8122, .F. ) ;
#3671 = DIRECTION ( 'NONE',  ( 0.0000000000000000000, 0.0000000000000000000, -1.000000000000000000 ) ) ;
#3672 = ORIENTED_EDGE ( 'NONE', *, *, #1783, .F. ) ;
#3673 = SURFACE_STYLE_USAGE ( .BOTH. , #3595 ) ;
#3674 = ORIENTED_EDGE ( 'NONE', *, *, #2181, .T. ) ;
#3675 = SURFACE_STYLE_FILL_AREA ( #1154 ) ;
#3676 =( NAMED_UNIT ( * ) SI_UNIT ( $, .STERADIAN. ) SOLID_ANGLE_UNIT ( ) );
#3677 = STYLED_ITEM ( 'NONE', ( #86 ), #5131 ) ;
#3678 = DIRECTION ( 'NONE',  ( 0.7071067811865487900, -0.7071067811865463500, -0.0000000000000000000 ) ) ;
#3679 = LINE ( 'NONE', #5415, #1094 ) ;
#3680 = DIRECTION ( 'NONE',  ( 0.0000000000000000000, 0.0000000000000000000, 1.000000000000000000 ) ) ;
#3681 = EDGE_CURVE ( 'NONE', #2094, #10492, #2456, .T. ) ;
#3682 = CARTESIAN_POINT ( 'NONE',  ( 0.5305570004894383200, 2.000000000000000000, 29.94413871639186600 ) ) ;
#3683 = EDGE_LOOP ( 'NONE', ( #4424, #1306, #826 ) ) ;
#3684 = AXIS2_PLACEMENT_3D ( 'NONE', #7847, #5439, #5542 ) ;
#3685 = COLOUR_RGB ( '',0.2509803921568627400, 0.2509803921568627400, 0.2509803921568627400 ) ;
#3686 = FILL_AREA_STYLE ('',( #4665 ) ) ;
#3687 = LINE ( 'NONE', #9106, #2773 ) ;
#3688 = ADVANCED_FACE ( 'NONE', ( #4947 ), #10571, .T. ) ;
#3689 = DIRECTION ( 'NONE',  ( -0.0000000000000000000, -0.0000000000000000000, -1.000000000000000000 ) ) ;
#3690 = ORIENTED_EDGE ( 'NONE', *, *, #1833, .F. ) ;
#3691 = ORIENTED_EDGE ( 'NONE', *, *, #1804, .T. ) ;
#3692 = VERTEX_POINT ( 'NONE', #5978 ) ;
#3693 =( NAMED_UNIT ( * ) SI_UNIT ( $, .STERADIAN. ) SOLID_ANGLE_UNIT ( ) );
#3694 = DIRECTION ( 'NONE',  ( -0.0000000000000000000, -0.0000000000000000000, -1.000000000000000000 ) ) ;
#3695 = DIRECTION ( 'NONE',  ( 1.000000000000000000, 0.0000000000000000000, 0.0000000000000000000 ) ) ;
#3696 = DIRECTION ( 'NONE',  ( -0.0000000000000000000, -1.000000000000000000, -0.0000000000000000000 ) ) ;
#3697 = PLANE ( 'NONE',  #5097 ) ;
#3698 = EDGE_LOOP ( 'NONE', ( #4833, #392, #9110, #6358 ) ) ;
#3699 = LINE ( 'NONE', #9777, #1499 ) ;
#3701 = PRESENTATION_LAYER_ASSIGNMENT (  '', '', ( #5331 ) ) ;
#3700 = DIRECTION ( 'NONE',  ( -0.0000000000000000000, -0.0000000000000000000, 1.000000000000000000 ) ) ;
#3702 = CARTESIAN_POINT ( 'NONE',  ( 13.29999999999999900, 15.50000000000000000, -10.49999999999999600 ) ) ;
#3703 = CIRCLE ( 'NONE', #2363, 0.5000000000000006700 ) ;
#3704 = AXIS2_PLACEMENT_3D ( 'NONE', #2369, #5659, #7482 ) ;
#3705 = EDGE_CURVE ( 'NONE', #8758, #6616, #4414, .T. ) ;
#3706 = ADVANCED_FACE ( 'NONE', ( #484 ), #6717, .T. ) ;
#3707 = DIRECTION ( 'NONE',  ( -0.0000000000000000000, -0.0000000000000000000, -1.000000000000000000 ) ) ;
#3708 =( GEOMETRIC_REPRESENTATION_CONTEXT ( 3 ) GLOBAL_UNCERTAINTY_ASSIGNED_CONTEXT ( ( #9552 ) ) GLOBAL_UNIT_ASSIGNED_CONTEXT ( ( #2586, #91, #5158 ) ) REPRESENTATION_CONTEXT ( 'NONE', 'WORKASPACE' ) );
#3709 = CARTESIAN_POINT ( 'NONE',  ( 0.0000000000000000000, 0.0000000000000000000, -3.499999999999996000 ) ) ;
#3710 = DIRECTION ( 'NONE',  ( 0.0000000000000000000, 0.0000000000000000000, 1.000000000000000000 ) ) ;
#3711 = EDGE_LOOP ( 'NONE', ( #6895, #9045, #1290, #3292, #4441, #4521, #5241, #10314, #1068, #8309, #3879, #8796 ) ) ;
#3712 = DIRECTION ( 'NONE',  ( 0.0000000000000000000, 0.0000000000000000000, 1.000000000000000000 ) ) ;
#3713 = CARTESIAN_POINT ( 'NONE',  ( -21.14999999999999500, 16.94289321881343100, -1.499999999999997800 ) ) ;
#3714 = VECTOR ( 'NONE', #892, 1000.000000000000000 ) ;
#3715 = CARTESIAN_POINT ( 'NONE',  ( -20.79644660940672200, -16.79644660940672200, -11.49999999999999800 ) ) ;
#3716 = VERTEX_POINT ( 'NONE', #5188 ) ;
#3717 = AXIS2_PLACEMENT_3D ( 'NONE', #2466, #5816, #7508 ) ;
#3718 =( GEOMETRIC_REPRESENTATION_CONTEXT ( 3 ) GLOBAL_UNCERTAINTY_ASSIGNED_CONTEXT ( ( #2388 ) ) GLOBAL_UNIT_ASSIGNED_CONTEXT ( ( #1686, #5861, #2544 ) ) REPRESENTATION_CONTEXT ( 'NONE', 'WORKASPACE' ) );
#3719 = DIRECTION ( 'NONE',  ( 0.0000000000000000000, -0.0000000000000000000, -1.000000000000000000 ) ) ;
#3720 = DIRECTION ( 'NONE',  ( 1.000000000000000000, 0.0000000000000000000, 0.0000000000000000000 ) ) ;
#3721 = EDGE_CURVE ( 'NONE', #10574, #3268, #8334, .T. ) ;
#3722 = EDGE_LOOP ( 'NONE', ( #1620, #4625, #2142 ) ) ;
#3723 = CARTESIAN_POINT ( 'NONE',  ( -15.98624964825069700, -14.19283027458502200, -9.499999999999998200 ) ) ;
#3724 = LINE ( 'NONE', #6194, #9218 ) ;
#3725 = CARTESIAN_POINT ( 'NONE',  ( -15.03502403149003500, 15.01375035175260000, -10.99999999999999800 ) ) ;
#3726 = ORIENTED_EDGE ( 'NONE', *, *, #8954, .T. ) ;
#3727 = SURFACE_STYLE_USAGE ( .BOTH. , #1992 ) ;
#3728 = CARTESIAN_POINT ( 'NONE',  ( 21.14999999999999900, -13.32957238623955700, 2.000000000000001800 ) ) ;
#3729 = CARTESIAN_POINT ( 'NONE',  ( 0.5999999999999987600, -18.15000000000000600, -13.35000000000000100 ) ) ;
#3730 = DIRECTION ( 'NONE',  ( 1.000000000000000000, 0.0000000000000000000, 0.0000000000000000000 ) ) ;
#3731 = DIRECTION ( 'NONE',  ( -0.0000000000000000000, -0.0000000000000000000, 1.000000000000000000 ) ) ;
#3732 =( GEOMETRIC_REPRESENTATION_CONTEXT ( 3 ) GLOBAL_UNCERTAINTY_ASSIGNED_CONTEXT ( ( #10095 ) ) GLOBAL_UNIT_ASSIGNED_CONTEXT ( ( #8785, #6289, #4608 ) ) REPRESENTATION_CONTEXT ( 'NONE', 'WORKASPACE' ) );
#3733 = FACE_OUTER_BOUND ( 'NONE', #5640, .T. ) ;
#3734 = CARTESIAN_POINT ( 'NONE',  ( 15.50000000000000000, 15.50000000000000000, -10.99999999999999800 ) ) ;
#3735 = LINE ( 'NONE', #8685, #2825 ) ;
#3736 = CARTESIAN_POINT ( 'NONE',  ( 16.74998035735527000, 15.96497596851043000, -9.499999999999998200 ) ) ;
#3737 = LINE ( 'NONE', #1157, #3867 ) ;
#3738 =( NAMED_UNIT ( * ) SI_UNIT ( $, .STERADIAN. ) SOLID_ANGLE_UNIT ( ) );
#3739 = EDGE_CURVE ( 'NONE', #10589, #3558, #4411, .T. ) ;
#3740 =( LENGTH_UNIT ( ) NAMED_UNIT ( * ) SI_UNIT ( .MILLI., .METRE. ) );
#3741 = EDGE_LOOP ( 'NONE', ( #10712, #3286, #10462, #2779 ) ) ;
#3742 = CIRCLE ( 'NONE', #3849, 1.249999999999999300 ) ;
#3743 = DIRECTION ( 'NONE',  ( 0.0000000000000000000, 0.0000000000000000000, 1.000000000000000000 ) ) ;
#3744 = ORIENTED_EDGE ( 'NONE', *, *, #8973, .F. ) ;
#3745 = CARTESIAN_POINT ( 'NONE',  ( -16.74999999999999300, -15.50000000000000400, 5.500000000000000000 ) ) ;
#3746 = ADVANCED_FACE ( 'NONE', ( #758 ), #4150, .T. ) ;
#3747 = SURFACE_SIDE_STYLE ('',( #7011 ) ) ;
#3748 = EDGE_CURVE ( 'NONE', #2758, #9921, #2075, .T. ) ;
#3749 =( GEOMETRIC_REPRESENTATION_CONTEXT ( 3 ) GLOBAL_UNCERTAINTY_ASSIGNED_CONTEXT ( ( #623 ) ) GLOBAL_UNIT_ASSIGNED_CONTEXT ( ( #4589, #9608, #2159 ) ) REPRESENTATION_CONTEXT ( 'NONE', 'WORKASPACE' ) );
#3750 = ORIENTED_EDGE ( 'NONE', *, *, #6439, .F. ) ;
#3751 = PRESENTATION_STYLE_ASSIGNMENT (( #327 ) ) ;
#3752 = VECTOR ( 'NONE', #6238, 1000.000000000000000 ) ;
#3753 = ORIENTED_EDGE ( 'NONE', *, *, #1194, .T. ) ;
#3754 = SURFACE_STYLE_FILL_AREA ( #4357 ) ;
#3755 = DIRECTION ( 'NONE',  ( -1.000000000000000000, -0.0000000000000000000, -0.0000000000000000000 ) ) ;
#3756 = FILL_AREA_STYLE_COLOUR ( '', #9783 ) ;
#3757 = DIRECTION ( 'NONE',  ( -1.000000000000000000, 0.0000000000000000000, 0.0000000000000000000 ) ) ;
#3758 = ADVANCED_FACE ( 'NONE', ( #10822 ), #7707, .F. ) ;
#3759 = FILL_AREA_STYLE ('',( #321 ) ) ;
#3760 = DIRECTION ( 'NONE',  ( -0.0000000000000000000, 1.000000000000000000, -0.0000000000000000000 ) ) ;
#3761 =( NAMED_UNIT ( * ) PLANE_ANGLE_UNIT ( ) SI_UNIT ( $, .RADIAN. ) );
#3762 = LINE ( 'NONE', #5952, #10168 ) ;
#3763 = VERTEX_POINT ( 'NONE', #57 ) ;
#3764 = CARTESIAN_POINT ( 'NONE',  ( -21.00355339059326800, -17.29644660940672200, 9.500000000000000000 ) ) ;
#3765 = PRESENTATION_STYLE_ASSIGNMENT (( #8980 ) ) ;
#3766 = AXIS2_PLACEMENT_3D ( 'NONE', #7385, #6552, #664 ) ;
#3767 = COLOUR_RGB ( '',0.2509803921568627400, 0.2509803921568627400, 0.2509803921568627400 ) ;
#3768 = AXIS2_PLACEMENT_3D ( 'NONE', #6312, #2126, #5548 ) ;
#3769 = CARTESIAN_POINT ( 'NONE',  ( -15.03502403149003500, 16.74998035735667700, -9.499999999999998200 ) ) ;
#3770 = FILL_AREA_STYLE_COLOUR ( '', #2036 ) ;
#3771 = EDGE_CURVE ( 'NONE', #6620, #5752, #6370, .T. ) ;
#3772 =( NAMED_UNIT ( * ) PLANE_ANGLE_UNIT ( ) SI_UNIT ( $, .RADIAN. ) );
#3773 = CARTESIAN_POINT ( 'NONE',  ( 0.0000000000000000000, 0.0000000000000000000, 2.000000000000001800 ) ) ;
#3774 = CARTESIAN_POINT ( 'NONE',  ( 2.583848208458102500, -21.25000000000000700, -7.606617291317806300 ) ) ;
#3775 = VERTEX_POINT ( 'NONE', #8435 ) ;
#3776 = ORIENTED_EDGE ( 'NONE', *, *, #8325, .F. ) ;
#3777 = CYLINDRICAL_SURFACE ( 'NONE', #3893, 2.400000000000003000 ) ;
#3778 = FACE_BOUND ( 'NONE', #2135, .T. ) ;
#3779 = EDGE_LOOP ( 'NONE', ( #1490, #7265 ) ) ;
#3780 = CARTESIAN_POINT ( 'NONE',  ( 15.01375035175125200, 15.03502403148986100, -10.99999999999999800 ) ) ;
#3781 = STYLED_ITEM ( 'NONE', ( #2667 ), #1301 ) ;
#3782 = UNCERTAINTY_MEASURE_WITH_UNIT (LENGTH_MEASURE( 1.000000000000000100E-005 ), #4941, 'distance_accuracy_value', 'NONE');
#3783 = DIRECTION ( 'NONE',  ( 1.000000000000000000, -0.0000000000000000000, -0.0000000000000000000 ) ) ;
#3784 = ORIENTED_EDGE ( 'NONE', *, *, #2358, .F. ) ;
#3785 = EDGE_CURVE ( 'NONE', #8381, #1623, #9250, .T. ) ;
#3786 = CIRCLE ( 'NONE', #9969, 2.799999999999999800 ) ;
#3787 = LINE ( 'NONE', #2893, #6658 ) ;
#3788 = VERTEX_POINT ( 'NONE', #6486 ) ;
#3789 = VERTEX_POINT ( 'NONE', #5337 ) ;
#3790 = FILL_AREA_STYLE_COLOUR ( '', #7210 ) ;
#3791 = CARTESIAN_POINT ( 'NONE',  ( 3.483848208458102800, -21.25000000000000700, -8.449999999999992200 ) ) ;
#3792 = UNCERTAINTY_MEASURE_WITH_UNIT (LENGTH_MEASURE( 1.000000000000000100E-005 ), #3167, 'distance_accuracy_value', 'NONE');
#3793 = VERTEX_POINT ( 'NONE', #10370 ) ;
#3794 = PRESENTATION_STYLE_ASSIGNMENT (( #7089 ) ) ;
#3795 = CARTESIAN_POINT ( 'NONE',  ( 15.50000000000000000, 15.50000000000000000, -9.499999999999998200 ) ) ;
#3797 = AXIS2_PLACEMENT_3D ( 'NONE', #8521, #3502, #1919 ) ;
#3796 = DIRECTION ( 'NONE',  ( 0.0000000000000000000, 0.0000000000000000000, -1.000000000000000000 ) ) ;
#3798 = STYLED_ITEM ( 'NONE', ( #1312 ), #7646 ) ;
#3799 =( LENGTH_UNIT ( ) NAMED_UNIT ( * ) SI_UNIT ( .MILLI., .METRE. ) );
#3800 = ORIENTED_EDGE ( 'NONE', *, *, #9697, .F. ) ;
#3801 = ORIENTED_EDGE ( 'NONE', *, *, #4529, .F. ) ;
#3802 = EDGE_CURVE ( 'NONE', #10689, #6773, #1948, .T. ) ;
#3803 = ADVANCED_FACE ( 'NONE', ( #1685 ), #10002, .T. ) ;
#3804 = CARTESIAN_POINT ( 'NONE',  ( -15.49999999999999600, 15.50000000000087400, -10.49999999999999600 ) ) ;
#3805 = DIRECTION ( 'NONE',  ( -1.000000000000000000, 0.0000000000000000000, 0.0000000000000000000 ) ) ;
#3806 = ORIENTED_EDGE ( 'NONE', *, *, #2721, .F. ) ;
#3807 =( NAMED_UNIT ( * ) SI_UNIT ( $, .STERADIAN. ) SOLID_ANGLE_UNIT ( ) );
#3808 = DIRECTION ( 'NONE',  ( 0.0000000000000000000, -0.0000000000000000000, 1.000000000000000000 ) ) ;
#3809 = LINE ( 'NONE', #2963, #10211 ) ;
#3810 = CARTESIAN_POINT ( 'NONE',  ( 16.94289321881343500, 21.14999999999999900, -11.49999999999999800 ) ) ;
#3811 = VERTEX_POINT ( 'NONE', #7777 ) ;
#3812 = CARTESIAN_POINT ( 'NONE',  ( 0.0000000000000000000, 0.0000000000000000000, -11.49999999999999800 ) ) ;
#3813 = ORIENTED_EDGE ( 'NONE', *, *, #6567, .T. ) ;
#3814 = VERTEX_POINT ( 'NONE', #10140 ) ;
#3815 = EDGE_CURVE ( 'NONE', #8365, #9964, #479, .T. ) ;
#3816 = MECHANICAL_DESIGN_GEOMETRIC_PRESENTATION_REPRESENTATION (  '', ( #8096 ), #3458 ) ;
#3817 = ADVANCED_FACE ( 'NONE', ( #8861 ), #6070, .T. ) ;
#3818 = DIRECTION ( 'NONE',  ( 1.000000000000000000, -8.881784197001252300E-016, 0.0000000000000000000 ) ) ;
#3819 = ORIENTED_EDGE ( 'NONE', *, *, #6774, .F. ) ;
#3820 = CYLINDRICAL_SURFACE ( 'NONE', #6153, 0.5000000000000022200 ) ;
#3821 = PRESENTATION_STYLE_ASSIGNMENT (( #8657 ) ) ;
#3822 = LINE ( 'NONE', #7496, #5525 ) ;
#3823 = DIRECTION ( 'NONE',  ( 1.000000000000000000, 0.0000000000000000000, 0.0000000000000000000 ) ) ;
#3824 = PRESENTATION_LAYER_ASSIGNMENT (  '', '', ( #1747 ) ) ;
#3825 = LINE ( 'NONE', #1093, #2261 ) ;
#3826 = ORIENTED_EDGE ( 'NONE', *, *, #4705, .F. ) ;
#3827 = SURFACE_STYLE_USAGE ( .BOTH. , #7951 ) ;
#3828 = ORIENTED_EDGE ( 'NONE', *, *, #10578, .F. ) ;
#3829 = SURFACE_STYLE_FILL_AREA ( #5893 ) ;
#3830 = DIRECTION ( 'NONE',  ( -0.0000000000000000000, 1.000000000000000000, -0.0000000000000000000 ) ) ;
#3831 = VECTOR ( 'NONE', #7097, 1000.000000000000000 ) ;
#3832 = CARTESIAN_POINT ( 'NONE',  ( 0.0000000000000000000, 0.0000000000000000000, -10.99999999999999800 ) ) ;
#3833 = ORIENTED_EDGE ( 'NONE', *, *, #6880, .F. ) ;
#3834 = DIRECTION ( 'NONE',  ( -0.0000000000000000000, -0.0000000000000000000, -1.000000000000000000 ) ) ;
#3835 = PRESENTATION_LAYER_ASSIGNMENT (  '', '', ( #2324 ) ) ;
#3836 = EDGE_CURVE ( 'NONE', #5402, #4031, #6495, .T. ) ;
#3837 = AXIS2_PLACEMENT_3D ( 'NONE', #8898, #4689, #6451 ) ;
#3838 = AXIS2_PLACEMENT_3D ( 'NONE', #3588, #189, #6910 ) ;
#3839 = ORIENTED_EDGE ( 'NONE', *, *, #9290, .F. ) ;
#3840 = DIRECTION ( 'NONE',  ( -0.0000000000000000000, 1.000000000000000000, -0.0000000000000000000 ) ) ;
#3841 = CYLINDRICAL_SURFACE ( 'NONE', #6372, 2.799999999999999800 ) ;
#3842 = ORIENTED_EDGE ( 'NONE', *, *, #1578, .F. ) ;
#3843 = DIRECTION ( 'NONE',  ( 0.0000000000000000000, 0.0000000000000000000, -1.000000000000000000 ) ) ;
#3844 = SURFACE_STYLE_USAGE ( .BOTH. , #3002 ) ;
#3845 = CARTESIAN_POINT ( 'NONE',  ( 0.5999999999999992000, -18.15000000000000600, -12.65000000000000400 ) ) ;
#3846 = DIRECTION ( 'NONE',  ( -0.0000000000000000000, -0.0000000000000000000, -1.000000000000000000 ) ) ;
#3847 = EDGE_CURVE ( 'NONE', #5591, #8118, #3095, .T. ) ;
#3849 = AXIS2_PLACEMENT_3D ( 'NONE', #8851, #2302, #1484 ) ;
#3848 = CARTESIAN_POINT ( 'NONE',  ( 0.5999999999999987600, -39.15000000000002000, -13.85000000000000300 ) ) ;
#3850 = ORIENTED_EDGE ( 'NONE', *, *, #8954, .F. ) ;
#3851 = SURFACE_STYLE_FILL_AREA ( #9129 ) ;
#3852 = MECHANICAL_DESIGN_GEOMETRIC_PRESENTATION_REPRESENTATION (  '', ( #5036 ), #6076 ) ;
#3853 = FACE_OUTER_BOUND ( 'NONE', #2587, .T. ) ;
#3854 = ORIENTED_EDGE ( 'NONE', *, *, #5270, .F. ) ;
#3855 = EDGE_CURVE ( 'NONE', #85, #7049, #7549, .T. ) ;
#3856 = DIRECTION ( 'NONE',  ( 0.0000000000000000000, 0.0000000000000000000, 1.000000000000000000 ) ) ;
#3857 = CONICAL_SURFACE ( 'NONE', #272, 1.999999999999994900, 0.7853981633974530500 ) ;
#3858 = CARTESIAN_POINT ( 'NONE',  ( 20.00000000000000000, 0.0000000000000000000, -15.99999999999999600 ) ) ;
#3859 = ORIENTED_EDGE ( 'NONE', *, *, #10361, .T. ) ;
#3860 = ADVANCED_FACE ( 'NONE', ( #601 ), #7658, .F. ) ;
#3861 = CARTESIAN_POINT ( 'NONE',  ( -15.49999999999999600, 15.50000000000000000, 10.00000000000000000 ) ) ;
#3862 = UNCERTAINTY_MEASURE_WITH_UNIT (LENGTH_MEASURE( 1.000000000000000100E-005 ), #5822, 'distance_accuracy_value', 'NONE');
#3863 = ORIENTED_EDGE ( 'NONE', *, *, #2275, .T. ) ;
#3864 = SURFACE_STYLE_FILL_AREA ( #1513 ) ;
#3865 = VECTOR ( 'NONE', #8576, 1000.000000000000000 ) ;
#3866 = STYLED_ITEM ( 'NONE', ( #10621 ), #2278 ) ;
#3867 = VECTOR ( 'NONE', #3583, 1000.000000000000000 ) ;
#3868 =( GEOMETRIC_REPRESENTATION_CONTEXT ( 3 ) GLOBAL_UNCERTAINTY_ASSIGNED_CONTEXT ( ( #5003 ) ) GLOBAL_UNIT_ASSIGNED_CONTEXT ( ( #3521, #5898, #5068 ) ) REPRESENTATION_CONTEXT ( 'NONE', 'WORKASPACE' ) );
#3869 = DIRECTION ( 'NONE',  ( -8.202002250481356300E-017, 1.000000000000000000, 0.0000000000000000000 ) ) ;
#3870 = ORIENTED_EDGE ( 'NONE', *, *, #2971, .T. ) ;
#3871 = SURFACE_SIDE_STYLE ('',( #10219 ) ) ;
#3872 = EDGE_CURVE ( 'NONE', #10837, #5438, #5580, .T. ) ;
#3873 =( LENGTH_UNIT ( ) NAMED_UNIT ( * ) SI_UNIT ( .MILLI., .METRE. ) );
#3874 = PLANE ( 'NONE',  #9976 ) ;
#3875 = ADVANCED_FACE ( 'NONE', ( #4399 ), #4300, .T. ) ;
#3876 = COLOUR_RGB ( '',0.2509803921568627400, 0.2509803921568627400, 0.2509803921568627400 ) ;
#3877 = ORIENTED_EDGE ( 'NONE', *, *, #694, .T. ) ;
#3878 = VECTOR ( 'NONE', #9953, 1000.000000000000000 ) ;
#3879 = ORIENTED_EDGE ( 'NONE', *, *, #1369, .F. ) ;
#3880 = EDGE_CURVE ( 'NONE', #9226, #4241, #7719, .T. ) ;
#3881 = DIRECTION ( 'NONE',  ( -0.0000000000000000000, -0.0000000000000000000, -1.000000000000000000 ) ) ;
#3882 =( LENGTH_UNIT ( ) NAMED_UNIT ( * ) SI_UNIT ( .MILLI., .METRE. ) );
#3883 = TOROIDAL_SURFACE ( 'NONE', #2997, 3.249999999999997800, 0.5000000000000000000 ) ;
#3884 = CARTESIAN_POINT ( 'NONE',  ( -21.14999999999999500, 16.94289321881343100, -11.49999999999999800 ) ) ;
#3885 = CYLINDRICAL_SURFACE ( 'NONE', #10128, 2.749999999999997300 ) ;
#3886 = ORIENTED_EDGE ( 'NONE', *, *, #7963, .F. ) ;
#3887 = ORIENTED_EDGE ( 'NONE', *, *, #3585, .F. ) ;
#3888 = DIRECTION ( 'NONE',  ( -0.0000000000000000000, 1.000000000000000000, -0.0000000000000000000 ) ) ;
#3889 = DIRECTION ( 'NONE',  ( -0.0000000000000000000, 1.000000000000000000, -0.0000000000000000000 ) ) ;
#3890 = ORIENTED_EDGE ( 'NONE', *, *, #7102, .T. ) ;
#3891 = SURFACE_STYLE_USAGE ( .BOTH. , #7994 ) ;
#3892 = CIRCLE ( 'NONE', #8111, 0.5000000000000004400 ) ;
#3893 = AXIS2_PLACEMENT_3D ( 'NONE', #7716, #6969, #2688 ) ;
#3894 = PRODUCT_DEFINITION_SHAPE ( 'NONE', 'NONE',  #4620 ) ;
#3895 = DIRECTION ( 'NONE',  ( -0.0000000000000000000, -0.0000000000000000000, -1.000000000000000000 ) ) ;
#3896 = ORIENTED_EDGE ( 'NONE', *, *, #10605, .F. ) ;
#3897 = AXIS2_PLACEMENT_3D ( 'NONE', #1102, #10375, #10215 ) ;
#3899 =( NAMED_UNIT ( * ) SI_UNIT ( $, .STERADIAN. ) SOLID_ANGLE_UNIT ( ) );
#3898 = LINE ( 'NONE', #8053, #5843 ) ;
#3900 = ORIENTED_EDGE ( 'NONE', *, *, #1357, .F. ) ;
#3901 = EDGE_LOOP ( 'NONE', ( #5576, #5578, #4332, #920 ) ) ;
#3902 = SURFACE_STYLE_USAGE ( .BOTH. , #3197 ) ;
#3903 = PRESENTATION_STYLE_ASSIGNMENT (( #6385 ) ) ;
#3904 = DIRECTION ( 'NONE',  ( 0.0000000000000000000, 0.0000000000000000000, -1.000000000000000000 ) ) ;
#3905 = SURFACE_STYLE_FILL_AREA ( #3686 ) ;
#3906 = VERTEX_POINT ( 'NONE', #5173 ) ;
#3907 = CARTESIAN_POINT ( 'NONE',  ( 0.5999999999999993100, -39.15000000000002000, -13.15000000000000600 ) ) ;
#3908 = ADVANCED_FACE ( 'NONE', ( #4798 ), #387, .T. ) ;
#3909 = DIRECTION ( 'NONE',  ( -1.000000000000000000, -0.0000000000000000000, -0.0000000000000000000 ) ) ;
#3910 = VECTOR ( 'NONE', #6808, 1000.000000000000000 ) ;
#3911 = AXIS2_PLACEMENT_3D ( 'NONE', #5428, #5356, #4530 ) ;
#3912 = ORIENTED_EDGE ( 'NONE', *, *, #3650, .T. ) ;
#3913 = PRESENTATION_STYLE_ASSIGNMENT (( #7757 ) ) ;
#3914 = AXIS2_PLACEMENT_3D ( 'NONE', #4184, #5031, #7551 ) ;
#3915 = EDGE_CURVE ( 'NONE', #5162, #2127, #2226, .T. ) ;
#3916 = DIRECTION ( 'NONE',  ( 0.0000000000000000000, -1.000000000000000000, 0.0000000000000000000 ) ) ;
#3917 = DIRECTION ( 'NONE',  ( 0.8571673007021120000, 0.0000000000000000000, 0.5150380749100547100 ) ) ;
#3918 =( GEOMETRIC_REPRESENTATION_CONTEXT ( 3 ) GLOBAL_UNCERTAINTY_ASSIGNED_CONTEXT ( ( #8142 ) ) GLOBAL_UNIT_ASSIGNED_CONTEXT ( ( #6850, #9275, #5946 ) ) REPRESENTATION_CONTEXT ( 'NONE', 'WORKASPACE' ) );
#3919 = CARTESIAN_POINT ( 'NONE',  ( 16.80716972541264600, -15.98624964824928800, -9.499999999999998200 ) ) ;
#3920 = VERTEX_POINT ( 'NONE', #8783 ) ;
#3921 = EDGE_LOOP ( 'NONE', ( #9194, #5881, #1007, #5758, #2146, #6351, #2905, #8092, #3388, #7833, #2158, #800 ) ) ;
#3922 = DIRECTION ( 'NONE',  ( -1.000000000000000000, 0.0000000000000000000, 0.0000000000000000000 ) ) ;
#3923 = ORIENTED_EDGE ( 'NONE', *, *, #4693, .T. ) ;
#3924 = ADVANCED_FACE ( 'NONE', ( #3654 ), #298, .F. ) ;
#3925 = CARTESIAN_POINT ( 'NONE',  ( -1.999999999999994900, 2.755455298081541300E-016, -9.499999999999998200 ) ) ;
#3926 = VECTOR ( 'NONE', #4038, 1000.000000000000000 ) ;
#3927 = DIRECTION ( 'NONE',  ( 1.865390464730961800E-015, -1.000000000000000000, 0.0000000000000000000 ) ) ;
#3928 = ORIENTED_EDGE ( 'NONE', *, *, #268, .T. ) ;
#3929 = FILL_AREA_STYLE ('',( #1209 ) ) ;
#3930 = STYLED_ITEM ( 'NONE', ( #5764 ), #7032 ) ;
#3931 = EDGE_CURVE ( 'NONE', #4297, #9927, #8367, .T. ) ;
#3932 = DIRECTION ( 'NONE',  ( 0.0000000000000000000, 0.0000000000000000000, 1.000000000000000000 ) ) ;
#3933 = EDGE_LOOP ( 'NONE', ( #3806, #4412, #6792, #1849 ) ) ;
#3934 = CIRCLE ( 'NONE', #1220, 20.00000000000000000 ) ;
#3935 = DIRECTION ( 'NONE',  ( 0.0000000000000000000, 0.0000000000000000000, -1.000000000000000000 ) ) ;
#3936 = ORIENTED_EDGE ( 'NONE', *, *, #10530, .T. ) ;
#3937 = DIRECTION ( 'NONE',  ( -0.0000000000000000000, -0.0000000000000000000, 1.000000000000000000 ) ) ;
#3938 = CARTESIAN_POINT ( 'NONE',  ( -18.25000000000087400, -15.49999999999912400, -10.99999999999999800 ) ) ;
#3939 = CARTESIAN_POINT ( 'NONE',  ( -1.371348881391340800, -39.15000000000000600, -6.956617291317808600 ) ) ;
#3940 = VERTEX_POINT ( 'NONE', #432 ) ;
#3941 = ORIENTED_EDGE ( 'NONE', *, *, #9906, .F. ) ;
#3942 = CARTESIAN_POINT ( 'NONE',  ( -11.50000000000000000, 1.408343819019456200E-015, 10.00000000000000000 ) ) ;
#3943 = CIRCLE ( 'NONE', #7336, 2.750000000000000900 ) ;
#3944 = ORIENTED_EDGE ( 'NONE', *, *, #4425, .F. ) ;
#3945 = FACE_OUTER_BOUND ( 'NONE', #6671, .T. ) ;
#3946 = EDGE_CURVE ( 'NONE', #9584, #10512, #10482, .T. ) ;
#3947 = DIRECTION ( 'NONE',  ( -0.0000000000000000000, 1.000000000000000000, -0.0000000000000000000 ) ) ;
#3948 = EDGE_LOOP ( 'NONE', ( #2788, #3135, #1332 ) ) ;
#3949 = ORIENTED_EDGE ( 'NONE', *, *, #4806, .F. ) ;
#3950 = CARTESIAN_POINT ( 'NONE',  ( -15.01375035175306900, -15.96497596850950100, -10.99999999999999800 ) ) ;
#3951 =( NAMED_UNIT ( * ) PLANE_ANGLE_UNIT ( ) SI_UNIT ( $, .RADIAN. ) );
#3952 =( NAMED_UNIT ( * ) PLANE_ANGLE_UNIT ( ) SI_UNIT ( $, .RADIAN. ) );
#3953 = DIRECTION ( 'NONE',  ( 0.0000000000000000000, 0.0000000000000000000, -1.000000000000000000 ) ) ;
#3954 = ORIENTED_EDGE ( 'NONE', *, *, #4908, .T. ) ;
#3955 = FACE_OUTER_BOUND ( 'NONE', #6409, .T. ) ;
#3956 = FILL_AREA_STYLE ('',( #656 ) ) ;
#3957 = CYLINDRICAL_SURFACE ( 'NONE', #1901, 0.5563334663949305300 ) ;
#3958 = ORIENTED_EDGE ( 'NONE', *, *, #4760, .T. ) ;
#3959 = EDGE_LOOP ( 'NONE', ( #4179, #6302, #8535 ) ) ;
#3960 = EDGE_CURVE ( 'NONE', #6484, #6068, #7725, .T. ) ;
#3961 = AXIS2_PLACEMENT_3D ( 'NONE', #817, #5669, #9137 ) ;
#3962 = EDGE_LOOP ( 'NONE', ( #6281, #3870, #4684, #9363 ) ) ;
#3963 = VERTEX_POINT ( 'NONE', #7123 ) ;
#3964 = ORIENTED_EDGE ( 'NONE', *, *, #10374, .T. ) ;
#3965 = DIRECTION ( 'NONE',  ( 0.0000000000000000000, 0.0000000000000000000, 1.000000000000000000 ) ) ;
#3966 = ORIENTED_EDGE ( 'NONE', *, *, #10075, .F. ) ;
#3967 = CARTESIAN_POINT ( 'NONE',  ( -21.16000000000000700, -13.31369220013741200, 63.84951795962939500 ) ) ;
#3968 = AXIS2_PLACEMENT_3D ( 'NONE', #10346, #7921, #8690 ) ;
#3969 = CARTESIAN_POINT ( 'NONE',  ( 21.15000000000000200, -21.15000000000000200, -3.499999999999997800 ) ) ;
#3970 = FACE_OUTER_BOUND ( 'NONE', #8714, .T. ) ;
#3971 = SURFACE_STYLE_USAGE ( .BOTH. , #2320 ) ;
#3972 = ORIENTED_EDGE ( 'NONE', *, *, #1631, .F. ) ;
#3973 = ORIENTED_EDGE ( 'NONE', *, *, #3168, .F. ) ;
#3974 = CARTESIAN_POINT ( 'NONE',  ( -14.19283027458642900, 15.98624964825022200, -10.99999999999999800 ) ) ;
#3975 = ORIENTED_EDGE ( 'NONE', *, *, #5399, .F. ) ;
#3976 =( NAMED_UNIT ( * ) SI_UNIT ( $, .STERADIAN. ) SOLID_ANGLE_UNIT ( ) );
#3977 = SURFACE_STYLE_FILL_AREA ( #5110 ) ;
#3978 = FACE_OUTER_BOUND ( 'NONE', #3683, .T. ) ;
#3979 = ADVANCED_FACE ( 'NONE', ( #5502 ), #6918, .T. ) ;
#3980 = CARTESIAN_POINT ( 'NONE',  ( -15.49999999999999600, 15.50000000000087400, -11.49999999999999800 ) ) ;
#3981 = EDGE_CURVE ( 'NONE', #3574, #2613, #9683, .T. ) ;
#3982 = DIRECTION ( 'NONE',  ( -0.0000000000000000000, -0.0000000000000000000, 1.000000000000000000 ) ) ;
#3983 = ORIENTED_EDGE ( 'NONE', *, *, #1504, .F. ) ;
#3984 = DIRECTION ( 'NONE',  ( 0.0000000000000000000, 0.0000000000000000000, -1.000000000000000000 ) ) ;
#3985 = DIRECTION ( 'NONE',  ( -1.000000000000000000, 0.0000000000000000000, 0.0000000000000000000 ) ) ;
#3986 = VECTOR ( 'NONE', #8026, 1000.000000000000000 ) ;
#3987 = ORIENTED_EDGE ( 'NONE', *, *, #8467, .T. ) ;
#3988 = DIRECTION ( 'NONE',  ( 0.0000000000000000000, -1.000000000000000000, 0.0000000000000000000 ) ) ;
#3989 = CIRCLE ( 'NONE', #10445, 25.00000000000000000 ) ;
#3990 = MECHANICAL_DESIGN_GEOMETRIC_PRESENTATION_REPRESENTATION (  '', ( #7133 ), #8832 ) ;
#3991 = ORIENTED_EDGE ( 'NONE', *, *, #8181, .T. ) ;
#3992 = STYLED_ITEM ( 'NONE', ( #5420 ), #6600 ) ;
#3993 = UNCERTAINTY_MEASURE_WITH_UNIT (LENGTH_MEASURE( 1.000000000000000100E-005 ), #4528, 'distance_accuracy_value', 'NONE');
#3994 = EDGE_CURVE ( 'NONE', #5369, #2405, #5753, .T. ) ;
#3995 = TOROIDAL_SURFACE ( 'NONE', #473, 2.200000000000001100, 0.5000000000000000000 ) ;
#3996 = CIRCLE ( 'NONE', #4662, 2.749999999999999100 ) ;
#3997 = PRESENTATION_STYLE_ASSIGNMENT (( #3891 ) ) ;
#3998 = ORIENTED_EDGE ( 'NONE', *, *, #2176, .T. ) ;
#3999 = VECTOR ( 'NONE', #7450, 1000.000000000000000 ) ;
#4000 = SURFACE_STYLE_USAGE ( .BOTH. , #9000 ) ;
#4001 = VECTOR ( 'NONE', #1087, 1000.000000000000000 ) ;
#4002 = CARTESIAN_POINT ( 'NONE',  ( 1.270437991958183200, 2.000000000000000000, 29.63773720482509000 ) ) ;
#4003 = LINE ( 'NONE', #6381, #8583 ) ;
#4004 = CARTESIAN_POINT ( 'NONE',  ( -15.01375035175305900, -16.80716972541313200, -9.499999999999998200 ) ) ;
#4005 = ORIENTED_EDGE ( 'NONE', *, *, #10324, .F. ) ;
#4006 = CARTESIAN_POINT ( 'NONE',  ( -15.01375035175305900, -16.80716972541313200, -9.499999999999998200 ) ) ;
#4007 = CARTESIAN_POINT ( 'NONE',  ( -14.24999999999999600, 15.50000000000000000, 5.500000000000000000 ) ) ;
#4008 = VECTOR ( 'NONE', #1555, 1000.000000000000000 ) ;
#4009 = AXIS2_PLACEMENT_3D ( 'NONE', #10755, #4830, #8154 ) ;
#4010 = LINE ( 'NONE', #9820, #8854 ) ;
#4011 = ORIENTED_EDGE ( 'NONE', *, *, #7308, .F. ) ;
#4012 = FACE_OUTER_BOUND ( 'NONE', #3741, .T. ) ;
#4013 =( GEOMETRIC_REPRESENTATION_CONTEXT ( 3 ) GLOBAL_UNCERTAINTY_ASSIGNED_CONTEXT ( ( #2252 ) ) GLOBAL_UNIT_ASSIGNED_CONTEXT ( ( #7659, #2644, #8505 ) ) REPRESENTATION_CONTEXT ( 'NONE', 'WORKASPACE' ) );
#4014 = SURFACE_STYLE_FILL_AREA ( #3115 ) ;
#4015 = CARTESIAN_POINT ( 'NONE',  ( -3.600000000000001000, -21.15000000000000600, -8.999999999999992900 ) ) ;
#4016 = EDGE_CURVE ( 'NONE', #414, #3940, #10859, .T. ) ;
#4017 = DIRECTION ( 'NONE',  ( 1.000000000000000000, 0.0000000000000000000, 0.0000000000000000000 ) ) ;
#4018 = CARTESIAN_POINT ( 'NONE',  ( -16.94289321881343500, 20.64999999999999900, -11.49999999999999800 ) ) ;
#4019 = VERTEX_POINT ( 'NONE', #10475 ) ;
#4020 = CARTESIAN_POINT ( 'NONE',  ( 21.16000000000000000, 13.31369220013741700, 63.84951795962939500 ) ) ;
#4021 = COLOUR_RGB ( '',0.2509803921568627400, 0.2509803921568627400, 0.2509803921568627400 ) ;
#4022 = DIRECTION ( 'NONE',  ( -1.000000000000000000, -1.235860604586716300E-014, -0.0000000000000000000 ) ) ;
#4023 = EDGE_LOOP ( 'NONE', ( #3753, #960 ) ) ;
#4024 = EDGE_CURVE ( 'NONE', #2654, #5520, #8622, .T. ) ;
#4025 = DIRECTION ( 'NONE',  ( -1.000000000000000000, 9.085524283848147300E-015, 0.0000000000000000000 ) ) ;
#4026 = AXIS2_PLACEMENT_3D ( 'NONE', #4130, #4063, #4864 ) ;
#4027 = CARTESIAN_POINT ( 'NONE',  ( -15.96497596851090600, 14.25001964264614300, -9.499999999999998200 ) ) ;
#4028 = SURFACE_STYLE_USAGE ( .BOTH. , #4103 ) ;
#4029 = DIRECTION ( 'NONE',  ( -1.000000000000000000, 0.0000000000000000000, -0.0000000000000000000 ) ) ;
#4030 = FACE_OUTER_BOUND ( 'NONE', #225, .T. ) ;
#4031 = VERTEX_POINT ( 'NONE', #1308 ) ;
#4032 = LINE ( 'NONE', #5824, #7421 ) ;
#4033 = CARTESIAN_POINT ( 'NONE',  ( -15.49999999999999600, -15.50000000000000400, 10.00000000000000000 ) ) ;
#4034 = COLOUR_RGB ( '',0.2509803921568627400, 0.2509803921568627400, 0.2509803921568627400 ) ;
#4035 = ADVANCED_FACE ( 'NONE', ( #4577 ), #10198, .T. ) ;
#4036 =( LENGTH_UNIT ( ) NAMED_UNIT ( * ) SI_UNIT ( .MILLI., .METRE. ) );
#4037 = COLOUR_RGB ( '',0.2509803921568627400, 0.2509803921568627400, 0.2509803921568627400 ) ;
#4039 = VERTEX_POINT ( 'NONE', #7157 ) ;
#4038 = DIRECTION ( 'NONE',  ( -0.0000000000000000000, -0.0000000000000000000, 1.000000000000000000 ) ) ;
#4040 = ORIENTED_EDGE ( 'NONE', *, *, #8602, .T. ) ;
#4041 = VECTOR ( 'NONE', #492, 1000.000000000000000 ) ;
#4042 = LINE ( 'NONE', #2174, #1444 ) ;
#4043 = EDGE_CURVE ( 'NONE', #4031, #3554, #1450, .T. ) ;
#4044 = PRESENTATION_LAYER_ASSIGNMENT (  '', '', ( #9087 ) ) ;
#4045 = PRESENTATION_LAYER_ASSIGNMENT (  '', '', ( #7614 ) ) ;
#4046 = DIRECTION ( 'NONE',  ( 0.0000000000000000000, 0.0000000000000000000, 1.000000000000000000 ) ) ;
#4047 = PLANE ( 'NONE',  #8141 ) ;
#4048 =( NAMED_UNIT ( * ) PLANE_ANGLE_UNIT ( ) SI_UNIT ( $, .RADIAN. ) );
#4049 = SURFACE_STYLE_USAGE ( .BOTH. , #9958 ) ;
#4050 = ORIENTED_EDGE ( 'NONE', *, *, #5625, .T. ) ;
#4051 = LINE ( 'NONE', #4168, #4965 ) ;
#4052 = DIRECTION ( 'NONE',  ( -1.387778780781444400E-014, 0.0000000000000000000, 1.000000000000000000 ) ) ;
#4053 = LINE ( 'NONE', #9695, #7444 ) ;
#4054 = VERTEX_POINT ( 'NONE', #4710 ) ;
#4055 = EDGE_LOOP ( 'NONE', ( #958, #8434 ) ) ;
#4056 = DIRECTION ( 'NONE',  ( 0.0000000000000000000, 1.000000000000000000, 0.0000000000000000000 ) ) ;
#4057 = EDGE_CURVE ( 'NONE', #6255, #10018, #4978, .T. ) ;
#4058 = PRESENTATION_LAYER_ASSIGNMENT (  '', '', ( #3489 ) ) ;
#4059 = CARTESIAN_POINT ( 'NONE',  ( 0.0000000000000000000, 20.64999999999999900, 9.500000000000000000 ) ) ;
#4060 = VERTEX_POINT ( 'NONE', #7270 ) ;
#4061 = EDGE_CURVE ( 'NONE', #4838, #1487, #3528, .T. ) ;
#4062 = CARTESIAN_POINT ( 'NONE',  ( 12.74999999999912200, -15.50000000000000200, -10.99999999999999800 ) ) ;
#4063 = DIRECTION ( 'NONE',  ( -0.0000000000000000000, -1.000000000000000000, -0.0000000000000000000 ) ) ;
#4064 = AXIS2_PLACEMENT_3D ( 'NONE', #4302, #3461, #7634 ) ;
#4065 = SURFACE_STYLE_USAGE ( .BOTH. , #9831 ) ;
#4066 = SHAPE_DEFINITION_REPRESENTATION ( #3894, #987 ) ;
#4067 = VECTOR ( 'NONE', #2839, 1000.000000000000000 ) ;
#4068 = PLANE ( 'NONE',  #10716 ) ;
#4069 = EDGE_LOOP ( 'NONE', ( #2333, #7431, #3887 ) ) ;
#4070 = ORIENTED_EDGE ( 'NONE', *, *, #694, .F. ) ;
#4071 = CARTESIAN_POINT ( 'NONE',  ( 1.339045298307557800, -39.15000000000000600, -5.626831209128898300 ) ) ;
#4072 = ORIENTED_EDGE ( 'NONE', *, *, #8290, .T. ) ;
#4073 = AXIS2_PLACEMENT_3D ( 'NONE', #2082, #371, #9553 ) ;
#4074 = DIRECTION ( 'NONE',  ( 0.0000000000000000000, 0.0000000000000000000, 1.000000000000000000 ) ) ;
#4075 = LINE ( 'NONE', #5724, #1077 ) ;
#4076 = LINE ( 'NONE', #1956, #10494 ) ;
#4077 =( NAMED_UNIT ( * ) SI_UNIT ( $, .STERADIAN. ) SOLID_ANGLE_UNIT ( ) );
#4078 = MECHANICAL_DESIGN_GEOMETRIC_PRESENTATION_REPRESENTATION (  '', ( #709 ), #935 ) ;
#4079 = EDGE_LOOP ( 'NONE', ( #7996, #1407, #8458, #1660 ) ) ;
#4080 = ORIENTED_EDGE ( 'NONE', *, *, #4231, .F. ) ;
#4081 = FILL_AREA_STYLE ('',( #1460 ) ) ;
#4082 = EDGE_CURVE ( 'NONE', #5993, #8018, #8895, .T. ) ;
#4083 = CARTESIAN_POINT ( 'NONE',  ( 15.50000000000000000, 15.50000000000000000, -10.99999999999999800 ) ) ;
#4084 = VERTEX_POINT ( 'NONE', #4790 ) ;
#4085 = COLOUR_RGB ( '',1.000000000000000000, 0.9058823529411764700, 0.1843137254901960900 ) ;
#4086 = CARTESIAN_POINT ( 'NONE',  ( 0.0000000000000000000, 0.0000000000000000000, -8.499999999999996400 ) ) ;
#4087 = DIRECTION ( 'NONE',  ( 0.0000000000000000000, 0.0000000000000000000, -1.000000000000000000 ) ) ;
#4088 = SURFACE_SIDE_STYLE ('',( #5056 ) ) ;
#4089 = EDGE_LOOP ( 'NONE', ( #9024, #644, #7841, #3417, #8790 ) ) ;
#4090 = CIRCLE ( 'NONE', #7999, 1.249999999999999300 ) ;
#4091 = ADVANCED_FACE ( 'NONE', ( #3263 ), #2271, .F. ) ;
#4092 = ORIENTED_EDGE ( 'NONE', *, *, #6299, .T. ) ;
#4093 = STYLED_ITEM ( 'NONE', ( #2830 ), #3817 ) ;
#4094 =( LENGTH_UNIT ( ) NAMED_UNIT ( * ) SI_UNIT ( .MILLI., .METRE. ) );
#4095 = EDGE_CURVE ( 'NONE', #8542, #8254, #3009, .T. ) ;
#4096 = ORIENTED_EDGE ( 'NONE', *, *, #2254, .T. ) ;
#4097 = ORIENTED_EDGE ( 'NONE', *, *, #7334, .F. ) ;
#4098 = CARTESIAN_POINT ( 'NONE',  ( 14.25001964264473600, 15.03502403148956600, -9.499999999999998200 ) ) ;
#4099 = FILL_AREA_STYLE ('',( #10426 ) ) ;
#4100 = CARTESIAN_POINT ( 'NONE',  ( -0.6000000000000010900, -39.15000000000002000, -13.85000000000000300 ) ) ;
#4101 =( NAMED_UNIT ( * ) PLANE_ANGLE_UNIT ( ) SI_UNIT ( $, .RADIAN. ) );
#4102 = DIRECTION ( 'NONE',  ( 0.0000000000000000000, -0.0000000000000000000, 1.000000000000000000 ) ) ;
#4103 = SURFACE_SIDE_STYLE ('',( #3031 ) ) ;
#4104 = ORIENTED_EDGE ( 'NONE', *, *, #1795, .F. ) ;
#4105 = LINE ( 'NONE', #1966, #7499 ) ;
#4106 = LINE ( 'NONE', #1137, #302 ) ;
#4107 = EDGE_LOOP ( 'NONE', ( #7138, #2504, #934, #3653, #1538, #679, #10090, #8870, #7292, #1677, #2910, #10502 ) ) ;
#4108 = FILL_AREA_STYLE ('',( #8194 ) ) ;
#4109 = DIRECTION ( 'NONE',  ( -0.0000000000000000000, -1.000000000000000000, -0.0000000000000000000 ) ) ;
#4110 = AXIS2_PLACEMENT_3D ( 'NONE', #10049, #2619, #3497 ) ;
#4111 = FILL_AREA_STYLE_COLOUR ( '', #6884 ) ;
#4112 = VERTEX_POINT ( 'NONE', #5565 ) ;
#4113 = FILL_AREA_STYLE_COLOUR ( '', #3685 ) ;
#4114 = EDGE_LOOP ( 'NONE', ( #2606, #1520, #1121, #10299, #10540, #8, #10617, #3005 ) ) ;
#4115 = CARTESIAN_POINT ( 'NONE',  ( 2.999999999999976900, -19.77371993328519300, -14.99999999999999800 ) ) ;
#4116 = LINE ( 'NONE', #1753, #1656 ) ;
#4117 = DIRECTION ( 'NONE',  ( 1.000000000000000000, 8.202002250481357500E-017, 0.0000000000000000000 ) ) ;
#4118 =( GEOMETRIC_REPRESENTATION_CONTEXT ( 3 ) GLOBAL_UNCERTAINTY_ASSIGNED_CONTEXT ( ( #5277 ) ) GLOBAL_UNIT_ASSIGNED_CONTEXT ( ( #8666, #2851, #7122 ) ) REPRESENTATION_CONTEXT ( 'NONE', 'WORKASPACE' ) );
#4119 = LINE ( 'NONE', #2765, #5035 ) ;
#4120 = PRESENTATION_LAYER_ASSIGNMENT (  '', '', ( #2441 ) ) ;
#4121 =( NAMED_UNIT ( * ) SI_UNIT ( $, .STERADIAN. ) SOLID_ANGLE_UNIT ( ) );
#4122 =( LENGTH_UNIT ( ) NAMED_UNIT ( * ) SI_UNIT ( .MILLI., .METRE. ) );
#4123 = CYLINDRICAL_SURFACE ( 'NONE', #3544, 0.5000000000000006700 ) ;
#4124 = ORIENTED_EDGE ( 'NONE', *, *, #5461, .F. ) ;
#4125 = EDGE_CURVE ( 'NONE', #1760, #1638, #9421, .T. ) ;
#4126 = AXIS2_PLACEMENT_3D ( 'NONE', #1449, #3147, #7277 ) ;
#4127 = ORIENTED_EDGE ( 'NONE', *, *, #9867, .T. ) ;
#4128 = UNCERTAINTY_MEASURE_WITH_UNIT (LENGTH_MEASURE( 1.000000000000000100E-005 ), #10641, 'distance_accuracy_value', 'NONE');
#4129 = FILL_AREA_STYLE_COLOUR ( '', #8975 ) ;
#4130 = CARTESIAN_POINT ( 'NONE',  ( -1.800000000000000700, -18.15000000000000600, -12.65000000000000400 ) ) ;
#4131 = COLOUR_RGB ( '',0.2509803921568627400, 0.2509803921568627400, 0.2509803921568627400 ) ;
#4132 = EDGE_LOOP ( 'NONE', ( #9050, #5666, #9607, #10723 ) ) ;
#4133 = CARTESIAN_POINT ( 'NONE',  ( -0.6000000000000007500, -39.15000000000002000, -12.65000000000000400 ) ) ;
#4134 = PRESENTATION_STYLE_ASSIGNMENT (( #10650 ) ) ;
#4135 =( GEOMETRIC_REPRESENTATION_CONTEXT ( 3 ) GLOBAL_UNCERTAINTY_ASSIGNED_CONTEXT ( ( #5340 ) ) GLOBAL_UNIT_ASSIGNED_CONTEXT ( ( #5312, #6135, #3617 ) ) REPRESENTATION_CONTEXT ( 'NONE', 'WORKASPACE' ) );
#4136 = ORIENTED_EDGE ( 'NONE', *, *, #3300, .F. ) ;
#4137 = EDGE_CURVE ( 'NONE', #9354, #1752, #7179, .T. ) ;
#4138 = ADVANCED_FACE ( 'NONE', ( #7987 ), #1582, .T. ) ;
#4139 = DIRECTION ( 'NONE',  ( -0.0000000000000000000, -0.0000000000000000000, 1.000000000000000000 ) ) ;
#4140 = DIRECTION ( 'NONE',  ( -0.0000000000000000000, 0.0000000000000000000, 1.000000000000000000 ) ) ;
#4141 = PRESENTATION_STYLE_ASSIGNMENT (( #4049 ) ) ;
#4142 = ORIENTED_EDGE ( 'NONE', *, *, #5399, .T. ) ;
#4143 = CARTESIAN_POINT ( 'NONE',  ( 0.0000000000000000000, 0.0000000000000000000, -9.499999999999998200 ) ) ;
#4144 = CIRCLE ( 'NONE', #3117, 0.5000000000000004400 ) ;
#4145 = SURFACE_STYLE_USAGE ( .BOTH. , #10765 ) ;
#4146 = DIRECTION ( 'NONE',  ( 1.000000000000000000, 0.0000000000000000000, 0.0000000000000000000 ) ) ;
#4147 = ORIENTED_EDGE ( 'NONE', *, *, #4892, .T. ) ;
#4148 = AXIS2_PLACEMENT_3D ( 'NONE', #331, #5466, #10441 ) ;
#4149 = FACE_OUTER_BOUND ( 'NONE', #6962, .T. ) ;
#4150 = SPHERICAL_SURFACE ( 'NONE', #8013, 0.5000000000000000000 ) ;
#4151 = DIRECTION ( 'NONE',  ( -1.000000000000000000, 6.938893903907270200E-015, -0.0000000000000000000 ) ) ;
#4152 = CARTESIAN_POINT ( 'NONE',  ( 15.03502403148815200, -15.01375035175166400, -10.99999999999999800 ) ) ;
#4153 = ORIENTED_EDGE ( 'NONE', *, *, #5169, .T. ) ;
#4154 = EDGE_CURVE ( 'NONE', #9711, #7772, #4051, .T. ) ;
#4155 = CARTESIAN_POINT ( 'NONE',  ( 16.80716972541264600, -15.01375035175166400, -10.99999999999999800 ) ) ;
#4156 = LINE ( 'NONE', #1618, #9905 ) ;
#4157 = CARTESIAN_POINT ( 'NONE',  ( 15.01375035175125200, 15.03502403148986100, -9.499999999999998200 ) ) ;
#4158 = COLOUR_RGB ( '',0.2509803921568627400, 0.2509803921568627400, 0.2509803921568627400 ) ;
#4159 = DIRECTION ( 'NONE',  ( 1.000000000000000000, 0.0000000000000000000, 0.0000000000000000000 ) ) ;
#4160 = LINE ( 'NONE', #2173, #1038 ) ;
#4161 = EDGE_LOOP ( 'NONE', ( #7562, #10148, #2273, #1448, #1596, #9341 ) ) ;
#4162 = ORIENTED_EDGE ( 'NONE', *, *, #1945, .T. ) ;
#4163 = EDGE_CURVE ( 'NONE', #1089, #2152, #2729, .T. ) ;
#4164 =( NAMED_UNIT ( * ) SI_UNIT ( $, .STERADIAN. ) SOLID_ANGLE_UNIT ( ) );
#4165 =( GEOMETRIC_REPRESENTATION_CONTEXT ( 3 ) GLOBAL_UNCERTAINTY_ASSIGNED_CONTEXT ( ( #9947 ) ) GLOBAL_UNIT_ASSIGNED_CONTEXT ( ( #6172, #5429, #5357 ) ) REPRESENTATION_CONTEXT ( 'NONE', 'WORKASPACE' ) );
#4166 = FACE_OUTER_BOUND ( 'NONE', #3531, .T. ) ;
#4167 =( LENGTH_UNIT ( ) NAMED_UNIT ( * ) SI_UNIT ( .MILLI., .METRE. ) );
#4168 = CARTESIAN_POINT ( 'NONE',  ( 14.25001964264473400, 15.96497596851043000, -9.499999999999998200 ) ) ;
#4169 = DIRECTION ( 'NONE',  ( -0.7363275207553918700, 0.0000000000000000000, 0.6766252893427927600 ) ) ;
#4170 = ORIENTED_EDGE ( 'NONE', *, *, #1526, .T. ) ;
#4171 = FILL_AREA_STYLE_COLOUR ( '', #7191 ) ;
#4172 = CYLINDRICAL_SURFACE ( 'NONE', #10594, 2.750000000000000900 ) ;
#4173 = EDGE_LOOP ( 'NONE', ( #3896, #4967, #1722, #5215 ) ) ;
#4174 = DIRECTION ( 'NONE',  ( 0.7071067811865510100, -0.7071067811865441300, 0.0000000000000000000 ) ) ;
#4175 = VECTOR ( 'NONE', #5342, 1000.000000000000000 ) ;
#4176 = ORIENTED_EDGE ( 'NONE', *, *, #6989, .T. ) ;
#4177 =( LENGTH_UNIT ( ) NAMED_UNIT ( * ) SI_UNIT ( .MILLI., .METRE. ) );
#4178 = DIRECTION ( 'NONE',  ( 1.000000000000000000, 0.0000000000000000000, 0.0000000000000000000 ) ) ;
#4179 = ORIENTED_EDGE ( 'NONE', *, *, #633, .T. ) ;
#4180 = MECHANICAL_DESIGN_GEOMETRIC_PRESENTATION_REPRESENTATION (  '', ( #3677 ), #251 ) ;
#4181 = EDGE_CURVE ( 'NONE', #10031, #976, #9145, .T. ) ;
#4182 = FILL_AREA_STYLE ('',( #2469 ) ) ;
#4183 = PRESENTATION_LAYER_ASSIGNMENT (  '', '', ( #5713 ) ) ;
#4184 = CARTESIAN_POINT ( 'NONE',  ( 0.0000000000000000000, 0.0000000000000000000, 30.00000000000000000 ) ) ;
#4185 = EDGE_LOOP ( 'NONE', ( #8552, #1991, #320, #248 ) ) ;
#4186 = ORIENTED_EDGE ( 'NONE', *, *, #8675, .T. ) ;
#4187 = SURFACE_SIDE_STYLE ('',( #528 ) ) ;
#4188 = DIRECTION ( 'NONE',  ( -0.0000000000000000000, 1.000000000000000000, -0.0000000000000000000 ) ) ;
#4189 = UNCERTAINTY_MEASURE_WITH_UNIT (LENGTH_MEASURE( 1.000000000000000100E-005 ), #2223, 'distance_accuracy_value', 'NONE');
#4190 = DIRECTION ( 'NONE',  ( 1.000000000000000000, 0.0000000000000000000, 0.0000000000000000000 ) ) ;
#4191 = ADVANCED_FACE ( 'NONE', ( #6268 ), #9029, .F. ) ;
#4192 = DIRECTION ( 'NONE',  ( -1.000000000000000000, -9.085524283848126800E-015, -0.0000000000000000000 ) ) ;
#4193 = ORIENTED_EDGE ( 'NONE', *, *, #1100, .F. ) ;
#4194 = LINE ( 'NONE', #9062, #3019 ) ;
#4195 = SURFACE_STYLE_FILL_AREA ( #2802 ) ;
#4196 = EDGE_CURVE ( 'NONE', #4661, #3317, #7717, .T. ) ;
#4197 = MECHANICAL_DESIGN_GEOMETRIC_PRESENTATION_REPRESENTATION (  '', ( #3489 ), #7409 ) ;
#4198 = EDGE_LOOP ( 'NONE', ( #8022, #7952, #9904, #10706 ) ) ;
#4199 = CYLINDRICAL_SURFACE ( 'NONE', #8765, 0.5000000000000004400 ) ;
#4200 = STYLED_ITEM ( 'NONE', ( #5686 ), #6108 ) ;
#4201 = CARTESIAN_POINT ( 'NONE',  ( 1.339045298307557800, -39.15000000000000600, -5.626831209128898300 ) ) ;
#4202 = FILL_AREA_STYLE ('',( #6721 ) ) ;
#4203 = EDGE_CURVE ( 'NONE', #7992, #8399, #500, .T. ) ;
#4204 = SURFACE_STYLE_USAGE ( .BOTH. , #894 ) ;
#4205 = EDGE_LOOP ( 'NONE', ( #8874, #938, #7247, #347 ) ) ;
#4206 = CARTESIAN_POINT ( 'NONE',  ( -2.500558451929133100, -21.25000000000000700, -4.993382708682202200 ) ) ;
#4207 = VERTEX_POINT ( 'NONE', #6614 ) ;
#4208 = DIRECTION ( 'NONE',  ( -0.0000000000000000000, -0.0000000000000000000, -1.000000000000000000 ) ) ;
#4209 = FACE_OUTER_BOUND ( 'NONE', #8420, .T. ) ;
#4210 = ORIENTED_EDGE ( 'NONE', *, *, #8439, .F. ) ;
#4211 = VERTEX_POINT ( 'NONE', #9098 ) ;
#4212 = DIRECTION ( 'NONE',  ( -0.0000000000000000000, -0.0000000000000000000, 1.000000000000000000 ) ) ;
#4213 = STYLED_ITEM ( 'NONE', ( #6429 ), #2491 ) ;
#4214 = ORIENTED_EDGE ( 'NONE', *, *, #6948, .F. ) ;
#4215 = SURFACE_STYLE_USAGE ( .BOTH. , #9221 ) ;
#4216 = FACE_OUTER_BOUND ( 'NONE', #4079, .T. ) ;
#4217 = FILL_AREA_STYLE ('',( #8377 ) ) ;
#4218 = VECTOR ( 'NONE', #2349, 1000.000000000000000 ) ;
#4219 = EDGE_CURVE ( 'NONE', #943, #3311, #2103, .T. ) ;
#4220 = ORIENTED_EDGE ( 'NONE', *, *, #2307, .T. ) ;
#4221 = FACE_OUTER_BOUND ( 'NONE', #308, .T. ) ;
#4222 = EDGE_LOOP ( 'NONE', ( #10178, #45, #5852, #10384 ) ) ;
#4223 = PLANE ( 'NONE',  #6426 ) ;
#4224 = CARTESIAN_POINT ( 'NONE',  ( 16.94289321881344200, -20.65000000000000600, 9.500000000000000000 ) ) ;
#4225 = CARTESIAN_POINT ( 'NONE',  ( 17.69999999999999900, 15.50000000000000000, -10.99999999999999800 ) ) ;
#4226 = EDGE_LOOP ( 'NONE', ( #5501, #9842, #1418, #7059 ) ) ;
#4227 = COLOUR_RGB ( '',0.2509803921568627400, 0.2509803921568627400, 0.2509803921568627400 ) ;
#4228 = CARTESIAN_POINT ( 'NONE',  ( -13.32957238623955800, 21.14999999999999900, -1.500000000000001300 ) ) ;
#4229 = SURFACE_STYLE_FILL_AREA ( #1204 ) ;
#4230 = ORIENTED_EDGE ( 'NONE', *, *, #2254, .F. ) ;
#4231 = EDGE_CURVE ( 'NONE', #5520, #2654, #10722, .T. ) ;
#4232 = STYLED_ITEM ( 'NONE', ( #1952 ), #3706 ) ;
#4233 = CARTESIAN_POINT ( 'NONE',  ( 0.5999999999999992000, -39.15000000000002000, -12.65000000000000400 ) ) ;
#4234 = VERTEX_POINT ( 'NONE', #2343 ) ;
#4235 =( NAMED_UNIT ( * ) PLANE_ANGLE_UNIT ( ) SI_UNIT ( $, .RADIAN. ) );
#4236 = EDGE_LOOP ( 'NONE', ( #2568, #1586, #415, #2806 ) ) ;
#4237 = CARTESIAN_POINT ( 'NONE',  ( 1.339045298307557800, -19.15000000000000600, -6.956617291317806800 ) ) ;
#4238 = CIRCLE ( 'NONE', #8066, 0.5000000000000004400 ) ;
#4239 = DIRECTION ( 'NONE',  ( 1.000000000000000000, 0.0000000000000000000, 0.0000000000000000000 ) ) ;
#4240 = MECHANICAL_DESIGN_GEOMETRIC_PRESENTATION_REPRESENTATION (  '', ( #1963 ), #3058 ) ;
#4241 = VERTEX_POINT ( 'NONE', #7493 ) ;
#4242 = ADVANCED_FACE ( 'NONE', ( #10190 ), #696, .F. ) ;
#4243 = DIRECTION ( 'NONE',  ( 1.239088197126291100E-016, 0.0000000000000000000, -1.000000000000000000 ) ) ;
#4244 = COLOUR_RGB ( '',1.000000000000000000, 0.9058823529411764700, 0.1843137254901960900 ) ;
#4245 = ORIENTED_EDGE ( 'NONE', *, *, #9956, .T. ) ;
#4246 = EDGE_CURVE ( 'NONE', #8018, #5993, #5620, .T. ) ;
#4247 = LINE ( 'NONE', #9042, #2554 ) ;
#4248 = AXIS2_PLACEMENT_3D ( 'NONE', #3015, #9669, #444 ) ;
#4249 = CARTESIAN_POINT ( 'NONE',  ( -1.371348881391340800, -39.15000000000000600, -5.626831209128898300 ) ) ;
#4250 = PRESENTATION_LAYER_ASSIGNMENT (  '', '', ( #1824 ) ) ;
#4251 = CARTESIAN_POINT ( 'NONE',  ( 0.0000000000000000000, 0.0000000000000000000, 11.50000000000000000 ) ) ;
#4252 = EDGE_LOOP ( 'NONE', ( #1035, #8747, #9673, #4097 ) ) ;
#4253 = DIRECTION ( 'NONE',  ( 1.000000000000000000, 0.0000000000000000000, -0.0000000000000000000 ) ) ;
#4254 = DIRECTION ( 'NONE',  ( 1.000000000000000000, 0.0000000000000000000, 1.008560160451632500E-016 ) ) ;
#4255 = VERTEX_POINT ( 'NONE', #10675 ) ;
#4256 = DIRECTION ( 'NONE',  ( -1.000000000000000000, 0.0000000000000000000, 0.0000000000000000000 ) ) ;
#4257 = FACE_OUTER_BOUND ( 'NONE', #8869, .T. ) ;
#4258 =( LENGTH_UNIT ( ) NAMED_UNIT ( * ) SI_UNIT ( .MILLI., .METRE. ) );
#4259 = AXIS2_PLACEMENT_3D ( 'NONE', #4676, #1521, #8955 ) ;
#4260 = EDGE_LOOP ( 'NONE', ( #7084, #9792, #7162, #10078 ) ) ;
#4261 = MECHANICAL_DESIGN_GEOMETRIC_PRESENTATION_REPRESENTATION (  '', ( #4200 ), #5333 ) ;
#4262 = UNCERTAINTY_MEASURE_WITH_UNIT (LENGTH_MEASURE( 1.000000000000000100E-005 ), #2664, 'distance_accuracy_value', 'NONE');
#4263 = DIRECTION ( 'NONE',  ( -1.000000000000000000, 0.0000000000000000000, 0.0000000000000000000 ) ) ;
#4264 = EDGE_CURVE ( 'NONE', #7387, #10337, #7849, .T. ) ;
#4265 = CYLINDRICAL_SURFACE ( 'NONE', #4755, 2.799999999999999800 ) ;
#4266 = CARTESIAN_POINT ( 'NONE',  ( 16.94289321881345200, 20.64999999999999900, 2.000000000000000000 ) ) ;
#4267 = CIRCLE ( 'NONE', #9002, 4.000000000000000000 ) ;
#4268 = VERTEX_POINT ( 'NONE', #4977 ) ;
#4269 = CARTESIAN_POINT ( 'NONE',  ( -14.24999999999999600, 15.50000000000000000, 10.00000000000000000 ) ) ;
#4270 = SURFACE_STYLE_FILL_AREA ( #4937 ) ;
#4271 = DIRECTION ( 'NONE',  ( -1.000000000000000000, 0.0000000000000000000, 0.0000000000000000000 ) ) ;
#4272 = CARTESIAN_POINT ( 'NONE',  ( 0.0000000000000000000, 0.0000000000000000000, 30.00000000000000000 ) ) ;
#4274 =( GEOMETRIC_REPRESENTATION_CONTEXT ( 3 ) GLOBAL_UNCERTAINTY_ASSIGNED_CONTEXT ( ( #7669 ) ) GLOBAL_UNIT_ASSIGNED_CONTEXT ( ( #1165, #2856, #1238 ) ) REPRESENTATION_CONTEXT ( 'NONE', 'WORKASPACE' ) );
#4273 = DIRECTION ( 'NONE',  ( 0.0000000000000000000, 0.0000000000000000000, 1.000000000000000000 ) ) ;
#4275 = CYLINDRICAL_SURFACE ( 'NONE', #4378, 0.5000000000000022200 ) ;
#4276 = ORIENTED_EDGE ( 'NONE', *, *, #370, .F. ) ;
#4277 = EDGE_CURVE ( 'NONE', #9961, #6972, #3786, .T. ) ;
#4278 = SURFACE_STYLE_USAGE ( .BOTH. , #8492 ) ;
#4279 = ORIENTED_EDGE ( 'NONE', *, *, #8359, .F. ) ;
#4280 = DIRECTION ( 'NONE',  ( 1.000000000000000000, 0.0000000000000000000, 0.0000000000000000000 ) ) ;
#4281 = VECTOR ( 'NONE', #4394, 1000.000000000000000 ) ;
#4282 = CARTESIAN_POINT ( 'NONE',  ( 13.59999999999912600, -15.50000000000000200, -10.99999999999999800 ) ) ;
#4283 = CIRCLE ( 'NONE', #3613, 1.249999999999997600 ) ;
#4285 = EDGE_LOOP ( 'NONE', ( #5145, #10477, #9386 ) ) ;
#4284 = DIRECTION ( 'NONE',  ( -0.0000000000000000000, -0.0000000000000000000, -1.000000000000000000 ) ) ;
#4286 = CYLINDRICAL_SURFACE ( 'NONE', #163, 25.00000000000000000 ) ;
#4287 = CARTESIAN_POINT ( 'NONE',  ( 15.98624964824874800, 15.96497596851013900, -9.499999999999998200 ) ) ;
#4288 = VECTOR ( 'NONE', #2883, 1000.000000000000000 ) ;
#4289 = AXIS2_PLACEMENT_3D ( 'NONE', #5359, #7091, #5431 ) ;
#4290 = ORIENTED_EDGE ( 'NONE', *, *, #3384, .T. ) ;
#4291 = CARTESIAN_POINT ( 'NONE',  ( -14.25001964264661500, -15.96497596850949400, -10.99999999999999800 ) ) ;
#4292 = CARTESIAN_POINT ( 'NONE',  ( 13.32957238623955800, 21.14999999999999900, -3.499999999999996000 ) ) ;
#4293 = EDGE_CURVE ( 'NONE', #7044, #1331, #5100, .T. ) ;
#4294 = SURFACE_STYLE_FILL_AREA ( #3454 ) ;
#4295 = DIRECTION ( 'NONE',  ( 0.0000000000000000000, 1.000000000000000000, -0.0000000000000000000 ) ) ;
#4296 = ORIENTED_EDGE ( 'NONE', *, *, #4843, .T. ) ;
#4297 = VERTEX_POINT ( 'NONE', #10125 ) ;
#4298 = ADVANCED_FACE ( 'NONE', ( #1845 ), #4834, .T. ) ;
#4299 = DIRECTION ( 'NONE',  ( -1.000000000000000000, 0.0000000000000000000, 0.0000000000000000000 ) ) ;
#4300 = CYLINDRICAL_SURFACE ( 'NONE', #3386, 0.5000000000000004400 ) ;
#4301 = ORIENTED_EDGE ( 'NONE', *, *, #5836, .T. ) ;
#4302 = CARTESIAN_POINT ( 'NONE',  ( 0.0000000000000000000, -21.25000000000000700, -8.449999999999992200 ) ) ;
#4303 = EDGE_CURVE ( 'NONE', #8542, #5485, #7312, .T. ) ;
#4304 =( NAMED_UNIT ( * ) PLANE_ANGLE_UNIT ( ) SI_UNIT ( $, .RADIAN. ) );
#4305 = STYLED_ITEM ( 'NONE', ( #2717 ), #4668 ) ;
#4306 = SURFACE_SIDE_STYLE ('',( #8293 ) ) ;
#4307 = ORIENTED_EDGE ( 'NONE', *, *, #5054, .T. ) ;
#4308 = DIRECTION ( 'NONE',  ( 1.000000000000000000, 0.0000000000000000000, 0.0000000000000000000 ) ) ;
#4309 = CARTESIAN_POINT ( 'NONE',  ( 21.00355339059327200, 17.29644660940672900, -10.99999999999999800 ) ) ;
#4310 = SURFACE_STYLE_FILL_AREA ( #573 ) ;
#4311 = COLOUR_RGB ( '',1.000000000000000000, 0.0000000000000000000, 0.0000000000000000000 ) ;
#4312 = ADVANCED_FACE ( 'NONE', ( #7442 ), #8230, .T. ) ;
#4313 = ORIENTED_EDGE ( 'NONE', *, *, #9187, .T. ) ;
#4314 = ORIENTED_EDGE ( 'NONE', *, *, #9885, .F. ) ;
#4315 =( GEOMETRIC_REPRESENTATION_CONTEXT ( 3 ) GLOBAL_UNCERTAINTY_ASSIGNED_CONTEXT ( ( #8937 ) ) GLOBAL_UNIT_ASSIGNED_CONTEXT ( ( #9843, #4835, #5680 ) ) REPRESENTATION_CONTEXT ( 'NONE', 'WORKASPACE' ) );
#4316 = DIRECTION ( 'NONE',  ( 0.0000000000000000000, 0.0000000000000000000, 1.000000000000000000 ) ) ;
#4317 = ORIENTED_EDGE ( 'NONE', *, *, #10119, .T. ) ;
#4318 = LINE ( 'NONE', #3566, #9929 ) ;
#4319 = UNCERTAINTY_MEASURE_WITH_UNIT (LENGTH_MEASURE( 1.000000000000000100E-005 ), #8979, 'distance_accuracy_value', 'NONE');
#4321 = STYLED_ITEM ( 'NONE', ( #4384 ), #497 ) ;
#4320 = DIRECTION ( 'NONE',  ( 0.0000000000000000000, 0.0000000000000000000, 1.000000000000000000 ) ) ;
#4322 = STYLED_ITEM ( 'NONE', ( #10433 ), #5469 ) ;
#4323 = EDGE_LOOP ( 'NONE', ( #7333, #10845, #7109, #4851 ) ) ;
#4324 = EDGE_CURVE ( 'NONE', #507, #7200, #10471, .T. ) ;
#4325 = DIRECTION ( 'NONE',  ( 1.000000000000000000, 0.0000000000000000000, 0.0000000000000000000 ) ) ;
#4326 = SURFACE_STYLE_FILL_AREA ( #6176 ) ;
#4327 = PRESENTATION_LAYER_ASSIGNMENT (  '', '', ( #1341 ) ) ;
#4328 = DIRECTION ( 'NONE',  ( 6.179303022933785000E-015, 1.000000000000000000, 0.0000000000000000000 ) ) ;
#4329 = FACE_OUTER_BOUND ( 'NONE', #4927, .T. ) ;
#4330 = COLOUR_RGB ( '',0.2509803921568627400, 0.2509803921568627400, 0.2509803921568627400 ) ;
#4331 = DIRECTION ( 'NONE',  ( -1.224646799147353200E-016, 1.000000000000000000, 0.0000000000000000000 ) ) ;
#4332 = ORIENTED_EDGE ( 'NONE', *, *, #616, .F. ) ;
#4333 = CARTESIAN_POINT ( 'NONE',  ( 15.50000000000000000, 15.50000000000000000, 5.500000000000000000 ) ) ;
#4334 = CARTESIAN_POINT ( 'NONE',  ( -21.14999999999999500, 16.94289321881344900, 2.000000000000000000 ) ) ;
#4335 = VERTEX_POINT ( 'NONE', #967 ) ;
#4336 = DIRECTION ( 'NONE',  ( 0.0000000000000000000, 1.000000000000000000, 0.0000000000000000000 ) ) ;
#4337 = VERTEX_POINT ( 'NONE', #3390 ) ;
#4338 = VECTOR ( 'NONE', #5144, 1000.000000000000000 ) ;
#4339 = MECHANICAL_DESIGN_GEOMETRIC_PRESENTATION_REPRESENTATION (  '', ( #3214 ), #3421 ) ;
#4340 = VERTEX_POINT ( 'NONE', #5950 ) ;
#4341 = AXIS2_PLACEMENT_3D ( 'NONE', #2895, #4756, #5635 ) ;
#4342 = DIRECTION ( 'NONE',  ( 0.0000000000000000000, 0.0000000000000000000, 1.000000000000000000 ) ) ;
#4343 = CARTESIAN_POINT ( 'NONE',  ( 1.500000000000000200, 2.000000000000000000, 30.00000000000000000 ) ) ;
#4344 = LINE ( 'NONE', #1912, #7353 ) ;
#4345 = EDGE_CURVE ( 'NONE', #9621, #3194, #6789, .T. ) ;
#4346 = DIRECTION ( 'NONE',  ( 0.0000000000000000000, 0.0000000000000000000, -1.000000000000000000 ) ) ;
#4347 = CARTESIAN_POINT ( 'NONE',  ( -16.80716972541454600, 15.01375035175258400, -9.499999999999998200 ) ) ;
#4348 = EDGE_LOOP ( 'NONE', ( #7178, #4932 ) ) ;
#4349 = DIRECTION ( 'NONE',  ( -0.0000000000000000000, -0.0000000000000000000, -1.000000000000000000 ) ) ;
#4350 = DIRECTION ( 'NONE',  ( -0.0000000000000000000, 1.000000000000000000, -0.0000000000000000000 ) ) ;
#4351 = ORIENTED_EDGE ( 'NONE', *, *, #3446, .F. ) ;
#4352 = VECTOR ( 'NONE', #2354, 1000.000000000000000 ) ;
#4353 = SURFACE_SIDE_STYLE ('',( #2860 ) ) ;
#4354 = LINE ( 'NONE', #7026, #10386 ) ;
#4355 = ADVANCED_FACE ( 'NONE', ( #381 ), #6687, .F. ) ;
#4356 =( LENGTH_UNIT ( ) NAMED_UNIT ( * ) SI_UNIT ( .MILLI., .METRE. ) );
#4357 = FILL_AREA_STYLE ('',( #7835 ) ) ;
#4358 =( GEOMETRIC_REPRESENTATION_CONTEXT ( 3 ) GLOBAL_UNCERTAINTY_ASSIGNED_CONTEXT ( ( #5603 ) ) GLOBAL_UNIT_ASSIGNED_CONTEXT ( ( #2028, #4519, #7859 ) ) REPRESENTATION_CONTEXT ( 'NONE', 'WORKASPACE' ) );
#4359 = AXIS2_PLACEMENT_3D ( 'NONE', #6777, #6840, #8470 ) ;
#4360 =( LENGTH_UNIT ( ) NAMED_UNIT ( * ) SI_UNIT ( .MILLI., .METRE. ) );
#4361 = EDGE_CURVE ( 'NONE', #9640, #7200, #637, .T. ) ;
#4362 = ORIENTED_EDGE ( 'NONE', *, *, #9093, .T. ) ;
#4363 = LINE ( 'NONE', #4477, #7636 ) ;
#4364 = LINE ( 'NONE', #9597, #2914 ) ;
#4365 = PRESENTATION_STYLE_ASSIGNMENT (( #2179 ) ) ;
#4366 = ADVANCED_FACE ( 'NONE', ( #9015 ), #5995, .T. ) ;
#4367 = CARTESIAN_POINT ( 'NONE',  ( -18.75000000000087400, -15.49999999999912400, -10.99999999999999800 ) ) ;
#4368 = PLANE ( 'NONE',  #5349 ) ;
#4369 = DIRECTION ( 'NONE',  ( 0.0000000000000000000, 1.000000000000000000, 0.0000000000000000000 ) ) ;
#4370 = EDGE_LOOP ( 'NONE', ( #5910, #8828 ) ) ;
#4371 = SURFACE_STYLE_USAGE ( .BOTH. , #9381 ) ;
#4372 = EDGE_CURVE ( 'NONE', #8687, #4594, #8748, .T. ) ;
#4373 = AXIS2_PLACEMENT_3D ( 'NONE', #7696, #2676, #8541 ) ;
#4374 = CARTESIAN_POINT ( 'NONE',  ( 0.0000000000000000000, 0.0000000000000000000, 4.000000000000000000 ) ) ;
#4375 = FACE_OUTER_BOUND ( 'NONE', #9289, .T. ) ;
#4376 = ORIENTED_EDGE ( 'NONE', *, *, #10490, .T. ) ;
#4377 = FACE_OUTER_BOUND ( 'NONE', #5373, .T. ) ;
#4378 = AXIS2_PLACEMENT_3D ( 'NONE', #3538, #10308, #8587 ) ;
#4379 = DIRECTION ( 'NONE',  ( -1.000000000000000000, 0.0000000000000000000, 0.0000000000000000000 ) ) ;
#4380 =( LENGTH_UNIT ( ) NAMED_UNIT ( * ) SI_UNIT ( .MILLI., .METRE. ) );
#4381 =( NAMED_UNIT ( * ) SI_UNIT ( $, .STERADIAN. ) SOLID_ANGLE_UNIT ( ) );
#4382 =( NAMED_UNIT ( * ) SI_UNIT ( $, .STERADIAN. ) SOLID_ANGLE_UNIT ( ) );
#4383 = COLOUR_RGB ( '',0.2509803921568627400, 0.2509803921568627400, 0.2509803921568627400 ) ;
#4384 = PRESENTATION_STYLE_ASSIGNMENT (( #5315 ) ) ;
#4385 = CIRCLE ( 'NONE', #1837, 1.250000000000001100 ) ;
#4386 = CARTESIAN_POINT ( 'NONE',  ( -20.64999999999999500, 16.94289321881344900, 9.500000000000000000 ) ) ;
#4387 = AXIS2_PLACEMENT_3D ( 'NONE', #6036, #7685, #6801 ) ;
#4388 = DIRECTION ( 'NONE',  ( 0.7071067811865490200, 0.7071067811865460200, -0.0000000000000000000 ) ) ;
#4389 = VERTEX_POINT ( 'NONE', #4309 ) ;
#4390 = AXIS2_PLACEMENT_3D ( 'NONE', #4333, #2649, #8507 ) ;
#4391 = FILL_AREA_STYLE ('',( #6098 ) ) ;
#4392 = FILL_AREA_STYLE ('',( #9150 ) ) ;
#4393 = AXIS2_PLACEMENT_3D ( 'NONE', #2543, #2605, #81 ) ;
#4394 = DIRECTION ( 'NONE',  ( -1.000000000000000000, -8.202002250481357500E-017, 0.0000000000000000000 ) ) ;
#4395 = CIRCLE ( 'NONE', #5033, 0.5000000000000004400 ) ;
#4396 = VERTEX_POINT ( 'NONE', #6928 ) ;
#4397 = CARTESIAN_POINT ( 'NONE',  ( -13.60000000000087000, -15.49999999999912400, -10.49999999999999600 ) ) ;
#4398 = VERTEX_POINT ( 'NONE', #6855 ) ;
#4399 = FACE_OUTER_BOUND ( 'NONE', #3545, .T. ) ;
#4401 = CARTESIAN_POINT ( 'NONE',  ( -21.16000000000000700, -13.31369220013741200, 4.000000000000003600 ) ) ;
#4400 = CIRCLE ( 'NONE', #3250, 1.249999999999997600 ) ;
#4402 = VERTEX_POINT ( 'NONE', #1844 ) ;
#4403 = EDGE_CURVE ( 'NONE', #8960, #4255, #915, .T. ) ;
#4404 =( NAMED_UNIT ( * ) SI_UNIT ( $, .STERADIAN. ) SOLID_ANGLE_UNIT ( ) );
#4405 = MECHANICAL_DESIGN_GEOMETRIC_PRESENTATION_REPRESENTATION (  '', ( #7780 ), #8177 ) ;
#4406 = ADVANCED_FACE ( 'NONE', ( #5864 ), #3777, .T. ) ;
#4407 = AXIS2_PLACEMENT_3D ( 'NONE', #8393, #8431, #5037 ) ;
#4408 = FILL_AREA_STYLE ('',( #9419 ) ) ;
#4409 = EDGE_CURVE ( 'NONE', #5673, #7546, #6657, .T. ) ;
#4410 = LINE ( 'NONE', #8499, #4281 ) ;
#4411 = CIRCLE ( 'NONE', #9480, 0.5563334663949287600 ) ;
#4412 = ORIENTED_EDGE ( 'NONE', *, *, #8996, .F. ) ;
#4413 = CARTESIAN_POINT ( 'NONE',  ( -1.500000000000000200, 2.000000000000000000, 17.50000000000000000 ) ) ;
#4414 = LINE ( 'NONE', #921, #6377 ) ;
#4415 =( LENGTH_UNIT ( ) NAMED_UNIT ( * ) SI_UNIT ( .MILLI., .METRE. ) );
#4416 = DIRECTION ( 'NONE',  ( 0.0000000000000000000, 0.0000000000000000000, 1.000000000000000000 ) ) ;
#4417 = PLANE ( 'NONE',  #3601 ) ;
#4418 = ORIENTED_EDGE ( 'NONE', *, *, #111, .T. ) ;
#4420 = AXIS2_PLACEMENT_3D ( 'NONE', #9974, #3287, #4239 ) ;
#4419 = DIRECTION ( 'NONE',  ( -0.0000000000000000000, -0.0000000000000000000, 1.000000000000000000 ) ) ;
#4421 = AXIS2_PLACEMENT_3D ( 'NONE', #3669, #1099, #2753 ) ;
#4422 = FACE_OUTER_BOUND ( 'NONE', #7775, .T. ) ;
#4423 = ORIENTED_EDGE ( 'NONE', *, *, #4345, .F. ) ;
#4424 = ORIENTED_EDGE ( 'NONE', *, *, #1240, .T. ) ;
#4425 = EDGE_CURVE ( 'NONE', #7708, #1447, #1440, .T. ) ;
#4426 = DIRECTION ( 'NONE',  ( -0.7071067811865475700, -0.7071067811865475700, 0.0000000000000000000 ) ) ;
#4427 = COLOUR_RGB ( '',1.000000000000000000, 0.0000000000000000000, 0.0000000000000000000 ) ;
#4428 = CARTESIAN_POINT ( 'NONE',  ( -3.500000000000000000, 4.286263797015736600E-016, 10.00000000000000000 ) ) ;
#4429 = VERTEX_POINT ( 'NONE', #8557 ) ;
#4430 = SURFACE_SIDE_STYLE ('',( #5980 ) ) ;
#4431 = LINE ( 'NONE', #3969, #5611 ) ;
#4432 = DIRECTION ( 'NONE',  ( -1.000000000000000000, 0.0000000000000000000, 0.0000000000000000000 ) ) ;
#4433 = VERTEX_POINT ( 'NONE', #1954 ) ;
#4434 = CYLINDRICAL_SURFACE ( 'NONE', #7882, 1.250000000000001100 ) ;
#4435 = EDGE_CURVE ( 'NONE', #5407, #2970, #8357, .T. ) ;
#4436 = STYLED_ITEM ( 'NONE', ( #2467 ), #3524 ) ;
#4437 = SURFACE_SIDE_STYLE ('',( #1640 ) ) ;
#4438 = ORIENTED_EDGE ( 'NONE', *, *, #4617, .F. ) ;
#4439 =( NAMED_UNIT ( * ) SI_UNIT ( $, .STERADIAN. ) SOLID_ANGLE_UNIT ( ) );
#4440 = DIRECTION ( 'NONE',  ( -1.000000000000000000, -8.202002250481356300E-017, 0.0000000000000000000 ) ) ;
#4441 = ORIENTED_EDGE ( 'NONE', *, *, #5336, .F. ) ;
#4442 = VERTEX_POINT ( 'NONE', #206 ) ;
#4443 = ORIENTED_EDGE ( 'NONE', *, *, #4361, .F. ) ;
#4444 = DIRECTION ( 'NONE',  ( -0.0000000000000000000, -0.0000000000000000000, 1.000000000000000000 ) ) ;
#4445 = AXIS2_PLACEMENT_3D ( 'NONE', #6022, #1071, #2766 ) ;
#4446 = FILL_AREA_STYLE_COLOUR ( '', #6564 ) ;
#4447 = CARTESIAN_POINT ( 'NONE',  ( 0.5999999999999992000, -39.15000000000002000, -12.65000000000000400 ) ) ;
#4448 = DIRECTION ( 'NONE',  ( -1.000000000000000000, -1.235860604586716300E-014, -0.0000000000000000000 ) ) ;
#4449 = DIRECTION ( 'NONE',  ( 0.0000000000000000000, 0.0000000000000000000, -1.000000000000000000 ) ) ;
#4450 = ORIENTED_EDGE ( 'NONE', *, *, #2139, .F. ) ;
#4451 = CYLINDRICAL_SURFACE ( 'NONE', #6311, 0.5000000000000004400 ) ;
#4452 = DIRECTION ( 'NONE',  ( 0.0000000000000000000, 0.0000000000000000000, -1.000000000000000000 ) ) ;
#4453 = AXIS2_PLACEMENT_3D ( 'NONE', #5213, #10258, #10331 ) ;
#4454 =( NAMED_UNIT ( * ) PLANE_ANGLE_UNIT ( ) SI_UNIT ( $, .RADIAN. ) );
#4455 = EDGE_LOOP ( 'NONE', ( #2376, #798 ) ) ;
#4456 = CIRCLE ( 'NONE', #3362, 20.00000000000000000 ) ;
#4457 = ADVANCED_FACE ( 'NONE', ( #5730 ), #9917, .T. ) ;
#4458 = FILL_AREA_STYLE_COLOUR ( '', #4085 ) ;
#4459 = UNCERTAINTY_MEASURE_WITH_UNIT (LENGTH_MEASURE( 1.000000000000000100E-005 ), #1838, 'distance_accuracy_value', 'NONE');
#4460 = SURFACE_SIDE_STYLE ('',( #2704 ) ) ;
#4461 = ORIENTED_EDGE ( 'NONE', *, *, #687, .F. ) ;
#4462 = VERTEX_POINT ( 'NONE', #282 ) ;
#4463 = DIRECTION ( 'NONE',  ( 1.000000000000000000, 0.0000000000000000000, 0.0000000000000000000 ) ) ;
#4464 = VECTOR ( 'NONE', #5236, 1000.000000000000000 ) ;
#4465 = ORIENTED_EDGE ( 'NONE', *, *, #3363, .F. ) ;
#4466 = VECTOR ( 'NONE', #6617, 1000.000000000000000 ) ;
#4468 = MECHANICAL_DESIGN_GEOMETRIC_PRESENTATION_REPRESENTATION (  '', ( #1333 ), #4118 ) ;
#4467 = FILL_AREA_STYLE ('',( #9512 ) ) ;
#4469 = EDGE_CURVE ( 'NONE', #3788, #9916, #2218, .T. ) ;
#4470 =( NAMED_UNIT ( * ) PLANE_ANGLE_UNIT ( ) SI_UNIT ( $, .RADIAN. ) );
#4471 = AXIS2_PLACEMENT_3D ( 'NONE', #9861, #3170, #8116 ) ;
#4472 = ORIENTED_EDGE ( 'NONE', *, *, #2673, .F. ) ;
#4473 = DIRECTION ( 'NONE',  ( 1.000000000000000000, 0.0000000000000000000, 0.0000000000000000000 ) ) ;
#4474 = ORIENTED_EDGE ( 'NONE', *, *, #2538, .F. ) ;
#4475 = ORIENTED_EDGE ( 'NONE', *, *, #2608, .T. ) ;
#4476 =( NAMED_UNIT ( * ) PLANE_ANGLE_UNIT ( ) SI_UNIT ( $, .RADIAN. ) );
#4477 = CARTESIAN_POINT ( 'NONE',  ( -16.74999999999999300, 15.50000000000000000, 10.00000000000000000 ) ) ;
#4478 = CYLINDRICAL_SURFACE ( 'NONE', #201, 0.5000000000000004400 ) ;
#4479 = ORIENTED_EDGE ( 'NONE', *, *, #6299, .F. ) ;
#4480 = DIRECTION ( 'NONE',  ( -0.7071067811865487900, 0.7071067811865463500, -0.0000000000000000000 ) ) ;
#4481 = ORIENTED_EDGE ( 'NONE', *, *, #7121, .T. ) ;
#4482 = CIRCLE ( 'NONE', #7071, 0.5000000000000004400 ) ;
#4483 = AXIS2_PLACEMENT_3D ( 'NONE', #3832, #450, #7075 ) ;
#4484 = DIRECTION ( 'NONE',  ( -0.0000000000000000000, 1.000000000000000000, -0.0000000000000000000 ) ) ;
#4485 = EDGE_CURVE ( 'NONE', #3294, #1467, #10058, .T. ) ;
#4486 = VERTEX_POINT ( 'NONE', #6160 ) ;
#4487 = FILL_AREA_STYLE ('',( #9496 ) ) ;
#4488 = CARTESIAN_POINT ( 'NONE',  ( -20.64999999999999500, 16.94289321881345200, 9.500000000000000000 ) ) ;
#4489 = ORIENTED_EDGE ( 'NONE', *, *, #1257, .T. ) ;
#4490 = DIRECTION ( 'NONE',  ( 0.7071067811865475700, -0.7071067811865475700, 0.0000000000000000000 ) ) ;
#4491 = VECTOR ( 'NONE', #8475, 1000.000000000000000 ) ;
#4492 = SURFACE_STYLE_USAGE ( .BOTH. , #4460 ) ;
#4493 =( GEOMETRIC_REPRESENTATION_CONTEXT ( 3 ) GLOBAL_UNCERTAINTY_ASSIGNED_CONTEXT ( ( #2522 ) ) GLOBAL_UNIT_ASSIGNED_CONTEXT ( ( #2500, #9152, #5967 ) ) REPRESENTATION_CONTEXT ( 'NONE', 'WORKASPACE' ) );
#4494 = CARTESIAN_POINT ( 'NONE',  ( 10.49999999999999800, 0.0000000000000000000, 11.50000000000000000 ) ) ;
#4495 = CARTESIAN_POINT ( 'NONE',  ( 0.0000000000000000000, 0.0000000000000000000, -11.49999999999999800 ) ) ;
#4496 =( LENGTH_UNIT ( ) NAMED_UNIT ( * ) SI_UNIT ( .MILLI., .METRE. ) );
#4497 = EDGE_CURVE ( 'NONE', #3940, #1873, #8617, .T. ) ;
#4498 = EDGE_LOOP ( 'NONE', ( #8398, #2357, #3520, #4314 ) ) ;
#4499 = DIRECTION ( 'NONE',  ( 1.000000000000000000, 0.0000000000000000000, -0.0000000000000000000 ) ) ;
#4500 = CARTESIAN_POINT ( 'NONE',  ( -21.14999999999999500, -13.32957238623956400, -3.499999999999996000 ) ) ;
#4501 = EDGE_LOOP ( 'NONE', ( #8907, #6306, #10671, #10401 ) ) ;
#4502 = ADVANCED_FACE ( 'NONE', ( #10846 ), #3380, .T. ) ;
#4503 = DIRECTION ( 'NONE',  ( 0.0000000000000000000, 1.000000000000000000, 0.0000000000000000000 ) ) ;
#4504 = EDGE_CURVE ( 'NONE', #4396, #604, #6780, .T. ) ;
#4505 = STYLED_ITEM ( 'NONE', ( #3903 ), #4686 ) ;
#4506 = DIRECTION ( 'NONE',  ( 0.7071067811865510100, 0.7071067811865441300, 0.0000000000000000000 ) ) ;
#4507 = SURFACE_STYLE_FILL_AREA ( #10489 ) ;
#4508 = CIRCLE ( 'NONE', #8245, 3.500000000000000000 ) ;
#4509 = LINE ( 'NONE', #5094, #7532 ) ;
#4510 = UNCERTAINTY_MEASURE_WITH_UNIT (LENGTH_MEASURE( 1.000000000000000100E-005 ), #8573, 'distance_accuracy_value', 'NONE');
#4511 = AXIS2_PLACEMENT_3D ( 'NONE', #207, #10235, #168 ) ;
#4512 = DIRECTION ( 'NONE',  ( -1.000000000000000000, 0.0000000000000000000, 0.0000000000000000000 ) ) ;
#4513 = EDGE_LOOP ( 'NONE', ( #5992, #1882, #1199, #9576 ) ) ;
#4514 = CARTESIAN_POINT ( 'NONE',  ( 10.49999999999999800, 0.0000000000000000000, 12.00000000000000000 ) ) ;
#4515 = FILL_AREA_STYLE ('',( #3756 ) ) ;
#4516 = ORIENTED_EDGE ( 'NONE', *, *, #8268, .F. ) ;
#4517 = ADVANCED_FACE ( 'NONE', ( #7842 ), #4434, .F. ) ;
#4518 = LINE ( 'NONE', #5697, #8457 ) ;
#4519 =( NAMED_UNIT ( * ) PLANE_ANGLE_UNIT ( ) SI_UNIT ( $, .RADIAN. ) );
#4520 = CYLINDRICAL_SURFACE ( 'NONE', #7169, 25.00000000000000000 ) ;
#4521 = ORIENTED_EDGE ( 'NONE', *, *, #646, .T. ) ;
#4522 = CIRCLE ( 'NONE', #6772, 0.5000000000000004400 ) ;
#4523 =( NAMED_UNIT ( * ) PLANE_ANGLE_UNIT ( ) SI_UNIT ( $, .RADIAN. ) );
#4524 =( LENGTH_UNIT ( ) NAMED_UNIT ( * ) SI_UNIT ( .MILLI., .METRE. ) );
#4525 = AXIS2_PLACEMENT_3D ( 'NONE', #8740, #368, #9591 ) ;
#4526 = VERTEX_POINT ( 'NONE', #9427 ) ;
#4527 =( GEOMETRIC_REPRESENTATION_CONTEXT ( 3 ) GLOBAL_UNCERTAINTY_ASSIGNED_CONTEXT ( ( #6119 ) ) GLOBAL_UNIT_ASSIGNED_CONTEXT ( ( #9728, #8987, #8085 ) ) REPRESENTATION_CONTEXT ( 'NONE', 'WORKASPACE' ) );
#4528 =( LENGTH_UNIT ( ) NAMED_UNIT ( * ) SI_UNIT ( .MILLI., .METRE. ) );
#4529 = EDGE_CURVE ( 'NONE', #3030, #2738, #1716, .T. ) ;
#4530 = DIRECTION ( 'NONE',  ( -1.000000000000000000, 0.0000000000000000000, -1.668003342285391600E-016 ) ) ;
#4531 = CARTESIAN_POINT ( 'NONE',  ( 1.799999999999999400, -18.15000000000000600, -12.65000000000000400 ) ) ;
#4532 = PRESENTATION_LAYER_ASSIGNMENT (  '', '', ( #3004 ) ) ;
#4533 = DIRECTION ( 'NONE',  ( 0.0000000000000000000, 0.0000000000000000000, 1.000000000000000000 ) ) ;
#4535 = ORIENTED_EDGE ( 'NONE', *, *, #8428, .F. ) ;
#4534 = DIRECTION ( 'NONE',  ( 1.000000000000000000, 0.0000000000000000000, 0.0000000000000000000 ) ) ;
#4536 = VECTOR ( 'NONE', #10318, 1000.000000000000000 ) ;
#4537 = CARTESIAN_POINT ( 'NONE',  ( 1.799999999999999400, -39.15000000000002000, -12.65000000000000400 ) ) ;
#4538 =( NAMED_UNIT ( * ) SI_UNIT ( $, .STERADIAN. ) SOLID_ANGLE_UNIT ( ) );
#4539 = CIRCLE ( 'NONE', #8527, 10.49999999999999800 ) ;
#4540 = AXIS2_PLACEMENT_3D ( 'NONE', #9058, #5508, #8065 ) ;
#4541 = PRESENTATION_STYLE_ASSIGNMENT (( #4065 ) ) ;
#4542 = ORIENTED_EDGE ( 'NONE', *, *, #3847, .F. ) ;
#4543 = CARTESIAN_POINT ( 'NONE',  ( 2.583848208458101100, -19.15000000000000600, 4.288040361317518200E-016 ) ) ;
#4544 = PRESENTATION_LAYER_ASSIGNMENT (  '', '', ( #5809 ) ) ;
#4545 = CARTESIAN_POINT ( 'NONE',  ( 12.24999999999912400, -15.50000000000000200, -11.49999999999999800 ) ) ;
#4546 = EDGE_CURVE ( 'NONE', #6364, #702, #8104, .T. ) ;
#4547 = VERTEX_POINT ( 'NONE', #5303 ) ;
#4548 = COLOUR_RGB ( '',0.2509803921568627400, 0.2509803921568627400, 0.2509803921568627400 ) ;
#4549 =( LENGTH_UNIT ( ) NAMED_UNIT ( * ) SI_UNIT ( .MILLI., .METRE. ) );
#4550 =( NAMED_UNIT ( * ) SI_UNIT ( $, .STERADIAN. ) SOLID_ANGLE_UNIT ( ) );
#4551 = EDGE_LOOP ( 'NONE', ( #5176, #7314, #9872, #8654 ) ) ;
#4552 = CARTESIAN_POINT ( 'NONE',  ( 15.96497596850902500, -14.25001964264521200, -9.499999999999998200 ) ) ;
#4553 = LINE ( 'NONE', #2916, #9402 ) ;
#4554 = DIRECTION ( 'NONE',  ( -0.0000000000000000000, 1.000000000000000000, -0.0000000000000000000 ) ) ;
#4556 = AXIS2_PLACEMENT_3D ( 'NONE', #8123, #5048, #4273 ) ;
#4555 =( LENGTH_UNIT ( ) NAMED_UNIT ( * ) SI_UNIT ( .MILLI., .METRE. ) );
#4557 = ORIENTED_EDGE ( 'NONE', *, *, #5858, .T. ) ;
#4558 = AXIS2_PLACEMENT_3D ( 'NONE', #2710, #5107, #2578 ) ;
#4559 = EDGE_CURVE ( 'NONE', #8597, #3811, #6257, .T. ) ;
#4560 = ADVANCED_FACE ( 'NONE', ( #3120 ), #8037, .F. ) ;
#4561 = DIRECTION ( 'NONE',  ( 1.000000000000000000, 0.0000000000000000000, 0.0000000000000000000 ) ) ;
#4562 = ORIENTED_EDGE ( 'NONE', *, *, #1795, .T. ) ;
#4563 = SURFACE_STYLE_FILL_AREA ( #9212 ) ;
#4564 = SURFACE_SIDE_STYLE ('',( #2193 ) ) ;
#4565 = CARTESIAN_POINT ( 'NONE',  ( -1.800000000000000900, -39.15000000000002000, -13.35000000000000100 ) ) ;
#4566 = VECTOR ( 'NONE', #8669, 1000.000000000000000 ) ;
#4567 = CARTESIAN_POINT ( 'NONE',  ( -15.79874071779809700, -12.26375928220170800, -11.49999999999999800 ) ) ;
#4568 = ORIENTED_EDGE ( 'NONE', *, *, #7227, .T. ) ;
#4569 = VERTEX_POINT ( 'NONE', #8004 ) ;
#4570 = SURFACE_SIDE_STYLE ('',( #9422 ) ) ;
#4571 = SURFACE_STYLE_USAGE ( .BOTH. , #2011 ) ;
#4572 = EDGE_CURVE ( 'NONE', #2738, #4884, #5091, .T. ) ;
#4573 = AXIS2_PLACEMENT_3D ( 'NONE', #8824, #3696, #10438 ) ;
#4574 = ORIENTED_EDGE ( 'NONE', *, *, #6862, .F. ) ;
#4575 = ADVANCED_FACE ( 'NONE', ( #2097 ), #10707, .F. ) ;
#4576 = DIRECTION ( 'NONE',  ( 1.000000000000000000, 0.0000000000000000000, 0.0000000000000000000 ) ) ;
#4577 = FACE_OUTER_BOUND ( 'NONE', #9563, .T. ) ;
#4578 = VECTOR ( 'NONE', #1503, 1000.000000000000000 ) ;
#4579 = VERTEX_POINT ( 'NONE', #1328 ) ;
#4580 = DIRECTION ( 'NONE',  ( 0.0000000000000000000, 0.0000000000000000000, -1.000000000000000000 ) ) ;
#4581 = UNCERTAINTY_MEASURE_WITH_UNIT (LENGTH_MEASURE( 1.000000000000000100E-005 ), #1285, 'distance_accuracy_value', 'NONE');
#4582 = ORIENTED_EDGE ( 'NONE', *, *, #1295, .T. ) ;
#4583 = DIRECTION ( 'NONE',  ( 0.0000000000000000000, 1.000000000000000000, 0.0000000000000000000 ) ) ;
#4584 = DIRECTION ( 'NONE',  ( -0.0000000000000000000, -0.0000000000000000000, -1.000000000000000000 ) ) ;
#4585 = ORIENTED_EDGE ( 'NONE', *, *, #5384, .T. ) ;
#4586 = VECTOR ( 'NONE', #5232, 1000.000000000000000 ) ;
#4587 = DIRECTION ( 'NONE',  ( 0.0000000000000000000, 0.0000000000000000000, -1.000000000000000000 ) ) ;
#4588 = SURFACE_STYLE_FILL_AREA ( #2915 ) ;
#4589 =( LENGTH_UNIT ( ) NAMED_UNIT ( * ) SI_UNIT ( .MILLI., .METRE. ) );
#4590 = UNCERTAINTY_MEASURE_WITH_UNIT (LENGTH_MEASURE( 1.000000000000000100E-005 ), #6184, 'distance_accuracy_value', 'NONE');
#4591 = EDGE_CURVE ( 'NONE', #1580, #5372, #9534, .T. ) ;
#4592 =( LENGTH_UNIT ( ) NAMED_UNIT ( * ) SI_UNIT ( .MILLI., .METRE. ) );
#4593 = SURFACE_STYLE_USAGE ( .BOTH. , #422 ) ;
#4594 = VERTEX_POINT ( 'NONE', #10499 ) ;
#4595 = EDGE_CURVE ( 'NONE', #8632, #1921, #7037, .T. ) ;
#4596 = LINE ( 'NONE', #2706, #5138 ) ;
#4597 = AXIS2_PLACEMENT_3D ( 'NONE', #10069, #10647, #6480 ) ;
#4598 = CARTESIAN_POINT ( 'NONE',  ( -13.32957238623954800, -21.15000000000000600, 4.000000000000003600 ) ) ;
#4599 = SPHERICAL_SURFACE ( 'NONE', #8250, 0.5000000000000000000 ) ;
#4600 = EDGE_LOOP ( 'NONE', ( #3048, #6273, #6179, #4634 ) ) ;
#4601 = CARTESIAN_POINT ( 'NONE',  ( -18.25000000000087400, -15.49999999999912400, -9.499999999999998200 ) ) ;
#4602 = LINE ( 'NONE', #10106, #2390 ) ;
#4603 = VERTEX_POINT ( 'NONE', #2096 ) ;
#4604 = DIRECTION ( 'NONE',  ( 0.0000000000000000000, 0.0000000000000000000, 1.000000000000000000 ) ) ;
#4605 = SURFACE_SIDE_STYLE ('',( #3323 ) ) ;
#4606 = CARTESIAN_POINT ( 'NONE',  ( -16.94289321881342800, 20.64999999999999900, 9.500000000000000000 ) ) ;
#4607 = DIRECTION ( 'NONE',  ( -1.000000000000000000, -8.202002250481357500E-017, -0.0000000000000000000 ) ) ;
#4608 =( NAMED_UNIT ( * ) SI_UNIT ( $, .STERADIAN. ) SOLID_ANGLE_UNIT ( ) );
#4609 = ORIENTED_EDGE ( 'NONE', *, *, #3664, .T. ) ;
#4610 = EDGE_CURVE ( 'NONE', #7865, #1216, #4553, .T. ) ;
#4612 = AXIS2_PLACEMENT_3D ( 'NONE', #10010, #695, #2484 ) ;
#4611 = SURFACE_STYLE_USAGE ( .BOTH. , #434 ) ;
#4613 = SURFACE_SIDE_STYLE ('',( #8033 ) ) ;
#4614 = VECTOR ( 'NONE', #9840, 1000.000000000000000 ) ;
#4615 = PRESENTATION_LAYER_ASSIGNMENT (  '', '', ( #5184 ) ) ;
#4616 = PRESENTATION_STYLE_ASSIGNMENT (( #5969 ) ) ;
#4617 = EDGE_CURVE ( 'NONE', #8399, #1314, #5218, .T. ) ;
#4618 = DIRECTION ( 'NONE',  ( -1.000000000000000000, 0.0000000000000000000, -0.0000000000000000000 ) ) ;
#4619 = ORIENTED_EDGE ( 'NONE', *, *, #3043, .F. ) ;
#4620 = PRODUCT_DEFINITION ( 'δ֪', '', #10851, #9154 ) ;
#4621 = DIRECTION ( 'NONE',  ( 1.000000000000000000, 0.0000000000000000000, 0.0000000000000000000 ) ) ;
#4622 = VERTEX_POINT ( 'NONE', #3791 ) ;
#4623 = ADVANCED_FACE ( 'NONE', ( #493 ), #7175, .F. ) ;
#4624 = CIRCLE ( 'NONE', #9600, 0.5000000000000004400 ) ;
#4625 = ORIENTED_EDGE ( 'NONE', *, *, #616, .T. ) ;
#4626 = LINE ( 'NONE', #6086, #1373 ) ;
#4627 = AXIS2_PLACEMENT_3D ( 'NONE', #10612, #4712, #5598 ) ;
#4628 = AXIS2_PLACEMENT_3D ( 'NONE', #10563, #4732, #5654 ) ;
#4629 = CARTESIAN_POINT ( 'NONE',  ( -1.371348881391340800, -39.15000000000000600, -6.956617291317808600 ) ) ;
#4630 = EDGE_CURVE ( 'NONE', #7670, #7213, #1042, .T. ) ;
#4631 = ORIENTED_EDGE ( 'NONE', *, *, #8630, .T. ) ;
#4632 = DIRECTION ( 'NONE',  ( 0.0000000000000000000, 0.0000000000000000000, 1.000000000000000000 ) ) ;
#4633 = CARTESIAN_POINT ( 'NONE',  ( 3.599999999999996100, -19.15000000000000600, -8.999999999999992900 ) ) ;
#4634 = ORIENTED_EDGE ( 'NONE', *, *, #10788, .T. ) ;
#4635 = ADVANCED_FACE ( 'NONE', ( #9664 ), #354, .F. ) ;
#4636 = DIRECTION ( 'NONE',  ( -0.0000000000000000000, -0.0000000000000000000, 1.000000000000000000 ) ) ;
#4637 = DIRECTION ( 'NONE',  ( 1.000000000000000000, 0.0000000000000000000, 0.0000000000000000000 ) ) ;
#4638 = VERTEX_POINT ( 'NONE', #7144 ) ;
#4639 = CARTESIAN_POINT ( 'NONE',  ( -20.64999999999999500, -16.94289321881345200, 10.00000000000000000 ) ) ;
#4640 = VECTOR ( 'NONE', #8686, 1000.000000000000000 ) ;
#4641 = AXIS2_PLACEMENT_3D ( 'NONE', #9615, #7258, #496 ) ;
#4642 = CIRCLE ( 'NONE', #3897, 0.5000000000000004400 ) ;
#4643 = ORIENTED_EDGE ( 'NONE', *, *, #1662, .F. ) ;
#4644 = DIRECTION ( 'NONE',  ( 6.938893903907222100E-015, -1.000000000000000000, 0.0000000000000000000 ) ) ;
#4645 = CARTESIAN_POINT ( 'NONE',  ( 21.14999999999999900, -13.32957238623955700, -1.500000000000001300 ) ) ;
#4646 = LINE ( 'NONE', #6624, #330 ) ;
#4647 = DIRECTION ( 'NONE',  ( -0.0000000000000000000, -0.0000000000000000000, -1.000000000000000000 ) ) ;
#4648 = EDGE_CURVE ( 'NONE', #3268, #5136, #2465, .T. ) ;
#4649 = DIRECTION ( 'NONE',  ( -0.0000000000000000000, -0.0000000000000000000, 1.000000000000000000 ) ) ;
#4650 = VERTEX_POINT ( 'NONE', #3938 ) ;
#4651 = CARTESIAN_POINT ( 'NONE',  ( 0.0000000000000000000, 0.0000000000000000000, -9.499999999999998200 ) ) ;
#4652 = FACE_OUTER_BOUND ( 'NONE', #3722, .T. ) ;
#4653 = ORIENTED_EDGE ( 'NONE', *, *, #9270, .T. ) ;
#4654 =( NAMED_UNIT ( * ) SI_UNIT ( $, .STERADIAN. ) SOLID_ANGLE_UNIT ( ) );
#4655 = CIRCLE ( 'NONE', #3837, 2.799999999999999800 ) ;
#4656 = FACE_OUTER_BOUND ( 'NONE', #4692, .T. ) ;
#4657 = UNCERTAINTY_MEASURE_WITH_UNIT (LENGTH_MEASURE( 1.000000000000000100E-005 ), #9031, 'distance_accuracy_value', 'NONE');
#4658 = ORIENTED_EDGE ( 'NONE', *, *, #491, .F. ) ;
#4659 = VECTOR ( 'NONE', #7868, 1000.000000000000000 ) ;
#4660 = FACE_OUTER_BOUND ( 'NONE', #1230, .T. ) ;
#4661 = VERTEX_POINT ( 'NONE', #4811 ) ;
#4662 = AXIS2_PLACEMENT_3D ( 'NONE', #8606, #5330, #1869 ) ;
#4663 = FILL_AREA_STYLE ('',( #1327 ) ) ;
#4664 = DIRECTION ( 'NONE',  ( -0.0000000000000000000, -0.0000000000000000000, 1.000000000000000000 ) ) ;
#4665 = FILL_AREA_STYLE_COLOUR ( '', #4813 ) ;
#4666 = VECTOR ( 'NONE', #5842, 1000.000000000000000 ) ;
#4667 = ORIENTED_EDGE ( 'NONE', *, *, #8151, .T. ) ;
#4668 = ADVANCED_FACE ( 'NONE', ( #5854 ), #9856, .T. ) ;
#4669 = CARTESIAN_POINT ( 'NONE',  ( -20.64999999999999500, 0.0000000000000000000, 10.00000000000000000 ) ) ;
#4670 = FACE_OUTER_BOUND ( 'NONE', #9866, .T. ) ;
#4671 = AXIS2_PLACEMENT_3D ( 'NONE', #4143, #5025, #6698 ) ;
#4672 = VECTOR ( 'NONE', #3273, 1000.000000000000000 ) ;
#4673 =( GEOMETRIC_REPRESENTATION_CONTEXT ( 3 ) GLOBAL_UNCERTAINTY_ASSIGNED_CONTEXT ( ( #4794 ) ) GLOBAL_UNIT_ASSIGNED_CONTEXT ( ( #4731, #6343, #6417 ) ) REPRESENTATION_CONTEXT ( 'NONE', 'WORKASPACE' ) );
#4674 = CARTESIAN_POINT ( 'NONE',  ( -21.00355339059326800, -17.29644660940672200, -11.49999999999999800 ) ) ;
#4675 = EDGE_CURVE ( 'NONE', #8758, #3035, #6771, .T. ) ;
#4676 = CARTESIAN_POINT ( 'NONE',  ( 0.0000000000000000000, 0.0000000000000000000, 4.000000000000000000 ) ) ;
#4677 = CARTESIAN_POINT ( 'NONE',  ( -13.10000000000087000, -15.49999999999912400, -10.99999999999999800 ) ) ;
#4678 = MECHANICAL_DESIGN_GEOMETRIC_PRESENTATION_REPRESENTATION (  '', ( #1341 ), #9168 ) ;
#4679 = CARTESIAN_POINT ( 'NONE',  ( -15.01375035175307500, -15.03502403148862900, -10.99999999999999800 ) ) ;
#4680 = CARTESIAN_POINT ( 'NONE',  ( -17.29644660940670800, 21.00355339059327500, -10.99999999999999800 ) ) ;
#4681 = DIRECTION ( 'NONE',  ( -0.0000000000000000000, -0.0000000000000000000, -1.000000000000000000 ) ) ;
#4682 = DIRECTION ( 'NONE',  ( -0.0000000000000000000, -0.0000000000000000000, 1.000000000000000000 ) ) ;
#4683 = ORIENTED_EDGE ( 'NONE', *, *, #1148, .T. ) ;
#4684 = ORIENTED_EDGE ( 'NONE', *, *, #8395, .T. ) ;
#4685 = SURFACE_STYLE_FILL_AREA ( #4774 ) ;
#4686 = ADVANCED_FACE ( 'NONE', ( #6645 ), #10316, .T. ) ;
#4687 = ORIENTED_EDGE ( 'NONE', *, *, #997, .F. ) ;
#4688 = MECHANICAL_DESIGN_GEOMETRIC_PRESENTATION_REPRESENTATION (  '', ( #1909 ), #8479 ) ;
#4689 = DIRECTION ( 'NONE',  ( 0.0000000000000000000, 0.0000000000000000000, 1.000000000000000000 ) ) ;
#4690 = CIRCLE ( 'NONE', #7214, 25.00000000000000000 ) ;
#4691 = STYLED_ITEM ( 'NONE', ( #3060 ), #6319 ) ;
#4692 = EDGE_LOOP ( 'NONE', ( #2210, #1572, #7512, #2224 ) ) ;
#4693 = EDGE_CURVE ( 'NONE', #1835, #7351, #8094, .T. ) ;
#4694 = DIRECTION ( 'NONE',  ( -0.0000000000000000000, -0.0000000000000000000, -1.000000000000000000 ) ) ;
#4695 = COLOUR_RGB ( '',0.2509803921568627400, 0.2509803921568627400, 0.2509803921568627400 ) ;
#4696 = ORIENTED_EDGE ( 'NONE', *, *, #8143, .T. ) ;
#4697 = EDGE_LOOP ( 'NONE', ( #2217, #3141, #1904, #3813 ) ) ;
#4698 =( NAMED_UNIT ( * ) PLANE_ANGLE_UNIT ( ) SI_UNIT ( $, .RADIAN. ) );
#4699 = CARTESIAN_POINT ( 'NONE',  ( 16.94289321881344500, -20.65000000000000200, -10.99999999999999800 ) ) ;
#4700 = EDGE_LOOP ( 'NONE', ( #10226, #9747, #8147, #7226 ) ) ;
#4701 = AXIS2_PLACEMENT_3D ( 'NONE', #1639, #746, #8192 ) ;
#4702 = DIRECTION ( 'NONE',  ( -1.000000000000000000, 0.0000000000000000000, 0.0000000000000000000 ) ) ;
#4703 = DIRECTION ( 'NONE',  ( -1.000000000000000000, 3.730780929461923600E-015, 0.0000000000000000000 ) ) ;
#4704 = EDGE_LOOP ( 'NONE', ( #456, #10326, #2734, #2946, #1886, #6057, #8788, #8613 ) ) ;
#4705 = EDGE_CURVE ( 'NONE', #3218, #4211, #2329, .T. ) ;
#4706 = CARTESIAN_POINT ( 'NONE',  ( 2.999999999999976500, -18.15000000000000600, -14.99999999999999800 ) ) ;
#4707 = ORIENTED_EDGE ( 'NONE', *, *, #455, .T. ) ;
#4708 = EDGE_LOOP ( 'NONE', ( #4104, #5069, #7742, #3172 ) ) ;
#4709 = SURFACE_SIDE_STYLE ('',( #10676 ) ) ;
#4710 = CARTESIAN_POINT ( 'NONE',  ( -12.75000000000000000, 15.50000000000087400, -9.499999999999998200 ) ) ;
#4711 = ORIENTED_EDGE ( 'NONE', *, *, #5295, .F. ) ;
#4712 = DIRECTION ( 'NONE',  ( 0.0000000000000000000, 0.0000000000000000000, -1.000000000000000000 ) ) ;
#4714 = ORIENTED_EDGE ( 'NONE', *, *, #6331, .T. ) ;
#4713 = DIRECTION ( 'NONE',  ( 1.000000000000000000, 0.0000000000000000000, 0.0000000000000000000 ) ) ;
#4715 = ORIENTED_EDGE ( 'NONE', *, *, #3847, .T. ) ;
#4716 = EDGE_CURVE ( 'NONE', #9701, #5017, #7294, .T. ) ;
#4717 = AXIS2_PLACEMENT_3D ( 'NONE', #2143, #8705, #5463 ) ;
#4718 = DIRECTION ( 'NONE',  ( -1.000000000000000000, -5.351335930702250900E-015, 0.0000000000000000000 ) ) ;
#4719 = ORIENTED_EDGE ( 'NONE', *, *, #4016, .T. ) ;
#4720 = ORIENTED_EDGE ( 'NONE', *, *, #8768, .F. ) ;
#4721 = CIRCLE ( 'NONE', #8560, 1.900000000000002400 ) ;
#4722 =( NAMED_UNIT ( * ) SI_UNIT ( $, .STERADIAN. ) SOLID_ANGLE_UNIT ( ) );
#4723 = ORIENTED_EDGE ( 'NONE', *, *, #6144, .T. ) ;
#4724 = CYLINDRICAL_SURFACE ( 'NONE', #1575, 0.5000000000000004400 ) ;
#4725 = ADVANCED_FACE ( 'NONE', ( #10047 ), #4286, .T. ) ;
#4726 = CARTESIAN_POINT ( 'NONE',  ( -2.999999999999973800, -18.15000000000000600, -11.49999999999999800 ) ) ;
#4727 = AXIS2_PLACEMENT_3D ( 'NONE', #7295, #10661, #8981 ) ;
#4728 = CARTESIAN_POINT ( 'NONE',  ( -17.29644660940669700, -21.00355339059328600, -1.499999999999997800 ) ) ;
#4729 = ORIENTED_EDGE ( 'NONE', *, *, #8684, .T. ) ;
#4730 = FACE_BOUND ( 'NONE', #8081, .T. ) ;
#4731 =( LENGTH_UNIT ( ) NAMED_UNIT ( * ) SI_UNIT ( .MILLI., .METRE. ) );
#4732 = DIRECTION ( 'NONE',  ( 0.0000000000000000000, 0.0000000000000000000, -1.000000000000000000 ) ) ;
#4733 = ORIENTED_EDGE ( 'NONE', *, *, #9116, .F. ) ;
#4734 = CARTESIAN_POINT ( 'NONE',  ( -15.49999999999999600, 15.50000000000087400, -9.499999999999998200 ) ) ;
#4735 = AXIS2_PLACEMENT_3D ( 'NONE', #3322, #10821, #6759 ) ;
#4736 = VERTEX_POINT ( 'NONE', #634 ) ;
#4737 = CIRCLE ( 'NONE', #410, 1.999999999999994900 ) ;
#4738 = ADVANCED_FACE ( 'NONE', ( #4670 ), #6461, .T. ) ;
#4739 = STYLED_ITEM ( 'NONE', ( #5328 ), #5306 ) ;
#4740 = ORIENTED_EDGE ( 'NONE', *, *, #10030, .T. ) ;
#4741 = ORIENTED_EDGE ( 'NONE', *, *, #221, .F. ) ;
#4742 = EDGE_CURVE ( 'NONE', #658, #7305, #8865, .T. ) ;
#4743 = AXIS2_PLACEMENT_3D ( 'NONE', #3481, #9338, #10254 ) ;
#4744 = DIRECTION ( 'NONE',  ( 4.542762141924042900E-015, 1.000000000000000000, 0.0000000000000000000 ) ) ;
#4745 = VERTEX_POINT ( 'NONE', #2473 ) ;
#4746 = CARTESIAN_POINT ( 'NONE',  ( 3.306851934509031000, -21.25000000000000700, -4.149999999999994100 ) ) ;
#4747 = SPHERICAL_SURFACE ( 'NONE', #2947, 0.5000000000000000000 ) ;
#4748 = SPHERICAL_SURFACE ( 'NONE', #10204, 0.5000000000000000000 ) ;
#4749 = ORIENTED_EDGE ( 'NONE', *, *, #4409, .F. ) ;
#4750 = DIRECTION ( 'NONE',  ( 1.000000000000000000, 0.0000000000000000000, 0.0000000000000000000 ) ) ;
#4751 = DIRECTION ( 'NONE',  ( 0.0000000000000000000, 0.0000000000000000000, 1.000000000000000000 ) ) ;
#4752 = DIRECTION ( 'NONE',  ( -0.0000000000000000000, -0.0000000000000000000, -1.000000000000000000 ) ) ;
#4753 = EDGE_CURVE ( 'NONE', #3565, #10689, #8598, .T. ) ;
#4755 = AXIS2_PLACEMENT_3D ( 'NONE', #7974, #10515, #6473 ) ;
#4754 = DIRECTION ( 'NONE',  ( 0.0000000000000000000, -1.000000000000000000, 0.0000000000000000000 ) ) ;
#4756 = DIRECTION ( 'NONE',  ( -0.0000000000000000000, 1.000000000000000000, -0.0000000000000000000 ) ) ;
#4757 = ORIENTED_EDGE ( 'NONE', *, *, #2721, .T. ) ;
#4758 = FACE_BOUND ( 'NONE', #7324, .T. ) ;
#4759 = AXIS2_PLACEMENT_3D ( 'NONE', #5644, #6549, #1568 ) ;
#4760 = EDGE_CURVE ( 'NONE', #5256, #1623, #7949, .T. ) ;
#4761 = CYLINDRICAL_SURFACE ( 'NONE', #10222, 11.00000000000000000 ) ;
#4762 = DIRECTION ( 'NONE',  ( -1.000000000000000000, -1.865390464730961800E-015, 0.0000000000000000000 ) ) ;
#4763 = DIRECTION ( 'NONE',  ( 0.0000000000000000000, 0.0000000000000000000, -1.000000000000000000 ) ) ;
#4764 = DIRECTION ( 'NONE',  ( 0.0000000000000000000, 0.0000000000000000000, 1.000000000000000000 ) ) ;
#4765 = DIRECTION ( 'NONE',  ( -0.0000000000000000000, 1.000000000000000000, -0.0000000000000000000 ) ) ;
#4766 = ORIENTED_EDGE ( 'NONE', *, *, #5892, .F. ) ;
#4767 = COLOUR_RGB ( '',1.000000000000000000, 0.0000000000000000000, 0.0000000000000000000 ) ;
#4768 = EDGE_LOOP ( 'NONE', ( #4719, #9379, #6383, #8708, #3637, #8914, #5641, #10705 ) ) ;
#4769 =( GEOMETRIC_REPRESENTATION_CONTEXT ( 3 ) GLOBAL_UNCERTAINTY_ASSIGNED_CONTEXT ( ( #9486 ) ) GLOBAL_UNIT_ASSIGNED_CONTEXT ( ( #5126, #9140, #3324 ) ) REPRESENTATION_CONTEXT ( 'NONE', 'WORKASPACE' ) );
#4770 = AXIS2_PLACEMENT_3D ( 'NONE', #9114, #9222, #1720 ) ;
#4771 = DIRECTION ( 'NONE',  ( 1.000000000000000000, 0.0000000000000000000, 0.0000000000000000000 ) ) ;
#4772 = ORIENTED_EDGE ( 'NONE', *, *, #9198, .F. ) ;
#4773 = EDGE_CURVE ( 'NONE', #1836, #10422, #7821, .T. ) ;
#4774 = FILL_AREA_STYLE ('',( #6492 ) ) ;
#4775 = PLANE ( 'NONE',  #9424 ) ;
#4776 = CYLINDRICAL_SURFACE ( 'NONE', #8545, 0.5000000000000022200 ) ;
#4777 = DIRECTION ( 'NONE',  ( 1.000000000000000000, 8.202002250481357500E-017, 0.0000000000000000000 ) ) ;
#4778 = VECTOR ( 'NONE', #9163, 1000.000000000000000 ) ;
#4779 = ORIENTED_EDGE ( 'NONE', *, *, #8684, .F. ) ;
#4780 = COLOUR_RGB ( '',0.2509803921568627400, 0.2509803921568627400, 0.2509803921568627400 ) ;
#4782 = LINE ( 'NONE', #2600, #1002 ) ;
#4781 = FILL_AREA_STYLE ('',( #2228 ) ) ;
#4783 = SURFACE_STYLE_FILL_AREA ( #8426 ) ;
#4784 = CARTESIAN_POINT ( 'NONE',  ( 15.96497596850902500, -15.98624964824928800, -9.499999999999998200 ) ) ;
#4785 = ORIENTED_EDGE ( 'NONE', *, *, #7366, .T. ) ;
#4786 = EDGE_CURVE ( 'NONE', #7200, #9640, #2203, .T. ) ;
#4787 = CARTESIAN_POINT ( 'NONE',  ( -21.15999999999998900, 13.31369220013744400, 63.84951795962939500 ) ) ;
#4788 = AXIS2_PLACEMENT_3D ( 'NONE', #4266, #159, #2553 ) ;
#4789 = CARTESIAN_POINT ( 'NONE',  ( 13.31369220013742300, 21.15999999999999700, 63.84951795962939500 ) ) ;
#4790 = CARTESIAN_POINT ( 'NONE',  ( 21.14999999999999900, 16.94289321881343500, 2.000000000000000000 ) ) ;
#4791 = CIRCLE ( 'NONE', #8599, 0.5000000000000004400 ) ;
#4792 = CARTESIAN_POINT ( 'NONE',  ( 15.03502403148815200, -15.01375035175166400, -9.499999999999998200 ) ) ;
#4793 = PRESENTATION_STYLE_ASSIGNMENT (( #10455 ) ) ;
#4794 = UNCERTAINTY_MEASURE_WITH_UNIT (LENGTH_MEASURE( 1.000000000000000100E-005 ), #4731, 'distance_accuracy_value', 'NONE');
#4795 = VERTEX_POINT ( 'NONE', #18 ) ;
#4796 = ADVANCED_FACE ( 'NONE', ( #3361 ), #9162, .F. ) ;
#4797 = SURFACE_STYLE_USAGE ( .BOTH. , #1492 ) ;
#4798 = FACE_OUTER_BOUND ( 'NONE', #561, .T. ) ;
#4799 = DIRECTION ( 'NONE',  ( 1.000000000000000000, -0.0000000000000000000, -0.0000000000000000000 ) ) ;
#4800 = ORIENTED_EDGE ( 'NONE', *, *, #9851, .F. ) ;
#4801 = VECTOR ( 'NONE', #10513, 1000.000000000000000 ) ;
#4802 = AXIS2_PLACEMENT_3D ( 'NONE', #7154, #3731, #3805 ) ;
#4803 = CARTESIAN_POINT ( 'NONE',  ( -3.516151791541896700, -19.15000000000000600, -8.449999999999992200 ) ) ;
#4804 = DIRECTION ( 'NONE',  ( 0.0000000000000000000, 1.000000000000000000, 0.0000000000000000000 ) ) ;
#4805 = ORIENTED_EDGE ( 'NONE', *, *, #1526, .F. ) ;
#4806 = EDGE_CURVE ( 'NONE', #4736, #2822, #1164, .T. ) ;
#4807 = AXIS2_PLACEMENT_3D ( 'NONE', #5474, #7136, #3823 ) ;
#4808 =( GEOMETRIC_REPRESENTATION_CONTEXT ( 3 ) GLOBAL_UNCERTAINTY_ASSIGNED_CONTEXT ( ( #7467 ) ) GLOBAL_UNIT_ASSIGNED_CONTEXT ( ( #8383, #5065, #5895 ) ) REPRESENTATION_CONTEXT ( 'NONE', 'WORKASPACE' ) );
#4809 = LINE ( 'NONE', #4206, #6768 ) ;
#4810 = ORIENTED_EDGE ( 'NONE', *, *, #7844, .T. ) ;
#4811 = CARTESIAN_POINT ( 'NONE',  ( -1.800000000000000700, -18.15000000000000600, -12.15000000000000000 ) ) ;
#4812 = DIRECTION ( 'NONE',  ( -0.0000000000000000000, -0.0000000000000000000, 1.000000000000000000 ) ) ;
#4813 = COLOUR_RGB ( '',0.2509803921568627400, 0.2509803921568627400, 0.2509803921568627400 ) ;
#4814 = ORIENTED_EDGE ( 'NONE', *, *, #3313, .F. ) ;
#4815 = DIRECTION ( 'NONE',  ( 1.000000000000000000, 0.0000000000000000000, 0.0000000000000000000 ) ) ;
#4816 = FILL_AREA_STYLE_COLOUR ( '', #3767 ) ;
#4817 = CARTESIAN_POINT ( 'NONE',  ( -0.6000000000000006400, -39.15000000000002000, -13.15000000000000600 ) ) ;
#4818 = FACE_OUTER_BOUND ( 'NONE', #5084, .T. ) ;
#4819 = AXIS2_PLACEMENT_3D ( 'NONE', #6434, #1409, #3037 ) ;
#4820 = ORIENTED_EDGE ( 'NONE', *, *, #3182, .T. ) ;
#4821 =( GEOMETRIC_REPRESENTATION_CONTEXT ( 3 ) GLOBAL_UNCERTAINTY_ASSIGNED_CONTEXT ( ( #10017 ) ) GLOBAL_UNIT_ASSIGNED_CONTEXT ( ( #2459, #5777, #5024 ) ) REPRESENTATION_CONTEXT ( 'NONE', 'WORKASPACE' ) );
#4822 = CARTESIAN_POINT ( 'NONE',  ( -21.14999999999999500, 17.14999999999997400, -10.99999999999999800 ) ) ;
#4823 = SURFACE_SIDE_STYLE ('',( #8160 ) ) ;
#4824 = TOROIDAL_SURFACE ( 'NONE', #648, 1.899999999999999000, 0.5000000000000000000 ) ;
#4825 = EDGE_CURVE ( 'NONE', #3311, #7820, #1303, .T. ) ;
#4826 = DIRECTION ( 'NONE',  ( 8.202002250481357500E-017, -1.000000000000000000, -0.0000000000000000000 ) ) ;
#4827 = AXIS2_PLACEMENT_3D ( 'NONE', #812, #8363, #8253 ) ;
#4828 =( NAMED_UNIT ( * ) SI_UNIT ( $, .STERADIAN. ) SOLID_ANGLE_UNIT ( ) );
#4829 = ORIENTED_EDGE ( 'NONE', *, *, #2869, .F. ) ;
#4830 = DIRECTION ( 'NONE',  ( 0.0000000000000000000, -1.000000000000000000, 0.0000000000000000000 ) ) ;
#4831 = CARTESIAN_POINT ( 'NONE',  ( 15.98624964824874800, 14.19283027458602200, -9.499999999999998200 ) ) ;
#4832 = CARTESIAN_POINT ( 'NONE',  ( 15.01375035175125200, 16.80716972541398100, -10.99999999999999800 ) ) ;
#4833 = ORIENTED_EDGE ( 'NONE', *, *, #1998, .F. ) ;
#4834 = CYLINDRICAL_SURFACE ( 'NONE', #1527, 2.500000000000000000 ) ;
#4835 =( NAMED_UNIT ( * ) PLANE_ANGLE_UNIT ( ) SI_UNIT ( $, .RADIAN. ) );
#4836 = AXIS2_PLACEMENT_3D ( 'NONE', #2114, #2039, #4432 ) ;
#4837 = DIRECTION ( 'NONE',  ( 1.000000000000000000, 0.0000000000000000000, 0.0000000000000000000 ) ) ;
#4838 = VERTEX_POINT ( 'NONE', #7399 ) ;
#4839 = CARTESIAN_POINT ( 'NONE',  ( 15.03502403148815200, -15.01375035175166400, -9.499999999999998200 ) ) ;
#4840 = PRESENTATION_LAYER_ASSIGNMENT (  '', '', ( #8561 ) ) ;
#4841 = CARTESIAN_POINT ( 'NONE',  ( -1.800000000000000700, -39.15000000000002000, -12.15000000000000000 ) ) ;
#4842 = SURFACE_STYLE_USAGE ( .BOTH. , #5650 ) ;
#4843 = EDGE_CURVE ( 'NONE', #10699, #9285, #8209, .T. ) ;
#4844 = CARTESIAN_POINT ( 'NONE',  ( 1.339045298307557800, -19.15000000000000600, -5.626831209128898300 ) ) ;
#4845 = ORIENTED_EDGE ( 'NONE', *, *, #1868, .T. ) ;
#4846 = FACE_BOUND ( 'NONE', #2379, .T. ) ;
#4847 = COLOUR_RGB ( '',0.2509803921568627400, 0.2509803921568627400, 0.2509803921568627400 ) ;
#4848 = DIRECTION ( 'NONE',  ( -0.0000000000000000000, -0.0000000000000000000, -1.000000000000000000 ) ) ;
#4849 = ORIENTED_EDGE ( 'NONE', *, *, #7611, .F. ) ;
#4850 = DIRECTION ( 'NONE',  ( 1.000000000000000000, 0.0000000000000000000, 0.0000000000000000000 ) ) ;
#4851 = ORIENTED_EDGE ( 'NONE', *, *, #1650, .F. ) ;
#4852 = DIRECTION ( 'NONE',  ( 1.000000000000000000, 0.0000000000000000000, 0.0000000000000000000 ) ) ;
#4853 = ADVANCED_FACE ( 'NONE', ( #10825, #1689 ), #6561, .T. ) ;
#4854 = SURFACE_STYLE_USAGE ( .BOTH. , #1548 ) ;
#4855 = AXIS2_PLACEMENT_3D ( 'NONE', #8304, #7542, #4146 ) ;
#4856 = EDGE_LOOP ( 'NONE', ( #6245, #4461, #4465, #2439 ) ) ;
#4857 = DIRECTION ( 'NONE',  ( 8.202002250481356300E-017, -1.000000000000000000, 0.0000000000000000000 ) ) ;
#4858 = LINE ( 'NONE', #8176, #7739 ) ;
#4859 = LINE ( 'NONE', #1847, #5395 ) ;
#4860 = EDGE_CURVE ( 'NONE', #6267, #6729, #9776, .T. ) ;
#4861 = UNCERTAINTY_MEASURE_WITH_UNIT (LENGTH_MEASURE( 1.000000000000000100E-005 ), #9158, 'distance_accuracy_value', 'NONE');
#4862 = LINE ( 'NONE', #10532, #5903 ) ;
#4863 = CARTESIAN_POINT ( 'NONE',  ( -15.01375035175307500, -15.03502403148862900, -9.499999999999998200 ) ) ;
#4864 = DIRECTION ( 'NONE',  ( 0.0000000000000000000, 0.0000000000000000000, 1.000000000000000000 ) ) ;
#4865 = DIRECTION ( 'NONE',  ( 0.0000000000000000000, 0.0000000000000000000, 1.000000000000000000 ) ) ;
#4866 = ORIENTED_EDGE ( 'NONE', *, *, #471, .T. ) ;
#4867 = LINE ( 'NONE', #6949, #532 ) ;
#4868 = DIRECTION ( 'NONE',  ( 0.0000000000000000000, -1.000000000000000000, 0.0000000000000000000 ) ) ;
#4869 = EDGE_CURVE ( 'NONE', #9921, #2505, #4156, .T. ) ;
#4870 = DIRECTION ( 'NONE',  ( -0.8571673007021116700, 1.049727191138617800E-016, 0.5150380749100552700 ) ) ;
#4871 = FACE_OUTER_BOUND ( 'NONE', #926, .T. ) ;
#4872 = CARTESIAN_POINT ( 'NONE',  ( 20.64999999999999900, 16.94289321881345200, -10.99999999999999800 ) ) ;
#4873 = EDGE_LOOP ( 'NONE', ( #5684, #813, #4585 ) ) ;
#4874 = ORIENTED_EDGE ( 'NONE', *, *, #6378, .T. ) ;
#4875 = CARTESIAN_POINT ( 'NONE',  ( 15.01375035175125200, 16.80716972541398100, -10.99999999999999800 ) ) ;
#4876 = EDGE_LOOP ( 'NONE', ( #6261, #5918, #5601, #9972 ) ) ;
#4877 = DIRECTION ( 'NONE',  ( 0.0000000000000000000, 0.0000000000000000000, 1.000000000000000000 ) ) ;
#4878 = AXIS2_PLACEMENT_3D ( 'NONE', #2317, #5948, #5913 ) ;
#4879 = CARTESIAN_POINT ( 'NONE',  ( 0.0000000000000000000, 0.0000000000000000000, -10.99999999999999800 ) ) ;
#4880 = LINE ( 'NONE', #1278, #3831 ) ;
#4881 =( NAMED_UNIT ( * ) PLANE_ANGLE_UNIT ( ) SI_UNIT ( $, .RADIAN. ) );
#4882 = CYLINDRICAL_SURFACE ( 'NONE', #61, 1.249999999999999300 ) ;
#4883 = PLANE ( 'NONE',  #10651 ) ;
#4884 = VERTEX_POINT ( 'NONE', #4961 ) ;
#4885 = DIRECTION ( 'NONE',  ( 0.0000000000000000000, 0.0000000000000000000, 1.000000000000000000 ) ) ;
#4886 = PLANE ( 'NONE',  #1177 ) ;
#4887 = PRESENTATION_LAYER_ASSIGNMENT (  '', '', ( #4321 ) ) ;
#4888 = ORIENTED_EDGE ( 'NONE', *, *, #9604, .T. ) ;
#4889 = AXIS2_PLACEMENT_3D ( 'NONE', #9276, #1841, #10120 ) ;
#4890 = FILL_AREA_STYLE_COLOUR ( '', #10260 ) ;
#4891 = PRESENTATION_STYLE_ASSIGNMENT (( #6162 ) ) ;
#4892 = EDGE_CURVE ( 'NONE', #9701, #3284, #4032, .T. ) ;
#4893 = AXIS2_PLACEMENT_3D ( 'NONE', #10507, #6206, #3730 ) ;
#4894 = CARTESIAN_POINT ( 'NONE',  ( 21.14999999999999900, 21.14999999999999900, -11.49999999999999800 ) ) ;
#4895 = ORIENTED_EDGE ( 'NONE', *, *, #4742, .F. ) ;
#4896 = LINE ( 'NONE', #6529, #9985 ) ;
#4897 =( NAMED_UNIT ( * ) PLANE_ANGLE_UNIT ( ) SI_UNIT ( $, .RADIAN. ) );
#4898 = LINE ( 'NONE', #3858, #440 ) ;
#4899 = VERTEX_POINT ( 'NONE', #10808 ) ;
#4900 = CARTESIAN_POINT ( 'NONE',  ( -1.371348881391340800, -39.15000000000000600, -6.956617291317808600 ) ) ;
#4901 = DIRECTION ( 'NONE',  ( 4.542762141924073600E-015, 1.000000000000000000, 0.0000000000000000000 ) ) ;
#4902 = PLANE ( 'NONE',  #10355 ) ;
#4904 = AXIS2_PLACEMENT_3D ( 'NONE', #5185, #7557, #7705 ) ;
#4903 = DIRECTION ( 'NONE',  ( 0.0000000000000000000, 0.0000000000000000000, 1.000000000000000000 ) ) ;
#4905 = CARTESIAN_POINT ( 'NONE',  ( -3.434894197822124800, -21.25000000000000700, -4.149999999999994100 ) ) ;
#4906 = ORIENTED_EDGE ( 'NONE', *, *, #1081, .F. ) ;
#4907 = PRESENTATION_LAYER_ASSIGNMENT (  '', '', ( #2656 ) ) ;
#4908 = EDGE_CURVE ( 'NONE', #7462, #968, #9655, .T. ) ;
#4909 = ADVANCED_FACE ( 'NONE', ( #7152 ), #7799, .F. ) ;
#4910 = VECTOR ( 'NONE', #8221, 1000.000000000000000 ) ;
#4911 = PRESENTATION_STYLE_ASSIGNMENT (( #7168 ) ) ;
#4912 = EDGE_LOOP ( 'NONE', ( #8217, #1507, #9178, #6761 ) ) ;
#4913 = DIRECTION ( 'NONE',  ( -0.0000000000000000000, -1.000000000000000000, -0.0000000000000000000 ) ) ;
#4914 = CIRCLE ( 'NONE', #3074, 15.50000000000000000 ) ;
#4915 = CARTESIAN_POINT ( 'NONE',  ( -20.64999999999999500, 16.94289321881344900, 9.500000000000000000 ) ) ;
#4916 = CARTESIAN_POINT ( 'NONE',  ( -21.00355339059327200, 17.29644660940672600, 2.000000000000000000 ) ) ;
#4917 = ORIENTED_EDGE ( 'NONE', *, *, #5637, .T. ) ;
#4918 = DIRECTION ( 'NONE',  ( 1.000000000000000000, 0.0000000000000000000, 0.0000000000000000000 ) ) ;
#4919 = DIRECTION ( 'NONE',  ( 0.7071067811865475700, 0.7071067811865475700, 0.0000000000000000000 ) ) ;
#4920 = AXIS2_PLACEMENT_3D ( 'NONE', #7127, #4649, #6401 ) ;
#4921 = CIRCLE ( 'NONE', #8034, 0.5000000000000004400 ) ;
#4922 = ORIENTED_EDGE ( 'NONE', *, *, #2659, .T. ) ;
#4923 = UNCERTAINTY_MEASURE_WITH_UNIT (LENGTH_MEASURE( 1.000000000000000100E-005 ), #511, 'distance_accuracy_value', 'NONE');
#4924 = CARTESIAN_POINT ( 'NONE',  ( -2.460600675144407300E-016, -18.15000000000000600, 0.0000000000000000000 ) ) ;
#4925 = EDGE_CURVE ( 'NONE', #10470, #8989, #3892, .T. ) ;
#4926 = DIRECTION ( 'NONE',  ( -1.000000000000000000, 0.0000000000000000000, -0.0000000000000000000 ) ) ;
#4927 = EDGE_LOOP ( 'NONE', ( #10066, #697, #7069, #9899 ) ) ;
#4928 = VERTEX_POINT ( 'NONE', #4428 ) ;
#4929 = DIRECTION ( 'NONE',  ( -0.0000000000000000000, 1.000000000000000000, -0.0000000000000000000 ) ) ;
#4930 = FACE_BOUND ( 'NONE', #3623, .T. ) ;
#4931 = CARTESIAN_POINT ( 'NONE',  ( 21.14999999999999900, 21.14999999999999900, 2.000000000000000000 ) ) ;
#4932 = ORIENTED_EDGE ( 'NONE', *, *, #4043, .F. ) ;
#4933 = CARTESIAN_POINT ( 'NONE',  ( 15.96497596850902000, -16.74998035735574600, -9.499999999999998200 ) ) ;
#4934 = SURFACE_STYLE_FILL_AREA ( #2204 ) ;
#4935 = UNCERTAINTY_MEASURE_WITH_UNIT (LENGTH_MEASURE( 1.000000000000000100E-005 ), #2585, 'distance_accuracy_value', 'NONE');
#4936 = EDGE_CURVE ( 'NONE', #1525, #8045, #7688, .T. ) ;
#4937 = FILL_AREA_STYLE ('',( #8257 ) ) ;
#4938 = AXIS2_PLACEMENT_3D ( 'NONE', #6474, #3988, #8119 ) ;
#4939 = FILL_AREA_STYLE ('',( #2420 ) ) ;
#4940 = CARTESIAN_POINT ( 'NONE',  ( 14.19283027458454600, -15.98624964824929200, -10.99999999999999800 ) ) ;
#4941 =( LENGTH_UNIT ( ) NAMED_UNIT ( * ) SI_UNIT ( .MILLI., .METRE. ) );
#4942 = VECTOR ( 'NONE', #1636, 1000.000000000000000 ) ;
#4943 = EDGE_LOOP ( 'NONE', ( #864, #463, #3451, #101 ) ) ;
#4944 = CIRCLE ( 'NONE', #2846, 0.5000000000000004400 ) ;
#4945 = PRESENTATION_LAYER_ASSIGNMENT (  '', '', ( #6049 ) ) ;
#4946 = DIRECTION ( 'NONE',  ( 0.0000000000000000000, -1.000000000000000000, 0.0000000000000000000 ) ) ;
#4947 = FACE_OUTER_BOUND ( 'NONE', #8465, .T. ) ;
#4948 = CARTESIAN_POINT ( 'NONE',  ( 15.96497596850902000, -16.74998035735574600, -10.99999999999999800 ) ) ;
#4949 = VERTEX_POINT ( 'NONE', #7726 ) ;
#4950 = DIRECTION ( 'NONE',  ( 1.000000000000000000, 8.202002250481357500E-017, -0.0000000000000000000 ) ) ;
#4951 = CARTESIAN_POINT ( 'NONE',  ( 17.89999999999912100, -15.50000000000000200, -10.99999999999999800 ) ) ;
#4952 = ORIENTED_EDGE ( 'NONE', *, *, #6609, .F. ) ;
#4953 = EDGE_LOOP ( 'NONE', ( #3944, #4290, #9263, #6963 ) ) ;
#4955 = CARTESIAN_POINT ( 'NONE',  ( -17.29644660940671500, -21.00355339059328200, 9.500000000000000000 ) ) ;
#4954 = AXIS2_PLACEMENT_3D ( 'NONE', #7231, #2239, #8924 ) ;
#4956 = EDGE_CURVE ( 'NONE', #3940, #1836, #4944, .T. ) ;
#4957 = AXIS2_PLACEMENT_3D ( 'NONE', #9351, #5014, #5044 ) ;
#4958 = CARTESIAN_POINT ( 'NONE',  ( -14.25001964264661500, -15.96497596850949400, -9.499999999999998200 ) ) ;
#4959 = DIRECTION ( 'NONE',  ( 1.000000000000000000, 0.0000000000000000000, -0.0000000000000000000 ) ) ;
#4960 = CIRCLE ( 'NONE', #7795, 11.00000000000000000 ) ;
#4961 = CARTESIAN_POINT ( 'NONE',  ( -2.616151791541896800, -19.15000000000000600, -7.606617291317807200 ) ) ;
#4962 = DIRECTION ( 'NONE',  ( 0.0000000000000000000, 0.0000000000000000000, 1.000000000000000000 ) ) ;
#4963 = ORIENTED_EDGE ( 'NONE', *, *, #8347, .T. ) ;
#4964 = ADVANCED_FACE ( 'NONE', ( #6634 ), #5355, .F. ) ;
#4965 = VECTOR ( 'NONE', #734, 1000.000000000000000 ) ;
#4966 =( NAMED_UNIT ( * ) SI_UNIT ( $, .STERADIAN. ) SOLID_ANGLE_UNIT ( ) );
#4967 = ORIENTED_EDGE ( 'NONE', *, *, #5201, .F. ) ;
#4968 = CARTESIAN_POINT ( 'NONE',  ( -18.24999999999999600, 15.50000000000087400, -10.99999999999999800 ) ) ;
#4969 = EDGE_LOOP ( 'NONE', ( #4450, #6423, #9470, #2383 ) ) ;
#4970 = DIRECTION ( 'NONE',  ( -0.7071067811865510100, -0.7071067811865441300, 0.0000000000000000000 ) ) ;
#4971 = EDGE_CURVE ( 'NONE', #8917, #1749, #8200, .T. ) ;
#4972 = AXIS2_PLACEMENT_3D ( 'NONE', #3535, #8649, #6967 ) ;
#4973 = AXIS2_PLACEMENT_3D ( 'NONE', #750, #7280, #5608 ) ;
#4974 = DIRECTION ( 'NONE',  ( -0.0000000000000000000, -0.0000000000000000000, 1.000000000000000000 ) ) ;
#4975 = ORIENTED_EDGE ( 'NONE', *, *, #10770, .T. ) ;
#4976 = EDGE_CURVE ( 'NONE', #258, #7784, #898, .T. ) ;
#4977 = CARTESIAN_POINT ( 'NONE',  ( -15.98624964825069700, -15.03502403148862900, -10.99999999999999800 ) ) ;
#4978 = LINE ( 'NONE', #5495, #7454 ) ;
#4979 = ORIENTED_EDGE ( 'NONE', *, *, #10585, .T. ) ;
#4980 = VERTEX_POINT ( 'NONE', #6030 ) ;
#4981 = DIRECTION ( 'NONE',  ( 0.0000000000000000000, -0.0000000000000000000, -1.000000000000000000 ) ) ;
#4982 = DIRECTION ( 'NONE',  ( -0.0000000000000000000, 1.000000000000000000, -0.0000000000000000000 ) ) ;
#4983 = ORIENTED_EDGE ( 'NONE', *, *, #7963, .T. ) ;
#4984 = COLOUR_RGB ( '',0.2509803921568627400, 0.2509803921568627400, 0.2509803921568627400 ) ;
#4985 = MECHANICAL_DESIGN_GEOMETRIC_PRESENTATION_REPRESENTATION (  '', ( #4213 ), #4769 ) ;
#4986 = SURFACE_SIDE_STYLE ('',( #10792 ) ) ;
#4987 = VECTOR ( 'NONE', #4056, 1000.000000000000000 ) ;
#4988 = DIRECTION ( 'NONE',  ( 0.0000000000000000000, 0.0000000000000000000, 1.000000000000000000 ) ) ;
#4989 = STYLED_ITEM ( 'NONE', ( #5360 ), #7371 ) ;
#4990 = DIRECTION ( 'NONE',  ( -1.000000000000000000, -1.865390464730955100E-015, -0.0000000000000000000 ) ) ;
#4991 = ORIENTED_EDGE ( 'NONE', *, *, #814, .F. ) ;
#4992 = CIRCLE ( 'NONE', #10865, 2.750000000000000900 ) ;
#4993 = DIRECTION ( 'NONE',  ( 0.0000000000000000000, -0.0000000000000000000, -1.000000000000000000 ) ) ;
#4994 = EDGE_CURVE ( 'NONE', #3558, #10589, #2832, .T. ) ;
#4995 = DIRECTION ( 'NONE',  ( 0.7071067811865469100, -0.7071067811865481300, 0.0000000000000000000 ) ) ;
#4996 = ORIENTED_EDGE ( 'NONE', *, *, #1998, .T. ) ;
#4997 = LINE ( 'NONE', #1201, #2759 ) ;
#4998 = CARTESIAN_POINT ( 'NONE',  ( -3.600000000000001000, -19.15000000000000600, -8.999999999999992900 ) ) ;
#4999 = LINE ( 'NONE', #9540, #10365 ) ;
#5000 = CARTESIAN_POINT ( 'NONE',  ( 16.94289321881344500, -20.65000000000000200, -11.49999999999999800 ) ) ;
#5001 = FACE_OUTER_BOUND ( 'NONE', #3081, .T. ) ;
#5002 = DIRECTION ( 'NONE',  ( -0.0000000000000000000, -0.0000000000000000000, -1.000000000000000000 ) ) ;
#5003 = UNCERTAINTY_MEASURE_WITH_UNIT (LENGTH_MEASURE( 1.000000000000000100E-005 ), #3521, 'distance_accuracy_value', 'NONE');
#5004 = DIRECTION ( 'NONE',  ( -0.0000000000000000000, -0.0000000000000000000, -1.000000000000000000 ) ) ;
#5005 = VERTEX_POINT ( 'NONE', #3548 ) ;
#5006 = EDGE_CURVE ( 'NONE', #4442, #8042, #5706, .T. ) ;
#5007 = AXIS2_PLACEMENT_3D ( 'NONE', #3028, #6391, #1515 ) ;
#5008 = PLANE ( 'NONE',  #6580 ) ;
#5009 = ORIENTED_EDGE ( 'NONE', *, *, #5336, .T. ) ;
#5010 = CARTESIAN_POINT ( 'NONE',  ( 20.00000000000000000, 0.0000000000000000000, -11.49999999999999800 ) ) ;
#5011 = ORIENTED_EDGE ( 'NONE', *, *, #5959, .F. ) ;
#5012 = CARTESIAN_POINT ( 'NONE',  ( 18.19999999999999900, 15.50000000000000000, -10.49999999999999600 ) ) ;
#5013 = CARTESIAN_POINT ( 'NONE',  ( -15.01375035175306900, -15.96497596850950100, -9.499999999999998200 ) ) ;
#5014 = DIRECTION ( 'NONE',  ( 0.0000000000000000000, 0.0000000000000000000, -1.000000000000000000 ) ) ;
#5015 = SURFACE_SIDE_STYLE ('',( #3464 ) ) ;
#5016 = ORIENTED_EDGE ( 'NONE', *, *, #17, .T. ) ;
#5017 = VERTEX_POINT ( 'NONE', #9362 ) ;
#5018 = DIRECTION ( 'NONE',  ( 0.0000000000000000000, -1.000000000000000000, 0.0000000000000000000 ) ) ;
#5019 = DIRECTION ( 'NONE',  ( 0.7071067811865456900, -0.7071067811865493500, -0.0000000000000000000 ) ) ;
#5020 = ORIENTED_EDGE ( 'NONE', *, *, #4610, .T. ) ;
#5021 = AXIS2_PLACEMENT_3D ( 'NONE', #4552, #1218, #4632 ) ;
#5022 = ADVANCED_FACE ( 'NONE', ( #753 ), #1924, .F. ) ;
#5023 = CARTESIAN_POINT ( 'NONE',  ( 1.799999999999998900, -18.15000000000000600, -13.35000000000000300 ) ) ;
#5024 =( NAMED_UNIT ( * ) SI_UNIT ( $, .STERADIAN. ) SOLID_ANGLE_UNIT ( ) );
#5025 = DIRECTION ( 'NONE',  ( -0.0000000000000000000, -0.0000000000000000000, -1.000000000000000000 ) ) ;
#5026 = AXIS2_PLACEMENT_3D ( 'NONE', #1244, #5471, #10452 ) ;
#5027 =( NAMED_UNIT ( * ) PLANE_ANGLE_UNIT ( ) SI_UNIT ( $, .RADIAN. ) );
#5028 = EDGE_LOOP ( 'NONE', ( #6438, #713, #3659 ) ) ;
#5029 = CARTESIAN_POINT ( 'NONE',  ( -18.79644660940674300, -18.79644660940671100, 9.500000000000000000 ) ) ;
#5030 = DIRECTION ( 'NONE',  ( 0.0000000000000000000, 1.000000000000000000, 0.0000000000000000000 ) ) ;
#5031 = DIRECTION ( 'NONE',  ( 0.0000000000000000000, 0.0000000000000000000, 1.000000000000000000 ) ) ;
#5032 = CARTESIAN_POINT ( 'NONE',  ( 17.29644660940670800, -21.00355339059327900, 9.500000000000000000 ) ) ;
#5033 = AXIS2_PLACEMENT_3D ( 'NONE', #4915, #9081, #10763 ) ;
#5034 = ORIENTED_EDGE ( 'NONE', *, *, #3300, .T. ) ;
#5035 = VECTOR ( 'NONE', #10344, 1000.000000000000000 ) ;
#5036 = STYLED_ITEM ( 'NONE', ( #9757 ), #5827 ) ;
#5037 = DIRECTION ( 'NONE',  ( 0.0000000000000000000, 0.0000000000000000000, 1.000000000000000000 ) ) ;
#5038 = VERTEX_POINT ( 'NONE', #5202 ) ;
#5039 = EDGE_CURVE ( 'NONE', #7796, #2270, #9511, .T. ) ;
#5040 = AXIS2_PLACEMENT_3D ( 'NONE', #5799, #5833, #6718 ) ;
#5041 = CARTESIAN_POINT ( 'NONE',  ( -15.98624964825069700, -14.19283027458502200, -9.499999999999998200 ) ) ;
#5042 = VERTEX_POINT ( 'NONE', #7972 ) ;
#5043 = CARTESIAN_POINT ( 'NONE',  ( 0.0000000000000000000, 0.0000000000000000000, -9.499999999999998200 ) ) ;
#5044 = DIRECTION ( 'NONE',  ( -1.000000000000000000, 0.0000000000000000000, 0.0000000000000000000 ) ) ;
#5045 = FACE_OUTER_BOUND ( 'NONE', #1346, .T. ) ;
#5046 = DIRECTION ( 'NONE',  ( 1.000000000000000000, 2.984279490192420800E-013, 0.0000000000000000000 ) ) ;
#5047 = SPHERICAL_SURFACE ( 'NONE', #9503, 0.5000000000000000000 ) ;
#5049 = PRESENTATION_LAYER_ASSIGNMENT (  '', '', ( #10238 ) ) ;
#5048 = DIRECTION ( 'NONE',  ( -1.000000000000000000, 0.0000000000000000000, 0.0000000000000000000 ) ) ;
#5050 = FACE_OUTER_BOUND ( 'NONE', #913, .T. ) ;
#5051 = AXIS2_PLACEMENT_3D ( 'NONE', #8723, #4587, #9529 ) ;
#5052 = EDGE_LOOP ( 'NONE', ( #554, #8471 ) ) ;
#5053 = ORIENTED_EDGE ( 'NONE', *, *, #3836, .T. ) ;
#5054 = EDGE_CURVE ( 'NONE', #2888, #3640, #9642, .T. ) ;
#5055 = DIRECTION ( 'NONE',  ( 0.7071067811865469100, -0.7071067811865482400, -0.0000000000000000000 ) ) ;
#5056 = SURFACE_STYLE_FILL_AREA ( #8283 ) ;
#5057 = ORIENTED_EDGE ( 'NONE', *, *, #2564, .T. ) ;
#5058 = SURFACE_STYLE_FILL_AREA ( #1442 ) ;
#5059 = UNCERTAINTY_MEASURE_WITH_UNIT (LENGTH_MEASURE( 1.000000000000000100E-005 ), #7449, 'distance_accuracy_value', 'NONE');
#5060 = CARTESIAN_POINT ( 'NONE',  ( 20.65000000000000600, -16.94289321881344900, 9.500000000000000000 ) ) ;
#5061 = FILL_AREA_STYLE ('',( #6769 ) ) ;
#5062 = FACE_OUTER_BOUND ( 'NONE', #819, .T. ) ;
#5063 = ORIENTED_EDGE ( 'NONE', *, *, #5797, .T. ) ;
#5064 = AXIS2_PLACEMENT_3D ( 'NONE', #5142, #3299, #8419 ) ;
#5065 =( NAMED_UNIT ( * ) PLANE_ANGLE_UNIT ( ) SI_UNIT ( $, .RADIAN. ) );
#5066 = SURFACE_STYLE_USAGE ( .BOTH. , #3410 ) ;
#5068 =( NAMED_UNIT ( * ) SI_UNIT ( $, .STERADIAN. ) SOLID_ANGLE_UNIT ( ) );
#5067 = SURFACE_STYLE_FILL_AREA ( #1072 ) ;
#5069 = ORIENTED_EDGE ( 'NONE', *, *, #253, .T. ) ;
#5070 = EDGE_CURVE ( 'NONE', #9849, #2942, #349, .T. ) ;
#5071 = PLANE ( 'NONE',  #970 ) ;
#5072 = ADVANCED_FACE ( 'NONE', ( #3222 ), #1335, .F. ) ;
#5073 =( NAMED_UNIT ( * ) PLANE_ANGLE_UNIT ( ) SI_UNIT ( $, .RADIAN. ) );
#5074 = CARTESIAN_POINT ( 'NONE',  ( 3.736448033927382900, -21.25000000000000700, -4.066134625156264400 ) ) ;
#5075 = PRESENTATION_STYLE_ASSIGNMENT (( #9407 ) ) ;
#5076 = VERTEX_POINT ( 'NONE', #7118 ) ;
#5077 = SURFACE_STYLE_FILL_AREA ( #8911 ) ;
#5078 = EDGE_CURVE ( 'NONE', #6616, #6190, #3486, .T. ) ;
#5079 = FILL_AREA_STYLE_COLOUR ( '', #7802 ) ;
#5080 = PRESENTATION_LAYER_ASSIGNMENT (  '', '', ( #4505 ) ) ;
#5081 = DIRECTION ( 'NONE',  ( 1.000000000000000000, -0.0000000000000000000, 1.734723475976807100E-015 ) ) ;
#5082 =( LENGTH_UNIT ( ) NAMED_UNIT ( * ) SI_UNIT ( .MILLI., .METRE. ) );
#5083 = CARTESIAN_POINT ( 'NONE',  ( 16.75000000000000000, -15.50000000000000000, 5.500000000000000000 ) ) ;
#5084 = EDGE_LOOP ( 'NONE', ( #5537, #1336, #6882, #10045 ) ) ;
#5085 = CARTESIAN_POINT ( 'NONE',  ( -15.50000000000087200, -15.49999999999912400, -10.99999999999999800 ) ) ;
#5086 = PLANE ( 'NONE',  #10528 ) ;
#5087 = SURFACE_STYLE_FILL_AREA ( #3188 ) ;
#5088 = AXIS2_PLACEMENT_3D ( 'NONE', #4734, #3904, #9716 ) ;
#5089 = ORIENTED_EDGE ( 'NONE', *, *, #5054, .F. ) ;
#5090 = PLANE ( 'NONE',  #400 ) ;
#5091 = LINE ( 'NONE', #6237, #2859 ) ;
#5092 = VECTOR ( 'NONE', #10353, 1000.000000000000000 ) ;
#5093 = ORIENTED_EDGE ( 'NONE', *, *, #10683, .T. ) ;
#5094 = CARTESIAN_POINT ( 'NONE',  ( -15.01375035175305900, -16.80716972541313200, -9.499999999999998200 ) ) ;
#5095 =( LENGTH_UNIT ( ) NAMED_UNIT ( * ) SI_UNIT ( .MILLI., .METRE. ) );
#5096 = DIRECTION ( 'NONE',  ( -1.000000000000000000, 3.906775442054348700E-013, 0.0000000000000000000 ) ) ;
#5098 =( NAMED_UNIT ( * ) SI_UNIT ( $, .STERADIAN. ) SOLID_ANGLE_UNIT ( ) );
#5097 = AXIS2_PLACEMENT_3D ( 'NONE', #6173, #5358, #1159 ) ;
#5099 = ORIENTED_EDGE ( 'NONE', *, *, #2181, .F. ) ;
#5100 = LINE ( 'NONE', #5163, #2870 ) ;
#5101 = AXIS2_PLACEMENT_3D ( 'NONE', #8738, #7188, #2847 ) ;
#5102 = EDGE_CURVE ( 'NONE', #3194, #5729, #1291, .T. ) ;
#5103 = DIRECTION ( 'NONE',  ( 0.0000000000000000000, -1.000000000000000000, 0.0000000000000000000 ) ) ;
#5104 = MECHANICAL_DESIGN_GEOMETRIC_PRESENTATION_REPRESENTATION (  '', ( #9590 ), #50 ) ;
#5105 = EDGE_LOOP ( 'NONE', ( #1429, #4874 ) ) ;
#5106 = ORIENTED_EDGE ( 'NONE', *, *, #10224, .T. ) ;
#5107 = DIRECTION ( 'NONE',  ( -0.0000000000000000000, -0.0000000000000000000, -1.000000000000000000 ) ) ;
#5108 =( NAMED_UNIT ( * ) PLANE_ANGLE_UNIT ( ) SI_UNIT ( $, .RADIAN. ) );
#5109 = DIRECTION ( 'NONE',  ( -1.000000000000000000, 0.0000000000000000000, 0.0000000000000000000 ) ) ;
#5110 = FILL_AREA_STYLE ('',( #10073 ) ) ;
#5111 = ORIENTED_EDGE ( 'NONE', *, *, #5352, .F. ) ;
#5112 = DIRECTION ( 'NONE',  ( -0.0000000000000000000, 1.000000000000000000, -0.0000000000000000000 ) ) ;
#5113 = FACE_OUTER_BOUND ( 'NONE', #2703, .T. ) ;
#5114 = DIRECTION ( 'NONE',  ( -1.000000000000000000, 0.0000000000000000000, 0.0000000000000000000 ) ) ;
#5115 = AXIS2_PLACEMENT_3D ( 'NONE', #5370, #8644, #10261 ) ;
#5116 = VERTEX_POINT ( 'NONE', #3769 ) ;
#5117 = MECHANICAL_DESIGN_GEOMETRIC_PRESENTATION_REPRESENTATION (  '', ( #3992 ), #3217 ) ;
#5118 =( NAMED_UNIT ( * ) SI_UNIT ( $, .STERADIAN. ) SOLID_ANGLE_UNIT ( ) );
#5119 =( NAMED_UNIT ( * ) SI_UNIT ( $, .STERADIAN. ) SOLID_ANGLE_UNIT ( ) );
#5120 = EDGE_CURVE ( 'NONE', #6972, #9961, #7023, .T. ) ;
#5121 = CARTESIAN_POINT ( 'NONE',  ( -4.000000000000000000, 4.898587196589412800E-016, 12.00000000000000000 ) ) ;
#5122 = DIRECTION ( 'NONE',  ( -0.0000000000000000000, -0.0000000000000000000, -1.000000000000000000 ) ) ;
#5123 = CARTESIAN_POINT ( 'NONE',  ( 0.0000000000000000000, 0.0000000000000000000, -8.499999999999996400 ) ) ;
#5124 = ORIENTED_EDGE ( 'NONE', *, *, #6392, .T. ) ;
#5125 = PRESENTATION_STYLE_ASSIGNMENT (( #260 ) ) ;
#5126 =( LENGTH_UNIT ( ) NAMED_UNIT ( * ) SI_UNIT ( .MILLI., .METRE. ) );
#5127 = VECTOR ( 'NONE', #7013, 1000.000000000000000 ) ;
#5128 = EDGE_LOOP ( 'NONE', ( #5099, #5922, #9234, #2098, #2488, #8271, #7679, #9183 ) ) ;
#5129 = ORIENTED_EDGE ( 'NONE', *, *, #669, .F. ) ;
#5130 = LINE ( 'NONE', #3974, #2898 ) ;
#5131 = ADVANCED_FACE ( 'NONE', ( #8721 ), #6224, .T. ) ;
#5132 =( NAMED_UNIT ( * ) PLANE_ANGLE_UNIT ( ) SI_UNIT ( $, .RADIAN. ) );
#5133 = ORIENTED_EDGE ( 'NONE', *, *, #187, .F. ) ;
#5134 =( GEOMETRIC_REPRESENTATION_CONTEXT ( 3 ) GLOBAL_UNCERTAINTY_ASSIGNED_CONTEXT ( ( #6535 ) ) GLOBAL_UNIT_ASSIGNED_CONTEXT ( ( #9394, #5274, #1001 ) ) REPRESENTATION_CONTEXT ( 'NONE', 'WORKASPACE' ) );
#5135 = DIRECTION ( 'NONE',  ( -1.000000000000000000, 0.0000000000000000000, 0.0000000000000000000 ) ) ;
#5136 = VERTEX_POINT ( 'NONE', #2105 ) ;
#5137 = SURFACE_SIDE_STYLE ('',( #447 ) ) ;
#5138 = VECTOR ( 'NONE', #1860, 1000.000000000000000 ) ;
#5139 = STYLED_ITEM ( 'NONE', ( #9141 ), #7311 ) ;
#5140 = CARTESIAN_POINT ( 'NONE',  ( 21.14999999999999900, 21.14999999999999900, -3.499999999999997800 ) ) ;
#5141 = COLOUR_RGB ( '',0.2509803921568627400, 0.2509803921568627400, 0.2509803921568627400 ) ;
#5142 = CARTESIAN_POINT ( 'NONE',  ( -15.49999999999999600, 15.50000000000087400, -10.99999999999999800 ) ) ;
#5143 = EDGE_CURVE ( 'NONE', #10560, #372, #9635, .T. ) ;
#5144 = DIRECTION ( 'NONE',  ( -1.000000000000000000, 0.0000000000000000000, 0.0000000000000000000 ) ) ;
#5145 = ORIENTED_EDGE ( 'NONE', *, *, #10075, .T. ) ;
#5146 = FACE_OUTER_BOUND ( 'NONE', #3959, .T. ) ;
#5147 = VERTEX_POINT ( 'NONE', #571 ) ;
#5148 = ADVANCED_FACE ( 'NONE', ( #8460 ), #3068, .F. ) ;
#5149 = FILL_AREA_STYLE_COLOUR ( '', #9337 ) ;
#5150 = CARTESIAN_POINT ( 'NONE',  ( -13.32957238623954800, -21.15000000000000600, -63.34951795962939500 ) ) ;
#5151 = DIRECTION ( 'NONE',  ( -0.0000000000000000000, -0.0000000000000000000, -1.000000000000000000 ) ) ;
#5152 = VERTEX_POINT ( 'NONE', #3950 ) ;
#5153 = LINE ( 'NONE', #5261, #2023 ) ;
#5154 = FACE_OUTER_BOUND ( 'NONE', #4370, .T. ) ;
#5155 = EDGE_CURVE ( 'NONE', #4429, #10024, #1809, .T. ) ;
#5156 = AXIS2_PLACEMENT_3D ( 'NONE', #4531, #1158, #328 ) ;
#5157 = DIRECTION ( 'NONE',  ( 0.0000000000000000000, 0.0000000000000000000, -1.000000000000000000 ) ) ;
#5158 =( NAMED_UNIT ( * ) SI_UNIT ( $, .STERADIAN. ) SOLID_ANGLE_UNIT ( ) );
#5159 = ORIENTED_EDGE ( 'NONE', *, *, #3262, .F. ) ;
#5160 = SPHERICAL_SURFACE ( 'NONE', #7907, 0.5000000000000000000 ) ;
#5161 = SURFACE_STYLE_USAGE ( .BOTH. , #2588 ) ;
#5162 = VERTEX_POINT ( 'NONE', #10638 ) ;
#5163 = CARTESIAN_POINT ( 'NONE',  ( 15.01375035175125200, 15.03502403148986100, -9.499999999999998200 ) ) ;
#5164 = DIRECTION ( 'NONE',  ( -0.0000000000000000000, -0.0000000000000000000, 1.000000000000000000 ) ) ;
#5165 = SURFACE_SIDE_STYLE ('',( #8252 ) ) ;
#5166 = ORIENTED_EDGE ( 'NONE', *, *, #6980, .T. ) ;
#5167 = FACE_OUTER_BOUND ( 'NONE', #4114, .T. ) ;
#5168 = VERTEX_POINT ( 'NONE', #8952 ) ;
#5169 = EDGE_CURVE ( 'NONE', #702, #10533, #887, .T. ) ;
#5170 = CARTESIAN_POINT ( 'NONE',  ( -18.75000000000087400, -15.49999999999912400, -11.49999999999999800 ) ) ;
#5171 = EDGE_CURVE ( 'NONE', #3129, #85, #10149, .T. ) ;
#5172 = DIRECTION ( 'NONE',  ( 0.0000000000000000000, 0.0000000000000000000, -1.000000000000000000 ) ) ;
#5173 = CARTESIAN_POINT ( 'NONE',  ( 3.306851934509031000, -21.25000000000000700, -4.149999999999994100 ) ) ;
#5174 = AXIS2_PLACEMENT_3D ( 'NONE', #6630, #841, #7511 ) ;
#5175 = DIRECTION ( 'NONE',  ( 0.0000000000000000000, 0.0000000000000000000, -1.000000000000000000 ) ) ;
#5176 = ORIENTED_EDGE ( 'NONE', *, *, #9208, .F. ) ;
#5177 = DIRECTION ( 'NONE',  ( -0.0000000000000000000, 1.000000000000000000, -0.0000000000000000000 ) ) ;
#5178 = ORIENTED_EDGE ( 'NONE', *, *, #669, .T. ) ;
#5179 = DIRECTION ( 'NONE',  ( 0.0000000000000000000, 0.0000000000000000000, 1.000000000000000000 ) ) ;
#5180 = CIRCLE ( 'NONE', #1276, 2.750000000000000900 ) ;
#5181 = EDGE_CURVE ( 'NONE', #2679, #5258, #4522, .T. ) ;
#5182 = CARTESIAN_POINT ( 'NONE',  ( -15.49999999999999600, 15.50000000000087400, -10.49999999999999600 ) ) ;
#5183 = ADVANCED_FACE ( 'NONE', ( #9502 ), #5560, .F. ) ;
#5184 = STYLED_ITEM ( 'NONE', ( #7248 ), #5882 ) ;
#5185 = CARTESIAN_POINT ( 'NONE',  ( 1.268786306540395200E-015, -21.25000000000000700, -7.606617291317806300 ) ) ;
#5186 = EDGE_CURVE ( 'NONE', #489, #5226, #3476, .T. ) ;
#5187 = LINE ( 'NONE', #5668, #9237 ) ;
#5188 = CARTESIAN_POINT ( 'NONE',  ( 2.499999999999999600, 3.061616997868383100E-016, 9.000000000000001800 ) ) ;
#5189 = SURFACE_STYLE_FILL_AREA ( #3525 ) ;
#5190 = CIRCLE ( 'NONE', #837, 25.00000000000000000 ) ;
#5191 = ORIENTED_EDGE ( 'NONE', *, *, #221, .T. ) ;
#5192 = CARTESIAN_POINT ( 'NONE',  ( 0.0000000000000000000, 0.0000000000000000000, -8.499999999999996400 ) ) ;
#5193 = CARTESIAN_POINT ( 'NONE',  ( 0.0000000000000000000, 0.0000000000000000000, -3.499999999999996000 ) ) ;
#5194 = CARTESIAN_POINT ( 'NONE',  ( 15.50000000000000000, 15.50000000000000000, -10.99999999999999800 ) ) ;
#5195 = ADVANCED_FACE ( 'NONE', ( #7274 ), #1282, .T. ) ;
#5197 = AXIS2_PLACEMENT_3D ( 'NONE', #4537, #10283, #6104 ) ;
#5196 = CARTESIAN_POINT ( 'NONE',  ( -17.40000000000087600, -15.49999999999912400, -10.99999999999999800 ) ) ;
#5198 = PRESENTATION_STYLE_ASSIGNMENT (( #7856 ) ) ;
#5199 = ORIENTED_EDGE ( 'NONE', *, *, #6331, .F. ) ;
#5200 = STYLED_ITEM ( 'NONE', ( #9173 ), #7082 ) ;
#5201 = EDGE_CURVE ( 'NONE', #4579, #8524, #5965, .T. ) ;
#5202 = CARTESIAN_POINT ( 'NONE',  ( -15.96497596851090600, 15.98624964825022900, -10.99999999999999800 ) ) ;
#5203 = DIRECTION ( 'NONE',  ( 1.000000000000000000, 0.0000000000000000000, -0.0000000000000000000 ) ) ;
#5204 = COLOUR_RGB ( '',0.2509803921568627400, 0.2509803921568627400, 0.2509803921568627400 ) ;
#5205 = SURFACE_STYLE_USAGE ( .BOTH. , #6767 ) ;
#5206 = VECTOR ( 'NONE', #8558, 1000.000000000000000 ) ;
#5207 = ORIENTED_EDGE ( 'NONE', *, *, #5329, .T. ) ;
#5208 = PLANE ( 'NONE',  #2394 ) ;
#5209 = AXIS2_PLACEMENT_3D ( 'NONE', #6427, #603, #1368 ) ;
#5210 = ORIENTED_EDGE ( 'NONE', *, *, #784, .T. ) ;
#5211 = FILL_AREA_STYLE_COLOUR ( '', #2658 ) ;
#5212 = EDGE_CURVE ( 'NONE', #3405, #3256, #5190, .T. ) ;
#5213 = CARTESIAN_POINT ( 'NONE',  ( 15.49999999999912400, -15.50000000000000200, -9.499999999999998200 ) ) ;
#5214 = LINE ( 'NONE', #5318, #5599 ) ;
#5215 = ORIENTED_EDGE ( 'NONE', *, *, #5925, .T. ) ;
#5216 = ORIENTED_EDGE ( 'NONE', *, *, #951, .F. ) ;
#5217 =( NAMED_UNIT ( * ) PLANE_ANGLE_UNIT ( ) SI_UNIT ( $, .RADIAN. ) );
#5218 = LINE ( 'NONE', #8769, #7163 ) ;
#5219 = CARTESIAN_POINT ( 'NONE',  ( 0.0000000000000000000, 21.14999999999999900, 2.000000000000000000 ) ) ;
#5220 = SURFACE_STYLE_FILL_AREA ( #5350 ) ;
#5221 = FILL_AREA_STYLE_COLOUR ( '', #4227 ) ;
#5222 = ORIENTED_EDGE ( 'NONE', *, *, #2443, .F. ) ;
#5223 = FILL_AREA_STYLE ('',( #5079 ) ) ;
#5224 =( GEOMETRIC_REPRESENTATION_CONTEXT ( 3 ) GLOBAL_UNCERTAINTY_ASSIGNED_CONTEXT ( ( #2580 ) ) GLOBAL_UNIT_ASSIGNED_CONTEXT ( ( #3536, #2836, #4381 ) ) REPRESENTATION_CONTEXT ( 'NONE', 'WORKASPACE' ) );
#5225 =( LENGTH_UNIT ( ) NAMED_UNIT ( * ) SI_UNIT ( .MILLI., .METRE. ) );
#5226 = VERTEX_POINT ( 'NONE', #3101 ) ;
#5227 = FILL_AREA_STYLE ('',( #1953 ) ) ;
#5228 = DIRECTION ( 'NONE',  ( 0.0000000000000000000, 0.0000000000000000000, -1.000000000000000000 ) ) ;
#5229 = VECTOR ( 'NONE', #4901, 1000.000000000000000 ) ;
#5230 = DIRECTION ( 'NONE',  ( 1.000000000000000000, 0.0000000000000000000, 0.0000000000000000000 ) ) ;
#5231 = LINE ( 'NONE', #3251, #3000 ) ;
#5232 = DIRECTION ( 'NONE',  ( 1.000000000000000000, 0.0000000000000000000, 0.0000000000000000000 ) ) ;
#5233 = ORIENTED_EDGE ( 'NONE', *, *, #8248, .T. ) ;
#5234 =( GEOMETRIC_REPRESENTATION_CONTEXT ( 3 ) GLOBAL_UNCERTAINTY_ASSIGNED_CONTEXT ( ( #28 ) ) GLOBAL_UNIT_ASSIGNED_CONTEXT ( ( #6709, #52, #953 ) ) REPRESENTATION_CONTEXT ( 'NONE', 'WORKASPACE' ) );
#5235 = ADVANCED_FACE ( 'NONE', ( #1943 ), #2340, .F. ) ;
#5236 = DIRECTION ( 'NONE',  ( -0.0000000000000000000, -0.0000000000000000000, -1.000000000000000000 ) ) ;
#5237 = ORIENTED_EDGE ( 'NONE', *, *, #4485, .F. ) ;
#5238 = LINE ( 'NONE', #5938, #6490 ) ;
#5239 = CARTESIAN_POINT ( 'NONE',  ( -3.600000000000001000, -21.15000000000000600, -8.999999999999992900 ) ) ;
#5240 = PLANE ( 'NONE',  #1962 ) ;
#5241 = ORIENTED_EDGE ( 'NONE', *, *, #7288, .F. ) ;
#5243 = AXIS2_PLACEMENT_3D ( 'NONE', #3734, #3657, #3695 ) ;
#5242 = CARTESIAN_POINT ( 'NONE',  ( -20.00000000000000000, 2.449293598294706500E-015, -11.49999999999999800 ) ) ;
#5244 =( GEOMETRIC_REPRESENTATION_CONTEXT ( 3 ) GLOBAL_UNCERTAINTY_ASSIGNED_CONTEXT ( ( #9686 ) ) GLOBAL_UNIT_ASSIGNED_CONTEXT ( ( #8440, #1810, #1780 ) ) REPRESENTATION_CONTEXT ( 'NONE', 'WORKASPACE' ) );
#5245 = ORIENTED_EDGE ( 'NONE', *, *, #1044, .F. ) ;
#5246 = EDGE_CURVE ( 'NONE', #3666, #1853, #8324, .T. ) ;
#5247 = ADVANCED_FACE ( 'NONE', ( #10025 ), #7812, .F. ) ;
#5248 = DIRECTION ( 'NONE',  ( -0.0000000000000000000, -0.0000000000000000000, 1.000000000000000000 ) ) ;
#5249 = FACE_OUTER_BOUND ( 'NONE', #3962, .T. ) ;
#5250 = PRESENTATION_STYLE_ASSIGNMENT (( #8386 ) ) ;
#5251 = AXIS2_PLACEMENT_3D ( 'NONE', #3395, #973, #9330 ) ;
#5252 =( LENGTH_UNIT ( ) NAMED_UNIT ( * ) SI_UNIT ( .MILLI., .METRE. ) );
#5253 = FACE_OUTER_BOUND ( 'NONE', #5902, .T. ) ;
#5254 = DIRECTION ( 'NONE',  ( 1.000000000000000000, 0.0000000000000000000, 0.0000000000000000000 ) ) ;
#5255 = COLOUR_RGB ( '',1.000000000000000000, 0.0000000000000000000, 0.0000000000000000000 ) ;
#5256 = VERTEX_POINT ( 'NONE', #2481 ) ;
#5257 = CARTESIAN_POINT ( 'NONE',  ( -1.800000000000000900, -39.15000000000002000, -13.85000000000000300 ) ) ;
#5258 = VERTEX_POINT ( 'NONE', #3244 ) ;
#5259 = ORIENTED_EDGE ( 'NONE', *, *, #5810, .F. ) ;
#5260 = CARTESIAN_POINT ( 'NONE',  ( -17.29644660940670100, 21.00355339059327500, 2.000000000000000000 ) ) ;
#5261 = CARTESIAN_POINT ( 'NONE',  ( -13.09999999999999600, 15.50000000000087400, -10.99999999999999800 ) ) ;
#5262 = EDGE_LOOP ( 'NONE', ( #4481, #6167, #6031, #212 ) ) ;
#5263 = FACE_OUTER_BOUND ( 'NONE', #5286, .T. ) ;
#5264 = MECHANICAL_DESIGN_GEOMETRIC_PRESENTATION_REPRESENTATION (  '', ( #2653 ), #2117 ) ;
#5265 = VERTEX_POINT ( 'NONE', #4098 ) ;
#5266 = LINE ( 'NONE', #8223, #10758 ) ;
#5267 = AXIS2_PLACEMENT_3D ( 'NONE', #3702, #8746, #1274 ) ;
#5268 =( NAMED_UNIT ( * ) PLANE_ANGLE_UNIT ( ) SI_UNIT ( $, .RADIAN. ) );
#5269 = DIRECTION ( 'NONE',  ( 0.0000000000000000000, 0.0000000000000000000, 1.000000000000000000 ) ) ;
#5270 = EDGE_CURVE ( 'NONE', #4211, #8607, #4144, .T. ) ;
#5271 =( LENGTH_UNIT ( ) NAMED_UNIT ( * ) SI_UNIT ( .MILLI., .METRE. ) );
#5272 = ORIENTED_EDGE ( 'NONE', *, *, #6077, .T. ) ;
#5273 = ORIENTED_EDGE ( 'NONE', *, *, #3960, .F. ) ;
#5274 =( NAMED_UNIT ( * ) PLANE_ANGLE_UNIT ( ) SI_UNIT ( $, .RADIAN. ) );
#5275 = ORIENTED_EDGE ( 'NONE', *, *, #5710, .F. ) ;
#5276 = CYLINDRICAL_SURFACE ( 'NONE', #553, 0.4999999999999982200 ) ;
#5277 = UNCERTAINTY_MEASURE_WITH_UNIT (LENGTH_MEASURE( 1.000000000000000100E-005 ), #8666, 'distance_accuracy_value', 'NONE');
#5278 = EDGE_LOOP ( 'NONE', ( #9321, #1202, #3826, #7219 ) ) ;
#5279 = CIRCLE ( 'NONE', #10152, 0.5000000000000004400 ) ;
#5280 = VERTEX_POINT ( 'NONE', #30 ) ;
#5281 =( NAMED_UNIT ( * ) PLANE_ANGLE_UNIT ( ) SI_UNIT ( $, .RADIAN. ) );
#5282 = PRESENTATION_LAYER_ASSIGNMENT (  '', '', ( #1367 ) ) ;
#5283 = CARTESIAN_POINT ( 'NONE',  ( 1.339045298307557800, -39.15000000000000600, -6.400283824922876600 ) ) ;
#5284 = DIRECTION ( 'NONE',  ( 1.734723475976807100E-015, 1.422820585392461400E-031, -1.000000000000000000 ) ) ;
#5285 = EDGE_CURVE ( 'NONE', #5728, #3278, #6090, .T. ) ;
#5286 = EDGE_LOOP ( 'NONE', ( #7344, #3365, #4162, #7236, #3587, #8382 ) ) ;
#5287 =( NAMED_UNIT ( * ) PLANE_ANGLE_UNIT ( ) SI_UNIT ( $, .RADIAN. ) );
#5288 = ORIENTED_EDGE ( 'NONE', *, *, #5285, .T. ) ;
#5289 =( NAMED_UNIT ( * ) PLANE_ANGLE_UNIT ( ) SI_UNIT ( $, .RADIAN. ) );
#5290 = DIRECTION ( 'NONE',  ( 1.000000000000000000, 0.0000000000000000000, 0.0000000000000000000 ) ) ;
#5291 = DIRECTION ( 'NONE',  ( 0.7071067811865463500, 0.7071067811865487900, -0.0000000000000000000 ) ) ;
#5292 = EDGE_LOOP ( 'NONE', ( #8733, #156 ) ) ;
#5293 = ADVANCED_FACE ( 'NONE', ( #4012 ), #2306, .T. ) ;
#5294 = DIRECTION ( 'NONE',  ( 8.202002250481356300E-017, -1.000000000000000000, 0.0000000000000000000 ) ) ;
#5295 = EDGE_CURVE ( 'NONE', #6048, #7792, #341, .T. ) ;
#5296 = PRESENTATION_LAYER_ASSIGNMENT (  '', '', ( #2276 ) ) ;
#5297 = CIRCLE ( 'NONE', #7966, 0.5000000000000004400 ) ;
#5298 = ORIENTED_EDGE ( 'NONE', *, *, #10040, .F. ) ;
#5299 = AXIS2_PLACEMENT_3D ( 'NONE', #7370, #3270, #2368 ) ;
#5300 = CARTESIAN_POINT ( 'NONE',  ( -17.40000000000087600, -15.49999999999912400, -10.49999999999999600 ) ) ;
#5301 =( NAMED_UNIT ( * ) PLANE_ANGLE_UNIT ( ) SI_UNIT ( $, .RADIAN. ) );
#5302 = VERTEX_POINT ( 'NONE', #9898 ) ;
#5303 = CARTESIAN_POINT ( 'NONE',  ( -0.6000000000000006400, -18.15000000000000600, -13.15000000000000600 ) ) ;
#5304 = FACE_OUTER_BOUND ( 'NONE', #2672, .T. ) ;
#5305 =( LENGTH_UNIT ( ) NAMED_UNIT ( * ) SI_UNIT ( .MILLI., .METRE. ) );
#5306 = ADVANCED_FACE ( 'NONE', ( #7540 ), #6610, .F. ) ;
#5307 = DIRECTION ( 'NONE',  ( 1.000000000000000000, 0.0000000000000000000, -0.0000000000000000000 ) ) ;
#5308 = ORIENTED_EDGE ( 'NONE', *, *, #8528, .F. ) ;
#5309 = SURFACE_SIDE_STYLE ('',( #2246 ) ) ;
#5310 = CIRCLE ( 'NONE', #1273, 3.500000000000000000 ) ;
#5311 = AXIS2_PLACEMENT_3D ( 'NONE', #2999, #8701, #3843 ) ;
#5312 =( LENGTH_UNIT ( ) NAMED_UNIT ( * ) SI_UNIT ( .MILLI., .METRE. ) );
#5313 = PRESENTATION_STYLE_ASSIGNMENT (( #9458 ) ) ;
#5314 = EDGE_CURVE ( 'NONE', #2435, #8322, #583, .T. ) ;
#5315 = SURFACE_STYLE_USAGE ( .BOTH. , #2742 ) ;
#5316 = FACE_OUTER_BOUND ( 'NONE', #3466, .T. ) ;
#5317 = AXIS2_PLACEMENT_3D ( 'NONE', #1766, #5103, #7737 ) ;
#5318 = CARTESIAN_POINT ( 'NONE',  ( 16.79644660940672200, 20.79644660940672900, 10.00000000000000000 ) ) ;
#5319 = FACE_OUTER_BOUND ( 'NONE', #6632, .T. ) ;
#5320 = DIRECTION ( 'NONE',  ( -1.000000000000000000, 0.0000000000000000000, 0.0000000000000000000 ) ) ;
#5321 = LINE ( 'NONE', #8906, #7134 ) ;
#5322 = ORIENTED_EDGE ( 'NONE', *, *, #558, .F. ) ;
#5323 = CARTESIAN_POINT ( 'NONE',  ( -20.00000000000000000, 2.449293598294706500E-015, -15.99999999999999600 ) ) ;
#5324 = VERTEX_POINT ( 'NONE', #8291 ) ;
#5325 = CARTESIAN_POINT ( 'NONE',  ( 1.339045298307557800, -19.15000000000000600, -7.512950757712737000 ) ) ;
#5326 = FACE_OUTER_BOUND ( 'NONE', #4969, .T. ) ;
#5327 = ORIENTED_EDGE ( 'NONE', *, *, #2816, .T. ) ;
#5328 = PRESENTATION_STYLE_ASSIGNMENT (( #5837 ) ) ;
#5329 = EDGE_CURVE ( 'NONE', #6028, #5152, #6214, .T. ) ;
#5330 = DIRECTION ( 'NONE',  ( 0.0000000000000000000, 0.0000000000000000000, -1.000000000000000000 ) ) ;
#5331 = STYLED_ITEM ( 'NONE', ( #7664 ), #803 ) ;
#5332 = DIRECTION ( 'NONE',  ( -0.7071067811865475700, -0.7071067811865475700, 3.469446951953626400E-015 ) ) ;
#5333 =( GEOMETRIC_REPRESENTATION_CONTEXT ( 3 ) GLOBAL_UNCERTAINTY_ASSIGNED_CONTEXT ( ( #9010 ) ) GLOBAL_UNIT_ASSIGNED_CONTEXT ( ( #7575, #3398, #10061 ) ) REPRESENTATION_CONTEXT ( 'NONE', 'WORKASPACE' ) );
#5334 = EDGE_LOOP ( 'NONE', ( #9548, #3516, #6793, #1358 ) ) ;
#5335 = CARTESIAN_POINT ( 'NONE',  ( 20.64999999999999900, 16.94289321881343500, 9.500000000000000000 ) ) ;
#5336 = EDGE_CURVE ( 'NONE', #4980, #3405, #8449, .T. ) ;
#5337 = CARTESIAN_POINT ( 'NONE',  ( -10.49999999999999800, 1.316495309083404400E-015, 12.00000000000000000 ) ) ;
#5338 = SURFACE_STYLE_FILL_AREA ( #6748 ) ;
#5339 = ORIENTED_EDGE ( 'NONE', *, *, #155, .T. ) ;
#5340 = UNCERTAINTY_MEASURE_WITH_UNIT (LENGTH_MEASURE( 1.000000000000000100E-005 ), #5312, 'distance_accuracy_value', 'NONE');
#5341 = FILL_AREA_STYLE_COLOUR ( '', #4780 ) ;
#5342 = DIRECTION ( 'NONE',  ( 8.202002250481357500E-017, -1.000000000000000000, -0.0000000000000000000 ) ) ;
#5343 = CARTESIAN_POINT ( 'NONE',  ( 18.79644660940667200, 18.79644660940676800, -10.99999999999999800 ) ) ;
#5344 = EDGE_LOOP ( 'NONE', ( #1875, #8001, #6582, #10815 ) ) ;
#5345 = DIRECTION ( 'NONE',  ( 0.0000000000000000000, 0.0000000000000000000, 1.000000000000000000 ) ) ;
#5347 = AXIS2_PLACEMENT_3D ( 'NONE', #6128, #9467, #10159 ) ;
#5346 = SURFACE_STYLE_USAGE ( .BOTH. , #8653 ) ;
#5348 = LINE ( 'NONE', #5815, #5480 ) ;
#5349 = AXIS2_PLACEMENT_3D ( 'NONE', #1769, #949, #120 ) ;
#5350 = FILL_AREA_STYLE ('',( #8845 ) ) ;
#5351 = ORIENTED_EDGE ( 'NONE', *, *, #10578, .T. ) ;
#5352 = EDGE_CURVE ( 'NONE', #7792, #6048, #4508, .T. ) ;
#5353 = ADVANCED_FACE ( 'NONE', ( #3338, #738 ), #5911, .T. ) ;
#5354 = FILL_AREA_STYLE ('',( #1005 ) ) ;
#5355 = PLANE ( 'NONE',  #2290 ) ;
#5356 = DIRECTION ( 'NONE',  ( 1.668003342285391600E-016, 0.0000000000000000000, -1.000000000000000000 ) ) ;
#5357 =( NAMED_UNIT ( * ) SI_UNIT ( $, .STERADIAN. ) SOLID_ANGLE_UNIT ( ) );
#5358 = DIRECTION ( 'NONE',  ( 0.0000000000000000000, 0.0000000000000000000, 1.000000000000000000 ) ) ;
#5359 = CARTESIAN_POINT ( 'NONE',  ( -15.50000000000087200, -15.49999999999912400, -9.499999999999998200 ) ) ;
#5360 = PRESENTATION_STYLE_ASSIGNMENT (( #10330 ) ) ;
#5361 = DIRECTION ( 'NONE',  ( -1.000000000000000000, 0.0000000000000000000, 0.0000000000000000000 ) ) ;
#5362 = DIRECTION ( 'NONE',  ( -0.0000000000000000000, 1.000000000000000000, -0.0000000000000000000 ) ) ;
#5363 = ORIENTED_EDGE ( 'NONE', *, *, #8248, .F. ) ;
#5364 = AXIS2_PLACEMENT_3D ( 'NONE', #8619, #8697, #2995 ) ;
#5365 = COLOUR_RGB ( '',0.2509803921568627400, 0.2509803921568627400, 0.2509803921568627400 ) ;
#5366 = ADVANCED_FACE ( 'NONE', ( #457 ), #2555, .T. ) ;
#5367 = CARTESIAN_POINT ( 'NONE',  ( 0.0000000000000000000, 0.0000000000000000000, -11.49999999999999800 ) ) ;
#5368 = DIRECTION ( 'NONE',  ( 1.000000000000000000, 0.0000000000000000000, 0.0000000000000000000 ) ) ;
#5369 = VERTEX_POINT ( 'NONE', #10230 ) ;
#5370 = CARTESIAN_POINT ( 'NONE',  ( 21.15000000000000200, -21.15000000000000200, -11.49999999999999800 ) ) ;
#5371 = COLOUR_RGB ( '',1.000000000000000000, 0.9058823529411764700, 0.1843137254901960900 ) ;
#5372 = VERTEX_POINT ( 'NONE', #9245 ) ;
#5373 = EDGE_LOOP ( 'NONE', ( #10208, #6563 ) ) ;
#5374 = CARTESIAN_POINT ( 'NONE',  ( -1.371348881391340800, -39.15000000000000600, -5.070497742733969900 ) ) ;
#5375 = AXIS2_PLACEMENT_3D ( 'NONE', #6469, #5594, #3984 ) ;
#5376 = DIRECTION ( 'NONE',  ( -0.0000000000000000000, -0.0000000000000000000, 1.000000000000000000 ) ) ;
#5377 = SURFACE_SIDE_STYLE ('',( #1915 ) ) ;
#5378 = ORIENTED_EDGE ( 'NONE', *, *, #1578, .T. ) ;
#5379 = EDGE_CURVE ( 'NONE', #4054, #1957, #6739, .T. ) ;
#5380 = CARTESIAN_POINT ( 'NONE',  ( -15.03502403149003500, 16.74998035735667700, -9.499999999999998200 ) ) ;
#5381 = CARTESIAN_POINT ( 'NONE',  ( 15.50000000000000000, 15.50000000000000000, -9.499999999999998200 ) ) ;
#5382 = VECTOR ( 'NONE', #1571, 1000.000000000000000 ) ;
#5383 = ORIENTED_EDGE ( 'NONE', *, *, #4773, .T. ) ;
#5384 = EDGE_CURVE ( 'NONE', #4638, #1752, #1401, .T. ) ;
#5385 = AXIS2_PLACEMENT_3D ( 'NONE', #10081, #1704, #8442 ) ;
#5386 = CARTESIAN_POINT ( 'NONE',  ( 15.49999999999912400, -15.50000000000000200, -10.49999999999999600 ) ) ;
#5387 = EDGE_LOOP ( 'NONE', ( #761, #517, #10463, #4643 ) ) ;
#5388 = PLANE ( 'NONE',  #3561 ) ;
#5389 = CARTESIAN_POINT ( 'NONE',  ( -0.5291577996037841700, 2.000000000000000000, 29.93517130343110500 ) ) ;
#5390 = ORIENTED_EDGE ( 'NONE', *, *, #5329, .F. ) ;
#5391 = CARTESIAN_POINT ( 'NONE',  ( 15.96497596850902000, -16.74998035735574600, -9.499999999999998200 ) ) ;
#5392 = DIRECTION ( 'NONE',  ( -1.000000000000000000, 0.0000000000000000000, 0.0000000000000000000 ) ) ;
#5393 = FACE_OUTER_BOUND ( 'NONE', #5741, .T. ) ;
#5395 = VECTOR ( 'NONE', #1888, 1000.000000000000000 ) ;
#5394 = DIRECTION ( 'NONE',  ( 0.0000000000000000000, 0.0000000000000000000, -1.000000000000000000 ) ) ;
#5396 = FILL_AREA_STYLE_COLOUR ( '', #1340 ) ;
#5397 = LINE ( 'NONE', #3024, #20 ) ;
#5398 = AXIS2_PLACEMENT_3D ( 'NONE', #2566, #3366, #9219 ) ;
#5399 = EDGE_CURVE ( 'NONE', #6498, #5136, #5573, .T. ) ;
#5400 = DIRECTION ( 'NONE',  ( 0.0000000000000000000, 0.0000000000000000000, -1.000000000000000000 ) ) ;
#5401 = ORIENTED_EDGE ( 'NONE', *, *, #856, .F. ) ;
#5402 = VERTEX_POINT ( 'NONE', #924 ) ;
#5403 = VECTOR ( 'NONE', #5055, 999.9999999999998900 ) ;
#5404 = ADVANCED_FACE ( 'NONE', ( #6352 ), #6997, .F. ) ;
#5405 = CARTESIAN_POINT ( 'NONE',  ( 16.94289321881344500, -20.65000000000000200, -10.99999999999999800 ) ) ;
#5406 = LINE ( 'NONE', #6966, #9319 ) ;
#5407 = VERTEX_POINT ( 'NONE', #162 ) ;
#5408 = DIRECTION ( 'NONE',  ( 8.202002250481357500E-017, -1.000000000000000000, -0.0000000000000000000 ) ) ;
#5409 =( GEOMETRIC_REPRESENTATION_CONTEXT ( 3 ) GLOBAL_UNCERTAINTY_ASSIGNED_CONTEXT ( ( #8348 ) ) GLOBAL_UNIT_ASSIGNED_CONTEXT ( ( #3740, #9446, #7873 ) ) REPRESENTATION_CONTEXT ( 'NONE', 'WORKASPACE' ) );
#5410 = ORIENTED_EDGE ( 'NONE', *, *, #10361, .F. ) ;
#5411 = VECTOR ( 'NONE', #4480, 1000.000000000000000 ) ;
#5412 =( GEOMETRIC_REPRESENTATION_CONTEXT ( 3 ) GLOBAL_UNCERTAINTY_ASSIGNED_CONTEXT ( ( #3377 ) ) GLOBAL_UNIT_ASSIGNED_CONTEXT ( ( #4380, #8586, #10231 ) ) REPRESENTATION_CONTEXT ( 'NONE', 'WORKASPACE' ) );
#5413 = FILL_AREA_STYLE_COLOUR ( '', #10151 ) ;
#5414 = LINE ( 'NONE', #8098, #8546 ) ;
#5415 = CARTESIAN_POINT ( 'NONE',  ( -16.80716972541453200, 15.98624964825021900, -10.99999999999999800 ) ) ;
#5416 = EDGE_CURVE ( 'NONE', #3814, #1029, #10806, .T. ) ;
#5417 = CARTESIAN_POINT ( 'NONE',  ( 0.0000000000000000000, 21.14999999999999900, -11.49999999999999800 ) ) ;
#5418 = UNCERTAINTY_MEASURE_WITH_UNIT (LENGTH_MEASURE( 1.000000000000000100E-005 ), #10395, 'distance_accuracy_value', 'NONE');
#5419 =( NAMED_UNIT ( * ) PLANE_ANGLE_UNIT ( ) SI_UNIT ( $, .RADIAN. ) );
#5420 = PRESENTATION_STYLE_ASSIGNMENT (( #9835 ) ) ;
#5421 = ADVANCED_FACE ( 'NONE', ( #2294 ), #9490, .T. ) ;
#5422 =( NAMED_UNIT ( * ) SI_UNIT ( $, .STERADIAN. ) SOLID_ANGLE_UNIT ( ) );
#5423 =( NAMED_UNIT ( * ) SI_UNIT ( $, .STERADIAN. ) SOLID_ANGLE_UNIT ( ) );
#5424 = VERTEX_POINT ( 'NONE', #2617 ) ;
#5425 = FACE_OUTER_BOUND ( 'NONE', #4876, .T. ) ;
#5426 =( LENGTH_UNIT ( ) NAMED_UNIT ( * ) SI_UNIT ( .MILLI., .METRE. ) );
#5427 = AXIS2_PLACEMENT_3D ( 'NONE', #1600, #4946, #4981 ) ;
#5428 = CARTESIAN_POINT ( 'NONE',  ( 8.328979047391995900E-016, -21.25000000000000700, -4.993382708682202200 ) ) ;
#5429 =( NAMED_UNIT ( * ) PLANE_ANGLE_UNIT ( ) SI_UNIT ( $, .RADIAN. ) );
#5430 = DIRECTION ( 'NONE',  ( 1.000000000000000000, 0.0000000000000000000, 0.0000000000000000000 ) ) ;
#5431 = DIRECTION ( 'NONE',  ( -1.000000000000000000, 0.0000000000000000000, 0.0000000000000000000 ) ) ;
#5432 = EDGE_CURVE ( 'NONE', #10024, #7387, #6081, .T. ) ;
#5433 = ORIENTED_EDGE ( 'NONE', *, *, #6186, .F. ) ;
#5434 = CIRCLE ( 'NONE', #6784, 3.249999999999996000 ) ;
#5435 = CIRCLE ( 'NONE', #10271, 3.249999999999999600 ) ;
#5436 = ORIENTED_EDGE ( 'NONE', *, *, #9967, .T. ) ;
#5437 = DIRECTION ( 'NONE',  ( 0.0000000000000000000, 0.0000000000000000000, -1.000000000000000000 ) ) ;
#5438 = VERTEX_POINT ( 'NONE', #7672 ) ;
#5439 = DIRECTION ( 'NONE',  ( -8.202002250481356300E-017, 1.000000000000000000, 0.0000000000000000000 ) ) ;
#5440 = EDGE_CURVE ( 'NONE', #5485, #2613, #1674, .T. ) ;
#5441 = PRESENTATION_LAYER_ASSIGNMENT (  '', '', ( #9350 ) ) ;
#5442 = VERTEX_POINT ( 'NONE', #7889 ) ;
#5443 = CYLINDRICAL_SURFACE ( 'NONE', #6710, 0.5563334663949287600 ) ;
#5444 = STYLED_ITEM ( 'NONE', ( #325 ), #9014 ) ;
#5445 = DIRECTION ( 'NONE',  ( 1.000000000000000000, 0.0000000000000000000, 0.0000000000000000000 ) ) ;
#5446 = ORIENTED_EDGE ( 'NONE', *, *, #9666, .T. ) ;
#5447 = CARTESIAN_POINT ( 'NONE',  ( 1.339045298307557800, -19.15000000000000600, -5.626831209128898300 ) ) ;
#5448 =( NAMED_UNIT ( * ) PLANE_ANGLE_UNIT ( ) SI_UNIT ( $, .RADIAN. ) );
#5449 = SURFACE_STYLE_FILL_AREA ( #10820 ) ;
#5450 = DIRECTION ( 'NONE',  ( 0.0000000000000000000, -1.000000000000000000, 0.0000000000000000000 ) ) ;
#5451 =( NAMED_UNIT ( * ) PLANE_ANGLE_UNIT ( ) SI_UNIT ( $, .RADIAN. ) );
#5452 = ORIENTED_EDGE ( 'NONE', *, *, #9818, .F. ) ;
#5454 = CIRCLE ( 'NONE', #4807, 1.249999999999999300 ) ;
#5453 = CARTESIAN_POINT ( 'NONE',  ( 0.0000000000000000000, 0.0000000000000000000, 12.00000000000000000 ) ) ;
#5455 = ADVANCED_FACE ( 'NONE', ( #5316 ), #1911, .F. ) ;
#5456 = DIRECTION ( 'NONE',  ( 1.235860604586721200E-014, -1.000000000000000000, -0.0000000000000000000 ) ) ;
#5457 =( GEOMETRIC_REPRESENTATION_CONTEXT ( 3 ) GLOBAL_UNCERTAINTY_ASSIGNED_CONTEXT ( ( #3457 ) ) GLOBAL_UNIT_ASSIGNED_CONTEXT ( ( #9442, #8568, #2777 ) ) REPRESENTATION_CONTEXT ( 'NONE', 'WORKASPACE' ) );
#5458 = ORIENTED_EDGE ( 'NONE', *, *, #8857, .T. ) ;
#5459 = STYLED_ITEM ( 'NONE', ( #878 ), #5455 ) ;
#5460 =( NAMED_UNIT ( * ) PLANE_ANGLE_UNIT ( ) SI_UNIT ( $, .RADIAN. ) );
#5461 = EDGE_CURVE ( 'NONE', #5136, #1471, #3479, .T. ) ;
#5462 = CARTESIAN_POINT ( 'NONE',  ( 17.39999999999912500, -15.50000000000000200, -10.99999999999999800 ) ) ;
#5463 = DIRECTION ( 'NONE',  ( -0.7071067811865441300, -0.7071067811865510100, 0.0000000000000000000 ) ) ;
#5464 = AXIS2_PLACEMENT_3D ( 'NONE', #7083, #5493, #7048 ) ;
#5465 = DIRECTION ( 'NONE',  ( -1.000000000000000000, 0.0000000000000000000, -1.668003342285391600E-016 ) ) ;
#5467 = VERTEX_POINT ( 'NONE', #4413 ) ;
#5466 = DIRECTION ( 'NONE',  ( -0.0000000000000000000, -0.0000000000000000000, 1.000000000000000000 ) ) ;
#5468 = DIRECTION ( 'NONE',  ( -1.000000000000000000, 0.0000000000000000000, 0.0000000000000000000 ) ) ;
#5469 = ADVANCED_FACE ( 'NONE', ( #7814 ), #7276, .T. ) ;
#5470 = LINE ( 'NONE', #5140, #9118 ) ;
#5471 = DIRECTION ( 'NONE',  ( -0.0000000000000000000, -0.0000000000000000000, 1.000000000000000000 ) ) ;
#5472 = VECTOR ( 'NONE', #9100, 1000.000000000000000 ) ;
#5473 = ORIENTED_EDGE ( 'NONE', *, *, #4610, .F. ) ;
#5474 = CARTESIAN_POINT ( 'NONE',  ( -15.49999999999999600, 15.50000000000000000, 10.00000000000000000 ) ) ;
#5475 = COLOUR_RGB ( '',0.2509803921568627400, 0.2509803921568627400, 0.2509803921568627400 ) ;
#5476 =( GEOMETRIC_REPRESENTATION_CONTEXT ( 3 ) GLOBAL_UNCERTAINTY_ASSIGNED_CONTEXT ( ( #10369 ) ) GLOBAL_UNIT_ASSIGNED_CONTEXT ( ( #9447, #9371, #3450 ) ) REPRESENTATION_CONTEXT ( 'NONE', 'WORKASPACE' ) );
#5477 = UNCERTAINTY_MEASURE_WITH_UNIT (LENGTH_MEASURE( 1.000000000000000100E-005 ), #8767, 'distance_accuracy_value', 'NONE');
#5478 = EDGE_CURVE ( 'NONE', #4241, #2755, #2574, .T. ) ;
#5479 = DIRECTION ( 'NONE',  ( 1.000000000000000000, 0.0000000000000000000, 0.0000000000000000000 ) ) ;
#5480 = VECTOR ( 'NONE', #1607, 1000.000000000000000 ) ;
#5481 =( NAMED_UNIT ( * ) PLANE_ANGLE_UNIT ( ) SI_UNIT ( $, .RADIAN. ) );
#5483 =( NAMED_UNIT ( * ) PLANE_ANGLE_UNIT ( ) SI_UNIT ( $, .RADIAN. ) );
#5482 = PRESENTATION_STYLE_ASSIGNMENT (( #545 ) ) ;
#5484 = ORIENTED_EDGE ( 'NONE', *, *, #1212, .T. ) ;
#5485 = VERTEX_POINT ( 'NONE', #2725 ) ;
#5486 = CARTESIAN_POINT ( 'NONE',  ( 15.50000000000000000, 15.50000000000000000, -9.499999999999998200 ) ) ;
#5487 = FACE_OUTER_BOUND ( 'NONE', #9890, .T. ) ;
#5488 = DIRECTION ( 'NONE',  ( 0.0000000000000000000, 0.0000000000000000000, -1.000000000000000000 ) ) ;
#5490 = CARTESIAN_POINT ( 'NONE',  ( -13.31369220013742600, 21.15999999999999700, 4.000000000000003600 ) ) ;
#5489 = AXIS2_PLACEMENT_3D ( 'NONE', #6947, #8596, #5320 ) ;
#5491 = DIRECTION ( 'NONE',  ( -1.000000000000000000, 0.0000000000000000000, 0.0000000000000000000 ) ) ;
#5492 = EDGE_CURVE ( 'NONE', #4928, #8381, #1011, .T. ) ;
#5493 = DIRECTION ( 'NONE',  ( -0.0000000000000000000, 0.0000000000000000000, -1.000000000000000000 ) ) ;
#5494 = ORIENTED_EDGE ( 'NONE', *, *, #6064, .F. ) ;
#5495 = CARTESIAN_POINT ( 'NONE',  ( 15.98624964824874800, 15.03502403148986100, -9.499999999999998200 ) ) ;
#5496 = CARTESIAN_POINT ( 'NONE',  ( -15.98624964825069300, -16.80716972541312200, -9.499999999999998200 ) ) ;
#5497 = EDGE_LOOP ( 'NONE', ( #2709, #4658, #9436, #9500, #3128, #4715, #9478, #7635, #10177, #3169, #886, #8565 ) ) ;
#5498 = ORIENTED_EDGE ( 'NONE', *, *, #4303, .F. ) ;
#5499 = EDGE_CURVE ( 'NONE', #3789, #6900, #9637, .T. ) ;
#5500 = AXIS2_PLACEMENT_3D ( 'NONE', #9546, #7053, #5392 ) ;
#5501 = ORIENTED_EDGE ( 'NONE', *, *, #2162, .T. ) ;
#5502 = FACE_OUTER_BOUND ( 'NONE', #5524, .T. ) ;
#5503 = FACE_OUTER_BOUND ( 'NONE', #9284, .T. ) ;
#5504 = CIRCLE ( 'NONE', #10537, 2.400000000000001200 ) ;
#5505 = CARTESIAN_POINT ( 'NONE',  ( -15.98624964825069700, -14.19283027458502200, -10.99999999999999800 ) ) ;
#5506 = EDGE_LOOP ( 'NONE', ( #7604, #9161, #1788, #5034 ) ) ;
#5507 = ADVANCED_FACE ( 'NONE', ( #5062, #7543 ), #2794, .T. ) ;
#5508 = DIRECTION ( 'NONE',  ( -0.0000000000000000000, -0.0000000000000000000, -1.000000000000000000 ) ) ;
#5509 = AXIS2_PLACEMENT_3D ( 'NONE', #1846, #3500, #3465 ) ;
#5510 = ORIENTED_EDGE ( 'NONE', *, *, #3182, .F. ) ;
#5511 = FACE_BOUND ( 'NONE', #5808, .T. ) ;
#5512 = CIRCLE ( 'NONE', #3797, 0.5000000000000004400 ) ;
#5513 = ORIENTED_EDGE ( 'NONE', *, *, #1625, .T. ) ;
#5514 = CARTESIAN_POINT ( 'NONE',  ( 15.50000000000000400, -15.50000000000000000, 10.00000000000000000 ) ) ;
#5515 = VECTOR ( 'NONE', #6458, 1000.000000000000000 ) ;
#5516 = CARTESIAN_POINT ( 'NONE',  ( 21.15000000000000200, -21.15000000000000200, -10.99999999999999800 ) ) ;
#5517 = AXIS2_PLACEMENT_3D ( 'NONE', #3736, #2891, #2815 ) ;
#5518 = ADVANCED_FACE ( 'NONE', ( #2962 ), #1799, .F. ) ;
#5519 = ORIENTED_EDGE ( 'NONE', *, *, #10625, .F. ) ;
#5520 = VERTEX_POINT ( 'NONE', #1215 ) ;
#5521 = EDGE_CURVE ( 'NONE', #2326, #3036, #5702, .T. ) ;
#5522 = AXIS2_PLACEMENT_3D ( 'NONE', #10122, #6877, #624 ) ;
#5523 = COLOUR_RGB ( '',0.2509803921568627400, 0.2509803921568627400, 0.2509803921568627400 ) ;
#5524 = EDGE_LOOP ( 'NONE', ( #10001, #3330, #10753, #6955 ) ) ;
#5525 = VECTOR ( 'NONE', #5019, 1000.000000000000000 ) ;
#5526 = ORIENTED_EDGE ( 'NONE', *, *, #7565, .F. ) ;
#5527 = ORIENTED_EDGE ( 'NONE', *, *, #7268, .F. ) ;
#5528 = CARTESIAN_POINT ( 'NONE',  ( 16.74999999999999600, 15.50000000000000000, 5.500000000000000000 ) ) ;
#5529 = DIRECTION ( 'NONE',  ( -0.0000000000000000000, -0.0000000000000000000, -1.000000000000000000 ) ) ;
#5530 = DIRECTION ( 'NONE',  ( -0.0000000000000000000, -1.000000000000000000, -0.0000000000000000000 ) ) ;
#5531 = CARTESIAN_POINT ( 'NONE',  ( -15.01375035175305900, -16.80716972541313200, -10.99999999999999800 ) ) ;
#5532 = ORIENTED_EDGE ( 'NONE', *, *, #4231, .T. ) ;
#5533 = VECTOR ( 'NONE', #10839, 1000.000000000000000 ) ;
#5534 = EDGE_CURVE ( 'NONE', #2468, #8597, #3735, .T. ) ;
#5536 = STYLED_ITEM ( 'NONE', ( #6197 ), #1140 ) ;
#5535 = FILL_AREA_STYLE_COLOUR ( '', #9691 ) ;
#5537 = ORIENTED_EDGE ( 'NONE', *, *, #2796, .F. ) ;
#5538 = LINE ( 'NONE', #10184, #6960 ) ;
#5539 = EDGE_CURVE ( 'NONE', #6570, #10589, #8073, .T. ) ;
#5540 = DIRECTION ( 'NONE',  ( 0.0000000000000000000, 0.0000000000000000000, 1.000000000000000000 ) ) ;
#5541 = VERTEX_POINT ( 'NONE', #10496 ) ;
#5542 = DIRECTION ( 'NONE',  ( -1.000000000000000000, 0.0000000000000000000, 0.0000000000000000000 ) ) ;
#5543 = FACE_OUTER_BOUND ( 'NONE', #3532, .T. ) ;
#5544 = ORIENTED_EDGE ( 'NONE', *, *, #5039, .F. ) ;
#5545 = FACE_OUTER_BOUND ( 'NONE', #8781, .T. ) ;
#5546 = AXIS2_PLACEMENT_3D ( 'NONE', #860, #8297, #6691 ) ;
#5547 = AXIS2_PLACEMENT_3D ( 'NONE', #1728, #3340, #5716 ) ;
#5548 = DIRECTION ( 'NONE',  ( 0.7071067811865441300, 0.7071067811865510100, 0.0000000000000000000 ) ) ;
#5549 = CARTESIAN_POINT ( 'NONE',  ( -20.64999999999999500, 0.0000000000000000000, 9.500000000000000000 ) ) ;
#5550 = EDGE_CURVE ( 'NONE', #10259, #7862, #8191, .T. ) ;
#5551 = EDGE_LOOP ( 'NONE', ( #2907, #4740, #9139, #3023, #8455, #4979, #5510, #8794 ) ) ;
#5552 = CARTESIAN_POINT ( 'NONE',  ( -1.371348881391340800, -39.15000000000000600, -6.956617291317808600 ) ) ;
#5553 = LINE ( 'NONE', #2577, #1123 ) ;
#5554 = CIRCLE ( 'NONE', #2180, 25.00000000000000000 ) ;
#5555 = ORIENTED_EDGE ( 'NONE', *, *, #9469, .T. ) ;
#5556 = ADVANCED_FACE ( 'NONE', ( #5586 ), #9765, .F. ) ;
#5557 = DIRECTION ( 'NONE',  ( -0.0000000000000000000, -0.0000000000000000000, -1.000000000000000000 ) ) ;
#5558 = EDGE_LOOP ( 'NONE', ( #3307, #386, #10051, #2901 ) ) ;
#5559 = EDGE_CURVE ( 'NONE', #7031, #1836, #2311, .T. ) ;
#5560 = PLANE ( 'NONE',  #7331 ) ;
#5561 = MECHANICAL_DESIGN_GEOMETRIC_PRESENTATION_REPRESENTATION (  '', ( #151 ), #6107 ) ;
#5562 = LINE ( 'NONE', #3745, #8953 ) ;
#5563 = EDGE_LOOP ( 'NONE', ( #2012, #839, #5446, #9984 ) ) ;
#5564 = CARTESIAN_POINT ( 'NONE',  ( 21.00355339059327500, 17.29644660940670400, 2.000000000000000000 ) ) ;
#5565 = CARTESIAN_POINT ( 'NONE',  ( 13.09999999999912400, -15.50000000000000200, -9.499999999999998200 ) ) ;
#5566 =( NAMED_UNIT ( * ) SI_UNIT ( $, .STERADIAN. ) SOLID_ANGLE_UNIT ( ) );
#5567 = FACE_OUTER_BOUND ( 'NONE', #2021, .T. ) ;
#5568 = ORIENTED_EDGE ( 'NONE', *, *, #1587, .T. ) ;
#5569 = ADVANCED_FACE ( 'NONE', ( #78 ), #2984, .F. ) ;
#5570 = CARTESIAN_POINT ( 'NONE',  ( -12.26375928220348000, -15.79874071779671300, -11.49999999999999800 ) ) ;
#5571 = CYLINDRICAL_SURFACE ( 'NONE', #4612, 0.5000000000000004400 ) ;
#5572 = LINE ( 'NONE', #2906, #2824 ) ;
#5573 = LINE ( 'NONE', #6819, #199 ) ;
#5574 = DIRECTION ( 'NONE',  ( 1.000000000000000000, 0.0000000000000000000, -0.0000000000000000000 ) ) ;
#5575 = SURFACE_STYLE_USAGE ( .BOTH. , #2188 ) ;
#5576 = ORIENTED_EDGE ( 'NONE', *, *, #4125, .F. ) ;
#5577 = PRESENTATION_LAYER_ASSIGNMENT (  '', '', ( #4305 ) ) ;
#5578 = ORIENTED_EDGE ( 'NONE', *, *, #10490, .F. ) ;
#5579 = DIRECTION ( 'NONE',  ( 0.0000000000000000000, 0.0000000000000000000, 1.000000000000000000 ) ) ;
#5580 = CIRCLE ( 'NONE', #4373, 0.5000000000000022200 ) ;
#5581 = LINE ( 'NONE', #1659, #2821 ) ;
#5582 = ORIENTED_EDGE ( 'NONE', *, *, #801, .F. ) ;
#5583 = PRESENTATION_LAYER_ASSIGNMENT (  '', '', ( #1536 ) ) ;
#5584 = CARTESIAN_POINT ( 'NONE',  ( 0.0000000000000000000, 0.0000000000000000000, -3.499999999999996000 ) ) ;
#5585 = CARTESIAN_POINT ( 'NONE',  ( -18.79644660940666900, 18.79644660940676500, 9.500000000000000000 ) ) ;
#5586 = FACE_OUTER_BOUND ( 'NONE', #665, .T. ) ;
#5587 = SURFACE_STYLE_USAGE ( .BOTH. , #1432 ) ;
#5588 = CARTESIAN_POINT ( 'NONE',  ( 0.0000000000000000000, 0.0000000000000000000, -11.49999999999999800 ) ) ;
#5589 = VERTEX_POINT ( 'NONE', #2221 ) ;
#5590 = DIRECTION ( 'NONE',  ( 2.605923961437087100E-016, -1.000000000000000000, 0.0000000000000000000 ) ) ;
#5591 = VERTEX_POINT ( 'NONE', #7918 ) ;
#5592 = AXIS2_PLACEMENT_3D ( 'NONE', #4839, #1605, #789 ) ;
#5593 = CYLINDRICAL_SURFACE ( 'NONE', #9687, 3.500000000000000000 ) ;
#5594 = DIRECTION ( 'NONE',  ( 0.0000000000000000000, -1.000000000000000000, 0.0000000000000000000 ) ) ;
#5595 = EDGE_CURVE ( 'NONE', #4486, #6707, #3352, .T. ) ;
#5596 =( NAMED_UNIT ( * ) SI_UNIT ( $, .STERADIAN. ) SOLID_ANGLE_UNIT ( ) );
#5597 = FILL_AREA_STYLE_COLOUR ( '', #9280 ) ;
#5598 = DIRECTION ( 'NONE',  ( -1.000000000000000000, 0.0000000000000000000, 0.0000000000000000000 ) ) ;
#5599 = VECTOR ( 'NONE', #1234, 1000.000000000000000 ) ;
#5600 = ORIENTED_EDGE ( 'NONE', *, *, #6596, .T. ) ;
#5601 = ORIENTED_EDGE ( 'NONE', *, *, #1765, .F. ) ;
#5602 = VECTOR ( 'NONE', #2367, 1000.000000000000000 ) ;
#5603 = UNCERTAINTY_MEASURE_WITH_UNIT (LENGTH_MEASURE( 1.000000000000000100E-005 ), #2028, 'distance_accuracy_value', 'NONE');
#5604 = CIRCLE ( 'NONE', #8710, 0.5000000000000004400 ) ;
#5605 = CARTESIAN_POINT ( 'NONE',  ( 16.74998035735527000, 15.03502403148956300, -9.499999999999998200 ) ) ;
#5606 = CARTESIAN_POINT ( 'NONE',  ( 0.0000000000000000000, 20.64999999999999900, -11.49999999999999800 ) ) ;
#5607 = PRESENTATION_LAYER_ASSIGNMENT (  '', '', ( #10795 ) ) ;
#5608 = DIRECTION ( 'NONE',  ( 1.000000000000000000, 0.0000000000000000000, 0.0000000000000000000 ) ) ;
#5609 = ADVANCED_FACE ( 'NONE', ( #6227 ), #8315, .T. ) ;
#5610 = DIRECTION ( 'NONE',  ( 1.000000000000000000, 0.0000000000000000000, 0.0000000000000000000 ) ) ;
#5611 = VECTOR ( 'NONE', #2253, 1000.000000000000000 ) ;
#5612 = AXIS2_PLACEMENT_3D ( 'NONE', #384, #9644, #10423 ) ;
#5613 = DIRECTION ( 'NONE',  ( -0.0000000000000000000, -0.0000000000000000000, -1.000000000000000000 ) ) ;
#5614 = ORIENTED_EDGE ( 'NONE', *, *, #274, .T. ) ;
#5615 = EDGE_CURVE ( 'NONE', #5302, #1510, #5321, .T. ) ;
#5616 = CARTESIAN_POINT ( 'NONE',  ( -20.64999999999999500, -16.94289321881344500, -10.99999999999999800 ) ) ;
#5617 = ORIENTED_EDGE ( 'NONE', *, *, #5416, .T. ) ;
#5618 = ORIENTED_EDGE ( 'NONE', *, *, #6641, .T. ) ;
#5619 = ADVANCED_FACE ( 'NONE', ( #5050 ), #9232, .T. ) ;
#5620 = CIRCLE ( 'NONE', #8858, 0.5000000000000022200 ) ;
#5621 = AXIS2_PLACEMENT_3D ( 'NONE', #5381, #2064, #625 ) ;
#5622 = LINE ( 'NONE', #3189, #3010 ) ;
#5623 = PLANE ( 'NONE',  #10812 ) ;
#5624 = EDGE_LOOP ( 'NONE', ( #5756, #1843, #6852, #3098 ) ) ;
#5625 = EDGE_CURVE ( 'NONE', #2722, #6488, #4003, .T. ) ;
#5626 = CARTESIAN_POINT ( 'NONE',  ( 17.29644660940672900, 21.00355339059327200, 2.000000000000000000 ) ) ;
#5627 = SURFACE_SIDE_STYLE ('',( #5058 ) ) ;
#5628 = ORIENTED_EDGE ( 'NONE', *, *, #2315, .F. ) ;
#5629 = CARTESIAN_POINT ( 'NONE',  ( 0.0000000000000000000, 0.0000000000000000000, -9.499999999999998200 ) ) ;
#5630 = CARTESIAN_POINT ( 'NONE',  ( -20.64999999999999500, 16.94289321881343100, -1.499999999999997800 ) ) ;
#5631 = TOROIDAL_SURFACE ( 'NONE', #2537, 15.50000000000000000, 0.5000000000000000000 ) ;
#5632 =( NAMED_UNIT ( * ) PLANE_ANGLE_UNIT ( ) SI_UNIT ( $, .RADIAN. ) );
#5633 = LINE ( 'NONE', #1669, #10483 ) ;
#5634 = PLANE ( 'NONE',  #7794 ) ;
#5635 = DIRECTION ( 'NONE',  ( 0.0000000000000000000, 0.0000000000000000000, 1.000000000000000000 ) ) ;
#5636 = ORIENTED_EDGE ( 'NONE', *, *, #4163, .F. ) ;
#5637 = EDGE_CURVE ( 'NONE', #1467, #8815, #3600, .T. ) ;
#5638 = PRESENTATION_LAYER_ASSIGNMENT (  '', '', ( #2981 ) ) ;
#5639 = CARTESIAN_POINT ( 'NONE',  ( -3.000000000000023500, -19.77371993328518200, -15.00000000000000900 ) ) ;
#5640 = EDGE_LOOP ( 'NONE', ( #8106, #8415, #2767, #641 ) ) ;
#5641 = ORIENTED_EDGE ( 'NONE', *, *, #8787, .T. ) ;
#5642 = CYLINDRICAL_SURFACE ( 'NONE', #5197, 0.5000000000000004400 ) ;
#5643 = DIRECTION ( 'NONE',  ( -1.000000000000000000, -1.387778780781444300E-014, -0.0000000000000000000 ) ) ;
#5644 = CARTESIAN_POINT ( 'NONE',  ( 16.74998035735527000, 15.96497596851043000, -9.499999999999998200 ) ) ;
#5645 = CARTESIAN_POINT ( 'NONE',  ( -10.49999999999999800, 1.285879139104720600E-015, 11.50000000000000000 ) ) ;
#5646 =( GEOMETRIC_REPRESENTATION_CONTEXT ( 3 ) GLOBAL_UNCERTAINTY_ASSIGNED_CONTEXT ( ( #3050 ) ) GLOBAL_UNIT_ASSIGNED_CONTEXT ( ( #5305, #1813, #4382 ) ) REPRESENTATION_CONTEXT ( 'NONE', 'WORKASPACE' ) );
#5647 = CARTESIAN_POINT ( 'NONE',  ( 21.16000000000000000, 13.31369220013741700, 4.000000000000003600 ) ) ;
#5648 = ORIENTED_EDGE ( 'NONE', *, *, #7391, .T. ) ;
#5649 = ORIENTED_EDGE ( 'NONE', *, *, #2616, .F. ) ;
#5650 = SURFACE_SIDE_STYLE ('',( #9544 ) ) ;
#5651 =( NAMED_UNIT ( * ) SI_UNIT ( $, .STERADIAN. ) SOLID_ANGLE_UNIT ( ) );
#5652 = ORIENTED_EDGE ( 'NONE', *, *, #126, .F. ) ;
#5653 = FACE_OUTER_BOUND ( 'NONE', #3383, .T. ) ;
#5654 = DIRECTION ( 'NONE',  ( -1.000000000000000000, 0.0000000000000000000, 0.0000000000000000000 ) ) ;
#5655 = DIRECTION ( 'NONE',  ( -0.0000000000000000000, -0.0000000000000000000, -1.000000000000000000 ) ) ;
#5656 = SPHERICAL_SURFACE ( 'NONE', #1711, 0.5000000000000000000 ) ;
#5657 = PRESENTATION_LAYER_ASSIGNMENT (  '', '', ( #3677 ) ) ;
#5658 = ORIENTED_EDGE ( 'NONE', *, *, #1206, .T. ) ;
#5659 = DIRECTION ( 'NONE',  ( 0.0000000000000000000, 0.0000000000000000000, 1.000000000000000000 ) ) ;
#5660 = EDGE_CURVE ( 'NONE', #3920, #10035, #3078, .T. ) ;
#5661 = FILL_AREA_STYLE ('',( #4816 ) ) ;
#5662 = ORIENTED_EDGE ( 'NONE', *, *, #4908, .F. ) ;
#5663 = CYLINDRICAL_SURFACE ( 'NONE', #4540, 2.500000000000000000 ) ;
#5664 = UNCERTAINTY_MEASURE_WITH_UNIT (LENGTH_MEASURE( 1.000000000000000100E-005 ), #4036, 'distance_accuracy_value', 'NONE');
#5665 = VECTOR ( 'NONE', #10646, 1000.000000000000000 ) ;
#5666 = ORIENTED_EDGE ( 'NONE', *, *, #7448, .F. ) ;
#5667 =( NAMED_UNIT ( * ) PLANE_ANGLE_UNIT ( ) SI_UNIT ( $, .RADIAN. ) );
#5668 = CARTESIAN_POINT ( 'NONE',  ( -15.98624964825069300, -16.80716972541312200, -10.99999999999999800 ) ) ;
#5669 = DIRECTION ( 'NONE',  ( 0.0000000000000000000, -1.000000000000000000, 0.0000000000000000000 ) ) ;
#5670 = FILL_AREA_STYLE_COLOUR ( '', #9653 ) ;
#5671 = AXIS2_PLACEMENT_3D ( 'NONE', #485, #4694, #5479 ) ;
#5672 = FILL_AREA_STYLE_COLOUR ( '', #7095 ) ;
#5673 = VERTEX_POINT ( 'NONE', #8939 ) ;
#5674 = MECHANICAL_DESIGN_GEOMETRIC_PRESENTATION_REPRESENTATION (  '', ( #9244 ), #1910 ) ;
#5675 = FACE_OUTER_BOUND ( 'NONE', #5983, .T. ) ;
#5676 = EDGE_CURVE ( 'NONE', #8960, #5763, #6869, .T. ) ;
#5677 = ADVANCED_FACE ( 'NONE', ( #8846 ), #6355, .F. ) ;
#5678 = DIRECTION ( 'NONE',  ( -0.0000000000000000000, 1.000000000000000000, -0.0000000000000000000 ) ) ;
#5679 = CYLINDRICAL_SURFACE ( 'NONE', #1779, 0.5563334663949287600 ) ;
#5680 =( NAMED_UNIT ( * ) SI_UNIT ( $, .STERADIAN. ) SOLID_ANGLE_UNIT ( ) );
#5681 = CARTESIAN_POINT ( 'NONE',  ( 1.799999999999999400, -18.15000000000000600, -13.15000000000000400 ) ) ;
#5682 = DIRECTION ( 'NONE',  ( -0.0000000000000000000, -0.0000000000000000000, -1.000000000000000000 ) ) ;
#5683 = CARTESIAN_POINT ( 'NONE',  ( 16.79644660940671800, -20.79644660940672900, -11.49999999999999800 ) ) ;
#5684 = ORIENTED_EDGE ( 'NONE', *, *, #4137, .F. ) ;
#5685 = AXIS2_PLACEMENT_3D ( 'NONE', #7159, #2177, #8927 ) ;
#5686 = PRESENTATION_STYLE_ASSIGNMENT (( #41 ) ) ;
#5687 = AXIS2_PLACEMENT_3D ( 'NONE', #8164, #8935, #6515 ) ;
#5688 = SURFACE_SIDE_STYLE ('',( #8379 ) ) ;
#5689 = EDGE_CURVE ( 'NONE', #3145, #882, #332, .T. ) ;
#5690 =( NAMED_UNIT ( * ) SI_UNIT ( $, .STERADIAN. ) SOLID_ANGLE_UNIT ( ) );
#5691 = COLOUR_RGB ( '',0.0000000000000000000, 0.5019607843137254800, 0.2509803921568627400 ) ;
#5692 = LINE ( 'NONE', #4543, #8447 ) ;
#5693 = DIRECTION ( 'NONE',  ( 1.000000000000000000, 0.0000000000000000000, 0.0000000000000000000 ) ) ;
#5694 = ORIENTED_EDGE ( 'NONE', *, *, #4675, .F. ) ;
#5695 = ORIENTED_EDGE ( 'NONE', *, *, #1765, .T. ) ;
#5696 = MECHANICAL_DESIGN_GEOMETRIC_PRESENTATION_REPRESENTATION (  '', ( #9767 ), #815 ) ;
#5697 = CARTESIAN_POINT ( 'NONE',  ( -17.29644660940670800, 21.00355339059327500, -11.49999999999999800 ) ) ;
#5698 = CIRCLE ( 'NONE', #4819, 0.5000000000000004400 ) ;
#5699 = ORIENTED_EDGE ( 'NONE', *, *, #3090, .F. ) ;
#5700 = CARTESIAN_POINT ( 'NONE',  ( -13.32957238623955800, 21.14999999999999900, -3.499999999999996000 ) ) ;
#5701 = CARTESIAN_POINT ( 'NONE',  ( 16.75000000000000000, 15.50000000000000000, 10.00000000000000000 ) ) ;
#5702 = CIRCLE ( 'NONE', #537, 25.00000000000000000 ) ;
#5703 = DIRECTION ( 'NONE',  ( 1.000000000000000000, 1.235860604586716300E-014, 0.0000000000000000000 ) ) ;
#5704 = ORIENTED_EDGE ( 'NONE', *, *, #10180, .T. ) ;
#5705 = DIRECTION ( 'NONE',  ( 8.202002250481357500E-017, -1.000000000000000000, -0.0000000000000000000 ) ) ;
#5706 = CIRCLE ( 'NONE', #6208, 0.5000000000000004400 ) ;
#5707 = DIRECTION ( 'NONE',  ( 0.0000000000000000000, -1.000000000000000000, 0.0000000000000000000 ) ) ;
#5708 = DIRECTION ( 'NONE',  ( -1.000000000000000000, 0.0000000000000000000, 0.0000000000000000000 ) ) ;
#5709 = DIRECTION ( 'NONE',  ( 1.000000000000000000, 0.0000000000000000000, 0.0000000000000000000 ) ) ;
#5710 = EDGE_CURVE ( 'NONE', #1313, #3666, #6999, .T. ) ;
#5711 = STYLED_ITEM ( 'NONE', ( #4793 ), #69 ) ;
#5712 = TOROIDAL_SURFACE ( 'NONE', #8109, 10.49999999999999800, 0.5000000000000000000 ) ;
#5713 = STYLED_ITEM ( 'NONE', ( #980 ), #9631 ) ;
#5714 = UNCERTAINTY_MEASURE_WITH_UNIT (LENGTH_MEASURE( 1.000000000000000100E-005 ), #10325, 'distance_accuracy_value', 'NONE');
#5716 = DIRECTION ( 'NONE',  ( 1.000000000000000000, 0.0000000000000000000, 0.0000000000000000000 ) ) ;
#5715 = LINE ( 'NONE', #9322, #7419 ) ;
#5717 = EDGE_LOOP ( 'NONE', ( #3027, #10852, #5383, #7758 ) ) ;
#5718 = VECTOR ( 'NONE', #1688, 999.9999999999998900 ) ;
#5719 =( LENGTH_UNIT ( ) NAMED_UNIT ( * ) SI_UNIT ( .MILLI., .METRE. ) );
#5720 = LINE ( 'NONE', #10667, #7834 ) ;
#5721 = ADVANCED_FACE ( 'NONE', ( #8064 ), #5820, .F. ) ;
#5722 = CARTESIAN_POINT ( 'NONE',  ( 0.0000000000000000000, 0.0000000000000000000, 9.500000000000000000 ) ) ;
#5723 = SURFACE_SIDE_STYLE ('',( #5848 ) ) ;
#5724 = CARTESIAN_POINT ( 'NONE',  ( 14.25001964264473600, 15.03502403148956600, -9.499999999999998200 ) ) ;
#5725 = EDGE_CURVE ( 'NONE', #3716, #5729, #2056, .T. ) ;
#5726 = STYLED_ITEM ( 'NONE', ( #2944 ), #914 ) ;
#5727 = LINE ( 'NONE', #3919, #8079 ) ;
#5728 = VERTEX_POINT ( 'NONE', #797 ) ;
#5729 = VERTEX_POINT ( 'NONE', #6705 ) ;
#5730 = FACE_OUTER_BOUND ( 'NONE', #6183, .T. ) ;
#5731 = AXIS2_PLACEMENT_3D ( 'NONE', #1511, #7332, #9017 ) ;
#5732 = UNCERTAINTY_MEASURE_WITH_UNIT (LENGTH_MEASURE( 1.000000000000000100E-005 ), #1473, 'distance_accuracy_value', 'NONE');
#5733 = VECTOR ( 'NONE', #6166, 1000.000000000000000 ) ;
#5734 = EDGE_CURVE ( 'NONE', #6301, #2842, #1675, .T. ) ;
#5735 = DIRECTION ( 'NONE',  ( 0.0000000000000000000, -1.000000000000000000, 0.0000000000000000000 ) ) ;
#5736 = CARTESIAN_POINT ( 'NONE',  ( -21.14999999999999500, 13.32957238623956400, -63.34951795962939500 ) ) ;
#5737 = CARTESIAN_POINT ( 'NONE',  ( -13.32957238623954800, -21.15000000000000600, -1.500000000000001300 ) ) ;
#5738 = DIRECTION ( 'NONE',  ( -1.865390464730961800E-015, 1.000000000000000000, -0.0000000000000000000 ) ) ;
#5739 = CARTESIAN_POINT ( 'NONE',  ( 1.799999999999999400, -39.15000000000002000, -12.65000000000000400 ) ) ;
#5740 = CARTESIAN_POINT ( 'NONE',  ( 14.25000000000000200, 15.50000000000000000, 5.500000000000000000 ) ) ;
#5741 = EDGE_LOOP ( 'NONE', ( #3800, #9883, #9670, #5800 ) ) ;
#5742 =( NAMED_UNIT ( * ) SI_UNIT ( $, .STERADIAN. ) SOLID_ANGLE_UNIT ( ) );
#5743 = PRESENTATION_STYLE_ASSIGNMENT (( #9868 ) ) ;
#5744 = AXIS2_PLACEMENT_3D ( 'NONE', #907, #7435, #6735 ) ;
#5745 = EDGE_LOOP ( 'NONE', ( #4562, #1186, #8237, #10320 ) ) ;
#5746 = DIRECTION ( 'NONE',  ( 1.000000000000000000, 0.0000000000000000000, 0.0000000000000000000 ) ) ;
#5747 = ORIENTED_EDGE ( 'NONE', *, *, #2265, .T. ) ;
#5748 =( LENGTH_UNIT ( ) NAMED_UNIT ( * ) SI_UNIT ( .MILLI., .METRE. ) );
#5749 =( NAMED_UNIT ( * ) PLANE_ANGLE_UNIT ( ) SI_UNIT ( $, .RADIAN. ) );
#5750 = EDGE_CURVE ( 'NONE', #4398, #3271, #461, .T. ) ;
#5751 = CARTESIAN_POINT ( 'NONE',  ( -2.616151791541896800, -19.15000000000000600, -5.125280410722632900 ) ) ;
#5752 = VERTEX_POINT ( 'NONE', #9119 ) ;
#5753 = LINE ( 'NONE', #2074, #5877 ) ;
#5754 = ORIENTED_EDGE ( 'NONE', *, *, #1240, .F. ) ;
#5755 = DIRECTION ( 'NONE',  ( 0.0000000000000000000, -0.0000000000000000000, 1.000000000000000000 ) ) ;
#5756 = ORIENTED_EDGE ( 'NONE', *, *, #4693, .F. ) ;
#5757 = PRESENTATION_LAYER_ASSIGNMENT (  '', '', ( #151 ) ) ;
#5758 = ORIENTED_EDGE ( 'NONE', *, *, #10479, .F. ) ;
#5759 = LINE ( 'NONE', #8055, #2372 ) ;
#5760 = TOROIDAL_SURFACE ( 'NONE', #9517, 1.899999999999999000, 0.5000000000000000000 ) ;
#5761 = EDGE_CURVE ( 'NONE', #414, #4526, #6742, .T. ) ;
#5762 = CARTESIAN_POINT ( 'NONE',  ( 0.0000000000000000000, 0.0000000000000000000, 29.50000000000000000 ) ) ;
#5763 = VERTEX_POINT ( 'NONE', #6669 ) ;
#5764 = PRESENTATION_STYLE_ASSIGNMENT (( #2365 ) ) ;
#5765 = PLANE ( 'NONE',  #3277 ) ;
#5766 = CARTESIAN_POINT ( 'NONE',  ( 0.5999999999999992000, -18.15000000000000600, -12.65000000000000400 ) ) ;
#5767 =( NAMED_UNIT ( * ) SI_UNIT ( $, .STERADIAN. ) SOLID_ANGLE_UNIT ( ) );
#5768 = ORIENTED_EDGE ( 'NONE', *, *, #4016, .F. ) ;
#5769 = LINE ( 'NONE', #222, #9316 ) ;
#5770 = LINE ( 'NONE', #4669, #1352 ) ;
#5771 = CIRCLE ( 'NONE', #2732, 0.5000000000000022200 ) ;
#5772 = PRESENTATION_LAYER_ASSIGNMENT (  '', '', ( #10491 ) ) ;
#5773 = DIRECTION ( 'NONE',  ( -0.0000000000000000000, -0.0000000000000000000, -1.000000000000000000 ) ) ;
#5774 = ADVANCED_FACE ( 'NONE', ( #4656 ), #9368, .T. ) ;
#5775 = CARTESIAN_POINT ( 'NONE',  ( 20.65000000000000200, -16.94289321881345200, 9.500000000000000000 ) ) ;
#5776 = VERTEX_POINT ( 'NONE', #1658 ) ;
#5777 =( NAMED_UNIT ( * ) PLANE_ANGLE_UNIT ( ) SI_UNIT ( $, .RADIAN. ) );
#5778 = EDGE_LOOP ( 'NONE', ( #3468, #1353, #4707, #3923 ) ) ;
#5779 = SURFACE_STYLE_USAGE ( .BOTH. , #7317 ) ;
#5780 = AXIS2_PLACEMENT_3D ( 'NONE', #5182, #3378, #7626 ) ;
#5781 = DIRECTION ( 'NONE',  ( 0.0000000000000000000, -1.000000000000000000, 0.0000000000000000000 ) ) ;
#5782 = COLOUR_RGB ( '',1.000000000000000000, 0.0000000000000000000, 0.0000000000000000000 ) ;
#5783 = FILL_AREA_STYLE ('',( #4113 ) ) ;
#5784 = ORIENTED_EDGE ( 'NONE', *, *, #1504, .T. ) ;
#5785 = SURFACE_STYLE_FILL_AREA ( #740 ) ;
#5786 = EDGE_LOOP ( 'NONE', ( #1735, #6744 ) ) ;
#5787 = FILL_AREA_STYLE ('',( #9121 ) ) ;
#5788 = ORIENTED_EDGE ( 'NONE', *, *, #3509, .T. ) ;
#5789 =( NAMED_UNIT ( * ) SI_UNIT ( $, .STERADIAN. ) SOLID_ANGLE_UNIT ( ) );
#5790 = VECTOR ( 'NONE', #1872, 1000.000000000000000 ) ;
#5791 = UNCERTAINTY_MEASURE_WITH_UNIT (LENGTH_MEASURE( 1.000000000000000100E-005 ), #1254, 'distance_accuracy_value', 'NONE');
#5792 = DIRECTION ( 'NONE',  ( 0.0000000000000000000, -0.0000000000000000000, 1.000000000000000000 ) ) ;
#5793 = STYLED_ITEM ( 'NONE', ( #10015 ), #356 ) ;
#5794 = ORIENTED_EDGE ( 'NONE', *, *, #4246, .F. ) ;
#5795 = AXIS2_PLACEMENT_3D ( 'NONE', #5300, #241, #6965 ) ;
#5796 =( LENGTH_UNIT ( ) NAMED_UNIT ( * ) SI_UNIT ( .MILLI., .METRE. ) );
#5797 = EDGE_CURVE ( 'NONE', #10574, #3030, #10555, .T. ) ;
#5798 =( GEOMETRIC_REPRESENTATION_CONTEXT ( 3 ) GLOBAL_UNCERTAINTY_ASSIGNED_CONTEXT ( ( #7940 ) ) GLOBAL_UNIT_ASSIGNED_CONTEXT ( ( #6095, #10273, #3651 ) ) REPRESENTATION_CONTEXT ( 'NONE', 'WORKASPACE' ) );
#5799 = CARTESIAN_POINT ( 'NONE',  ( 0.0000000000000000000, 0.0000000000000000000, 12.00000000000000000 ) ) ;
#5800 = ORIENTED_EDGE ( 'NONE', *, *, #2061, .T. ) ;
#5801 =( NAMED_UNIT ( * ) SI_UNIT ( $, .STERADIAN. ) SOLID_ANGLE_UNIT ( ) );
#5802 = CONICAL_SURFACE ( 'NONE', #5385, 1.249999999999997600, 1.029744258676653200 ) ;
#5803 =( NAMED_UNIT ( * ) SI_UNIT ( $, .STERADIAN. ) SOLID_ANGLE_UNIT ( ) );
#5804 = CARTESIAN_POINT ( 'NONE',  ( 1.799999999999998900, -39.15000000000002000, -13.85000000000000300 ) ) ;
#5805 = CARTESIAN_POINT ( 'NONE',  ( -13.10000000000087000, -15.49999999999912400, -9.499999999999998200 ) ) ;
#5806 = CIRCLE ( 'NONE', #3016, 0.5563334663949278700 ) ;
#5807 = SURFACE_STYLE_USAGE ( .BOTH. , #2529 ) ;
#5808 = EDGE_LOOP ( 'NONE', ( #3190, #8099 ) ) ;
#5809 = STYLED_ITEM ( 'NONE', ( #10779 ), #6388 ) ;
#5810 = EDGE_CURVE ( 'NONE', #5324, #8409, #7260, .T. ) ;
#5811 = ORIENTED_EDGE ( 'NONE', *, *, #9551, .F. ) ;
#5812 = DIRECTION ( 'NONE',  ( 1.000000000000000000, -0.0000000000000000000, -0.0000000000000000000 ) ) ;
#5813 = LINE ( 'NONE', #6011, #3865 ) ;
#5814 =( NAMED_UNIT ( * ) PLANE_ANGLE_UNIT ( ) SI_UNIT ( $, .RADIAN. ) );
#5815 = CARTESIAN_POINT ( 'NONE',  ( 15.96497596850902500, -14.25001964264521200, -10.99999999999999800 ) ) ;
#5816 = DIRECTION ( 'NONE',  ( 0.0000000000000000000, 0.0000000000000000000, -1.000000000000000000 ) ) ;
#5817 =( GEOMETRIC_REPRESENTATION_CONTEXT ( 3 ) GLOBAL_UNCERTAINTY_ASSIGNED_CONTEXT ( ( #1051 ) ) GLOBAL_UNIT_ASSIGNED_CONTEXT ( ( #9115, #3223, #1609 ) ) REPRESENTATION_CONTEXT ( 'NONE', 'WORKASPACE' ) );
#5818 = LINE ( 'NONE', #8506, #10551 ) ;
#5819 = CARTESIAN_POINT ( 'NONE',  ( -15.01375035175307500, -15.03502403148862900, -9.499999999999998200 ) ) ;
#5820 = PLANE ( 'NONE',  #6142 ) ;
#5821 = FACE_OUTER_BOUND ( 'NONE', #4222, .T. ) ;
#5822 =( LENGTH_UNIT ( ) NAMED_UNIT ( * ) SI_UNIT ( .MILLI., .METRE. ) );
#5823 = EDGE_CURVE ( 'NONE', #1638, #1580, #8452, .T. ) ;
#5824 = CARTESIAN_POINT ( 'NONE',  ( -0.6000000000000009800, -39.15000000000002000, -14.35000000000000500 ) ) ;
#5825 = CARTESIAN_POINT ( 'NONE',  ( -16.74998035735715300, -15.96497596850949400, -9.499999999999998200 ) ) ;
#5826 = ORIENTED_EDGE ( 'NONE', *, *, #7514, .T. ) ;
#5827 = ADVANCED_FACE ( 'NONE', ( #6216 ), #910, .T. ) ;
#5828 = SURFACE_SIDE_STYLE ('',( #575 ) ) ;
#5829 = TOROIDAL_SURFACE ( 'NONE', #5243, 3.249999999999997800, 0.5000000000000000000 ) ;
#5830 = CARTESIAN_POINT ( 'NONE',  ( 0.0000000000000000000, -21.25000000000000700, -4.149999999999994100 ) ) ;
#5831 = VECTOR ( 'NONE', #4812, 1000.000000000000000 ) ;
#5832 = EDGE_LOOP ( 'NONE', ( #3103, #7451, #10751, #772 ) ) ;
#5833 = DIRECTION ( 'NONE',  ( -0.0000000000000000000, -0.0000000000000000000, -1.000000000000000000 ) ) ;
#5834 = VECTOR ( 'NONE', #3881, 1000.000000000000000 ) ;
#5835 = VECTOR ( 'NONE', #3755, 1000.000000000000000 ) ;
#5836 = EDGE_CURVE ( 'NONE', #4462, #7576, #8054, .T. ) ;
#5837 = SURFACE_STYLE_USAGE ( .BOTH. , #10854 ) ;
#5838 = AXIS2_PLACEMENT_3D ( 'NONE', #8015, #7190, #3137 ) ;
#5839 = ORIENTED_EDGE ( 'NONE', *, *, #4095, .F. ) ;
#5840 = DIRECTION ( 'NONE',  ( 1.000000000000000000, 0.0000000000000000000, 0.0000000000000000000 ) ) ;
#5841 = DIRECTION ( 'NONE',  ( 0.0000000000000000000, 0.0000000000000000000, -1.000000000000000000 ) ) ;
#5842 = DIRECTION ( 'NONE',  ( 0.0000000000000000000, -1.000000000000000000, 0.0000000000000000000 ) ) ;
#5843 = VECTOR ( 'NONE', #9623, 1000.000000000000000 ) ;
#5844 = VECTOR ( 'NONE', #2800, 1000.000000000000000 ) ;
#5845 = EDGE_LOOP ( 'NONE', ( #2364, #10108 ) ) ;
#5846 = STYLED_ITEM ( 'NONE', ( #4141 ), #8797 ) ;
#5847 = CARTESIAN_POINT ( 'NONE',  ( -15.01375035175305900, -16.80716972541313200, -9.499999999999998200 ) ) ;
#5848 = SURFACE_STYLE_FILL_AREA ( #8214 ) ;
#5849 =( NAMED_UNIT ( * ) PLANE_ANGLE_UNIT ( ) SI_UNIT ( $, .RADIAN. ) );
#5850 = FILL_AREA_STYLE ('',( #8235 ) ) ;
#5852 = ORIENTED_EDGE ( 'NONE', *, *, #7580, .T. ) ;
#5851 = PLANE ( 'NONE',  #6032 ) ;
#5853 = ORIENTED_EDGE ( 'NONE', *, *, #4936, .T. ) ;
#5854 = FACE_OUTER_BOUND ( 'NONE', #9811, .T. ) ;
#5855 = CIRCLE ( 'NONE', #4641, 1.899999999999999000 ) ;
#5856 = AXIS2_PLACEMENT_3D ( 'NONE', #4059, #8328, #890 ) ;
#5857 = VERTEX_POINT ( 'NONE', #767 ) ;
#5858 = EDGE_CURVE ( 'NONE', #10313, #943, #4914, .T. ) ;
#5859 = CARTESIAN_POINT ( 'NONE',  ( 2.799999999999999800, 0.0000000000000000000, 10.00000000000000000 ) ) ;
#5860 = DIRECTION ( 'NONE',  ( -1.000000000000000000, 0.0000000000000000000, 0.0000000000000000000 ) ) ;
#5861 =( NAMED_UNIT ( * ) PLANE_ANGLE_UNIT ( ) SI_UNIT ( $, .RADIAN. ) );
#5862 = DIRECTION ( 'NONE',  ( -0.0000000000000000000, -0.0000000000000000000, 1.000000000000000000 ) ) ;
#5863 = EDGE_LOOP ( 'NONE', ( #3334, #4080, #5106, #2366 ) ) ;
#5864 = FACE_OUTER_BOUND ( 'NONE', #6929, .T. ) ;
#5865 = DIRECTION ( 'NONE',  ( -0.0000000000000000000, -0.0000000000000000000, 1.000000000000000000 ) ) ;
#5866 = CARTESIAN_POINT ( 'NONE',  ( 2.999999999999976500, -18.15000000000000600, -14.99999999999999800 ) ) ;
#5867 = FACE_OUTER_BOUND ( 'NONE', #10735, .T. ) ;
#5868 = ORIENTED_EDGE ( 'NONE', *, *, #2443, .T. ) ;
#5869 = EDGE_CURVE ( 'NONE', #3036, #5168, #867, .T. ) ;
#5870 = AXIS2_PLACEMENT_3D ( 'NONE', #7414, #4346, #9211 ) ;
#5871 = STYLED_ITEM ( 'NONE', ( #7649 ), #6150 ) ;
#5872 = DIRECTION ( 'NONE',  ( -0.0000000000000000000, 0.0000000000000000000, -1.000000000000000000 ) ) ;
#5873 = CARTESIAN_POINT ( 'NONE',  ( 0.0000000000000000000, 0.0000000000000000000, 17.50000000000000000 ) ) ;
#5874 = ORIENTED_EDGE ( 'NONE', *, *, #336, .F. ) ;
#5875 = EDGE_CURVE ( 'NONE', #9688, #3692, #6071, .T. ) ;
#5876 = DIRECTION ( 'NONE',  ( -1.000000000000000000, 0.0000000000000000000, 0.0000000000000000000 ) ) ;
#5877 = VECTOR ( 'NONE', #9589, 1000.000000000000000 ) ;
#5878 = CARTESIAN_POINT ( 'NONE',  ( 16.74998035735527000, 15.96497596851043000, -10.99999999999999800 ) ) ;
#5879 = CIRCLE ( 'NONE', #5064, 2.749999999999997300 ) ;
#5880 = CARTESIAN_POINT ( 'NONE',  ( -20.64999999999999500, 16.94289321881344900, 10.00000000000000000 ) ) ;
#5881 = ORIENTED_EDGE ( 'NONE', *, *, #3428, .F. ) ;
#5882 = ADVANCED_FACE ( 'NONE', ( #8302 ), #192, .T. ) ;
#5883 = ORIENTED_EDGE ( 'NONE', *, *, #5734, .T. ) ;
#5884 = LINE ( 'NONE', #8240, #3668 ) ;
#5885 = AXIS2_PLACEMENT_3D ( 'NONE', #4488, #2959, #6164 ) ;
#5886 = DIRECTION ( 'NONE',  ( -1.000000000000000000, 0.0000000000000000000, 0.0000000000000000000 ) ) ;
#5887 = FACE_OUTER_BOUND ( 'NONE', #7211, .T. ) ;
#5888 = VERTEX_POINT ( 'NONE', #10810 ) ;
#5889 = AXIS2_PLACEMENT_3D ( 'NONE', #3156, #3743, #1424 ) ;
#5890 = ORIENTED_EDGE ( 'NONE', *, *, #2863, .F. ) ;
#5891 = CARTESIAN_POINT ( 'NONE',  ( 15.50000000000000400, -15.50000000000000000, 10.00000000000000000 ) ) ;
#5892 = EDGE_CURVE ( 'NONE', #5280, #845, #9879, .T. ) ;
#5893 = FILL_AREA_STYLE ('',( #6456 ) ) ;
#5894 = ORIENTED_EDGE ( 'NONE', *, *, #7408, .F. ) ;
#5895 =( NAMED_UNIT ( * ) SI_UNIT ( $, .STERADIAN. ) SOLID_ANGLE_UNIT ( ) );
#5896 = CARTESIAN_POINT ( 'NONE',  ( 15.49999999999912400, -15.50000000000000200, -10.99999999999999800 ) ) ;
#5897 = VECTOR ( 'NONE', #6058, 1000.000000000000000 ) ;
#5898 =( NAMED_UNIT ( * ) PLANE_ANGLE_UNIT ( ) SI_UNIT ( $, .RADIAN. ) );
#5899 = ORIENTED_EDGE ( 'NONE', *, *, #10736, .T. ) ;
#5900 = CARTESIAN_POINT ( 'NONE',  ( -15.49999999999999600, 15.50000000000087400, -9.499999999999998200 ) ) ;
#5901 = EDGE_LOOP ( 'NONE', ( #3402, #2614, #380, #2599 ) ) ;
#5902 = EDGE_LOOP ( 'NONE', ( #3975, #7832, #906, #871 ) ) ;
#5903 = VECTOR ( 'NONE', #8868, 1000.000000000000000 ) ;
#5904 = AXIS2_PLACEMENT_3D ( 'NONE', #6496, #2200, #4703 ) ;
#5905 =( NAMED_UNIT ( * ) PLANE_ANGLE_UNIT ( ) SI_UNIT ( $, .RADIAN. ) );
#5906 = ORIENTED_EDGE ( 'NONE', *, *, #3276, .F. ) ;
#5907 = APPLICATION_CONTEXT ( 'automotive_design' ) ;
#5908 = PRESENTATION_STYLE_ASSIGNMENT (( #2575 ) ) ;
#5909 = CIRCLE ( 'NONE', #2110, 11.50000000000000000 ) ;
#5910 = ORIENTED_EDGE ( 'NONE', *, *, #5959, .T. ) ;
#5911 = PLANE ( 'NONE',  #2104 ) ;
#5912 = CARTESIAN_POINT ( 'NONE',  ( 0.0000000000000000000, 0.0000000000000000000, 2.000000000000001800 ) ) ;
#5913 = DIRECTION ( 'NONE',  ( 1.000000000000000000, 0.0000000000000000000, 0.0000000000000000000 ) ) ;
#5914 = DIRECTION ( 'NONE',  ( 1.000000000000000000, 8.202002250481357500E-017, 0.0000000000000000000 ) ) ;
#5915 = EDGE_LOOP ( 'NONE', ( #4276, #5011, #4667, #1132 ) ) ;
#5916 = CARTESIAN_POINT ( 'NONE',  ( 15.03502403148815200, -15.98624964824929200, -9.499999999999998200 ) ) ;
#5917 = DIRECTION ( 'NONE',  ( -0.0000000000000000000, -1.000000000000000000, -0.0000000000000000000 ) ) ;
#5918 = ORIENTED_EDGE ( 'NONE', *, *, #6584, .F. ) ;
#5919 = CIRCLE ( 'NONE', #10863, 0.5000000000000004400 ) ;
#5920 = STYLED_ITEM ( 'NONE', ( #2081 ), #5022 ) ;
#5921 = COLOUR_RGB ( '',0.0000000000000000000, 0.0000000000000000000, 0.0000000000000000000 ) ;
#5922 = ORIENTED_EDGE ( 'NONE', *, *, #3017, .T. ) ;
#5923 = ORIENTED_EDGE ( 'NONE', *, *, #1613, .T. ) ;
#5924 = FACE_OUTER_BOUND ( 'NONE', #5863, .T. ) ;
#5925 = EDGE_CURVE ( 'NONE', #3537, #4547, #1388, .T. ) ;
#5926 = AXIS2_PLACEMENT_3D ( 'NONE', #9775, #2280, #1456 ) ;
#5927 = DIRECTION ( 'NONE',  ( -0.0000000000000000000, -0.0000000000000000000, -1.000000000000000000 ) ) ;
#5928 = AXIS2_PLACEMENT_3D ( 'NONE', #6952, #1900, #306 ) ;
#5929 = DIRECTION ( 'NONE',  ( 0.0000000000000000000, 0.0000000000000000000, 1.000000000000000000 ) ) ;
#5930 = CARTESIAN_POINT ( 'NONE',  ( -21.00355339059327200, -17.29644660940672600, -1.499999999999997800 ) ) ;
#5931 = ORIENTED_EDGE ( 'NONE', *, *, #7807, .T. ) ;
#5932 = UNCERTAINTY_MEASURE_WITH_UNIT (LENGTH_MEASURE( 1.000000000000000100E-005 ), #4549, 'distance_accuracy_value', 'NONE');
#5933 = DIRECTION ( 'NONE',  ( -0.0000000000000000000, -0.0000000000000000000, 1.000000000000000000 ) ) ;
#5934 = CIRCLE ( 'NONE', #4597, 0.5000000000000022200 ) ;
#5935 = ORIENTED_EDGE ( 'NONE', *, *, #6072, .F. ) ;
#5936 = CARTESIAN_POINT ( 'NONE',  ( 21.16000000000000000, 13.31369220013741700, 4.000000000000003600 ) ) ;
#5937 =( LENGTH_UNIT ( ) NAMED_UNIT ( * ) SI_UNIT ( .MILLI., .METRE. ) );
#5938 = CARTESIAN_POINT ( 'NONE',  ( 3.548845101049971500, -21.25000000000000700, -3.931563690378976800 ) ) ;
#5939 = MECHANICAL_DESIGN_GEOMETRIC_PRESENTATION_REPRESENTATION (  '', ( #5331 ), #270 ) ;
#5940 = EDGE_LOOP ( 'NONE', ( #9413, #9435, #5216, #5853 ) ) ;
#5941 = ADVANCED_FACE ( 'NONE', ( #2804 ), #8838, .T. ) ;
#5942 = AXIS2_PLACEMENT_3D ( 'NONE', #3293, #6732, #2536 ) ;
#5943 = SURFACE_STYLE_USAGE ( .BOTH. , #89 ) ;
#5944 = VECTOR ( 'NONE', #2279, 1000.000000000000000 ) ;
#5945 = EDGE_CURVE ( 'NONE', #9541, #5152, #9358, .T. ) ;
#5946 =( NAMED_UNIT ( * ) SI_UNIT ( $, .STERADIAN. ) SOLID_ANGLE_UNIT ( ) );
#5947 = CARTESIAN_POINT ( 'NONE',  ( -15.49999999999999600, 15.50000000000000000, 5.500000000000000000 ) ) ;
#5948 = DIRECTION ( 'NONE',  ( 0.0000000000000000000, 0.0000000000000000000, 1.000000000000000000 ) ) ;
#5949 = CARTESIAN_POINT ( 'NONE',  ( 0.0000000000000000000, -21.25000000000000700, 0.0000000000000000000 ) ) ;
#5950 = CARTESIAN_POINT ( 'NONE',  ( -11.00000000000000000, 0.0000000000000000000, 10.00000000000000000 ) ) ;
#5951 = LINE ( 'NONE', #1811, #582 ) ;
#5952 = CARTESIAN_POINT ( 'NONE',  ( -14.19283027458642900, 15.01375035175259500, -9.499999999999998200 ) ) ;
#5953 = SURFACE_STYLE_FILL_AREA ( #7787 ) ;
#5954 = PRESENTATION_LAYER_ASSIGNMENT (  '', '', ( #9108 ) ) ;
#5955 = CARTESIAN_POINT ( 'NONE',  ( 12.79999999999999900, 15.50000000000000000, -10.49999999999999600 ) ) ;
#5956 = PRESENTATION_STYLE_ASSIGNMENT (( #849 ) ) ;
#5957 = AXIS2_PLACEMENT_3D ( 'NONE', #5514, #5376, #488 ) ;
#5958 = EDGE_LOOP ( 'NONE', ( #3021, #8563, #9485, #7651 ) ) ;
#5959 = EDGE_CURVE ( 'NONE', #10409, #6660, #5180, .T. ) ;
#5960 = LINE ( 'NONE', #2171, #8307 ) ;
#5961 = FACE_OUTER_BOUND ( 'NONE', #9095, .T. ) ;
#5962 = ORIENTED_EDGE ( 'NONE', *, *, #8543, .T. ) ;
#5963 = CARTESIAN_POINT ( 'NONE',  ( -15.49999999999999600, 15.50000000000087400, -9.499999999999998200 ) ) ;
#5964 = SURFACE_SIDE_STYLE ('',( #2967 ) ) ;
#5965 = CIRCLE ( 'NONE', #5375, 0.5000000000000022200 ) ;
#5966 = DIRECTION ( 'NONE',  ( -8.202002250481356300E-017, 1.000000000000000000, 0.0000000000000000000 ) ) ;
#5967 =( NAMED_UNIT ( * ) SI_UNIT ( $, .STERADIAN. ) SOLID_ANGLE_UNIT ( ) );
#5968 = FILL_AREA_STYLE_COLOUR ( '', #9179 ) ;
#5969 = SURFACE_STYLE_USAGE ( .BOTH. , #7619 ) ;
#5970 = EDGE_LOOP ( 'NONE', ( #7753, #2896, #1213, #6169 ) ) ;
#5971 = ORIENTED_EDGE ( 'NONE', *, *, #2457, .F. ) ;
#5972 = DIRECTION ( 'NONE',  ( -0.0000000000000000000, -0.0000000000000000000, 1.000000000000000000 ) ) ;
#5973 = DIRECTION ( 'NONE',  ( -0.0000000000000000000, -0.0000000000000000000, 1.000000000000000000 ) ) ;
#5974 = ORIENTED_EDGE ( 'NONE', *, *, #8834, .F. ) ;
#5975 = EDGE_CURVE ( 'NONE', #6627, #7836, #4385, .T. ) ;
#5976 = CARTESIAN_POINT ( 'NONE',  ( 0.0000000000000000000, 0.0000000000000000000, 10.00000000000000000 ) ) ;
#5977 = EDGE_LOOP ( 'NONE', ( #4313, #9452, #1052 ) ) ;
#5978 = CARTESIAN_POINT ( 'NONE',  ( -15.96497596851089900, 16.74998035735668000, -9.499999999999998200 ) ) ;
#5979 = CARTESIAN_POINT ( 'NONE',  ( -1.800000000000000700, -39.15000000000002000, -13.15000000000000600 ) ) ;
#5980 = SURFACE_STYLE_FILL_AREA ( #3584 ) ;
#5981 = B_SPLINE_CURVE_WITH_KNOTS ( 'NONE', 3,
 ( #8727, #421, #3682, #7372, #4002, #10022 ),
 .UNSPECIFIED., .F., .F.,
 ( 4, 2, 4 ),
 ( 3.668924217634019000E-032, 0.0007961420118602716700, 0.001592284023720543300 ),
 .UNSPECIFIED. ) ;
#5982 = VECTOR ( 'NONE', #7603, 1000.000000000000000 ) ;
#5983 = EDGE_LOOP ( 'NONE', ( #4749, #1585, #3123, #2884 ) ) ;
#5984 = VECTOR ( 'NONE', #4188, 1000.000000000000000 ) ;
#5985 = EDGE_CURVE ( 'NONE', #6810, #7243, #2175, .T. ) ;
#5986 = AXIS2_PLACEMENT_3D ( 'NONE', #7368, #10564, #562 ) ;
#5987 = CARTESIAN_POINT ( 'NONE',  ( 0.5999999999999988700, -39.15000000000002000, -14.35000000000000500 ) ) ;
#5988 = CARTESIAN_POINT ( 'NONE',  ( -13.31369220013742600, 21.15999999999999700, 63.84951795962939500 ) ) ;
#5989 = DIRECTION ( 'NONE',  ( -0.0000000000000000000, 1.000000000000000000, -0.0000000000000000000 ) ) ;
#5990 = SURFACE_STYLE_USAGE ( .BOTH. , #5165 ) ;
#5991 = AXIS2_PLACEMENT_3D ( 'NONE', #1782, #131, #925 ) ;
#5992 = ORIENTED_EDGE ( 'NONE', *, *, #9329, .T. ) ;
#5993 = VERTEX_POINT ( 'NONE', #8358 ) ;
#5994 = ADVANCED_FACE ( 'NONE', ( #9091 ), #3381, .T. ) ;
#5995 = TOROIDAL_SURFACE ( 'NONE', #2090, 3.250000000000000000, 0.5000000000000000000 ) ;
#5996 = VECTOR ( 'NONE', #8007, 1000.000000000000000 ) ;
#5997 =( LENGTH_UNIT ( ) NAMED_UNIT ( * ) SI_UNIT ( .MILLI., .METRE. ) );
#5998 = PLANE ( 'NONE',  #5517 ) ;
#6000 = PRESENTATION_LAYER_ASSIGNMENT (  '', '', ( #9370 ) ) ;
#5999 = DIRECTION ( 'NONE',  ( 0.0000000000000000000, 0.0000000000000000000, -1.000000000000000000 ) ) ;
#6001 = EDGE_LOOP ( 'NONE', ( #9717, #10082, #1300, #3983 ) ) ;
#6002 = AXIS2_PLACEMENT_3D ( 'NONE', #6082, #9528, #10342 ) ;
#6003 = VECTOR ( 'NONE', #4870, 1000.000000000000000 ) ;
#6004 = EDGE_CURVE ( 'NONE', #6861, #8776, #728, .T. ) ;
#6005 = ADVANCED_FACE ( 'NONE', ( #10797 ), #2549, .F. ) ;
#6006 = CARTESIAN_POINT ( 'NONE',  ( 15.50000000000000400, -15.50000000000000000, 10.00000000000000000 ) ) ;
#6007 = AXIS2_PLACEMENT_3D ( 'NONE', #1302, #9579, #462 ) ;
#6008 = FILL_AREA_STYLE_COLOUR ( '', #6736 ) ;
#6009 = ORIENTED_EDGE ( 'NONE', *, *, #397, .F. ) ;
#6010 = ORIENTED_EDGE ( 'NONE', *, *, #1611, .F. ) ;
#6011 = CARTESIAN_POINT ( 'NONE',  ( 15.96497596850902500, -15.01375035175166400, -10.99999999999999800 ) ) ;
#6012 = CARTESIAN_POINT ( 'NONE',  ( 15.01375035175125200, 16.80716972541398100, -9.499999999999998200 ) ) ;
#6013 = VERTEX_POINT ( 'NONE', #3152 ) ;
#6014 = DIRECTION ( 'NONE',  ( 1.000000000000000000, 0.0000000000000000000, 0.0000000000000000000 ) ) ;
#6015 = CARTESIAN_POINT ( 'NONE',  ( 0.0000000000000000000, 0.0000000000000000000, 0.0000000000000000000 ) ) ;
#6016 =( GEOMETRIC_REPRESENTATION_CONTEXT ( 3 ) GLOBAL_UNCERTAINTY_ASSIGNED_CONTEXT ( ( #1061 ) ) GLOBAL_UNIT_ASSIGNED_CONTEXT ( ( #4122, #9962, #4966 ) ) REPRESENTATION_CONTEXT ( 'NONE', 'WORKASPACE' ) );
#6017 = ORIENTED_EDGE ( 'NONE', *, *, #9560, .T. ) ;
#6018 = AXIS2_PLACEMENT_3D ( 'NONE', #8780, #7800, #9620 ) ;
#6019 = CARTESIAN_POINT ( 'NONE',  ( -16.80716972541453200, 15.98624964825021900, -9.499999999999998200 ) ) ;
#6020 = EDGE_CURVE ( 'NONE', #7714, #1921, #6341, .T. ) ;
#6021 = DIRECTION ( 'NONE',  ( 0.0000000000000000000, -1.000000000000000000, 0.0000000000000000000 ) ) ;
#6022 = CARTESIAN_POINT ( 'NONE',  ( 16.94289321881345200, 20.64999999999999900, 9.500000000000000000 ) ) ;
#6023 = CARTESIAN_POINT ( 'NONE',  ( -16.94289321881342400, -20.65000000000000600, -10.99999999999999800 ) ) ;
#6024 = ORIENTED_EDGE ( 'NONE', *, *, #10334, .F. ) ;
#6025 = VECTOR ( 'NONE', #472, 1000.000000000000000 ) ;
#6026 = FACE_OUTER_BOUND ( 'NONE', #969, .T. ) ;
#6027 = PRESENTATION_STYLE_ASSIGNMENT (( #5346 ) ) ;
#6028 = VERTEX_POINT ( 'NONE', #7517 ) ;
#6029 = COLOUR_RGB ( '',0.2509803921568627400, 0.2509803921568627400, 0.2509803921568627400 ) ;
#6030 = CARTESIAN_POINT ( 'NONE',  ( 21.14999999999999900, 13.32957238623956000, -1.500000000000001300 ) ) ;
#6031 = ORIENTED_EDGE ( 'NONE', *, *, #6676, .F. ) ;
#6032 = AXIS2_PLACEMENT_3D ( 'NONE', #7506, #77, #9223 ) ;
#6033 = CARTESIAN_POINT ( 'NONE',  ( -16.80716972541454600, 15.01375035175258400, -9.499999999999998200 ) ) ;
#6034 = ORIENTED_EDGE ( 'NONE', *, *, #4196, .T. ) ;
#6035 = FACE_OUTER_BOUND ( 'NONE', #3370, .T. ) ;
#6036 = CARTESIAN_POINT ( 'NONE',  ( 0.0000000000000000000, 0.0000000000000000000, 30.00000000000000000 ) ) ;
#6037 = EDGE_CURVE ( 'NONE', #6436, #8776, #10545, .T. ) ;
#6038 = CARTESIAN_POINT ( 'NONE',  ( -15.79874071779676800, 12.26375928220340900, -11.49999999999999800 ) ) ;
#6039 = ORIENTED_EDGE ( 'NONE', *, *, #7523, .T. ) ;
#6040 = DIRECTION ( 'NONE',  ( 1.000000000000000000, 0.0000000000000000000, 0.0000000000000000000 ) ) ;
#6041 = VERTEX_POINT ( 'NONE', #8933 ) ;
#6042 = CIRCLE ( 'NONE', #3503, 3.249999999999997800 ) ;
#6043 = CONICAL_SURFACE ( 'NONE', #4126, 1.249999999999997600, 1.029744258676653200 ) ;
#6044 = VERTEX_POINT ( 'NONE', #1773 ) ;
#6045 = ADVANCED_FACE ( 'NONE', ( #5567 ), #3857, .T. ) ;
#6046 = EDGE_CURVE ( 'NONE', #9207, #8118, #3989, .T. ) ;
#6047 = AXIS2_PLACEMENT_3D ( 'NONE', #2643, #6806, #3483 ) ;
#6048 = VERTEX_POINT ( 'NONE', #9771 ) ;
#6049 = STYLED_ITEM ( 'NONE', ( #1160 ), #8480 ) ;
#6050 = FILL_AREA_STYLE ('',( #962 ) ) ;
#6051 = CARTESIAN_POINT ( 'NONE',  ( 12.75000000000000200, 15.50000000000000000, -10.99999999999999800 ) ) ;
#6052 = FILL_AREA_STYLE_COLOUR ( '', #4244 ) ;
#6053 = DIRECTION ( 'NONE',  ( 0.0000000000000000000, 0.0000000000000000000, -1.000000000000000000 ) ) ;
#6054 = CARTESIAN_POINT ( 'NONE',  ( 16.94289321881343800, -21.15000000000000200, 10.00000000000000000 ) ) ;
#6055 = ADVANCED_FACE ( 'NONE', ( #1667 ), #6511, .F. ) ;
#6056 = CARTESIAN_POINT ( 'NONE',  ( -3.751237317905546500, -21.25000000000000700, -4.082228845956035600 ) ) ;
#6057 = ORIENTED_EDGE ( 'NONE', *, *, #10747, .T. ) ;
#6058 = DIRECTION ( 'NONE',  ( -0.0000000000000000000, 1.000000000000000000, -0.0000000000000000000 ) ) ;
#6059 = LINE ( 'NONE', #2442, #8943 ) ;
#6060 = UNCERTAINTY_MEASURE_WITH_UNIT (LENGTH_MEASURE( 1.000000000000000100E-005 ), #2172, 'distance_accuracy_value', 'NONE');
#6061 = AXIS2_PLACEMENT_3D ( 'NONE', #10440, #2007, #5430 ) ;
#6062 = DIRECTION ( 'NONE',  ( -1.000000000000000000, -8.202002250481357500E-017, -7.885106708985490300E-017 ) ) ;
#6063 = CARTESIAN_POINT ( 'NONE',  ( 0.0000000000000000000, 0.0000000000000000000, 4.000000000000003600 ) ) ;
#6064 = EDGE_CURVE ( 'NONE', #4335, #5258, #179, .T. ) ;
#6065 =( GEOMETRIC_REPRESENTATION_CONTEXT ( 3 ) GLOBAL_UNCERTAINTY_ASSIGNED_CONTEXT ( ( #6988 ) ) GLOBAL_UNIT_ASSIGNED_CONTEXT ( ( #33, #4235, #5119 ) ) REPRESENTATION_CONTEXT ( 'NONE', 'WORKASPACE' ) );
#6066 = DIRECTION ( 'NONE',  ( 0.0000000000000000000, 0.0000000000000000000, 1.000000000000000000 ) ) ;
#6067 = FILL_AREA_STYLE ('',( #5672 ) ) ;
#6068 = VERTEX_POINT ( 'NONE', #5681 ) ;
#6069 = DIRECTION ( 'NONE',  ( -1.000000000000000000, 0.0000000000000000000, 0.0000000000000000000 ) ) ;
#6070 = PLANE ( 'NONE',  #6047 ) ;
#6071 = LINE ( 'NONE', #6602, #2949 ) ;
#6072 = EDGE_CURVE ( 'NONE', #8006, #507, #8574, .T. ) ;
#6073 =( LENGTH_UNIT ( ) NAMED_UNIT ( * ) SI_UNIT ( .MILLI., .METRE. ) );
#6074 = AXIS2_PLACEMENT_3D ( 'NONE', #9352, #6757, #10188 ) ;
#6075 = ORIENTED_EDGE ( 'NONE', *, *, #10464, .T. ) ;
#6076 =( GEOMETRIC_REPRESENTATION_CONTEXT ( 3 ) GLOBAL_UNCERTAINTY_ASSIGNED_CONTEXT ( ( #96 ) ) GLOBAL_UNIT_ASSIGNED_CONTEXT ( ( #3882, #1592, #10266 ) ) REPRESENTATION_CONTEXT ( 'NONE', 'WORKASPACE' ) );
#6077 = EDGE_CURVE ( 'NONE', #2463, #6707, #442, .T. ) ;
#6078 = CARTESIAN_POINT ( 'NONE',  ( 2.999999999999976000, -18.15000000000000600, -11.49999999999999800 ) ) ;
#6079 = VECTOR ( 'NONE', #10176, 1000.000000000000000 ) ;
#6080 = ORIENTED_EDGE ( 'NONE', *, *, #9867, .F. ) ;
#6081 = CIRCLE ( 'NONE', #6002, 25.00000000000000000 ) ;
#6082 = CARTESIAN_POINT ( 'NONE',  ( 0.0000000000000000000, 0.0000000000000000000, -3.499999999999996000 ) ) ;
#6083 = ORIENTED_EDGE ( 'NONE', *, *, #2550, .F. ) ;
#6084 = FILL_AREA_STYLE ('',( #4446 ) ) ;
#6085 =( NAMED_UNIT ( * ) SI_UNIT ( $, .STERADIAN. ) SOLID_ANGLE_UNIT ( ) );
#6086 = CARTESIAN_POINT ( 'NONE',  ( -20.00000000000000000, 2.449293598294706500E-015, -15.99999999999999600 ) ) ;
#6088 = FILL_AREA_STYLE ('',( #1118 ) ) ;
#6087 =( GEOMETRIC_REPRESENTATION_CONTEXT ( 3 ) GLOBAL_UNCERTAINTY_ASSIGNED_CONTEXT ( ( #9288 ) ) GLOBAL_UNIT_ASSIGNED_CONTEXT ( ( #6890, #3577, #9432 ) ) REPRESENTATION_CONTEXT ( 'NONE', 'WORKASPACE' ) );
#6089 = ORIENTED_EDGE ( 'NONE', *, *, #4324, .F. ) ;
#6090 = LINE ( 'NONE', #732, #10430 ) ;
#6091 = MECHANICAL_DESIGN_GEOMETRIC_PRESENTATION_REPRESENTATION (  '', ( #8342 ), #3868 ) ;
#6092 = DIRECTION ( 'NONE',  ( -0.0000000000000000000, -1.000000000000000000, 0.0000000000000000000 ) ) ;
#6093 = EDGE_CURVE ( 'NONE', #5589, #7044, #4247, .T. ) ;
#6094 = ADVANCED_FACE ( 'NONE', ( #6733 ), #707, .F. ) ;
#6095 =( LENGTH_UNIT ( ) NAMED_UNIT ( * ) SI_UNIT ( .MILLI., .METRE. ) );
#6096 = ORIENTED_EDGE ( 'NONE', *, *, #9629, .T. ) ;
#6097 = DIRECTION ( 'NONE',  ( 1.000000000000000000, 0.0000000000000000000, -0.0000000000000000000 ) ) ;
#6098 = FILL_AREA_STYLE_COLOUR ( '', #9375 ) ;
#6099 = FACE_OUTER_BOUND ( 'NONE', #546, .T. ) ;
#6100 = DIRECTION ( 'NONE',  ( -0.0000000000000000000, -1.000000000000000000, -0.0000000000000000000 ) ) ;
#6101 = SURFACE_STYLE_FILL_AREA ( #1486 ) ;
#6103 = ORIENTED_EDGE ( 'NONE', *, *, #4546, .F. ) ;
#6102 = DIRECTION ( 'NONE',  ( 0.0000000000000000000, 0.0000000000000000000, -1.000000000000000000 ) ) ;
#6104 = DIRECTION ( 'NONE',  ( 0.0000000000000000000, 0.0000000000000000000, 1.000000000000000000 ) ) ;
#6105 = VECTOR ( 'NONE', #2373, 1000.000000000000000 ) ;
#6106 = EDGE_CURVE ( 'NONE', #6460, #8027, #1907, .T. ) ;
#6107 =( GEOMETRIC_REPRESENTATION_CONTEXT ( 3 ) GLOBAL_UNCERTAINTY_ASSIGNED_CONTEXT ( ( #3792 ) ) GLOBAL_UNIT_ASSIGNED_CONTEXT ( ( #3167, #6353, #2414 ) ) REPRESENTATION_CONTEXT ( 'NONE', 'WORKASPACE' ) );
#6108 = ADVANCED_FACE ( 'NONE', ( #58 ), #1496, .F. ) ;
#6109 = DIRECTION ( 'NONE',  ( -0.7071067811865456900, -0.7071067811865493500, 0.0000000000000000000 ) ) ;
#6110 = CARTESIAN_POINT ( 'NONE',  ( 14.19283027458454600, -15.98624964824929200, -10.99999999999999800 ) ) ;
#6111 = DIRECTION ( 'NONE',  ( -0.7071067811865510100, 0.7071067811865441300, 0.0000000000000000000 ) ) ;
#6112 = CIRCLE ( 'NONE', #3260, 3.249999999999999600 ) ;
#6113 = VERTEX_POINT ( 'NONE', #1534 ) ;
#6114 = ORIENTED_EDGE ( 'NONE', *, *, #10324, .T. ) ;
#6115 = DIRECTION ( 'NONE',  ( -1.000000000000000000, 0.0000000000000000000, -0.0000000000000000000 ) ) ;
#6116 = VECTOR ( 'NONE', #4022, 1000.000000000000000 ) ;
#6117 = CARTESIAN_POINT ( 'NONE',  ( -16.94289321881342000, -21.15000000000000600, -10.99999999999999800 ) ) ;
#6118 = ORIENTED_EDGE ( 'NONE', *, *, #8050, .F. ) ;
#6119 = UNCERTAINTY_MEASURE_WITH_UNIT (LENGTH_MEASURE( 1.000000000000000100E-005 ), #9728, 'distance_accuracy_value', 'NONE');
#6120 = DIRECTION ( 'NONE',  ( 0.0000000000000000000, -1.000000000000000000, 0.0000000000000000000 ) ) ;
#6121 = MECHANICAL_DESIGN_GEOMETRIC_PRESENTATION_REPRESENTATION (  '', ( #4305 ), #10684 ) ;
#6122 = DIRECTION ( 'NONE',  ( -0.0000000000000000000, 1.000000000000000000, -0.0000000000000000000 ) ) ;
#6123 = ORIENTED_EDGE ( 'NONE', *, *, #1380, .F. ) ;
#6124 = CARTESIAN_POINT ( 'NONE',  ( 20.64999999999999900, 16.94289321881345200, -1.499999999999997800 ) ) ;
#6125 = VECTOR ( 'NONE', #3642, 1000.000000000000000 ) ;
#6126 = VECTOR ( 'NONE', #4534, 1000.000000000000000 ) ;
#6127 =( NAMED_UNIT ( * ) SI_UNIT ( $, .STERADIAN. ) SOLID_ANGLE_UNIT ( ) );
#6128 = CARTESIAN_POINT ( 'NONE',  ( -20.64999999999999500, -16.94289321881344900, 9.500000000000000000 ) ) ;
#6129 = VERTEX_POINT ( 'NONE', #6696 ) ;
#6130 = CLOSED_SHELL ( 'NONE', ( #7646, #443, #8356, #1528, #8039, #9188, #7656, #3688, #2214, #3253, #7240, #6545, #5677, #5195 ) ) ;
#6131 =( GEOMETRIC_REPRESENTATION_CONTEXT ( 3 ) GLOBAL_UNCERTAINTY_ASSIGNED_CONTEXT ( ( #9882 ) ) GLOBAL_UNIT_ASSIGNED_CONTEXT ( ( #4258, #5108, #6778 ) ) REPRESENTATION_CONTEXT ( 'NONE', 'WORKASPACE' ) );
#6132 = CARTESIAN_POINT ( 'NONE',  ( 14.25000000000000500, -15.50000000000000000, 5.500000000000000000 ) ) ;
#6133 = CARTESIAN_POINT ( 'NONE',  ( -12.75000000000087200, -15.49999999999912400, -10.99999999999999800 ) ) ;
#6134 = ORIENTED_EDGE ( 'NONE', *, *, #6774, .T. ) ;
#6135 =( NAMED_UNIT ( * ) PLANE_ANGLE_UNIT ( ) SI_UNIT ( $, .RADIAN. ) );
#6136 = SURFACE_STYLE_FILL_AREA ( #5061 ) ;
#6137 = CARTESIAN_POINT ( 'NONE',  ( -20.64999999999999500, -16.94289321881344500, -10.99999999999999800 ) ) ;
#6138 = CARTESIAN_POINT ( 'NONE',  ( 0.0000000000000000000, 0.0000000000000000000, -15.00000000000000400 ) ) ;
#6139 = CLOSED_SHELL ( 'NONE', ( #8097, #5469, #230, #5941, #2131, #1140, #8414, #6445, #9235, #10603, #7311, #9839, #1256, #356, #4312, #9741, #8947, #6205, #5882, #9410, #3631, #681, #7815, #497, #4457, #566, #555, #1020, #8859, #1420, #3312, #5774, #4406, #10162, #9618, #9515, #5518, #9400, #8577, #8961, #2547, #4517, #9937, #9668, #4575, #6494, #5556, #1301, #10467, #9786, #4853, #1863, #2694, #8539, #4725, #3364, #6930, #748, #2708, #10173, #1406, #2069, #3817, #5366, #9286, #1581, #3579, #4623, #803, #4738, #2768, #454, #1852, #7909, #972, #1188, #9558, #292, #8083, #3524, #7145, #6336, #5022, #21, #5455, #2879, #404, #5247, #9457, #2940, #6763, #9355, #1750, #5404, #2756, #8897, #3044, #7422, #2225, #393, #7588, #10523, #2440, #5507, #344, #6875, #2807, #10662, #10220, #3758, #6005, #7863, #6094, #4909, #8193, #1365, #7135, #9305, #6712, #3480, #7986, #10288, #8810, #9774, #3469, #5148, #1455, #8751, #3146, #7204, #174, #6374, #9504, #3860, #4560, #7255, #10506, #2391, #4355, #4091, #8028, #3200, #6055, #5235, #8489, #10615, #305, #9891, #8301, #4191, #6863, #2331, #7874, #10332, #8913, #4796, #4635, #5183, #10566, #7922, #2168, #2267, #4242, #6108, #7702, #5072, #7776, #8145, #9631, #7968, #6264, #9342, #4035, #4366, #2278, #8526, #863, #6916, #9125, #7040, #135, #69, #8797, #3540, #4686, #246, #6812, #9077, #3979, #122, #1470, #10236, #6150, #3033, #9682, #8848, #1803, #3908, #5421, #5609, #5131, #5293, #10720, #4138, #6824, #3746, #2491, #6973, #7032, #2118, #2663, #10056, #6274, #7082, #7535, #3415, #10398, #1692, #1814, #1203, #9573, #3875, #2648, #9465, #8620, #3093, #4298, #6388, #1354, #5353, #10272, #7371, #514, #7765, #10777, #7186, #6045, #2978, #5721, #4964, #2927, #3803, #188, #617, #2083, #1918, #8244, #5994, #10830, #1959, #10454, #2993, #1316, #1082, #6319, #10348, #5619, #8678, #1098, #4668, #9998, #5306, #7479, #8473, #4502, #5569, #1641, #3924, #6219, #10113, #1246, #9721, #7096, #2596, #3079, #9014, #6600, #2819, #3706, #6655, #6161, #914, #5827, #2018, #2182, #6430, #8734, #1905, #2866 ) ) ;
#6140 = VERTEX_POINT ( 'NONE', #9109 ) ;
#6141 = PRESENTATION_LAYER_ASSIGNMENT (  '', '', ( #1131 ) ) ;
#6142 = AXIS2_PLACEMENT_3D ( 'NONE', #4998, #6594, #9265 ) ;
#6143 = EDGE_LOOP ( 'NONE', ( #5784, #6623, #3007, #8683, #4805, #4301, #7764, #6017 ) ) ;
#6144 = EDGE_CURVE ( 'NONE', #2270, #7796, #8959, .T. ) ;
#6145 = PRESENTATION_STYLE_ASSIGNMENT (( #10780 ) ) ;
#6146 =( NAMED_UNIT ( * ) PLANE_ANGLE_UNIT ( ) SI_UNIT ( $, .RADIAN. ) );
#6147 = VECTOR ( 'NONE', #756, 1000.000000000000000 ) ;
#6148 = DIRECTION ( 'NONE',  ( 0.0000000000000000000, -1.000000000000000000, 0.0000000000000000000 ) ) ;
#6149 = ORIENTED_EDGE ( 'NONE', *, *, #9501, .F. ) ;
#6150 = ADVANCED_FACE ( 'NONE', ( #10262 ), #7905, .T. ) ;
#6151 =( NAMED_UNIT ( * ) SI_UNIT ( $, .STERADIAN. ) SOLID_ANGLE_UNIT ( ) );
#6152 = ORIENTED_EDGE ( 'NONE', *, *, #2121, .F. ) ;
#6153 = AXIS2_PLACEMENT_3D ( 'NONE', #7689, #2635, #6066 ) ;
#6154 = VECTOR ( 'NONE', #3467, 1000.000000000000000 ) ;
#6155 =( GEOMETRIC_REPRESENTATION_CONTEXT ( 3 ) GLOBAL_UNCERTAINTY_ASSIGNED_CONTEXT ( ( #6266 ) ) GLOBAL_UNIT_ASSIGNED_CONTEXT ( ( #7956, #2953, #632 ) ) REPRESENTATION_CONTEXT ( 'NONE', 'WORKASPACE' ) );
#6156 = CARTESIAN_POINT ( 'NONE',  ( 0.0000000000000000000, 0.0000000000000000000, 12.00000000000000000 ) ) ;
#6157 = FILL_AREA_STYLE ('',( #2687 ) ) ;
#6158 = EDGE_CURVE ( 'NONE', #4389, #6267, #2047, .T. ) ;
#6159 = DIRECTION ( 'NONE',  ( 0.0000000000000000000, 0.0000000000000000000, 1.000000000000000000 ) ) ;
#6160 = CARTESIAN_POINT ( 'NONE',  ( 15.01375035175125200, 16.80716972541398100, -9.499999999999998200 ) ) ;
#6161 = ADVANCED_FACE ( 'NONE', ( #4377 ), #6661, .T. ) ;
#6162 = SURFACE_STYLE_USAGE ( .BOTH. , #9574 ) ;
#6163 = ORIENTED_EDGE ( 'NONE', *, *, #801, .T. ) ;
#6164 = DIRECTION ( 'NONE',  ( 1.000000000000000000, 0.0000000000000000000, 0.0000000000000000000 ) ) ;
#6165 = ORIENTED_EDGE ( 'NONE', *, *, #9852, .F. ) ;
#6166 = DIRECTION ( 'NONE',  ( 7.885106708985490300E-017, 0.0000000000000000000, -1.000000000000000000 ) ) ;
#6167 = ORIENTED_EDGE ( 'NONE', *, *, #609, .F. ) ;
#6168 = PRESENTATION_STYLE_ASSIGNMENT (( #10264 ) ) ;
#6169 = ORIENTED_EDGE ( 'NONE', *, *, #8500, .F. ) ;
#6170 = SURFACE_STYLE_USAGE ( .BOTH. , #4605 ) ;
#6171 = DIRECTION ( 'NONE',  ( 0.8571673007021120000, 0.0000000000000000000, 0.5150380749100547100 ) ) ;
#6172 =( LENGTH_UNIT ( ) NAMED_UNIT ( * ) SI_UNIT ( .MILLI., .METRE. ) );
#6173 = CARTESIAN_POINT ( 'NONE',  ( 0.0000000000000000000, 0.0000000000000000000, -3.499999999999997800 ) ) ;
#6174 = EDGE_CURVE ( 'NONE', #4429, #4433, #1258, .T. ) ;
#6175 = ORIENTED_EDGE ( 'NONE', *, *, #6502, .T. ) ;
#6176 = FILL_AREA_STYLE ('',( #5396 ) ) ;
#6177 = LINE ( 'NONE', #8752, #8021 ) ;
#6178 = ORIENTED_EDGE ( 'NONE', *, *, #4264, .T. ) ;
#6179 = ORIENTED_EDGE ( 'NONE', *, *, #9020, .F. ) ;
#6180 = LINE ( 'NONE', #5380, #3576 ) ;
#6181 = PLANE ( 'NONE',  #10431 ) ;
#6182 = DIRECTION ( 'NONE',  ( 7.817771884311253300E-016, 1.000000000000000000, 0.0000000000000000000 ) ) ;
#6183 = EDGE_LOOP ( 'NONE', ( #173, #3726, #94, #1229, #7251 ) ) ;
#6184 =( LENGTH_UNIT ( ) NAMED_UNIT ( * ) SI_UNIT ( .MILLI., .METRE. ) );
#6185 = FACE_OUTER_BOUND ( 'NONE', #280, .T. ) ;
#6186 = EDGE_CURVE ( 'NONE', #3092, #1447, #4116, .T. ) ;
#6187 = AXIS2_PLACEMENT_3D ( 'NONE', #2620, #1706, #7527 ) ;
#6188 = CARTESIAN_POINT ( 'NONE',  ( 3.483848208458102800, -19.15000000000000600, -8.449999999999992200 ) ) ;
#6189 = CIRCLE ( 'NONE', #4957, 0.5000000000000004400 ) ;
#6190 = VERTEX_POINT ( 'NONE', #9147 ) ;
#6191 =( LENGTH_UNIT ( ) NAMED_UNIT ( * ) SI_UNIT ( .MILLI., .METRE. ) );
#6192 = AXIS2_PLACEMENT_3D ( 'NONE', #1990, #9497, #10465 ) ;
#6193 = SURFACE_SIDE_STYLE ('',( #4588 ) ) ;
#6194 = CARTESIAN_POINT ( 'NONE',  ( 3.483848208458101900, -21.25000000000000700, 3.513670508111635500E-016 ) ) ;
#6195 = EDGE_LOOP ( 'NONE', ( #2868, #470, #4829, #2229 ) ) ;
#6196 = CARTESIAN_POINT ( 'NONE',  ( -15.03502403149003500, 15.01375035175260000, -10.99999999999999800 ) ) ;
#6197 = PRESENTATION_STYLE_ASSIGNMENT (( #9426 ) ) ;
#6198 = UNCERTAINTY_MEASURE_WITH_UNIT (LENGTH_MEASURE( 1.000000000000000100E-005 ), #9908, 'distance_accuracy_value', 'NONE');
#6199 =( NAMED_UNIT ( * ) SI_UNIT ( $, .STERADIAN. ) SOLID_ANGLE_UNIT ( ) );
#6200 = VERTEX_POINT ( 'NONE', #5170 ) ;
#6201 = DIRECTION ( 'NONE',  ( 0.0000000000000000000, 0.0000000000000000000, -1.000000000000000000 ) ) ;
#6202 = VECTOR ( 'NONE', #6449, 1000.000000000000000 ) ;
#6203 = CARTESIAN_POINT ( 'NONE',  ( 16.00000000000000000, 0.0000000000000000000, 10.00000000000000000 ) ) ;
#6204 = ORIENTED_EDGE ( 'NONE', *, *, #6275, .F. ) ;
#6205 = ADVANCED_FACE ( 'NONE', ( #6337 ), #4761, .T. ) ;
#6206 = DIRECTION ( 'NONE',  ( -0.0000000000000000000, 0.0000000000000000000, -1.000000000000000000 ) ) ;
#6207 =( GEOMETRIC_REPRESENTATION_CONTEXT ( 3 ) GLOBAL_UNCERTAINTY_ASSIGNED_CONTEXT ( ( #8084 ) ) GLOBAL_UNIT_ASSIGNED_CONTEXT ( ( #8016, #10518, #5566 ) ) REPRESENTATION_CONTEXT ( 'NONE', 'WORKASPACE' ) );
#6208 = AXIS2_PLACEMENT_3D ( 'NONE', #2739, #9404, #8529 ) ;
#6209 = DIRECTION ( 'NONE',  ( -8.202002250481357500E-017, 1.000000000000000000, 0.0000000000000000000 ) ) ;
#6210 = CARTESIAN_POINT ( 'NONE',  ( -13.32957238623955800, 21.14999999999999900, 2.000000000000001800 ) ) ;
#6211 = LINE ( 'NONE', #157, #8048 ) ;
#6212 = FACE_OUTER_BOUND ( 'NONE', #8318, .T. ) ;
#6213 = EDGE_CURVE ( 'NONE', #6256, #6315, #5554, .T. ) ;
#6214 = LINE ( 'NONE', #5013, #329 ) ;
#6215 = STYLED_ITEM ( 'NONE', ( #3821 ), #10348 ) ;
#6216 = FACE_OUTER_BOUND ( 'NONE', #8803, .T. ) ;
#6217 = FILL_AREA_STYLE_COLOUR ( '', #820 ) ;
#6218 = ORIENTED_EDGE ( 'NONE', *, *, #9560, .F. ) ;
#6219 = ADVANCED_FACE ( 'NONE', ( #6593 ), #7683, .F. ) ;
#6220 = CARTESIAN_POINT ( 'NONE',  ( -15.96497596851090600, 15.98624964825022900, -9.499999999999998200 ) ) ;
#6222 = CARTESIAN_POINT ( 'NONE',  ( 15.96497596850902500, -15.01375035175166400, -10.99999999999999800 ) ) ;
#6221 = CIRCLE ( 'NONE', #1031, 0.4999999999999982200 ) ;
#6223 = EDGE_LOOP ( 'NONE', ( #4124, #2211, #1454, #4653 ) ) ;
#6224 = CYLINDRICAL_SURFACE ( 'NONE', #7769, 0.5000000000000004400 ) ;
#6225 = FILL_AREA_STYLE ('',( #10524 ) ) ;
#6226 = VECTOR ( 'NONE', #5705, 1000.000000000000000 ) ;
#6227 = FACE_OUTER_BOUND ( 'NONE', #7093, .T. ) ;
#6228 = CARTESIAN_POINT ( 'NONE',  ( -16.74998035735715300, -15.96497596850949400, -10.99999999999999800 ) ) ;
#6229 = MECHANICAL_DESIGN_GEOMETRIC_PRESENTATION_REPRESENTATION (  '', ( #2656 ), #5476 ) ;
#6230 = ORIENTED_EDGE ( 'NONE', *, *, #1566, .F. ) ;
#6231 = EDGE_CURVE ( 'NONE', #2970, #7724, #982, .T. ) ;
#6232 = CARTESIAN_POINT ( 'NONE',  ( -2.799999999999999800, 0.0000000000000000000, -8.499999999999996400 ) ) ;
#6233 = VECTOR ( 'NONE', #6912, 1000.000000000000000 ) ;
#6234 = ORIENTED_EDGE ( 'NONE', *, *, #5285, .F. ) ;
#6235 = COLOUR_RGB ( '',0.2509803921568627400, 0.2509803921568627400, 0.2509803921568627400 ) ;
#6236 =( NAMED_UNIT ( * ) PLANE_ANGLE_UNIT ( ) SI_UNIT ( $, .RADIAN. ) );
#6237 = CARTESIAN_POINT ( 'NONE',  ( 1.268786306540395200E-015, -19.15000000000000600, -7.606617291317806300 ) ) ;
#6238 = DIRECTION ( 'NONE',  ( 7.817771884311254300E-016, 1.000000000000000000, -0.0000000000000000000 ) ) ;
#6240 = AXIS2_PLACEMENT_3D ( 'NONE', #9323, #4350, #10310 ) ;
#6239 = DIRECTION ( 'NONE',  ( -1.000000000000000000, 6.179303022933785000E-015, -0.0000000000000000000 ) ) ;
#6241 = CIRCLE ( 'NONE', #1610, 2.700000000000001100 ) ;
#6242 = MECHANICAL_DESIGN_GEOMETRIC_PRESENTATION_REPRESENTATION (  '', ( #5139 ), #4013 ) ;
#6243 = CARTESIAN_POINT ( 'NONE',  ( 15.01375035175125200, 15.96497596851013900, -9.499999999999998200 ) ) ;
#6244 = LINE ( 'NONE', #245, #5206 ) ;
#6245 = ORIENTED_EDGE ( 'NONE', *, *, #6519, .T. ) ;
#6246 = EDGE_CURVE ( 'NONE', #4526, #1467, #2662, .T. ) ;
#6247 = VECTOR ( 'NONE', #7439, 1000.000000000000000 ) ;
#6248 = FACE_OUTER_BOUND ( 'NONE', #619, .T. ) ;
#6249 =( NAMED_UNIT ( * ) PLANE_ANGLE_UNIT ( ) SI_UNIT ( $, .RADIAN. ) );
#6250 = ORIENTED_EDGE ( 'NONE', *, *, #9348, .T. ) ;
#6251 = DIRECTION ( 'NONE',  ( 0.0000000000000000000, 0.0000000000000000000, 1.000000000000000000 ) ) ;
#6252 = SURFACE_STYLE_USAGE ( .BOTH. , #4570 ) ;
#6253 = LINE ( 'NONE', #3297, #7427 ) ;
#6254 = DIRECTION ( 'NONE',  ( 0.0000000000000000000, 0.0000000000000000000, 1.000000000000000000 ) ) ;
#6255 = VERTEX_POINT ( 'NONE', #2073 ) ;
#6256 = VERTEX_POINT ( 'NONE', #10319 ) ;
#6257 = LINE ( 'NONE', #6196, #7571 ) ;
#6258 = AXIS2_PLACEMENT_3D ( 'NONE', #7937, #6435, #1339 ) ;
#6259 = LINE ( 'NONE', #10129, #9136 ) ;
#6260 = DIRECTION ( 'NONE',  ( 1.387778780781444400E-014, 0.0000000000000000000, 1.000000000000000000 ) ) ;
#6261 = ORIENTED_EDGE ( 'NONE', *, *, #3471, .T. ) ;
#6262 =( LENGTH_UNIT ( ) NAMED_UNIT ( * ) SI_UNIT ( .MILLI., .METRE. ) );
#6263 = DIRECTION ( 'NONE',  ( 0.0000000000000000000, -0.0000000000000000000, -1.000000000000000000 ) ) ;
#6264 = ADVANCED_FACE ( 'NONE', ( #1786 ), #6725, .T. ) ;
#6265 = CARTESIAN_POINT ( 'NONE',  ( 21.14999999999999900, 21.14999999999999900, 10.00000000000000000 ) ) ;
#6266 = UNCERTAINTY_MEASURE_WITH_UNIT (LENGTH_MEASURE( 1.000000000000000100E-005 ), #7956, 'distance_accuracy_value', 'NONE');
#6267 = VERTEX_POINT ( 'NONE', #1264 ) ;
#6268 = FACE_OUTER_BOUND ( 'NONE', #4600, .T. ) ;
#6269 = FACE_OUTER_BOUND ( 'NONE', #5506, .T. ) ;
#6270 = VERTEX_POINT ( 'NONE', #4565 ) ;
#6271 = ORIENTED_EDGE ( 'NONE', *, *, #4572, .T. ) ;
#6272 = SURFACE_SIDE_STYLE ('',( #6951 ) ) ;
#6273 = ORIENTED_EDGE ( 'NONE', *, *, #3159, .F. ) ;
#6274 = ADVANCED_FACE ( 'NONE', ( #705 ), #9079, .T. ) ;
#6275 = EDGE_CURVE ( 'NONE', #6750, #2888, #4238, .T. ) ;
#6276 = CARTESIAN_POINT ( 'NONE',  ( 2.999999999999976000, -18.15000000000000600, -11.49999999999999800 ) ) ;
#6277 = FACE_OUTER_BOUND ( 'NONE', #2539, .T. ) ;
#6278 = ORIENTED_EDGE ( 'NONE', *, *, #8575, .F. ) ;
#6279 = MECHANICAL_DESIGN_GEOMETRIC_PRESENTATION_REPRESENTATION (  '', ( #1821 ), #2362 ) ;
#6280 = CARTESIAN_POINT ( 'NONE',  ( 16.94289321881343800, -20.65000000000000200, 10.00000000000000000 ) ) ;
#6281 = ORIENTED_EDGE ( 'NONE', *, *, #2089, .F. ) ;
#6282 = ORIENTED_EDGE ( 'NONE', *, *, #8531, .F. ) ;
#6283 = FILL_AREA_STYLE ('',( #7934 ) ) ;
#6284 = DIRECTION ( 'NONE',  ( 1.000000000000000000, 0.0000000000000000000, 0.0000000000000000000 ) ) ;
#6285 = ORIENTED_EDGE ( 'NONE', *, *, #10224, .F. ) ;
#6286 = DIRECTION ( 'NONE',  ( -1.000000000000000000, 0.0000000000000000000, 0.0000000000000000000 ) ) ;
#6287 = SURFACE_STYLE_USAGE ( .BOTH. , #5964 ) ;
#6288 = VECTOR ( 'NONE', #10670, 1000.000000000000000 ) ;
#6290 = SURFACE_STYLE_FILL_AREA ( #389 ) ;
#6289 =( NAMED_UNIT ( * ) PLANE_ANGLE_UNIT ( ) SI_UNIT ( $, .RADIAN. ) );
#6291 = EDGE_CURVE ( 'NONE', #4207, #2647, #2479, .T. ) ;
#6293 = MECHANICAL_DESIGN_GEOMETRIC_PRESENTATION_REPRESENTATION (  '', ( #8745 ), #1626 ) ;
#6292 = DIRECTION ( 'NONE',  ( 0.0000000000000000000, -0.0000000000000000000, -1.000000000000000000 ) ) ;
#6295 = EDGE_LOOP ( 'NONE', ( #6558, #7957, #2610 ) ) ;
#6294 =( NAMED_UNIT ( * ) SI_UNIT ( $, .STERADIAN. ) SOLID_ANGLE_UNIT ( ) );
#6296 = ORIENTED_EDGE ( 'NONE', *, *, #3915, .T. ) ;
#6297 = FACE_OUTER_BOUND ( 'NONE', #5958, .T. ) ;
#6298 = AXIS2_PLACEMENT_3D ( 'NONE', #8211, #2513, #7589 ) ;
#6299 = EDGE_CURVE ( 'NONE', #6190, #6616, #5806, .T. ) ;
#6300 = DIRECTION ( 'NONE',  ( -0.0000000000000000000, 0.0000000000000000000, -1.000000000000000000 ) ) ;
#6301 = VERTEX_POINT ( 'NONE', #6210 ) ;
#6302 = ORIENTED_EDGE ( 'NONE', *, *, #7164, .T. ) ;
#6303 = LINE ( 'NONE', #778, #4466 ) ;
#6304 = ORIENTED_EDGE ( 'NONE', *, *, #2816, .F. ) ;
#6305 = CYLINDRICAL_SURFACE ( 'NONE', #10459, 0.5000000000000006700 ) ;
#6306 = ORIENTED_EDGE ( 'NONE', *, *, #4277, .F. ) ;
#6307 = CARTESIAN_POINT ( 'NONE',  ( 20.64999999999999900, 16.94289321881343500, 2.000000000000000000 ) ) ;
#6308 = AXIS2_PLACEMENT_3D ( 'NONE', #8974, #9886, #10656 ) ;
#6309 = VERTEX_POINT ( 'NONE', #10359 ) ;
#6310 = SPHERICAL_SURFACE ( 'NONE', #9743, 0.5000000000000000000 ) ;
#6311 = AXIS2_PLACEMENT_3D ( 'NONE', #5549, #527, #2406 ) ;
#6312 = CARTESIAN_POINT ( 'NONE',  ( -16.94289321881344500, -20.65000000000000900, 9.500000000000000000 ) ) ;
#6313 = FACE_OUTER_BOUND ( 'NONE', #7596, .T. ) ;
#6314 = EDGE_CURVE ( 'NONE', #9584, #3814, #9859, .T. ) ;
#6315 = VERTEX_POINT ( 'NONE', #8625 ) ;
#6316 = DIRECTION ( 'NONE',  ( 0.0000000000000000000, 1.000000000000000000, 0.0000000000000000000 ) ) ;
#6317 = SURFACE_SIDE_STYLE ('',( #5220 ) ) ;
#6318 = ORIENTED_EDGE ( 'NONE', *, *, #7872, .T. ) ;
#6319 = ADVANCED_FACE ( 'NONE', ( #9742 ), #5679, .T. ) ;
#6320 = FILL_AREA_STYLE_COLOUR ( '', #5523 ) ;
#6321 = VECTOR ( 'NONE', #6713, 1000.000000000000000 ) ;
#6322 = EDGE_CURVE ( 'NONE', #7576, #6041, #3452, .T. ) ;
#6323 = CARTESIAN_POINT ( 'NONE',  ( -2.500000000000000000, 0.0000000000000000000, 30.00000000000000000 ) ) ;
#6324 =( GEOMETRIC_REPRESENTATION_CONTEXT ( 3 ) GLOBAL_UNCERTAINTY_ASSIGNED_CONTEXT ( ( #6865 ) ) GLOBAL_UNIT_ASSIGNED_CONTEXT ( ( #3799, #4523, #391 ) ) REPRESENTATION_CONTEXT ( 'NONE', 'WORKASPACE' ) );
#6325 = ORIENTED_EDGE ( 'NONE', *, *, #10653, .T. ) ;
#6326 = SURFACE_STYLE_FILL_AREA ( #9736 ) ;
#6327 = FILL_AREA_STYLE_COLOUR ( '', #1939 ) ;
#6328 = SURFACE_STYLE_USAGE ( .BOTH. , #467 ) ;
#6329 = PLANE ( 'NONE',  #9437 ) ;
#6330 = DIRECTION ( 'NONE',  ( 1.235860604586716300E-014, -1.000000000000000000, 0.0000000000000000000 ) ) ;
#6331 = EDGE_CURVE ( 'NONE', #2842, #1986, #9214, .T. ) ;
#6332 = CARTESIAN_POINT ( 'NONE',  ( -2.999999999999973800, -18.15000000000000600, -11.49999999999999800 ) ) ;
#6333 = ORIENTED_EDGE ( 'NONE', *, *, #3739, .F. ) ;
#6334 = CIRCLE ( 'NONE', #2983, 25.00000000000000000 ) ;
#6335 = ORIENTED_EDGE ( 'NONE', *, *, #7644, .T. ) ;
#6336 = ADVANCED_FACE ( 'NONE', ( #2792 ), #2556, .F. ) ;
#6337 = FACE_OUTER_BOUND ( 'NONE', #5745, .T. ) ;
#6338 = CARTESIAN_POINT ( 'NONE',  ( 20.65000000000000200, -16.94289321881343100, -1.499999999999997800 ) ) ;
#6339 = AXIS2_PLACEMENT_3D ( 'NONE', #10842, #8316, #802 ) ;
#6340 = PRESENTATION_STYLE_ASSIGNMENT (( #6854 ) ) ;
#6341 = CIRCLE ( 'NONE', #10584, 3.249999999999997800 ) ;
#6342 = STYLED_ITEM ( 'NONE', ( #8682 ), #9410 ) ;
#6343 =( NAMED_UNIT ( * ) PLANE_ANGLE_UNIT ( ) SI_UNIT ( $, .RADIAN. ) );
#6344 = ORIENTED_EDGE ( 'NONE', *, *, #8068, .T. ) ;
#6345 =( NAMED_UNIT ( * ) PLANE_ANGLE_UNIT ( ) SI_UNIT ( $, .RADIAN. ) );
#6346 = CARTESIAN_POINT ( 'NONE',  ( 15.50000000000000400, -15.50000000000000000, 5.500000000000000000 ) ) ;
#6347 = SURFACE_SIDE_STYLE ('',( #3083 ) ) ;
#6348 = DIRECTION ( 'NONE',  ( -0.7071067811865510100, -0.7071067811865441300, 4.906538933386817000E-015 ) ) ;
#6349 = SURFACE_STYLE_FILL_AREA ( #1445 ) ;
#6350 = FACE_OUTER_BOUND ( 'NONE', #5262, .T. ) ;
#6351 = ORIENTED_EDGE ( 'NONE', *, *, #49, .F. ) ;
#6352 = FACE_OUTER_BOUND ( 'NONE', #2998, .T. ) ;
#6354 = LINE ( 'NONE', #9744, #3216 ) ;
#6353 =( NAMED_UNIT ( * ) PLANE_ANGLE_UNIT ( ) SI_UNIT ( $, .RADIAN. ) );
#6355 = CYLINDRICAL_SURFACE ( 'NONE', #8601, 3.500000000000000000 ) ;
#6356 =( NAMED_UNIT ( * ) PLANE_ANGLE_UNIT ( ) SI_UNIT ( $, .RADIAN. ) );
#6357 =( GEOMETRIC_REPRESENTATION_CONTEXT ( 3 ) GLOBAL_UNCERTAINTY_ASSIGNED_CONTEXT ( ( #231 ) ) GLOBAL_UNIT_ASSIGNED_CONTEXT ( ( #7016, #2108, #3807 ) ) REPRESENTATION_CONTEXT ( 'NONE', 'WORKASPACE' ) );
#6358 = ORIENTED_EDGE ( 'NONE', *, *, #3981, .F. ) ;
#6359 = AXIS2_PLACEMENT_3D ( 'NONE', #3087, #2258, #4046 ) ;
#6360 = EDGE_CURVE ( 'NONE', #2123, #1997, #4626, .T. ) ;
#6361 = DIRECTION ( 'NONE',  ( 0.0000000000000000000, 0.0000000000000000000, 1.000000000000000000 ) ) ;
#6362 = AXIS2_PLACEMENT_3D ( 'NONE', #10469, #1262, #363 ) ;
#6363 = FACE_OUTER_BOUND ( 'NONE', #7612, .T. ) ;
#6364 = VERTEX_POINT ( 'NONE', #7828 ) ;
#6365 = VECTOR ( 'NONE', #9542, 1000.000000000000000 ) ;
#6366 = DIRECTION ( 'NONE',  ( 0.0000000000000000000, 0.0000000000000000000, 1.000000000000000000 ) ) ;
#6367 = EDGE_LOOP ( 'NONE', ( #4922, #6384, #521, #9663 ) ) ;
#6368 = CARTESIAN_POINT ( 'NONE',  ( 0.5999999999999993100, -39.15000000000002000, -13.15000000000000600 ) ) ;
#6369 = VECTOR ( 'NONE', #1825, 1000.000000000000000 ) ;
#6370 = CIRCLE ( 'NONE', #884, 25.00000000000000000 ) ;
#6371 = FILL_AREA_STYLE ('',( #516 ) ) ;
#6372 = AXIS2_PLACEMENT_3D ( 'NONE', #1806, #194, #8432 ) ;
#6373 = ORIENTED_EDGE ( 'NONE', *, *, #6567, .F. ) ;
#6374 = ADVANCED_FACE ( 'NONE', ( #10639 ), #2958, .F. ) ;
#6375 = SURFACE_SIDE_STYLE ('',( #4507 ) ) ;
#6376 = AXIS2_PLACEMENT_3D ( 'NONE', #8988, #1519, #3985 ) ;
#6377 = VECTOR ( 'NONE', #5112, 1000.000000000000000 ) ;
#6378 = EDGE_CURVE ( 'NONE', #9409, #10087, #10253, .T. ) ;
#6379 = EDGE_LOOP ( 'NONE', ( #9951, #4438, #10685, #247 ) ) ;
#6380 = COLOUR_RGB ( '',0.2509803921568627400, 0.2509803921568627400, 0.2509803921568627400 ) ;
#6381 = CARTESIAN_POINT ( 'NONE',  ( -13.31369220013742600, 21.15999999999999700, 4.000000000000003600 ) ) ;
#6382 = CIRCLE ( 'NONE', #9085, 3.249999999999999600 ) ;
#6383 = ORIENTED_EDGE ( 'NONE', *, *, #1047, .T. ) ;
#6384 = ORIENTED_EDGE ( 'NONE', *, *, #2886, .F. ) ;
#6385 = SURFACE_STYLE_USAGE ( .BOTH. , #6419 ) ;
#6386 = VECTOR ( 'NONE', #7217, 1000.000000000000200 ) ;
#6387 = SURFACE_STYLE_FILL_AREA ( #4781 ) ;
#6388 = ADVANCED_FACE ( 'NONE', ( #6715, #5545 ), #8811, .T. ) ;
#6389 = PRESENTATION_LAYER_ASSIGNMENT (  '', '', ( #6941 ) ) ;
#6390 = DIRECTION ( 'NONE',  ( 0.0000000000000000000, 0.0000000000000000000, -1.000000000000000000 ) ) ;
#6391 = DIRECTION ( 'NONE',  ( 0.0000000000000000000, 0.0000000000000000000, -1.000000000000000000 ) ) ;
#6392 = EDGE_CURVE ( 'NONE', #9726, #1858, #2534, .T. ) ;
#6393 = CARTESIAN_POINT ( 'NONE',  ( 15.98624964824874800, 16.80716972541398100, -9.499999999999998200 ) ) ;
#6394 = VECTOR ( 'NONE', #6182, 1000.000000000000000 ) ;
#6395 = ORIENTED_EDGE ( 'NONE', *, *, #1, .T. ) ;
#6396 = CARTESIAN_POINT ( 'NONE',  ( -20.64999999999999500, -16.94289321881344500, -10.99999999999999800 ) ) ;
#6397 = VECTOR ( 'NONE', #8826, 1000.000000000000000 ) ;
#6398 = SURFACE_SIDE_STYLE ('',( #7699 ) ) ;
#6399 = ORIENTED_EDGE ( 'NONE', *, *, #7012, .F. ) ;
#6400 = ORIENTED_EDGE ( 'NONE', *, *, #1081, .T. ) ;
#6401 = DIRECTION ( 'NONE',  ( 1.000000000000000000, 0.0000000000000000000, 0.0000000000000000000 ) ) ;
#6402 = UNCERTAINTY_MEASURE_WITH_UNIT (LENGTH_MEASURE( 1.000000000000000100E-005 ), #3429, 'distance_accuracy_value', 'NONE');
#6403 = EDGE_CURVE ( 'NONE', #5116, #6844, #6180, .T. ) ;
#6404 = AXIS2_PLACEMENT_3D ( 'NONE', #3845, #5530, #6361 ) ;
#6405 = EDGE_LOOP ( 'NONE', ( #10453, #5390, #9036, #5016 ) ) ;
#6406 = CARTESIAN_POINT ( 'NONE',  ( -16.74998035735715300, -15.03502403148862900, -9.499999999999998200 ) ) ;
#6407 = CARTESIAN_POINT ( 'NONE',  ( -16.94289321881342800, -20.65000000000000600, -10.99999999999999800 ) ) ;
#6408 = EDGE_LOOP ( 'NONE', ( #9828, #1651, #2148, #2283, #828, #8491, #4542, #10800, #4070, #10510, #7356, #6118 ) ) ;
#6409 = EDGE_LOOP ( 'NONE', ( #1330, #4153, #4516 ) ) ;
#6410 = CARTESIAN_POINT ( 'NONE',  ( 0.5999999999999987600, -39.15000000000002000, -13.85000000000000300 ) ) ;
#6411 = PRESENTATION_LAYER_ASSIGNMENT (  '', '', ( #5846 ) ) ;
#6412 = CARTESIAN_POINT ( 'NONE',  ( 16.94289321881343800, -20.65000000000000200, 9.500000000000000000 ) ) ;
#6413 = EDGE_LOOP ( 'NONE', ( #8887, #3303, #8556 ) ) ;
#6414 = CIRCLE ( 'NONE', #4009, 0.5000000000000004400 ) ;
#6415 = LINE ( 'NONE', #7115, #7998 ) ;
#6416 = LINE ( 'NONE', #3647, #10077 ) ;
#6417 =( NAMED_UNIT ( * ) SI_UNIT ( $, .STERADIAN. ) SOLID_ANGLE_UNIT ( ) );
#6418 = CARTESIAN_POINT ( 'NONE',  ( 15.03502403148815200, -16.74998035735574600, -10.99999999999999800 ) ) ;
#6419 = SURFACE_SIDE_STYLE ('',( #1961 ) ) ;
#6420 = FILL_AREA_STYLE ('',( #8944 ) ) ;
#6421 = AXIS2_PLACEMENT_3D ( 'NONE', #3356, #8296, #4169 ) ;
#6422 = PRESENTATION_LAYER_ASSIGNMENT (  '', '', ( #4739 ) ) ;
#6423 = ORIENTED_EDGE ( 'NONE', *, *, #9852, .T. ) ;
#6424 = VERTEX_POINT ( 'NONE', #7042 ) ;
#6425 = EDGE_CURVE ( 'NONE', #2647, #9143, #5981, .T. ) ;
#6426 = AXIS2_PLACEMENT_3D ( 'NONE', #5819, #3407, #3373 ) ;
#6427 = CARTESIAN_POINT ( 'NONE',  ( 0.0000000000000000000, 0.0000000000000000000, 2.000000000000000000 ) ) ;
#6428 = PRESENTATION_STYLE_ASSIGNMENT (( #8735 ) ) ;
#6429 = PRESENTATION_STYLE_ASSIGNMENT (( #5807 ) ) ;
#6430 = ADVANCED_FACE ( 'NONE', ( #5924 ), #2155, .T. ) ;
#6431 = CARTESIAN_POINT ( 'NONE',  ( 15.03502403148815200, -15.01375035175166400, -9.499999999999998200 ) ) ;
#6432 = SURFACE_STYLE_FILL_AREA ( #1294 ) ;
#6433 = CARTESIAN_POINT ( 'NONE',  ( 0.0000000000000000000, 0.0000000000000000000, -9.499999999999998200 ) ) ;
#6434 = CARTESIAN_POINT ( 'NONE',  ( -15.50000000000000000, 1.898202538678397600E-015, 10.00000000000000000 ) ) ;
#6435 = DIRECTION ( 'NONE',  ( 0.0000000000000000000, 0.0000000000000000000, 1.000000000000000000 ) ) ;
#6436 = VERTEX_POINT ( 'NONE', #3663 ) ;
#6437 = CARTESIAN_POINT ( 'NONE',  ( 0.0000000000000000000, 0.0000000000000000000, -9.499999999999998200 ) ) ;
#6438 = ORIENTED_EDGE ( 'NONE', *, *, #5070, .T. ) ;
#6439 = EDGE_CURVE ( 'NONE', #6690, #6810, #560, .T. ) ;
#6440 = MECHANICAL_DESIGN_GEOMETRIC_PRESENTATION_REPRESENTATION (  '', ( #3781 ), #6016 ) ;
#6441 = DIRECTION ( 'NONE',  ( 1.000000000000000000, 0.0000000000000000000, 0.0000000000000000000 ) ) ;
#6442 = EDGE_LOOP ( 'NONE', ( #659, #9960, #8582, #9568, #3447, #8538, #186, #1975, #4245, #6400, #8378, #10193 ) ) ;
#6443 = PRESENTATION_LAYER_ASSIGNMENT (  '', '', ( #5871 ) ) ;
#6444 = EDGE_CURVE ( 'NONE', #345, #5280, #1506, .T. ) ;
#6445 = ADVANCED_FACE ( 'NONE', ( #9979 ), #8024, .T. ) ;
#6446 = DIRECTION ( 'NONE',  ( -0.0000000000000000000, -0.0000000000000000000, -1.000000000000000000 ) ) ;
#6447 = ORIENTED_EDGE ( 'NONE', *, *, #3281, .F. ) ;
#6448 = PLANE ( 'NONE',  #8805 ) ;
#6449 = DIRECTION ( 'NONE',  ( -0.0000000000000000000, 1.000000000000000000, -0.0000000000000000000 ) ) ;
#6450 = ORIENTED_EDGE ( 'NONE', *, *, #4425, .T. ) ;
#6451 = DIRECTION ( 'NONE',  ( 1.000000000000000000, 0.0000000000000000000, 0.0000000000000000000 ) ) ;
#6452 = VECTOR ( 'NONE', #5408, 1000.000000000000000 ) ;
#6453 = DIRECTION ( 'NONE',  ( -0.7071067811865441300, 0.7071067811865510100, 0.0000000000000000000 ) ) ;
#6454 = CIRCLE ( 'NONE', #1552, 0.5000000000000004400 ) ;
#6455 = ORIENTED_EDGE ( 'NONE', *, *, #322, .F. ) ;
#6456 = FILL_AREA_STYLE_COLOUR ( '', #1488 ) ;
#6457 = AXIS2_PLACEMENT_3D ( 'NONE', #7361, #405, #2355 ) ;
#6458 = DIRECTION ( 'NONE',  ( -1.865390464730961800E-015, 1.000000000000000000, -0.0000000000000000000 ) ) ;
#6459 = EDGE_CURVE ( 'NONE', #8629, #7993, #3439, .T. ) ;
#6460 = VERTEX_POINT ( 'NONE', #8125 ) ;
#6461 = PLANE ( 'NONE',  #8030 ) ;
#6462 = FACE_OUTER_BOUND ( 'NONE', #9199, .T. ) ;
#6463 = DIRECTION ( 'NONE',  ( 1.000000000000000000, 0.0000000000000000000, 0.0000000000000000000 ) ) ;
#6464 = ORIENTED_EDGE ( 'NONE', *, *, #59, .T. ) ;
#6465 = PLANE ( 'NONE',  #8396 ) ;
#6466 = UNCERTAINTY_MEASURE_WITH_UNIT (LENGTH_MEASURE( 1.000000000000000100E-005 ), #4592, 'distance_accuracy_value', 'NONE');
#6467 = EDGE_LOOP ( 'NONE', ( #6507, #4147, #1423, #10102 ) ) ;
#6468 = SURFACE_STYLE_FILL_AREA ( #10568 ) ;
#6469 = CARTESIAN_POINT ( 'NONE',  ( -0.6000000000000007500, -39.15000000000002000, -12.65000000000000400 ) ) ;
#6470 = AXIS2_PLACEMENT_3D ( 'NONE', #9825, #6605, #1697 ) ;
#6471 = LINE ( 'NONE', #3780, #3986 ) ;
#6472 = EDGE_LOOP ( 'NONE', ( #3013, #2034 ) ) ;
#6473 = DIRECTION ( 'NONE',  ( 1.000000000000000000, 0.0000000000000000000, 0.0000000000000000000 ) ) ;
#6474 = CARTESIAN_POINT ( 'NONE',  ( 1.799999999999998900, -39.15000000000002000, -13.85000000000000300 ) ) ;
#6475 = CARTESIAN_POINT ( 'NONE',  ( 0.0000000000000000000, 0.0000000000000000000, 2.000000000000000000 ) ) ;
#6476 = DIRECTION ( 'NONE',  ( 9.085524283848065300E-015, 1.000000000000000000, 0.0000000000000000000 ) ) ;
#6477 = DIRECTION ( 'NONE',  ( -1.000000000000000000, 0.0000000000000000000, 0.0000000000000000000 ) ) ;
#6478 = FACE_OUTER_BOUND ( 'NONE', #4173, .T. ) ;
#6479 = LINE ( 'NONE', #6228, #7915 ) ;
#6480 = DIRECTION ( 'NONE',  ( 0.0000000000000000000, 0.0000000000000000000, 1.000000000000000000 ) ) ;
#6481 = LINE ( 'NONE', #1791, #3339 ) ;
#6482 =( NAMED_UNIT ( * ) SI_UNIT ( $, .STERADIAN. ) SOLID_ANGLE_UNIT ( ) );
#6483 = CARTESIAN_POINT ( 'NONE',  ( -15.49999999999999600, 15.50000000000087400, -10.99999999999999800 ) ) ;
#6484 = VERTEX_POINT ( 'NONE', #8091 ) ;
#6485 = CARTESIAN_POINT ( 'NONE',  ( -15.98624964825069700, -14.19283027458502200, -9.499999999999998200 ) ) ;
#6486 = CARTESIAN_POINT ( 'NONE',  ( -3.000000000000023500, -18.15000000000000600, -15.00000000000000900 ) ) ;
#6487 = EDGE_CURVE ( 'NONE', #9927, #10391, #1364, .T. ) ;
#6488 = VERTEX_POINT ( 'NONE', #7199 ) ;
#6489 = STYLED_ITEM ( 'NONE', ( #2961 ), #230 ) ;
#6490 = VECTOR ( 'NONE', #1801, 1000.000000000000100 ) ;
#6491 = MECHANICAL_DESIGN_GEOMETRIC_PRESENTATION_REPRESENTATION (  '', ( #5713 ), #7046 ) ;
#6492 = FILL_AREA_STYLE_COLOUR ( '', #4427 ) ;
#6493 = EDGE_LOOP ( 'NONE', ( #10067, #5129, #10373, #9461 ) ) ;
#6494 = ADVANCED_FACE ( 'NONE', ( #158 ), #4882, .F. ) ;
#6495 = LINE ( 'NONE', #1830, #9508 ) ;
#6496 = CARTESIAN_POINT ( 'NONE',  ( -15.96497596851089900, 16.74998035735668000, -9.499999999999998200 ) ) ;
#6497 = PRESENTATION_STYLE_ASSIGNMENT (( #7826 ) ) ;
#6498 = VERTEX_POINT ( 'NONE', #2208 ) ;
#6499 = MECHANICAL_DESIGN_GEOMETRIC_PRESENTATION_REPRESENTATION (  '', ( #9310 ), #9456 ) ;
#6500 = AXIS2_PLACEMENT_3D ( 'NONE', #10200, #1820, #10276 ) ;
#6501 = DIRECTION ( 'NONE',  ( -1.000000000000000000, 1.224646799147351500E-016, 0.0000000000000000000 ) ) ;
#6502 = EDGE_CURVE ( 'NONE', #4340, #7784, #7768, .T. ) ;
#6503 = DIRECTION ( 'NONE',  ( -9.085524283848065300E-015, -1.000000000000000000, -0.0000000000000000000 ) ) ;
#6504 = CYLINDRICAL_SURFACE ( 'NONE', #4387, 2.500000000000000000 ) ;
#6505 = DIRECTION ( 'NONE',  ( -0.0000000000000000000, 1.000000000000000000, -0.0000000000000000000 ) ) ;
#6506 = LINE ( 'NONE', #4792, #93 ) ;
#6507 = ORIENTED_EDGE ( 'NONE', *, *, #4716, .F. ) ;
#6508 = VECTOR ( 'NONE', #7861, 1000.000000000000000 ) ;
#6509 = CARTESIAN_POINT ( 'NONE',  ( -2.799999999999999800, 0.0000000000000000000, -8.499999999999996400 ) ) ;
#6510 = AXIS2_PLACEMENT_3D ( 'NONE', #7390, #3895, #10623 ) ;
#6511 = PLANE ( 'NONE',  #3633 ) ;
#6512 = CARTESIAN_POINT ( 'NONE',  ( 15.96497596850902500, -14.25001964264521200, -9.499999999999998200 ) ) ;
#6513 = LINE ( 'NONE', #6110, #9267 ) ;
#6514 = AXIS2_PLACEMENT_3D ( 'NONE', #8612, #10343, #7002 ) ;
#6515 = DIRECTION ( 'NONE',  ( 1.000000000000000000, 0.0000000000000000000, 0.0000000000000000000 ) ) ;
#6517 = ORIENTED_EDGE ( 'NONE', *, *, #5078, .T. ) ;
#6516 = FILL_AREA_STYLE_COLOUR ( '', #4847 ) ;
#6518 = ORIENTED_EDGE ( 'NONE', *, *, #2080, .T. ) ;
#6519 = EDGE_CURVE ( 'NONE', #6309, #544, #3174, .T. ) ;
#6520 = SURFACE_STYLE_FILL_AREA ( #4487 ) ;
#6521 = CIRCLE ( 'NONE', #9950, 25.00000000000000000 ) ;
#6522 = VERTEX_POINT ( 'NONE', #10643 ) ;
#6523 = UNCERTAINTY_MEASURE_WITH_UNIT (LENGTH_MEASURE( 1.000000000000000100E-005 ), #5252, 'distance_accuracy_value', 'NONE');
#6524 = CARTESIAN_POINT ( 'NONE',  ( 14.25001964264473400, 15.96497596851043000, -9.499999999999998200 ) ) ;
#6525 = CARTESIAN_POINT ( 'NONE',  ( 0.0000000000000000000, -19.15000000000000600, -4.149999999999994100 ) ) ;
#6526 = DIRECTION ( 'NONE',  ( -1.000000000000000000, -3.861347820635129200E-013, 0.0000000000000000000 ) ) ;
#6527 = ORIENTED_EDGE ( 'NONE', *, *, #1550, .F. ) ;
#6528 = AXIS2_PLACEMENT_3D ( 'NONE', #10836, #6702, #4253 ) ;
#6529 = CARTESIAN_POINT ( 'NONE',  ( 3.599999999999996100, -19.15000000000000600, -8.999999999999992900 ) ) ;
#6530 = VECTOR ( 'NONE', #8707, 1000.000000000000000 ) ;
#6531 = SURFACE_STYLE_USAGE ( .BOTH. , #5723 ) ;
#6532 = EDGE_LOOP ( 'NONE', ( #5544, #4845, #10542, #8984 ) ) ;
#6533 = EDGE_CURVE ( 'NONE', #7784, #4795, #5279, .T. ) ;
#6534 = DIRECTION ( 'NONE',  ( -0.0000000000000000000, -0.0000000000000000000, -1.000000000000000000 ) ) ;
#6535 = UNCERTAINTY_MEASURE_WITH_UNIT (LENGTH_MEASURE( 1.000000000000000100E-005 ), #9394, 'distance_accuracy_value', 'NONE');
#6536 = ORIENTED_EDGE ( 'NONE', *, *, #9758, .F. ) ;
#6537 = CARTESIAN_POINT ( 'NONE',  ( -21.14999999999999500, 17.15000000000000200, 10.00000000000000000 ) ) ;
#6538 = CARTESIAN_POINT ( 'NONE',  ( 0.0000000000000000000, 0.0000000000000000000, 10.00000000000000000 ) ) ;
#6539 = CARTESIAN_POINT ( 'NONE',  ( 11.50000000000000000, 0.0000000000000000000, 10.00000000000000000 ) ) ;
#6540 = ORIENTED_EDGE ( 'NONE', *, *, #7041, .F. ) ;
#6541 = ORIENTED_EDGE ( 'NONE', *, *, #8215, .F. ) ;
#6542 = EDGE_CURVE ( 'NONE', #3271, #6028, #10244, .T. ) ;
#6543 = AXIS2_PLACEMENT_3D ( 'NONE', #7293, #2260, #4017 ) ;
#6544 = PLANE ( 'NONE',  #1925 ) ;
#6545 = ADVANCED_FACE ( 'NONE', ( #295, #550 ), #4068, .T. ) ;
#6546 = DIRECTION ( 'NONE',  ( 1.000000000000000000, 0.0000000000000000000, 0.0000000000000000000 ) ) ;
#6547 = ORIENTED_EDGE ( 'NONE', *, *, #8017, .F. ) ;
#6548 = FACE_OUTER_BOUND ( 'NONE', #8241, .T. ) ;
#6549 = DIRECTION ( 'NONE',  ( -3.815920199215875400E-013, 1.000000000000000000, 0.0000000000000000000 ) ) ;
#6550 = FACE_BOUND ( 'NONE', #449, .T. ) ;
#6551 = FACE_OUTER_BOUND ( 'NONE', #6413, .T. ) ;
#6552 = DIRECTION ( 'NONE',  ( -0.0000000000000000000, -0.0000000000000000000, 1.000000000000000000 ) ) ;
#6553 = PRESENTATION_LAYER_ASSIGNMENT (  '', '', ( #7533 ) ) ;
#6554 = CARTESIAN_POINT ( 'NONE',  ( -0.6000000000000007500, -18.15000000000000600, -12.65000000000000400 ) ) ;
#6555 = LINE ( 'NONE', #4015, #3157 ) ;
#6556 = CARTESIAN_POINT ( 'NONE',  ( -16.94289321881343100, 21.14999999999999900, 2.000000000000000000 ) ) ;
#6557 = FILL_AREA_STYLE_COLOUR ( '', #9453 ) ;
#6558 = ORIENTED_EDGE ( 'NONE', *, *, #1271, .T. ) ;
#6559 = LINE ( 'NONE', #9874, #8534 ) ;
#6560 = CARTESIAN_POINT ( 'NONE',  ( 0.0000000000000000000, 0.0000000000000000000, 10.00000000000000000 ) ) ;
#6561 = PLANE ( 'NONE',  #9438 ) ;
#6562 = DIRECTION ( 'NONE',  ( 0.0000000000000000000, 1.000000000000000000, 0.0000000000000000000 ) ) ;
#6563 = ORIENTED_EDGE ( 'NONE', *, *, #4181, .T. ) ;
#6564 = COLOUR_RGB ( '',0.2509803921568627400, 0.2509803921568627400, 0.2509803921568627400 ) ;
#6565 = AXIS2_PLACEMENT_3D ( 'NONE', #8722, #6120, #3719 ) ;
#6566 = EDGE_LOOP ( 'NONE', ( #4952, #3670, #8855, #6034 ) ) ;
#6567 = EDGE_CURVE ( 'NONE', #3629, #1957, #6831, .T. ) ;
#6568 = AXIS2_PLACEMENT_3D ( 'NONE', #3437, #7610, #7681 ) ;
#6569 = CARTESIAN_POINT ( 'NONE',  ( 15.50000000000000000, 15.50000000000000000, -9.499999999999998200 ) ) ;
#6570 = VERTEX_POINT ( 'NONE', #9902 ) ;
#6571 = CARTESIAN_POINT ( 'NONE',  ( 21.14999999999999900, 21.14999999999999900, -1.499999999999997800 ) ) ;
#6572 = CIRCLE ( 'NONE', #346, 0.5563334663949305300 ) ;
#6573 = VECTOR ( 'NONE', #10449, 1000.000000000000000 ) ;
#6574 = ORIENTED_EDGE ( 'NONE', *, *, #2641, .F. ) ;
#6575 = SURFACE_SIDE_STYLE ('',( #7928 ) ) ;
#6576 = LINE ( 'NONE', #2374, #2918 ) ;
#6577 = DIRECTION ( 'NONE',  ( 0.0000000000000000000, -1.000000000000000000, 0.0000000000000000000 ) ) ;
#6578 = PLANE ( 'NONE',  #7961 ) ;
#6580 = AXIS2_PLACEMENT_3D ( 'NONE', #5866, #723, #9892 ) ;
#6579 =( NAMED_UNIT ( * ) PLANE_ANGLE_UNIT ( ) SI_UNIT ( $, .RADIAN. ) );
#6581 =( LENGTH_UNIT ( ) NAMED_UNIT ( * ) SI_UNIT ( .MILLI., .METRE. ) );
#6582 = ORIENTED_EDGE ( 'NONE', *, *, #7092, .F. ) ;
#6583 = MECHANICAL_DESIGN_GEOMETRIC_PRESENTATION_REPRESENTATION (  '', ( #4691 ), #7137 ) ;
#6584 = EDGE_CURVE ( 'NONE', #9688, #5038, #9331, .T. ) ;
#6585 = DIRECTION ( 'NONE',  ( -0.0000000000000000000, -0.0000000000000000000, -1.000000000000000000 ) ) ;
#6586 = CARTESIAN_POINT ( 'NONE',  ( 16.80716972541264600, -15.98624964824928800, -9.499999999999998200 ) ) ;
#6587 = DIRECTION ( 'NONE',  ( -0.0000000000000000000, 0.0000000000000000000, 1.000000000000000000 ) ) ;
#6588 = CARTESIAN_POINT ( 'NONE',  ( 0.0000000000000000000, 0.0000000000000000000, -3.499999999999997800 ) ) ;
#6589 = ORIENTED_EDGE ( 'NONE', *, *, #9329, .F. ) ;
#6590 = SURFACE_SIDE_STYLE ('',( #3419 ) ) ;
#6591 = VERTEX_POINT ( 'NONE', #4905 ) ;
#6592 = AXIS2_PLACEMENT_3D ( 'NONE', #1310, #1200, #9625 ) ;
#6593 = FACE_OUTER_BOUND ( 'NONE', #1670, .T. ) ;
#6594 = DIRECTION ( 'NONE',  ( 0.0000000000000000000, 0.0000000000000000000, -1.000000000000000000 ) ) ;
#6595 = DIRECTION ( 'NONE',  ( 3.815920199215883900E-013, 1.000000000000000000, -0.0000000000000000000 ) ) ;
#6596 = EDGE_CURVE ( 'NONE', #2242, #5589, #420, .T. ) ;
#6597 = DIRECTION ( 'NONE',  ( -0.0000000000000000000, -0.0000000000000000000, 1.000000000000000000 ) ) ;
#6598 = UNCERTAINTY_MEASURE_WITH_UNIT (LENGTH_MEASURE( 1.000000000000000100E-005 ), #4496, 'distance_accuracy_value', 'NONE');
#6599 =( NAMED_UNIT ( * ) PLANE_ANGLE_UNIT ( ) SI_UNIT ( $, .RADIAN. ) );
#6600 = ADVANCED_FACE ( 'NONE', ( #2404 ), #7307, .T. ) ;
#6601 = LINE ( 'NONE', #63, #7244 ) ;
#6602 = CARTESIAN_POINT ( 'NONE',  ( -15.96497596851089900, 16.74998035735668000, -9.499999999999998200 ) ) ;
#6603 = DIRECTION ( 'NONE',  ( 0.0000000000000000000, 0.0000000000000000000, 1.000000000000000000 ) ) ;
#6604 = VECTOR ( 'NONE', #7098, 1000.000000000000000 ) ;
#6606 = COLOUR_RGB ( '',0.2509803921568627400, 0.2509803921568627400, 0.2509803921568627400 ) ;
#6605 = DIRECTION ( 'NONE',  ( 0.0000000000000000000, 1.000000000000000000, 0.0000000000000000000 ) ) ;
#6607 = VECTOR ( 'NONE', #4192, 1000.000000000000000 ) ;
#6608 = EDGE_LOOP ( 'NONE', ( #6991, #1014, #10123, #5890 ) ) ;
#6609 = EDGE_CURVE ( 'NONE', #10837, #3317, #1107, .T. ) ;
#6610 = PLANE ( 'NONE',  #8392 ) ;
#6611 =( GEOMETRIC_REPRESENTATION_CONTEXT ( 3 ) GLOBAL_UNCERTAINTY_ASSIGNED_CONTEXT ( ( #6060 ) ) GLOBAL_UNIT_ASSIGNED_CONTEXT ( ( #2172, #3952, #7230 ) ) REPRESENTATION_CONTEXT ( 'NONE', 'WORKASPACE' ) );
#6612 = FILL_AREA_STYLE ('',( #10786 ) ) ;
#6613 = DIRECTION ( 'NONE',  ( -0.0000000000000000000, -0.0000000000000000000, 1.000000000000000000 ) ) ;
#6614 = CARTESIAN_POINT ( 'NONE',  ( -1.500000000000000200, 2.000000000000000000, 29.50000000000000000 ) ) ;
#6615 = VECTOR ( 'NONE', #9689, 1000.000000000000000 ) ;
#6616 = VERTEX_POINT ( 'NONE', #2347 ) ;
#6617 = DIRECTION ( 'NONE',  ( -0.0000000000000000000, -0.0000000000000000000, -1.000000000000000000 ) ) ;
#6618 =( GEOMETRIC_REPRESENTATION_CONTEXT ( 3 ) GLOBAL_UNCERTAINTY_ASSIGNED_CONTEXT ( ( #1129 ) ) GLOBAL_UNIT_ASSIGNED_CONTEXT ( ( #318, #5419, #6199 ) ) REPRESENTATION_CONTEXT ( 'NONE', 'WORKASPACE' ) );
#6619 = DIRECTION ( 'NONE',  ( -0.0000000000000000000, -0.0000000000000000000, 1.000000000000000000 ) ) ;
#6620 = VERTEX_POINT ( 'NONE', #8224 ) ;
#6621 = CARTESIAN_POINT ( 'NONE',  ( 20.64999999999999900, 16.94289321881345200, -10.99999999999999800 ) ) ;
#6622 = LINE ( 'NONE', #10535, #3610 ) ;
#6623 = ORIENTED_EDGE ( 'NONE', *, *, #3880, .T. ) ;
#6624 = CARTESIAN_POINT ( 'NONE',  ( -3.600000000000001400, -19.15000000000000600, -3.499999999999994200 ) ) ;
#6625 = DIRECTION ( 'NONE',  ( 0.0000000000000000000, 0.0000000000000000000, 1.000000000000000000 ) ) ;
#6626 = AXIS2_PLACEMENT_3D ( 'NONE', #6437, #7976, #10577 ) ;
#6627 = VERTEX_POINT ( 'NONE', #5701 ) ;
#6628 = AXIS2_PLACEMENT_3D ( 'NONE', #8566, #3512, #2000 ) ;
#6629 = EDGE_CURVE ( 'NONE', #8409, #2647, #4737, .T. ) ;
#6630 = CARTESIAN_POINT ( 'NONE',  ( -0.6000000000000010900, -39.15000000000002000, -13.85000000000000300 ) ) ;
#6631 = CARTESIAN_POINT ( 'NONE',  ( -1.371348881391340800, -39.15000000000000600, -5.626831209128898300 ) ) ;
#6632 = EDGE_LOOP ( 'NONE', ( #4711, #4317, #10397, #7908 ) ) ;
#6633 = CARTESIAN_POINT ( 'NONE',  ( -15.96497596851091000, 15.01375035175259500, -10.99999999999999800 ) ) ;
#6634 = FACE_OUTER_BOUND ( 'NONE', #4856, .T. ) ;
#6635 = CARTESIAN_POINT ( 'NONE',  ( -17.29644660940671500, -21.00355339059328200, 10.00000000000000000 ) ) ;
#6636 = SURFACE_STYLE_FILL_AREA ( #3492 ) ;
#6637 = CARTESIAN_POINT ( 'NONE',  ( -13.31369220013742600, 21.15999999999999700, -3.499999999999996000 ) ) ;
#6638 = SURFACE_STYLE_USAGE ( .BOTH. , #8319 ) ;
#6639 = DIRECTION ( 'NONE',  ( -1.000000000000000000, 0.0000000000000000000, 0.0000000000000000000 ) ) ;
#6640 = CARTESIAN_POINT ( 'NONE',  ( 15.01375035175125200, 15.03502403148986100, -9.499999999999998200 ) ) ;
#6641 = EDGE_CURVE ( 'NONE', #1331, #3963, #6576, .T. ) ;
#6642 = AXIS2_PLACEMENT_3D ( 'NONE', #5629, #607, #3104 ) ;
#6643 = ORIENTED_EDGE ( 'NONE', *, *, #3705, .T. ) ;
#6644 = VERTEX_POINT ( 'NONE', #237 ) ;
#6645 = FACE_OUTER_BOUND ( 'NONE', #10169, .T. ) ;
#6646 = AXIS2_PLACEMENT_3D ( 'NONE', #7086, #8778, #647 ) ;
#6647 = CARTESIAN_POINT ( 'NONE',  ( 16.74998035735527000, 15.96497596851043000, -9.499999999999998200 ) ) ;
#6648 = CIRCLE ( 'NONE', #5007, 20.00000000000000000 ) ;
#6649 = EDGE_CURVE ( 'NONE', #1858, #11, #5538, .T. ) ;
#6650 = DIRECTION ( 'NONE',  ( 0.0000000000000000000, 0.0000000000000000000, 1.000000000000000000 ) ) ;
#6651 = DIRECTION ( 'NONE',  ( 0.0000000000000000000, 0.0000000000000000000, -1.000000000000000000 ) ) ;
#6652 = DIRECTION ( 'NONE',  ( -0.0000000000000000000, -0.0000000000000000000, 1.000000000000000000 ) ) ;
#6653 = LINE ( 'NONE', #266, #912 ) ;
#6654 = EDGE_LOOP ( 'NONE', ( #6923, #9420, #5754, #5768 ) ) ;
#6655 = ADVANCED_FACE ( 'NONE', ( #9970 ), #4478, .T. ) ;
#6656 = SURFACE_SIDE_STYLE ('',( #7628 ) ) ;
#6657 = CIRCLE ( 'NONE', #2618, 2.750000000000000900 ) ;
#6658 = VECTOR ( 'NONE', #4647, 1000.000000000000000 ) ;
#6659 = MECHANICAL_DESIGN_GEOMETRIC_PRESENTATION_REPRESENTATION (  '', ( #10021 ), #2134 ) ;
#6660 = VERTEX_POINT ( 'NONE', #9303 ) ;
#6661 = PLANE ( 'NONE',  #5942 ) ;
#6662 = AXIS2_PLACEMENT_3D ( 'NONE', #6915, #7027, #7063 ) ;
#6663 = PLANE ( 'NONE',  #7010 ) ;
#6664 = EDGE_CURVE ( 'NONE', #7346, #345, #3825, .T. ) ;
#6665 = DIRECTION ( 'NONE',  ( 1.000000000000000000, -1.334402673828314100E-014, 0.0000000000000000000 ) ) ;
#6666 = ORIENTED_EDGE ( 'NONE', *, *, #10850, .T. ) ;
#6667 = SURFACE_STYLE_FILL_AREA ( #9658 ) ;
#6668 = FACE_OUTER_BOUND ( 'NONE', #10805, .T. ) ;
#6669 = CARTESIAN_POINT ( 'NONE',  ( 16.94289321881344500, -21.15000000000000200, -1.499999999999997800 ) ) ;
#6670 = ORIENTED_EDGE ( 'NONE', *, *, #7590, .T. ) ;
#6671 = EDGE_LOOP ( 'NONE', ( #5704, #4557 ) ) ;
#6672 = SURFACE_SIDE_STYLE ('',( #8634 ) ) ;
#6673 = DIRECTION ( 'NONE',  ( -1.000000000000000000, 0.0000000000000000000, 0.0000000000000000000 ) ) ;
#6674 = CARTESIAN_POINT ( 'NONE',  ( -15.49999999999999600, 15.50000000000000000, 10.00000000000000000 ) ) ;
#6675 = CARTESIAN_POINT ( 'NONE',  ( 15.50000000000000000, 15.50000000000000000, 10.00000000000000000 ) ) ;
#6676 = EDGE_CURVE ( 'NONE', #8365, #10187, #1884, .T. ) ;
#6677 = PRESENTATION_LAYER_ASSIGNMENT (  '', '', ( #3314 ) ) ;
#6678 = DIRECTION ( 'NONE',  ( -1.000000000000000000, -0.0000000000000000000, -1.387778780781444300E-014 ) ) ;
#6679 = ORIENTED_EDGE ( 'NONE', *, *, #983, .F. ) ;
#6680 = FACE_BOUND ( 'NONE', #160, .T. ) ;
#6681 = DIRECTION ( 'NONE',  ( 0.7071067811865463500, 0.7071067811865487900, -0.0000000000000000000 ) ) ;
#6682 = LINE ( 'NONE', #4933, #5 ) ;
#6683 = LINE ( 'NONE', #7319, #4578 ) ;
#6684 = DIRECTION ( 'NONE',  ( -0.0000000000000000000, -0.0000000000000000000, -1.000000000000000000 ) ) ;
#6685 = ORIENTED_EDGE ( 'NONE', *, *, #6664, .F. ) ;
#6686 = SURFACE_STYLE_USAGE ( .BOTH. , #3209 ) ;
#6687 = PLANE ( 'NONE',  #6187 ) ;
#6688 = ORIENTED_EDGE ( 'NONE', *, *, #10334, .T. ) ;
#6689 = DIRECTION ( 'NONE',  ( -1.000000000000000000, 0.0000000000000000000, 0.0000000000000000000 ) ) ;
#6690 = VERTEX_POINT ( 'NONE', #5955 ) ;
#6691 = DIRECTION ( 'NONE',  ( -1.000000000000000000, 0.0000000000000000000, 0.0000000000000000000 ) ) ;
#6692 = ORIENTED_EDGE ( 'NONE', *, *, #9086, .T. ) ;
#6693 = LINE ( 'NONE', #10681, #2237 ) ;
#6694 = AXIS2_PLACEMENT_3D ( 'NONE', #1149, #1182, #1115 ) ;
#6695 = CARTESIAN_POINT ( 'NONE',  ( -2.500000000000000000, 0.0000000000000000000, -8.499999999999996400 ) ) ;
#6696 = CARTESIAN_POINT ( 'NONE',  ( 16.94289321881345200, 21.14999999999999900, 9.500000000000000000 ) ) ;
#6697 = EDGE_LOOP ( 'NONE', ( #787, #4230, #1155, #678 ) ) ;
#6698 = DIRECTION ( 'NONE',  ( -1.000000000000000000, 0.0000000000000000000, 0.0000000000000000000 ) ) ;
#6699 = FACE_OUTER_BOUND ( 'NONE', #1935, .T. ) ;
#6700 = MECHANICAL_DESIGN_GEOMETRIC_PRESENTATION_REPRESENTATION (  '', ( #7533 ), #5234 ) ;
#6701 =( NAMED_UNIT ( * ) SI_UNIT ( $, .STERADIAN. ) SOLID_ANGLE_UNIT ( ) );
#6702 = DIRECTION ( 'NONE',  ( 0.0000000000000000000, -0.0000000000000000000, 1.000000000000000000 ) ) ;
#6703 = CARTESIAN_POINT ( 'NONE',  ( -16.94289321881343500, 21.14999999999999900, -1.499999999999997800 ) ) ;
#6704 = EDGE_LOOP ( 'NONE', ( #3672, #2603 ) ) ;
#6705 = CARTESIAN_POINT ( 'NONE',  ( -2.499999999999999600, 0.0000000000000000000, 9.000000000000001800 ) ) ;
#6706 =( NAMED_UNIT ( * ) PLANE_ANGLE_UNIT ( ) SI_UNIT ( $, .RADIAN. ) );
#6707 = VERTEX_POINT ( 'NONE', #4832 ) ;
#6708 =( LENGTH_UNIT ( ) NAMED_UNIT ( * ) SI_UNIT ( .MILLI., .METRE. ) );
#6709 =( LENGTH_UNIT ( ) NAMED_UNIT ( * ) SI_UNIT ( .MILLI., .METRE. ) );
#6710 = AXIS2_PLACEMENT_3D ( 'NONE', #4249, #2570, #9255 ) ;
#6711 = CIRCLE ( 'NONE', #8730, 0.5000000000000004400 ) ;
#6712 = ADVANCED_FACE ( 'NONE', ( #8802 ), #5086, .F. ) ;
#6713 = DIRECTION ( 'NONE',  ( 8.202002250481356300E-017, -1.000000000000000000, 0.0000000000000000000 ) ) ;
#6714 = DIRECTION ( 'NONE',  ( 0.0000000000000000000, -1.000000000000000000, 0.0000000000000000000 ) ) ;
#6715 = FACE_BOUND ( 'NONE', #9252, .T. ) ;
#6716 = EDGE_CURVE ( 'NONE', #8045, #3793, #7885, .T. ) ;
#6717 = PLANE ( 'NONE',  #503 ) ;
#6718 = DIRECTION ( 'NONE',  ( -1.000000000000000000, 0.0000000000000000000, 0.0000000000000000000 ) ) ;
#6719 = EDGE_LOOP ( 'NONE', ( #1480, #5931, #2576, #3912, #6822, #897, #3991, #626, #6779, #3039, #5288, #4696 ) ) ;
#6720 = FILL_AREA_STYLE_COLOUR ( '', #1680 ) ;
#6721 = FILL_AREA_STYLE_COLOUR ( '', #47 ) ;
#6722 = DIRECTION ( 'NONE',  ( 0.0000000000000000000, 0.0000000000000000000, -1.000000000000000000 ) ) ;
#6723 = DIRECTION ( 'NONE',  ( -1.000000000000000000, 0.0000000000000000000, 0.0000000000000000000 ) ) ;
#6724 = CARTESIAN_POINT ( 'NONE',  ( -11.00000000000000000, 0.0000000000000000000, 12.00000000000000000 ) ) ;
#6725 = TOROIDAL_SURFACE ( 'NONE', #7563, 3.249999999999997800, 0.5000000000000000000 ) ;
#6726 = DIRECTION ( 'NONE',  ( 0.0000000000000000000, 0.0000000000000000000, -1.000000000000000000 ) ) ;
#6727 = PRESENTATION_LAYER_ASSIGNMENT (  '', '', ( #3930 ) ) ;
#6728 = EDGE_CURVE ( 'NONE', #1752, #4638, #8660, .T. ) ;
#6729 = VERTEX_POINT ( 'NONE', #2803 ) ;
#6730 = CARTESIAN_POINT ( 'NONE',  ( 0.0000000000000000000, 0.0000000000000000000, 4.000000000000000000 ) ) ;
#6731 = ORIENTED_EDGE ( 'NONE', *, *, #2381, .T. ) ;
#6732 = DIRECTION ( 'NONE',  ( 0.0000000000000000000, -1.000000000000000000, 0.0000000000000000000 ) ) ;
#6733 = FACE_OUTER_BOUND ( 'NONE', #2407, .T. ) ;
#6734 = UNCERTAINTY_MEASURE_WITH_UNIT (LENGTH_MEASURE( 1.000000000000000100E-005 ), #1112, 'distance_accuracy_value', 'NONE');
#6735 = DIRECTION ( 'NONE',  ( -1.000000000000000000, 0.0000000000000000000, 0.0000000000000000000 ) ) ;
#6736 = COLOUR_RGB ( '',0.2509803921568627400, 0.2509803921568627400, 0.2509803921568627400 ) ;
#6737 = STYLED_ITEM ( 'NONE', ( #10473 ), #3079 ) ;
#6738 = FACE_OUTER_BOUND ( 'NONE', #2031, .T. ) ;
#6739 = LINE ( 'NONE', #8515, #9365 ) ;
#6740 = CARTESIAN_POINT ( 'NONE',  ( 2.583848208458101100, -21.25000000000000700, 4.288040361317518200E-016 ) ) ;
#6741 = DIRECTION ( 'NONE',  ( -0.0000000000000000000, 1.000000000000000000, -0.0000000000000000000 ) ) ;
#6742 = CIRCLE ( 'NONE', #3345, 0.5000000000000004400 ) ;
#6743 = EDGE_CURVE ( 'NONE', #4019, #7445, #10232, .T. ) ;
#6744 = ORIENTED_EDGE ( 'NONE', *, *, #4163, .T. ) ;
#6745 = SURFACE_STYLE_USAGE ( .BOTH. , #9233 ) ;
#6746 = ORIENTED_EDGE ( 'NONE', *, *, #5492, .T. ) ;
#6747 = CARTESIAN_POINT ( 'NONE',  ( -15.01375035175306900, -15.96497596850950100, -10.99999999999999800 ) ) ;
#6748 = FILL_AREA_STYLE ('',( #90 ) ) ;
#6749 = PRESENTATION_STYLE_ASSIGNMENT (( #1433 ) ) ;
#6750 = VERTEX_POINT ( 'NONE', #6859 ) ;
#6751 = VECTOR ( 'NONE', #4444, 1000.000000000000000 ) ;
#6752 = EDGE_CURVE ( 'NONE', #5402, #4402, #4090, .T. ) ;
#6753 = DIRECTION ( 'NONE',  ( 1.000000000000000000, 0.0000000000000000000, -0.0000000000000000000 ) ) ;
#6754 =( GEOMETRIC_REPRESENTATION_CONTEXT ( 3 ) GLOBAL_UNCERTAINTY_ASSIGNED_CONTEXT ( ( #8210 ) ) GLOBAL_UNIT_ASSIGNED_CONTEXT ( ( #5082, #64, #3499 ) ) REPRESENTATION_CONTEXT ( 'NONE', 'WORKASPACE' ) );
#6755 = ORIENTED_EDGE ( 'NONE', *, *, #6275, .T. ) ;
#6756 = DIRECTION ( 'NONE',  ( 0.0000000000000000000, 0.0000000000000000000, -1.000000000000000000 ) ) ;
#6757 = DIRECTION ( 'NONE',  ( 0.0000000000000000000, 0.0000000000000000000, -1.000000000000000000 ) ) ;
#6758 = CARTESIAN_POINT ( 'NONE',  ( 19.15000000000003400, -19.14999999999995200, -1.499999999999997800 ) ) ;
#6759 = DIRECTION ( 'NONE',  ( 0.0000000000000000000, 0.0000000000000000000, -1.000000000000000000 ) ) ;
#6760 = FACE_OUTER_BOUND ( 'NONE', #3161, .T. ) ;
#6761 = ORIENTED_EDGE ( 'NONE', *, *, #4786, .T. ) ;
#6762 = PRESENTATION_LAYER_ASSIGNMENT (  '', '', ( #1599 ) ) ;
#6763 = ADVANCED_FACE ( 'NONE', ( #4221 ), #3427, .F. ) ;
#6764 = DIRECTION ( 'NONE',  ( -9.085524283848065300E-015, -1.000000000000000000, -0.0000000000000000000 ) ) ;
#6765 = CARTESIAN_POINT ( 'NONE',  ( 15.49999999999912400, -15.50000000000000200, -10.49999999999999600 ) ) ;
#6766 = CARTESIAN_POINT ( 'NONE',  ( -20.64999999999999900, 16.94289321881344900, 9.500000000000000000 ) ) ;
#6767 = SURFACE_SIDE_STYLE ('',( #359 ) ) ;
#6768 = VECTOR ( 'NONE', #10011, 1000.000000000000000 ) ;
#6770 = VERTEX_POINT ( 'NONE', #8069 ) ;
#6769 = FILL_AREA_STYLE_COLOUR ( '', #1724 ) ;
#6771 = CIRCLE ( 'NONE', #379, 0.5563334663949278700 ) ;
#6772 = AXIS2_PLACEMENT_3D ( 'NONE', #7267, #8921, #6501 ) ;
#6773 = VERTEX_POINT ( 'NONE', #4115 ) ;
#6774 = EDGE_CURVE ( 'NONE', #7625, #5424, #8144, .T. ) ;
#6775 = DIRECTION ( 'NONE',  ( 0.0000000000000000000, 0.0000000000000000000, 1.000000000000000000 ) ) ;
#6776 = AXIS2_PLACEMENT_3D ( 'NONE', #2808, #9471, #7798 ) ;
#6777 = CARTESIAN_POINT ( 'NONE',  ( 1.339045298307557800, -39.15000000000000600, -5.626831209128898300 ) ) ;
#6778 =( NAMED_UNIT ( * ) SI_UNIT ( $, .STERADIAN. ) SOLID_ANGLE_UNIT ( ) );
#6779 = ORIENTED_EDGE ( 'NONE', *, *, #9020, .T. ) ;
#6780 = CIRCLE ( 'NONE', #4445, 0.5000000000000006700 ) ;
#6781 = CARTESIAN_POINT ( 'NONE',  ( 12.25000000000000200, 15.50000000000000000, -10.99999999999999800 ) ) ;
#6782 = LINE ( 'NONE', #8731, #5733 ) ;
#6783 = ORIENTED_EDGE ( 'NONE', *, *, #10214, .T. ) ;
#6784 = AXIS2_PLACEMENT_3D ( 'NONE', #7297, #3026, #2291 ) ;
#6785 = AXIS2_PLACEMENT_3D ( 'NONE', #700, #8189, #10682 ) ;
#6786 = ORIENTED_EDGE ( 'NONE', *, *, #9454, .T. ) ;
#6787 = EDGE_CURVE ( 'NONE', #10574, #6498, #4344, .T. ) ;
#6788 = CARTESIAN_POINT ( 'NONE',  ( 20.65000000000000200, -16.94289321881343100, -10.99999999999999800 ) ) ;
#6789 = CIRCLE ( 'NONE', #7309, 2.500000000000000000 ) ;
#6790 = VECTOR ( 'NONE', #2854, 1000.000000000000000 ) ;
#6791 = DIRECTION ( 'NONE',  ( 0.0000000000000000000, 0.0000000000000000000, 1.000000000000000000 ) ) ;
#6792 = ORIENTED_EDGE ( 'NONE', *, *, #8888, .T. ) ;
#6793 = ORIENTED_EDGE ( 'NONE', *, *, #8325, .T. ) ;
#6794 = UNCERTAINTY_MEASURE_WITH_UNIT (LENGTH_MEASURE( 1.000000000000000100E-005 ), #1351, 'distance_accuracy_value', 'NONE');
#6795 = CARTESIAN_POINT ( 'NONE',  ( -14.24999999999999600, 15.50000000000000000, 10.00000000000000000 ) ) ;
#6796 = EDGE_LOOP ( 'NONE', ( #3660, #9325 ) ) ;
#6797 = PRESENTATION_LAYER_ASSIGNMENT (  '', '', ( #10021 ) ) ;
#6798 = PRESENTATION_STYLE_ASSIGNMENT (( #9383 ) ) ;
#6799 = SURFACE_STYLE_USAGE ( .BOTH. , #5137 ) ;
#6800 = AXIS2_PLACEMENT_3D ( 'NONE', #9482, #7810, #4473 ) ;
#6801 = DIRECTION ( 'NONE',  ( -1.000000000000000000, 0.0000000000000000000, 0.0000000000000000000 ) ) ;
#6802 = VERTEX_POINT ( 'NONE', #7754 ) ;
#6803 = EDGE_CURVE ( 'NONE', #2858, #108, #6820, .T. ) ;
#6804 = VERTEX_POINT ( 'NONE', #1032 ) ;
#6805 = CIRCLE ( 'NONE', #4627, 2.749999999999997300 ) ;
#6806 = DIRECTION ( 'NONE',  ( 0.0000000000000000000, 0.0000000000000000000, 1.000000000000000000 ) ) ;
#6807 = VECTOR ( 'NONE', #6534, 1000.000000000000000 ) ;
#6808 = DIRECTION ( 'NONE',  ( -0.7071067811865493500, 0.7071067811865456900, -0.0000000000000000000 ) ) ;
#6809 = DIRECTION ( 'NONE',  ( 0.0000000000000000000, 0.0000000000000000000, 1.000000000000000000 ) ) ;
#6810 = VERTEX_POINT ( 'NONE', #242 ) ;
#6811 = PRESENTATION_STYLE_ASSIGNMENT (( #2157 ) ) ;
#6812 = ADVANCED_FACE ( 'NONE', ( #965 ), #6305, .T. ) ;
#6813 = VERTEX_POINT ( 'NONE', #6926 ) ;
#6814 = SURFACE_STYLE_USAGE ( .BOTH. , #3529 ) ;
#6815 = VERTEX_POINT ( 'NONE', #1883 ) ;
#6816 = DIRECTION ( 'NONE',  ( 9.085524283848147300E-015, 1.000000000000000000, -0.0000000000000000000 ) ) ;
#6817 = FACE_OUTER_BOUND ( 'NONE', #6223, .T. ) ;
#6818 = LINE ( 'NONE', #3184, #2633 ) ;
#6819 = CARTESIAN_POINT ( 'NONE',  ( 3.736448033927382900, -19.15000000000000600, -4.066134625156264400 ) ) ;
#6820 = CIRCLE ( 'NONE', #10241, 2.500000000000000000 ) ;
#6821 = DIRECTION ( 'NONE',  ( 0.0000000000000000000, 0.0000000000000000000, -1.000000000000000000 ) ) ;
#6822 = ORIENTED_EDGE ( 'NONE', *, *, #6106, .T. ) ;
#6823 = DIRECTION ( 'NONE',  ( 0.0000000000000000000, -0.0000000000000000000, 1.000000000000000000 ) ) ;
#6824 = ADVANCED_FACE ( 'NONE', ( #5146 ), #5656, .T. ) ;
#6825 = CARTESIAN_POINT ( 'NONE',  ( -3.600000000000001000, -19.15000000000000600, -8.999999999999992900 ) ) ;
#6826 = ORIENTED_EDGE ( 'NONE', *, *, #4559, .T. ) ;
#6827 = LINE ( 'NONE', #650, #4352 ) ;
#6828 = LINE ( 'NONE', #3045, #4614 ) ;
#6829 = ORIENTED_EDGE ( 'NONE', *, *, #3880, .F. ) ;
#6830 = CARTESIAN_POINT ( 'NONE',  ( -2.616151791541896800, -21.25000000000000700, -7.606617291317807200 ) ) ;
#6831 = CIRCLE ( 'NONE', #2867, 2.749999999999997300 ) ;
#6832 = EDGE_CURVE ( 'NONE', #9260, #9143, #9838, .T. ) ;
#6833 = DIRECTION ( 'NONE',  ( -1.000000000000000000, 0.0000000000000000000, 0.0000000000000000000 ) ) ;
#6834 = EDGE_CURVE ( 'NONE', #2888, #1760, #8537, .T. ) ;
#6835 = AXIS2_PLACEMENT_3D ( 'NONE', #2212, #1347, #6477 ) ;
#6836 = DIRECTION ( 'NONE',  ( 1.659555831213624300E-016, 0.0000000000000000000, -1.000000000000000000 ) ) ;
#6837 = EDGE_LOOP ( 'NONE', ( #2903, #6114 ) ) ;
#6838 = FACE_OUTER_BOUND ( 'NONE', #5563, .T. ) ;
#6839 = SURFACE_STYLE_FILL_AREA ( #117 ) ;
#6840 = DIRECTION ( 'NONE',  ( -0.0000000000000000000, 1.000000000000000000, -0.0000000000000000000 ) ) ;
#6841 = EDGE_CURVE ( 'NONE', #7351, #6140, #5406, .T. ) ;
#6842 = CARTESIAN_POINT ( 'NONE',  ( 16.74998035735527000, 15.96497596851043000, -10.99999999999999800 ) ) ;
#6843 =( GEOMETRIC_REPRESENTATION_CONTEXT ( 3 ) GLOBAL_UNCERTAINTY_ASSIGNED_CONTEXT ( ( #10446 ) ) GLOBAL_UNIT_ASSIGNED_CONTEXT ( ( #4415, #1181, #6085 ) ) REPRESENTATION_CONTEXT ( 'NONE', 'WORKASPACE' ) );
#6844 = VERTEX_POINT ( 'NONE', #3572 ) ;
#6845 = FACE_BOUND ( 'NONE', #7447, .T. ) ;
#6846 = PRESENTATION_LAYER_ASSIGNMENT (  '', '', ( #4200 ) ) ;
#6847 = CARTESIAN_POINT ( 'NONE',  ( -0.6000000000000007500, -39.15000000000002000, -12.15000000000000000 ) ) ;
#6848 = EDGE_CURVE ( 'NONE', #2970, #7574, #1228, .T. ) ;
#6849 =( LENGTH_UNIT ( ) NAMED_UNIT ( * ) SI_UNIT ( .MILLI., .METRE. ) );
#6850 =( LENGTH_UNIT ( ) NAMED_UNIT ( * ) SI_UNIT ( .MILLI., .METRE. ) );
#6851 = UNCERTAINTY_MEASURE_WITH_UNIT (LENGTH_MEASURE( 1.000000000000000100E-005 ), #8138, 'distance_accuracy_value', 'NONE');
#6852 = ORIENTED_EDGE ( 'NONE', *, *, #6948, .T. ) ;
#6853 = DIRECTION ( 'NONE',  ( 0.0000000000000000000, 0.0000000000000000000, -1.000000000000000000 ) ) ;
#6854 = SURFACE_STYLE_USAGE ( .BOTH. , #9532 ) ;
#6855 = CARTESIAN_POINT ( 'NONE',  ( -14.25001964264661700, -15.03502403148863200, -9.499999999999998200 ) ) ;
#6856 = CARTESIAN_POINT ( 'NONE',  ( -3.500000000000000000, 4.286263797015736600E-016, 11.50000000000000000 ) ) ;
#6857 = CIRCLE ( 'NONE', #525, 0.5000000000000004400 ) ;
#6858 = MECHANICAL_DESIGN_GEOMETRIC_PRESENTATION_REPRESENTATION (  '', ( #2591 ), #1076 ) ;
#6859 = CARTESIAN_POINT ( 'NONE',  ( -21.14999999999999500, -16.94289321881344500, -1.499999999999997800 ) ) ;
#6860 = AXIS2_PLACEMENT_3D ( 'NONE', #7174, #7890, #9570 ) ;
#6861 = VERTEX_POINT ( 'NONE', #3639 ) ;
#6862 = EDGE_CURVE ( 'NONE', #1921, #5442, #2637, .T. ) ;
#6863 = ADVANCED_FACE ( 'NONE', ( #4871 ), #6887, .F. ) ;
#6864 = CARTESIAN_POINT ( 'NONE',  ( 13.31369220013742100, -21.16000000000000000, 63.84951795962939500 ) ) ;
#6865 = UNCERTAINTY_MEASURE_WITH_UNIT (LENGTH_MEASURE( 1.000000000000000100E-005 ), #3799, 'distance_accuracy_value', 'NONE');
#6866 = DIRECTION ( 'NONE',  ( -1.000000000000000000, -0.0000000000000000000, 0.0000000000000000000 ) ) ;
#6867 = SURFACE_STYLE_FILL_AREA ( #3488 ) ;
#6868 = CIRCLE ( 'NONE', #4390, 1.249999999999997600 ) ;
#6869 = LINE ( 'NONE', #9853, #200 ) ;
#6870 = VERTEX_POINT ( 'NONE', #10186 ) ;
#6871 = DIRECTION ( 'NONE',  ( 1.008560160451632500E-016, 0.0000000000000000000, -1.000000000000000000 ) ) ;
#6872 = VERTEX_POINT ( 'NONE', #6051 ) ;
#6873 = EDGE_CURVE ( 'NONE', #1385, #2679, #9186, .T. ) ;
#6874 = PRESENTATION_LAYER_ASSIGNMENT (  '', '', ( #10410 ) ) ;
#6875 = ADVANCED_FACE ( 'NONE', ( #412, #9057 ), #9677, .T. ) ;
#6876 = CARTESIAN_POINT ( 'NONE',  ( 13.59999999999912600, -15.50000000000000200, -10.49999999999999600 ) ) ;
#6878 = CIRCLE ( 'NONE', #4727, 3.249999999999996000 ) ;
#6877 = DIRECTION ( 'NONE',  ( -0.0000000000000000000, 0.0000000000000000000, 1.000000000000000000 ) ) ;
#6879 = ORIENTED_EDGE ( 'NONE', *, *, #8985, .F. ) ;
#6880 = EDGE_CURVE ( 'NONE', #8764, #1510, #3414, .T. ) ;
#6881 = ORIENTED_EDGE ( 'NONE', *, *, #2850, .T. ) ;
#6882 = ORIENTED_EDGE ( 'NONE', *, *, #3032, .T. ) ;
#6883 = DIRECTION ( 'NONE',  ( 0.0000000000000000000, 0.0000000000000000000, 1.000000000000000000 ) ) ;
#6884 = COLOUR_RGB ( '',0.2509803921568627400, 0.2509803921568627400, 0.2509803921568627400 ) ;
#6885 = ORIENTED_EDGE ( 'NONE', *, *, #2616, .T. ) ;
#6886 = PRESENTATION_LAYER_ASSIGNMENT (  '', '', ( #9907 ) ) ;
#6887 = PLANE ( 'NONE',  #6514 ) ;
#6888 = DIRECTION ( 'NONE',  ( -0.0000000000000000000, 1.000000000000000000, -0.0000000000000000000 ) ) ;
#6889 =( LENGTH_UNIT ( ) NAMED_UNIT ( * ) SI_UNIT ( .MILLI., .METRE. ) );
#6890 =( LENGTH_UNIT ( ) NAMED_UNIT ( * ) SI_UNIT ( .MILLI., .METRE. ) );
#6891 = CIRCLE ( 'NONE', #1576, 0.5000000000000022200 ) ;
#6892 = DIRECTION ( 'NONE',  ( -0.0000000000000000000, -0.0000000000000000000, -1.000000000000000000 ) ) ;
#6893 = LINE ( 'NONE', #7019, #9778 ) ;
#6894 = ORIENTED_EDGE ( 'NONE', *, *, #3420, .F. ) ;
#6895 = ORIENTED_EDGE ( 'NONE', *, *, #5836, .F. ) ;
#6896 = PLANE ( 'NONE',  #6776 ) ;
#6897 = PRESENTATION_STYLE_ASSIGNMENT (( #8841 ) ) ;
#6898 = FACE_OUTER_BOUND ( 'NONE', #2102, .T. ) ;
#6899 = DIRECTION ( 'NONE',  ( -0.0000000000000000000, 0.0000000000000000000, -1.000000000000000000 ) ) ;
#6900 = VERTEX_POINT ( 'NONE', #4514 ) ;
#6901 = DIRECTION ( 'NONE',  ( 0.0000000000000000000, 0.0000000000000000000, 1.000000000000000000 ) ) ;
#6902 = DIRECTION ( 'NONE',  ( 1.000000000000000000, 0.0000000000000000000, 0.0000000000000000000 ) ) ;
#6903 = CARTESIAN_POINT ( 'NONE',  ( -16.80716972541454600, 15.01375035175258400, -9.499999999999998200 ) ) ;
#6904 = LINE ( 'NONE', #4401, #6394 ) ;
#6906 = PRESENTATION_LAYER_ASSIGNMENT (  '', '', ( #10636 ) ) ;
#6905 = FILL_AREA_STYLE ('',( #5968 ) ) ;
#6907 = ORIENTED_EDGE ( 'NONE', *, *, #1318, .F. ) ;
#6908 = PRESENTATION_LAYER_ASSIGNMENT (  '', '', ( #7266 ) ) ;
#6909 = EDGE_CURVE ( 'NONE', #6591, #1835, #4862, .T. ) ;
#6910 = DIRECTION ( 'NONE',  ( 1.000000000000000000, 0.0000000000000000000, 0.0000000000000000000 ) ) ;
#6911 = STYLED_ITEM ( 'NONE', ( #6428 ), #10398 ) ;
#6912 = DIRECTION ( 'NONE',  ( -0.0000000000000000000, -0.0000000000000000000, 1.000000000000000000 ) ) ;
#6913 = ORIENTED_EDGE ( 'NONE', *, *, #4504, .F. ) ;
#6914 = ORIENTED_EDGE ( 'NONE', *, *, #10137, .T. ) ;
#6915 = CARTESIAN_POINT ( 'NONE',  ( 0.0000000000000000000, 0.0000000000000000000, 4.000000000000003600 ) ) ;
#6916 = ADVANCED_FACE ( 'NONE', ( #2627 ), #7609, .T. ) ;
#6917 = ORIENTED_EDGE ( 'NONE', *, *, #4154, .T. ) ;
#6918 = CYLINDRICAL_SURFACE ( 'NONE', #5500, 0.5000000000000004400 ) ;
#6919 = CARTESIAN_POINT ( 'NONE',  ( 21.15000000000000200, -21.15000000000000200, -3.499999999999997800 ) ) ;
#6920 = LINE ( 'NONE', #1649, #1193 ) ;
#6921 = AXIS2_PLACEMENT_3D ( 'NONE', #6307, #1321, #10558 ) ;
#6922 = EDGE_LOOP ( 'NONE', ( #4072, #4683, #5020, #6464, #3674, #1491 ) ) ;
#6923 = ORIENTED_EDGE ( 'NONE', *, *, #5761, .T. ) ;
#6924 = PRESENTATION_LAYER_ASSIGNMENT (  '', '', ( #780 ) ) ;
#6925 = UNCERTAINTY_MEASURE_WITH_UNIT (LENGTH_MEASURE( 1.000000000000000100E-005 ), #474, 'distance_accuracy_value', 'NONE');
#6926 = CARTESIAN_POINT ( 'NONE',  ( 15.03502403148815200, -15.98624964824929200, -9.499999999999998200 ) ) ;
#6927 = EDGE_CURVE ( 'NONE', #5729, #3716, #8792, .T. ) ;
#6928 = CARTESIAN_POINT ( 'NONE',  ( 17.29644660940672900, 21.00355339059327200, 9.500000000000000000 ) ) ;
#6929 = EDGE_LOOP ( 'NONE', ( #3064, #8337, #7263, #5839 ) ) ;
#6930 = ADVANCED_FACE ( 'NONE', ( #2764 ), #8391, .T. ) ;
#6931 = CIRCLE ( 'NONE', #8139, 16.00000000000000000 ) ;
#6932 = FACE_BOUND ( 'NONE', #6472, .T. ) ;
#6933 = CARTESIAN_POINT ( 'NONE',  ( -15.96497596851090600, 14.25001964264614300, -9.499999999999998200 ) ) ;
#6934 = VECTOR ( 'NONE', #1734, 1000.000000000000000 ) ;
#6935 = LINE ( 'NONE', #667, #6147 ) ;
#6936 = VERTEX_POINT ( 'NONE', #1360 ) ;
#6937 = ORIENTED_EDGE ( 'NONE', *, *, #7980, .T. ) ;
#6938 = SURFACE_STYLE_USAGE ( .BOTH. , #5309 ) ;
#6939 =( LENGTH_UNIT ( ) NAMED_UNIT ( * ) SI_UNIT ( .MILLI., .METRE. ) );
#6940 = ORIENTED_EDGE ( 'NONE', *, *, #7797, .F. ) ;
#6941 = STYLED_ITEM ( 'NONE', ( #8238 ), #2768 ) ;
#6942 = ORIENTED_EDGE ( 'NONE', *, *, #6629, .F. ) ;
#6943 = CARTESIAN_POINT ( 'NONE',  ( -15.50000000000087200, -15.49999999999912400, -10.99999999999999800 ) ) ;
#6944 = PRESENTATION_STYLE_ASSIGNMENT (( #4571 ) ) ;
#6945 =( NAMED_UNIT ( * ) PLANE_ANGLE_UNIT ( ) SI_UNIT ( $, .RADIAN. ) );
#6946 = CIRCLE ( 'NONE', #6007, 0.5000000000000006700 ) ;
#6947 = CARTESIAN_POINT ( 'NONE',  ( 15.50000000000000000, 15.50000000000000000, -10.49999999999999600 ) ) ;
#6948 = EDGE_CURVE ( 'NONE', #6591, #3906, #5397, .T. ) ;
#6949 = CARTESIAN_POINT ( 'NONE',  ( 12.79999999999999900, 15.50000000000000000, -10.99999999999999800 ) ) ;
#6950 = CARTESIAN_POINT ( 'NONE',  ( 1.799999999999998900, -39.15000000000002000, -13.85000000000000300 ) ) ;
#6951 = SURFACE_STYLE_FILL_AREA ( #2128 ) ;
#6952 = CARTESIAN_POINT ( 'NONE',  ( 15.50000000000000000, 15.50000000000000000, -10.99999999999999800 ) ) ;
#6953 = EDGE_LOOP ( 'NONE', ( #10347, #6163, #6731, #2994 ) ) ;
#6954 = CARTESIAN_POINT ( 'NONE',  ( 16.94289321881343500, 20.64999999999999900, -11.49999999999999800 ) ) ;
#6955 = ORIENTED_EDGE ( 'NONE', *, *, #8012, .F. ) ;
#6956 = VECTOR ( 'NONE', #3336, 1000.000000000000000 ) ;
#6957 = CARTESIAN_POINT ( 'NONE',  ( 0.0000000000000000000, 20.64999999999999900, -10.99999999999999800 ) ) ;
#6958 = EDGE_CURVE ( 'NONE', #7724, #6936, #3679, .T. ) ;
#6959 = PRESENTATION_LAYER_ASSIGNMENT (  '', '', ( #1381 ) ) ;
#6960 = VECTOR ( 'NONE', #2602, 999.9999999999998900 ) ;
#6961 = ORIENTED_EDGE ( 'NONE', *, *, #378, .T. ) ;
#6962 = EDGE_LOOP ( 'NONE', ( #1151, #10060, #1412, #1348 ) ) ;
#6963 = ORIENTED_EDGE ( 'NONE', *, *, #6186, .T. ) ;
#6964 = CIRCLE ( 'NONE', #1559, 2.799999999999999800 ) ;
#6965 = DIRECTION ( 'NONE',  ( 0.0000000000000000000, 0.0000000000000000000, -1.000000000000000000 ) ) ;
#6966 = CARTESIAN_POINT ( 'NONE',  ( 3.548845101049971500, -19.15000000000000600, -3.931563690378976800 ) ) ;
#6967 = DIRECTION ( 'NONE',  ( 0.0000000000000000000, 0.0000000000000000000, 1.000000000000000000 ) ) ;
#6968 = ORIENTED_EDGE ( 'NONE', *, *, #1516, .T. ) ;
#6969 = DIRECTION ( 'NONE',  ( -0.0000000000000000000, -0.0000000000000000000, 1.000000000000000000 ) ) ;
#6970 = SURFACE_STYLE_FILL_AREA ( #3759 ) ;
#6971 = DIRECTION ( 'NONE',  ( -0.7363275207553919800, 0.0000000000000000000, 0.6766252893427926500 ) ) ;
#6972 = VERTEX_POINT ( 'NONE', #8002 ) ;
#6973 = ADVANCED_FACE ( 'NONE', ( #3291 ), #7339, .T. ) ;
#6974 = DIRECTION ( 'NONE',  ( -0.0000000000000000000, -0.0000000000000000000, -1.000000000000000000 ) ) ;
#6975 = FACE_OUTER_BOUND ( 'NONE', #7958, .T. ) ;
#6976 = AXIS2_PLACEMENT_3D ( 'NONE', #5916, #5018, #7568 ) ;
#6977 = CIRCLE ( 'NONE', #5174, 0.5000000000000022200 ) ;
#6978 = MECHANICAL_DESIGN_GEOMETRIC_PRESENTATION_REPRESENTATION (  '', ( #4739 ), #7547 ) ;
#6979 = CARTESIAN_POINT ( 'NONE',  ( -16.94289321881344500, -20.65000000000000900, 9.500000000000000000 ) ) ;
#6980 = EDGE_CURVE ( 'NONE', #544, #6113, #6555, .T. ) ;
#6981 = CARTESIAN_POINT ( 'NONE',  ( 15.96497596850902500, -15.98624964824928800, -10.99999999999999800 ) ) ;
#6982 = AXIS2_PLACEMENT_3D ( 'NONE', #1999, #7864, #2695 ) ;
#6983 = DIRECTION ( 'NONE',  ( -1.000000000000000000, 0.0000000000000000000, 0.0000000000000000000 ) ) ;
#6984 = CARTESIAN_POINT ( 'NONE',  ( 0.0000000000000000000, 0.0000000000000000000, -1.499999999999997800 ) ) ;
#6985 = ORIENTED_EDGE ( 'NONE', *, *, #8768, .T. ) ;
#6986 = CIRCLE ( 'NONE', #7680, 0.5000000000000022200 ) ;
#6987 = CARTESIAN_POINT ( 'NONE',  ( 15.50000000000000000, 15.50000000000000000, -11.49999999999999800 ) ) ;
#6988 = UNCERTAINTY_MEASURE_WITH_UNIT (LENGTH_MEASURE( 1.000000000000000100E-005 ), #33, 'distance_accuracy_value', 'NONE');
#6989 = EDGE_CURVE ( 'NONE', #6044, #3438, #5130, .T. ) ;
#6990 =( GEOMETRIC_REPRESENTATION_CONTEXT ( 3 ) GLOBAL_UNCERTAINTY_ASSIGNED_CONTEXT ( ( #2321 ) ) GLOBAL_UNIT_ASSIGNED_CONTEXT ( ( #6191, #1984, #10383 ) ) REPRESENTATION_CONTEXT ( 'NONE', 'WORKASPACE' ) );
#6991 = ORIENTED_EDGE ( 'NONE', *, *, #5892, .T. ) ;
#6992 = FILL_AREA_STYLE ('',( #1979 ) ) ;
#6993 = DIRECTION ( 'NONE',  ( 0.0000000000000000000, 0.0000000000000000000, -1.000000000000000000 ) ) ;
#6994 = EDGE_CURVE ( 'NONE', #5265, #9711, #666, .T. ) ;
#6995 = DIRECTION ( 'NONE',  ( -1.000000000000000000, -3.861347820635129200E-013, 0.0000000000000000000 ) ) ;
#6996 = LINE ( 'NONE', #6635, #2960 ) ;
#6997 = CYLINDRICAL_SURFACE ( 'NONE', #3202, 1.249999999999999300 ) ;
#6998 = FACE_BOUND ( 'NONE', #8770, .T. ) ;
#6999 = CIRCLE ( 'NONE', #10847, 20.00000000000000000 ) ;
#7000 = CARTESIAN_POINT ( 'NONE',  ( -15.50000000000087200, -15.49999999999912400, -10.99999999999999800 ) ) ;
#7001 = VERTEX_POINT ( 'NONE', #7252 ) ;
#7002 = DIRECTION ( 'NONE',  ( 0.0000000000000000000, -0.0000000000000000000, -1.000000000000000000 ) ) ;
#7003 = CARTESIAN_POINT ( 'NONE',  ( 0.0000000000000000000, 0.0000000000000000000, -15.99999999999999600 ) ) ;
#7004 = FACE_OUTER_BOUND ( 'NONE', #9022, .T. ) ;
#7005 = CARTESIAN_POINT ( 'NONE',  ( 0.0000000000000000000, 0.0000000000000000000, 9.000000000000001800 ) ) ;
#7007 = PRESENTATION_LAYER_ASSIGNMENT (  '', '', ( #3082 ) ) ;
#7006 = CARTESIAN_POINT ( 'NONE',  ( 0.0000000000000000000, 0.0000000000000000000, 30.00000000000000000 ) ) ;
#7008 = CIRCLE ( 'NONE', #5088, 2.399999999999999500 ) ;
#7009 = EDGE_LOOP ( 'NONE', ( #952, #3165, #7662, #7507 ) ) ;
#7010 = AXIS2_PLACEMENT_3D ( 'NONE', #9982, #1648, #870 ) ;
#7011 = SURFACE_STYLE_FILL_AREA ( #6992 ) ;
#7012 = EDGE_CURVE ( 'NONE', #372, #6627, #271, .T. ) ;
#7013 = DIRECTION ( 'NONE',  ( -1.000000000000000000, 0.0000000000000000000, -2.409338161078902600E-016 ) ) ;
#7014 = CARTESIAN_POINT ( 'NONE',  ( -20.64999999999999500, -16.94289321881345200, 9.500000000000000000 ) ) ;
#7015 =( NAMED_UNIT ( * ) SI_UNIT ( $, .STERADIAN. ) SOLID_ANGLE_UNIT ( ) );
#7016 =( LENGTH_UNIT ( ) NAMED_UNIT ( * ) SI_UNIT ( .MILLI., .METRE. ) );
#7017 = DIRECTION ( 'NONE',  ( -1.000000000000000000, 0.0000000000000000000, 0.0000000000000000000 ) ) ;
#7018 = PRESENTATION_STYLE_ASSIGNMENT (( #7665 ) ) ;
#7019 = CARTESIAN_POINT ( 'NONE',  ( 1.999999999999994900, 0.0000000000000000000, -9.499999999999998200 ) ) ;
#7020 = CYLINDRICAL_SURFACE ( 'NONE', #2154, 0.5000000000000006700 ) ;
#7022 = VERTEX_POINT ( 'NONE', #9008 ) ;
#7021 = CARTESIAN_POINT ( 'NONE',  ( -16.74998035735715300, -15.03502403148862900, -10.99999999999999800 ) ) ;
#7023 = CIRCLE ( 'NONE', #5101, 2.799999999999999800 ) ;
#7024 = FILL_AREA_STYLE ('',( #6217 ) ) ;
#7025 = AXIS2_PLACEMENT_3D ( 'NONE', #1920, #3506, #7722 ) ;
#7026 = CARTESIAN_POINT ( 'NONE',  ( 15.01375035175125200, 15.96497596851013900, -10.99999999999999800 ) ) ;
#7027 = DIRECTION ( 'NONE',  ( 0.0000000000000000000, 0.0000000000000000000, -1.000000000000000000 ) ) ;
#7028 = CIRCLE ( 'NONE', #4770, 0.5000000000000022200 ) ;
#7029 = DIRECTION ( 'NONE',  ( -1.000000000000000000, 0.0000000000000000000, 0.0000000000000000000 ) ) ;
#7030 = VECTOR ( 'NONE', #9138, 1000.000000000000000 ) ;
#7031 = VERTEX_POINT ( 'NONE', #8908 ) ;
#7032 = ADVANCED_FACE ( 'NONE', ( #9571 ), #4199, .T. ) ;
#7033 = FACE_OUTER_BOUND ( 'NONE', #9877, .T. ) ;
#7034 = ORIENTED_EDGE ( 'NONE', *, *, #2089, .T. ) ;
#7035 = CARTESIAN_POINT ( 'NONE',  ( -16.74998035735715300, -15.96497596850949400, -10.99999999999999800 ) ) ;
#7036 = ORIENTED_EDGE ( 'NONE', *, *, #8847, .T. ) ;
#7037 = CIRCLE ( 'NONE', #10827, 3.249999999999997800 ) ;
#7038 = DIRECTION ( 'NONE',  ( -0.0000000000000000000, -0.0000000000000000000, 1.000000000000000000 ) ) ;
#7039 = FACE_OUTER_BOUND ( 'NONE', #6532, .T. ) ;
#7040 = ADVANCED_FACE ( 'NONE', ( #6297 ), #7743, .T. ) ;
#7041 = EDGE_CURVE ( 'NONE', #5005, #3763, #3279, .T. ) ;
#7042 = CARTESIAN_POINT ( 'NONE',  ( 13.32957238623955800, 21.14999999999999900, 4.000000000000003600 ) ) ;
#7043 = PLANE ( 'NONE',  #8340 ) ;
#7044 = VERTEX_POINT ( 'NONE', #8940 ) ;
#7045 = STYLED_ITEM ( 'NONE', ( #197 ), #21 ) ;
#7046 =( GEOMETRIC_REPRESENTATION_CONTEXT ( 3 ) GLOBAL_UNCERTAINTY_ASSIGNED_CONTEXT ( ( #1187 ) ) GLOBAL_UNIT_ASSIGNED_CONTEXT ( ( #7809, #5289, #2786 ) ) REPRESENTATION_CONTEXT ( 'NONE', 'WORKASPACE' ) );
#7047 = DIRECTION ( 'NONE',  ( 0.0000000000000000000, 0.0000000000000000000, -1.000000000000000000 ) ) ;
#7048 = DIRECTION ( 'NONE',  ( 1.000000000000000000, 0.0000000000000000000, 0.0000000000000000000 ) ) ;
#7049 = VERTEX_POINT ( 'NONE', #593 ) ;
#7050 = FILL_AREA_STYLE_COLOUR ( '', #6235 ) ;
#7051 = DIRECTION ( 'NONE',  ( 0.0000000000000000000, -1.000000000000000000, 0.0000000000000000000 ) ) ;
#7052 = DIRECTION ( 'NONE',  ( -1.000000000000000000, 0.0000000000000000000, 0.0000000000000000000 ) ) ;
#7053 = DIRECTION ( 'NONE',  ( 0.0000000000000000000, 0.0000000000000000000, -1.000000000000000000 ) ) ;
#7054 = ORIENTED_EDGE ( 'NONE', *, *, #3075, .T. ) ;
#7055 = EDGE_LOOP ( 'NONE', ( #6165, #2872, #2053, #2873 ) ) ;
#7056 = DIRECTION ( 'NONE',  ( 1.000000000000000000, 0.0000000000000000000, 1.659555831213624300E-016 ) ) ;
#7058 = PRESENTATION_LAYER_ASSIGNMENT (  '', '', ( #5726 ) ) ;
#7057 = PLANE ( 'NONE',  #8195 ) ;
#7059 = ORIENTED_EDGE ( 'NONE', *, *, #5171, .F. ) ;
#7060 = EDGE_CURVE ( 'NONE', #1997, #1921, #4456, .T. ) ;
#7061 = CARTESIAN_POINT ( 'NONE',  ( 14.25001964264473400, 15.96497596851043000, -9.499999999999998200 ) ) ;
#7062 = LINE ( 'NONE', #2607, #10710 ) ;
#7063 = DIRECTION ( 'NONE',  ( -1.000000000000000000, 0.0000000000000000000, 0.0000000000000000000 ) ) ;
#7064 = COLOUR_RGB ( '',0.2509803921568627400, 0.2509803921568627400, 0.2509803921568627400 ) ;
#7065 = DIRECTION ( 'NONE',  ( -0.8571673007021120000, 1.049727191138618300E-016, 0.5150380749100547100 ) ) ;
#7066 = ORIENTED_EDGE ( 'NONE', *, *, #9731, .T. ) ;
#7067 = SURFACE_SIDE_STYLE ('',( #1399 ) ) ;
#7068 = UNCERTAINTY_MEASURE_WITH_UNIT (LENGTH_MEASURE( 1.000000000000000100E-005 ), #10698, 'distance_accuracy_value', 'NONE');
#7069 = ORIENTED_EDGE ( 'NONE', *, *, #6093, .F. ) ;
#7070 = VECTOR ( 'NONE', #7197, 1000.000000000000000 ) ;
#7071 = AXIS2_PLACEMENT_3D ( 'NONE', #10727, #9749, #8204 ) ;
#7072 = VECTOR ( 'NONE', #2298, 1000.000000000000000 ) ;
#7073 = MECHANICAL_DESIGN_GEOMETRIC_PRESENTATION_REPRESENTATION (  '', ( #8971 ), #9327 ) ;
#7074 = DIRECTION ( 'NONE',  ( 1.000000000000000000, 0.0000000000000000000, 0.0000000000000000000 ) ) ;
#7075 = DIRECTION ( 'NONE',  ( 1.000000000000000000, 0.0000000000000000000, 0.0000000000000000000 ) ) ;
#7076 = COLOUR_RGB ( '',0.2509803921568627400, 0.2509803921568627400, 0.2509803921568627400 ) ;
#7077 = EDGE_CURVE ( 'NONE', #6436, #1554, #4992, .T. ) ;
#7078 = DIRECTION ( 'NONE',  ( 0.7071067811865493500, -0.7071067811865456900, 0.0000000000000000000 ) ) ;
#7079 = CARTESIAN_POINT ( 'NONE',  ( 0.0000000000000000000, 0.0000000000000000000, 10.00000000000000000 ) ) ;
#7080 = EDGE_LOOP ( 'NONE', ( #5582, #7629, #7746, #1251 ) ) ;
#7081 = DIRECTION ( 'NONE',  ( 0.0000000000000000000, 0.0000000000000000000, 1.000000000000000000 ) ) ;
#7082 = ADVANCED_FACE ( 'NONE', ( #8256 ), #4451, .T. ) ;
#7083 = CARTESIAN_POINT ( 'NONE',  ( -16.94289321881343100, 20.64999999999999900, 2.000000000000000000 ) ) ;
#7084 = ORIENTED_EDGE ( 'NONE', *, *, #3428, .T. ) ;
#7085 = ORIENTED_EDGE ( 'NONE', *, *, #7632, .T. ) ;
#7086 = CARTESIAN_POINT ( 'NONE',  ( -0.6000000000000010900, -39.15000000000002000, -13.85000000000000300 ) ) ;
#7087 = PRESENTATION_LAYER_ASSIGNMENT (  '', '', ( #2072 ) ) ;
#7088 = FILL_AREA_STYLE_COLOUR ( '', #8945 ) ;
#7089 = SURFACE_STYLE_USAGE ( .BOTH. , #2814 ) ;
#7090 = PLANE ( 'NONE',  #4525 ) ;
#7091 = DIRECTION ( 'NONE',  ( -0.0000000000000000000, -0.0000000000000000000, -1.000000000000000000 ) ) ;
#7092 = EDGE_CURVE ( 'NONE', #278, #6770, #808, .T. ) ;
#7093 = EDGE_LOOP ( 'NONE', ( #6913, #1208, #636 ) ) ;
#7094 = LINE ( 'NONE', #6232, #9200 ) ;
#7095 = COLOUR_RGB ( '',0.5607843137254902000, 0.3098039215686274600, 0.0000000000000000000 ) ;
#7096 = ADVANCED_FACE ( 'NONE', ( #9431, #7738, #4846, #3272, #6680, #4, #6932, #5511, #3138 ), #4883, .F. ) ;
#7097 = DIRECTION ( 'NONE',  ( -0.0000000000000000000, -0.0000000000000000000, -1.000000000000000000 ) ) ;
#7098 = DIRECTION ( 'NONE',  ( 1.000000000000000000, 0.0000000000000000000, 0.0000000000000000000 ) ) ;
#7099 = ORIENTED_EDGE ( 'NONE', *, *, #9648, .F. ) ;
#7100 = DIRECTION ( 'NONE',  ( 1.000000000000000000, 0.0000000000000000000, 0.0000000000000000000 ) ) ;
#7101 = VECTOR ( 'NONE', #3501, 1000.000000000000000 ) ;
#7102 = EDGE_CURVE ( 'NONE', #4039, #6570, #2238, .T. ) ;
#7103 = MECHANICAL_DESIGN_GEOMETRIC_PRESENTATION_REPRESENTATION (  '', ( #9907 ), #8800 ) ;
#7104 = COLOUR_RGB ( '',0.2509803921568627400, 0.2509803921568627400, 0.2509803921568627400 ) ;
#7105 = SURFACE_STYLE_FILL_AREA ( #6612 ) ;
#7106 = PRESENTATION_LAYER_ASSIGNMENT (  '', '', ( #5444 ) ) ;
#7107 = DIRECTION ( 'NONE',  ( -0.0000000000000000000, -0.0000000000000000000, 1.000000000000000000 ) ) ;
#7108 = SURFACE_SIDE_STYLE ('',( #6432 ) ) ;
#7109 = ORIENTED_EDGE ( 'NONE', *, *, #6158, .F. ) ;
#7110 = DIRECTION ( 'NONE',  ( 0.0000000000000000000, -1.000000000000000000, 0.0000000000000000000 ) ) ;
#7111 = CARTESIAN_POINT ( 'NONE',  ( 15.50000000000000400, -15.50000000000000000, 10.00000000000000000 ) ) ;
#7112 = CIRCLE ( 'NONE', #383, 0.5000000000000004400 ) ;
#7113 = DIRECTION ( 'NONE',  ( 0.0000000000000000000, 0.0000000000000000000, -1.000000000000000000 ) ) ;
#7114 = DIRECTION ( 'NONE',  ( 0.0000000000000000000, -1.000000000000000000, -0.0000000000000000000 ) ) ;
#7115 = CARTESIAN_POINT ( 'NONE',  ( -21.00355339059326800, 17.29644660940670100, -1.499999999999997800 ) ) ;
#7116 = AXIS2_PLACEMENT_3D ( 'NONE', #9477, #6901, #2700 ) ;
#7117 = AXIS2_PLACEMENT_3D ( 'NONE', #1069, #9388, #2657 ) ;
#7118 = CARTESIAN_POINT ( 'NONE',  ( -21.14999999999999500, 16.94289321881344900, 9.500000000000000000 ) ) ;
#7119 = SURFACE_STYLE_FILL_AREA ( #6225 ) ;
#7120 = VERTEX_POINT ( 'NONE', #5000 ) ;
#7121 = EDGE_CURVE ( 'NONE', #9964, #6044, #9692, .T. ) ;
#7122 =( NAMED_UNIT ( * ) SI_UNIT ( $, .STERADIAN. ) SOLID_ANGLE_UNIT ( ) );
#7123 = CARTESIAN_POINT ( 'NONE',  ( 14.25001964264473600, 15.03502403148956600, -10.99999999999999800 ) ) ;
#7124 = PRESENTATION_LAYER_ASSIGNMENT (  '', '', ( #6911 ) ) ;
#7125 = DIRECTION ( 'NONE',  ( 0.0000000000000000000, 0.0000000000000000000, -1.000000000000000000 ) ) ;
#7126 = VECTOR ( 'NONE', #3935, 1000.000000000000000 ) ;
#7127 = CARTESIAN_POINT ( 'NONE',  ( 15.50000000000000000, 15.50000000000000000, -10.99999999999999800 ) ) ;
#7128 = VERTEX_POINT ( 'NONE', #4152 ) ;
#7129 = DIRECTION ( 'NONE',  ( -0.0000000000000000000, 1.000000000000000000, -0.0000000000000000000 ) ) ;
#7130 = ORIENTED_EDGE ( 'NONE', *, *, #10781, .T. ) ;
#7131 = PRESENTATION_STYLE_ASSIGNMENT (( #5161 ) ) ;
#7132 = PLANE ( 'NONE',  #10833 ) ;
#7133 = STYLED_ITEM ( 'NONE', ( #8817 ), #1406 ) ;
#7134 = VECTOR ( 'NONE', #7107, 1000.000000000000000 ) ;
#7135 = ADVANCED_FACE ( 'NONE', ( #7322 ), #7513, .F. ) ;
#7136 = DIRECTION ( 'NONE',  ( -0.0000000000000000000, -0.0000000000000000000, 1.000000000000000000 ) ) ;
#7137 =( GEOMETRIC_REPRESENTATION_CONTEXT ( 3 ) GLOBAL_UNCERTAINTY_ASSIGNED_CONTEXT ( ( #3181 ) ) GLOBAL_UNIT_ASSIGNED_CONTEXT ( ( #10673, #5667, #7412 ) ) REPRESENTATION_CONTEXT ( 'NONE', 'WORKASPACE' ) );
#7138 = ORIENTED_EDGE ( 'NONE', *, *, #4559, .F. ) ;
#7139 = EDGE_CURVE ( 'NONE', #108, #2858, #1074, .T. ) ;
#7140 = CARTESIAN_POINT ( 'NONE',  ( -16.94289321881342000, -21.15000000000000600, -1.499999999999997800 ) ) ;
#7141 = ORIENTED_EDGE ( 'NONE', *, *, #10669, .F. ) ;
#7142 = SURFACE_SIDE_STYLE ('',( #2297 ) ) ;
#7143 = SURFACE_STYLE_USAGE ( .BOTH. , #7108 ) ;
#7144 = CARTESIAN_POINT ( 'NONE',  ( -16.74999999999999300, 15.50000000000000000, 5.500000000000000000 ) ) ;
#7145 = ADVANCED_FACE ( 'NONE', ( #1205 ), #4047, .F. ) ;
#7146 = STYLED_ITEM ( 'NONE', ( #2741 ), #2879 ) ;
#7147 = COLOUR_RGB ( '',0.2509803921568627400, 0.2509803921568627400, 0.2509803921568627400 ) ;
#7148 = DIRECTION ( 'NONE',  ( -0.0000000000000000000, -0.0000000000000000000, 1.000000000000000000 ) ) ;
#7149 = LINE ( 'NONE', #6724, #7030 ) ;
#7150 = EDGE_LOOP ( 'NONE', ( #8496, #37, #690, #8645 ) ) ;
#7151 = EDGE_CURVE ( 'NONE', #6660, #10409, #1603, .T. ) ;
#7152 = FACE_OUTER_BOUND ( 'NONE', #10247, .T. ) ;
#7153 = VECTOR ( 'NONE', #9090, 1000.000000000000000 ) ;
#7154 = CARTESIAN_POINT ( 'NONE',  ( 15.49999999999912400, -15.50000000000000200, -10.49999999999999600 ) ) ;
#7155 = VERTEX_POINT ( 'NONE', #15 ) ;
#7156 = CARTESIAN_POINT ( 'NONE',  ( 16.94289321881345200, 20.64999999999999900, 10.00000000000000000 ) ) ;
#7157 = CARTESIAN_POINT ( 'NONE',  ( -1.371348881391340800, -39.15000000000000600, -6.183164675523827600 ) ) ;
#7158 = FILL_AREA_STYLE_COLOUR ( '', #7430 ) ;
#7159 = CARTESIAN_POINT ( 'NONE',  ( -15.49999999999999600, 15.50000000000087400, -10.49999999999999600 ) ) ;
#7160 =( NAMED_UNIT ( * ) SI_UNIT ( $, .STERADIAN. ) SOLID_ANGLE_UNIT ( ) );
#7161 = ORIENTED_EDGE ( 'NONE', *, *, #2712, .T. ) ;
#7162 = ORIENTED_EDGE ( 'NONE', *, *, #1965, .F. ) ;
#7163 = VECTOR ( 'NONE', #3834, 1000.000000000000000 ) ;
#7164 = EDGE_CURVE ( 'NONE', #1986, #3092, #8901, .T. ) ;
#7165 = LINE ( 'NONE', #9396, #5996 ) ;
#7166 = CARTESIAN_POINT ( 'NONE',  ( 1.339045298307557800, -39.15000000000000600, -6.956617291317806800 ) ) ;
#7167 = ORIENTED_EDGE ( 'NONE', *, *, #3231, .T. ) ;
#7168 = SURFACE_STYLE_USAGE ( .BOTH. , #8795 ) ;
#7169 = AXIS2_PLACEMENT_3D ( 'NONE', #8724, #8651, #3757 ) ;
#7170 = ORIENTED_EDGE ( 'NONE', *, *, #7980, .F. ) ;
#7171 = LINE ( 'NONE', #3810, #4566 ) ;
#7172 = ORIENTED_EDGE ( 'NONE', *, *, #9247, .T. ) ;
#7173 = VERTEX_POINT ( 'NONE', #5032 ) ;
#7174 = CARTESIAN_POINT ( 'NONE',  ( 0.0000000000000000000, 0.0000000000000000000, 9.000000000000001800 ) ) ;
#7175 = PLANE ( 'NONE',  #8997 ) ;
#7176 = DIRECTION ( 'NONE',  ( -1.000000000000000000, 0.0000000000000000000, 0.0000000000000000000 ) ) ;
#7177 = PRESENTATION_LAYER_ASSIGNMENT (  '', '', ( #1043 ) ) ;
#7178 = ORIENTED_EDGE ( 'NONE', *, *, #3136, .F. ) ;
#7179 = LINE ( 'NONE', #8885, #7971 ) ;
#7180 = AXIS2_PLACEMENT_3D ( 'NONE', #7897, #6209, #8820 ) ;
#7181 = CARTESIAN_POINT ( 'NONE',  ( 15.49999999999912400, -15.50000000000000200, -10.99999999999999800 ) ) ;
#7182 =( GEOMETRIC_REPRESENTATION_CONTEXT ( 3 ) GLOBAL_UNCERTAINTY_ASSIGNED_CONTEXT ( ( #4581 ) ) GLOBAL_UNIT_ASSIGNED_CONTEXT ( ( #1285, #2088, #8716 ) ) REPRESENTATION_CONTEXT ( 'NONE', 'WORKASPACE' ) );
#7183 = TOROIDAL_SURFACE ( 'NONE', #9164, 3.250000000000000000, 0.5000000000000000000 ) ;
#7184 = CARTESIAN_POINT ( 'NONE',  ( 17.29644660940670400, 21.00355339059327500, -10.99999999999999800 ) ) ;
#7185 = ORIENTED_EDGE ( 'NONE', *, *, #7413, .T. ) ;
#7186 = ADVANCED_FACE ( 'NONE', ( #7192 ), #5631, .F. ) ;
#7187 = DIRECTION ( 'NONE',  ( -1.000000000000000000, 0.0000000000000000000, 0.0000000000000000000 ) ) ;
#7188 = DIRECTION ( 'NONE',  ( 0.0000000000000000000, 0.0000000000000000000, -1.000000000000000000 ) ) ;
#7189 = ORIENTED_EDGE ( 'NONE', *, *, #2939, .F. ) ;
#7190 = DIRECTION ( 'NONE',  ( -0.0000000000000000000, -0.0000000000000000000, 1.000000000000000000 ) ) ;
#7191 = COLOUR_RGB ( '',0.2509803921568627400, 0.2509803921568627400, 0.2509803921568627400 ) ;
#7192 = FACE_OUTER_BOUND ( 'NONE', #7080, .T. ) ;
#7193 = CARTESIAN_POINT ( 'NONE',  ( -2.799999999999999800, 3.429011037612588800E-016, 10.00000000000000000 ) ) ;
#7194 = LINE ( 'NONE', #8043, #2892 ) ;
#7195 = ORIENTED_EDGE ( 'NONE', *, *, #3785, .T. ) ;
#7196 = EDGE_CURVE ( 'NONE', #9521, #8018, #5884, .T. ) ;
#7198 = STYLED_ITEM ( 'NONE', ( #2565 ), #748 ) ;
#7197 = DIRECTION ( 'NONE',  ( -1.424951426695230500E-014, 0.0000000000000000000, -1.000000000000000000 ) ) ;
#7199 = CARTESIAN_POINT ( 'NONE',  ( 13.31369220013742300, 21.15999999999999700, 4.000000000000003600 ) ) ;
#7200 = VERTEX_POINT ( 'NONE', #9266 ) ;
#7201 = MECHANICAL_DESIGN_GEOMETRIC_PRESENTATION_REPRESENTATION (  '', ( #5871 ), #8749 ) ;
#7202 = UNCERTAINTY_MEASURE_WITH_UNIT (LENGTH_MEASURE( 1.000000000000000100E-005 ), #8422, 'distance_accuracy_value', 'NONE');
#7203 = EDGE_CURVE ( 'NONE', #3278, #4060, #8120, .T. ) ;
#7204 = ADVANCED_FACE ( 'NONE', ( #3397 ), #4368, .F. ) ;
#7205 = PLANE ( 'NONE',  #9229 ) ;
#7206 = ORIENTED_EDGE ( 'NONE', *, *, #2107, .F. ) ;
#7207 = SURFACE_STYLE_FILL_AREA ( #7024 ) ;
#7208 = FACE_OUTER_BOUND ( 'NONE', #430, .T. ) ;
#7209 = FACE_OUTER_BOUND ( 'NONE', #1227, .T. ) ;
#7210 = COLOUR_RGB ( '',0.2509803921568627400, 0.2509803921568627400, 0.2509803921568627400 ) ;
#7211 = EDGE_LOOP ( 'NONE', ( #5618, #1390, #8643, #32 ) ) ;
#7212 = MECHANICAL_DESIGN_GEOMETRIC_PRESENTATION_REPRESENTATION (  '', ( #3082 ), #1425 ) ;
#7213 = VERTEX_POINT ( 'NONE', #9231 ) ;
#7214 = AXIS2_PLACEMENT_3D ( 'NONE', #227, #9518, #5290 ) ;
#7215 = DIRECTION ( 'NONE',  ( 0.0000000000000000000, 0.0000000000000000000, 1.000000000000000000 ) ) ;
#7216 = EDGE_CURVE ( 'NONE', #4398, #3793, #1973, .T. ) ;
#7217 = DIRECTION ( 'NONE',  ( -0.7071067811865490200, -0.7071067811865460200, -0.0000000000000000000 ) ) ;
#7218 = CARTESIAN_POINT ( 'NONE',  ( -11.50000000000000000, 1.408343819019456400E-015, 9.500000000000000000 ) ) ;
#7219 = ORIENTED_EDGE ( 'NONE', *, *, #3313, .T. ) ;
#7220 = EDGE_LOOP ( 'NONE', ( #3900, #3425, #8523, #10487 ) ) ;
#7221 = DIRECTION ( 'NONE',  ( -1.000000000000000000, 1.224646799147353500E-016, 0.0000000000000000000 ) ) ;
#7222 = ORIENTED_EDGE ( 'NONE', *, *, #5985, .F. ) ;
#7223 = CARTESIAN_POINT ( 'NONE',  ( 15.49999999999912400, -15.50000000000000200, -10.49999999999999600 ) ) ;
#7224 = PRESENTATION_STYLE_ASSIGNMENT (( #3827 ) ) ;
#7225 = FACE_OUTER_BOUND ( 'NONE', #7522, .T. ) ;
#7226 = ORIENTED_EDGE ( 'NONE', *, *, #10429, .T. ) ;
#7227 = EDGE_CURVE ( 'NONE', #4736, #1673, #9220, .T. ) ;
#7228 =( GEOMETRIC_REPRESENTATION_CONTEXT ( 3 ) GLOBAL_UNCERTAINTY_ASSIGNED_CONTEXT ( ( #4262 ) ) GLOBAL_UNIT_ASSIGNED_CONTEXT ( ( #2664, #4454, #1120 ) ) REPRESENTATION_CONTEXT ( 'NONE', 'WORKASPACE' ) );
#7229 =( LENGTH_UNIT ( ) NAMED_UNIT ( * ) SI_UNIT ( .MILLI., .METRE. ) );
#7230 =( NAMED_UNIT ( * ) SI_UNIT ( $, .STERADIAN. ) SOLID_ANGLE_UNIT ( ) );
#7231 = CARTESIAN_POINT ( 'NONE',  ( -15.03502403149003500, 15.01375035175260000, -9.499999999999998200 ) ) ;
#7232 = CARTESIAN_POINT ( 'NONE',  ( -21.00355339059326800, -17.29644660940672200, 2.000000000000000000 ) ) ;
#7233 = EDGE_LOOP ( 'NONE', ( #9073, #2817, #10526, #2453, #1708, #2936, #7817, #1678, #6881, #8530, #7161, #559 ) ) ;
#7234 = FACE_BOUND ( 'NONE', #5778, .T. ) ;
#7235 = TOROIDAL_SURFACE ( 'NONE', #4878, 3.249999999999997800, 0.5000000000000000000 ) ;
#7236 = ORIENTED_EDGE ( 'NONE', *, *, #4061, .T. ) ;
#7237 = DIRECTION ( 'NONE',  ( -1.000000000000000000, 1.070267186140442600E-014, -0.0000000000000000000 ) ) ;
#7238 = SURFACE_STYLE_FILL_AREA ( #2106 ) ;
#7239 = CARTESIAN_POINT ( 'NONE',  ( 0.0000000000000000000, 0.0000000000000000000, -15.99999999999999600 ) ) ;
#7240 = ADVANCED_FACE ( 'NONE', ( #2598 ), #7593, .F. ) ;
#7241 = CARTESIAN_POINT ( 'NONE',  ( -16.80716972541453200, 15.98624964825021900, -9.499999999999998200 ) ) ;
#7242 = MECHANICAL_DESIGN_GEOMETRIC_PRESENTATION_REPRESENTATION (  '', ( #10491 ), #3749 ) ;
#7243 = VERTEX_POINT ( 'NONE', #4225 ) ;
#7244 = VECTOR ( 'NONE', #927, 1000.000000000000000 ) ;
#7245 = CARTESIAN_POINT ( 'NONE',  ( 16.94289321881345200, 20.64999999999999900, 9.500000000000000000 ) ) ;
#7246 = SURFACE_STYLE_FILL_AREA ( #8161 ) ;
#7247 = ORIENTED_EDGE ( 'NONE', *, *, #8143, .F. ) ;
#7248 = PRESENTATION_STYLE_ASSIGNMENT (( #4854 ) ) ;
#7249 = AXIS2_PLACEMENT_3D ( 'NONE', #7813, #7779, #1977 ) ;
#7250 = DIRECTION ( 'NONE',  ( 1.000000000000000000, 8.202002250481357500E-017, 0.0000000000000000000 ) ) ;
#7251 = ORIENTED_EDGE ( 'NONE', *, *, #6037, .F. ) ;
#7252 = CARTESIAN_POINT ( 'NONE',  ( -13.31369220013740100, -21.16000000000001100, 4.000000000000003600 ) ) ;
#7253 = DIRECTION ( 'NONE',  ( 0.0000000000000000000, 0.0000000000000000000, 1.000000000000000000 ) ) ;
#7254 = DIRECTION ( 'NONE',  ( 0.0000000000000000000, 0.0000000000000000000, -1.000000000000000000 ) ) ;
#7255 = ADVANCED_FACE ( 'NONE', ( #955 ), #10068, .F. ) ;
#7256 = CIRCLE ( 'NONE', #7627, 0.5563334663949278700 ) ;
#7257 = SURFACE_SIDE_STYLE ('',( #6468 ) ) ;
#7259 = VECTOR ( 'NONE', #5682, 1000.000000000000000 ) ;
#7258 = DIRECTION ( 'NONE',  ( 0.0000000000000000000, 0.0000000000000000000, -1.000000000000000000 ) ) ;
#7260 = CIRCLE ( 'NONE', #3914, 1.999999999999994900 ) ;
#7261 = CARTESIAN_POINT ( 'NONE',  ( -17.39999999999999900, 15.50000000000087400, -10.99999999999999800 ) ) ;
#7262 = UNCERTAINTY_MEASURE_WITH_UNIT (LENGTH_MEASURE( 1.000000000000000100E-005 ), #6581, 'distance_accuracy_value', 'NONE');
#7263 = ORIENTED_EDGE ( 'NONE', *, *, #983, .T. ) ;
#7264 = MECHANICAL_DESIGN_GEOMETRIC_PRESENTATION_REPRESENTATION (  '', ( #3343 ), #6357 ) ;
#7265 = ORIENTED_EDGE ( 'NONE', *, *, #205, .F. ) ;
#7266 = STYLED_ITEM ( 'NONE', ( #1144 ), #5721 ) ;
#7267 = CARTESIAN_POINT ( 'NONE',  ( -4.000000000000000000, 4.898587196589412800E-016, -10.99999999999999800 ) ) ;
#7268 = EDGE_CURVE ( 'NONE', #3906, #2389, #5238, .T. ) ;
#7269 = PLANE ( 'NONE',  #4259 ) ;
#7270 = CARTESIAN_POINT ( 'NONE',  ( 14.19283027458454100, -15.01375035175166400, -10.99999999999999800 ) ) ;
#7271 = LINE ( 'NONE', #5391, #8852 ) ;
#7272 = CARTESIAN_POINT ( 'NONE',  ( -1.800000000000000900, -39.15000000000002000, -13.85000000000000300 ) ) ;
#7273 = EDGE_LOOP ( 'NONE', ( #1101, #446, #9399, #7781, #436 ) ) ;
#7274 = FACE_OUTER_BOUND ( 'NONE', #7622, .T. ) ;
#7275 = CARTESIAN_POINT ( 'NONE',  ( 21.14999999999999900, -13.32957238623955700, -63.34951795962939500 ) ) ;
#7276 = CYLINDRICAL_SURFACE ( 'NONE', #2582, 0.5000000000000004400 ) ;
#7277 = DIRECTION ( 'NONE',  ( 1.000000000000000000, 0.0000000000000000000, 0.0000000000000000000 ) ) ;
#7278 = SURFACE_SIDE_STYLE ('',( #3193 ) ) ;
#7279 = MECHANICAL_DESIGN_GEOMETRIC_PRESENTATION_REPRESENTATION (  '', ( #9108 ), #7997 ) ;
#7280 = DIRECTION ( 'NONE',  ( 0.0000000000000000000, 0.0000000000000000000, 1.000000000000000000 ) ) ;
#7281 = FACE_OUTER_BOUND ( 'NONE', #6442, .T. ) ;
#7282 = EDGE_LOOP ( 'NONE', ( #10631, #1617 ) ) ;
#7283 = DIRECTION ( 'NONE',  ( -0.0000000000000000000, -0.0000000000000000000, 1.000000000000000000 ) ) ;
#7284 = VECTOR ( 'NONE', #6866, 1000.000000000000000 ) ;
#7285 = MECHANICAL_DESIGN_GEOMETRIC_PRESENTATION_REPRESENTATION (  '', ( #3930 ), #9113 ) ;
#7286 = DIRECTION ( 'NONE',  ( -0.0000000000000000000, -0.0000000000000000000, 1.000000000000000000 ) ) ;
#7287 = DIRECTION ( 'NONE',  ( 0.0000000000000000000, 0.0000000000000000000, 1.000000000000000000 ) ) ;
#7288 = EDGE_CURVE ( 'NONE', #7302, #5888, #4602, .T. ) ;
#7289 = CARTESIAN_POINT ( 'NONE',  ( 1.339045298307557800, -39.15000000000000600, -5.626831209128898300 ) ) ;
#7290 = SURFACE_STYLE_FILL_AREA ( #2631 ) ;
#7291 = FACE_OUTER_BOUND ( 'NONE', #1612, .T. ) ;
#7292 = ORIENTED_EDGE ( 'NONE', *, *, #6958, .F. ) ;
#7293 = CARTESIAN_POINT ( 'NONE',  ( -16.94289321881343800, 20.64999999999999900, -10.99999999999999800 ) ) ;
#7294 = CIRCLE ( 'NONE', #1319, 0.5000000000000022200 ) ;
#7295 = CARTESIAN_POINT ( 'NONE',  ( 15.50000000000000000, 15.50000000000000000, -11.49999999999999800 ) ) ;
#7296 = PRESENTATION_LAYER_ASSIGNMENT (  '', '', ( #7146 ) ) ;
#7297 = CARTESIAN_POINT ( 'NONE',  ( 15.50000000000000000, 15.50000000000000000, -11.49999999999999800 ) ) ;
#7298 = DIRECTION ( 'NONE',  ( 0.0000000000000000000, 0.0000000000000000000, -1.000000000000000000 ) ) ;
#7299 = EDGE_CURVE ( 'NONE', #3438, #8597, #7062, .T. ) ;
#7300 = DIRECTION ( 'NONE',  ( 0.0000000000000000000, 0.0000000000000000000, -1.000000000000000000 ) ) ;
#7301 = CIRCLE ( 'NONE', #6662, 25.00000000000000000 ) ;
#7302 = VERTEX_POINT ( 'NONE', #4292 ) ;
#7303 = SURFACE_STYLE_USAGE ( .BOTH. , #5627 ) ;
#7304 = FILL_AREA_STYLE_COLOUR ( '', #10425 ) ;
#7305 = VERTEX_POINT ( 'NONE', #7697 ) ;
#7306 = DIRECTION ( 'NONE',  ( 0.0000000000000000000, 0.0000000000000000000, 1.000000000000000000 ) ) ;
#7307 = PLANE ( 'NONE',  #6785 ) ;
#7308 = EDGE_CURVE ( 'NONE', #4389, #3527, #7438, .T. ) ;
#7309 = AXIS2_PLACEMENT_3D ( 'NONE', #1785, #998, #928 ) ;
#7310 = ORIENTED_EDGE ( 'NONE', *, *, #609, .T. ) ;
#7311 = ADVANCED_FACE ( 'NONE', ( #9001 ), #8742, .T. ) ;
#7312 = CIRCLE ( 'NONE', #9561, 2.400000000000001200 ) ;
#7313 = PLANE ( 'NONE',  #1465 ) ;
#7314 = ORIENTED_EDGE ( 'NONE', *, *, #9906, .T. ) ;
#7315 = CARTESIAN_POINT ( 'NONE',  ( -15.49999999999999600, 15.50000000000087400, -11.49999999999999800 ) ) ;
#7316 = ORIENTED_EDGE ( 'NONE', *, *, #3635, .T. ) ;
#7317 = SURFACE_SIDE_STYLE ('',( #4014 ) ) ;
#7318 = AXIS2_PLACEMENT_3D ( 'NONE', #7677, #4449, #10191 ) ;
#7319 = CARTESIAN_POINT ( 'NONE',  ( 18.24999999999912600, -15.50000000000000200, -9.499999999999998200 ) ) ;
#7320 = DIRECTION ( 'NONE',  ( 1.000000000000000000, 0.0000000000000000000, 0.0000000000000000000 ) ) ;
#7321 = ORIENTED_EDGE ( 'NONE', *, *, #5186, .F. ) ;
#7322 = FACE_OUTER_BOUND ( 'NONE', #9133, .T. ) ;
#7323 = VECTOR ( 'NONE', #1908, 1000.000000000000000 ) ;
#7324 = EDGE_LOOP ( 'NONE', ( #4810, #7943, #7602, #4142, #8133, #2192, #3379, #9217 ) ) ;
#7325 = ORIENTED_EDGE ( 'NONE', *, *, #3219, .F. ) ;
#7326 = DIRECTION ( 'NONE',  ( -0.0000000000000000000, -0.0000000000000000000, -1.000000000000000000 ) ) ;
#7327 = ORIENTED_EDGE ( 'NONE', *, *, #8279, .T. ) ;
#7328 =( LENGTH_UNIT ( ) NAMED_UNIT ( * ) SI_UNIT ( .MILLI., .METRE. ) );
#7329 = CARTESIAN_POINT ( 'NONE',  ( -15.03502403149003500, 15.98624964825022200, -9.499999999999998200 ) ) ;
#7330 = AXIS2_PLACEMENT_3D ( 'NONE', #3773, #3808, #1342 ) ;
#7331 = AXIS2_PLACEMENT_3D ( 'NONE', #6433, #9794, #10708 ) ;
#7332 = DIRECTION ( 'NONE',  ( -0.7071067811865441300, -0.7071067811865510100, -4.906538933386768800E-015 ) ) ;
#7333 = ORIENTED_EDGE ( 'NONE', *, *, #1148, .F. ) ;
#7334 = EDGE_CURVE ( 'NONE', #9035, #2722, #7301, .T. ) ;
#7335 = CYLINDRICAL_SURFACE ( 'NONE', #7925, 2.500000000000000000 ) ;
#7336 = AXIS2_PLACEMENT_3D ( 'NONE', #1960, #6974, #7723 ) ;
#7337 = SURFACE_SIDE_STYLE ('',( #1565 ) ) ;
#7338 = PLANE ( 'NONE',  #8550 ) ;
#7339 = CYLINDRICAL_SURFACE ( 'NONE', #1079, 0.5000000000000006700 ) ;
#7340 = UNCERTAINTY_MEASURE_WITH_UNIT (LENGTH_MEASURE( 1.000000000000000100E-005 ), #10, 'distance_accuracy_value', 'NONE');
#7341 = DIRECTION ( 'NONE',  ( -0.0000000000000000000, -0.0000000000000000000, -1.000000000000000000 ) ) ;
#7342 = CARTESIAN_POINT ( 'NONE',  ( 21.00355339059327500, 17.29644660940670400, 2.000000000000000000 ) ) ;
#7343 = DIRECTION ( 'NONE',  ( 0.0000000000000000000, -1.000000000000000000, 0.0000000000000000000 ) ) ;
#7344 = ORIENTED_EDGE ( 'NONE', *, *, #4971, .T. ) ;
#7345 = DIRECTION ( 'NONE',  ( -0.7071067811865490200, 0.7071067811865461300, 0.0000000000000000000 ) ) ;
#7346 = VERTEX_POINT ( 'NONE', #6954 ) ;
#7347 = AXIS2_PLACEMENT_3D ( 'NONE', #8394, #9312, #9236 ) ;
#7348 = CARTESIAN_POINT ( 'NONE',  ( -1.800000000000000700, -39.15000000000002000, -13.15000000000000600 ) ) ;
#7349 = CYLINDRICAL_SURFACE ( 'NONE', #8668, 2.400000000000001200 ) ;
#7350 =( GEOMETRIC_REPRESENTATION_CONTEXT ( 3 ) GLOBAL_UNCERTAINTY_ASSIGNED_CONTEXT ( ( #9819 ) ) GLOBAL_UNIT_ASSIGNED_CONTEXT ( ( #10403, #1964, #7015 ) ) REPRESENTATION_CONTEXT ( 'NONE', 'WORKASPACE' ) );
#7351 = VERTEX_POINT ( 'NONE', #10256 ) ;
#7352 = DIRECTION ( 'NONE',  ( 1.000000000000000000, 0.0000000000000000000, 0.0000000000000000000 ) ) ;
#7353 = VECTOR ( 'NONE', #6122, 1000.000000000000000 ) ;
#7354 = EDGE_CURVE ( 'NONE', #6644, #9849, #498, .T. ) ;
#7355 = DIRECTION ( 'NONE',  ( 0.7071067811865441300, 0.7071067811865510100, 0.0000000000000000000 ) ) ;
#7356 = ORIENTED_EDGE ( 'NONE', *, *, #3072, .F. ) ;
#7357 = FILL_AREA_STYLE ('',( #10688 ) ) ;
#7358 = EDGE_LOOP ( 'NONE', ( #3972, #5401, #3507, #6218 ) ) ;
#7359 = DIRECTION ( 'NONE',  ( 7.817771884311253300E-016, 1.000000000000000000, 0.0000000000000000000 ) ) ;
#7360 = LINE ( 'NONE', #3715, #5411 ) ;
#7361 = CARTESIAN_POINT ( 'NONE',  ( 0.0000000000000000000, 0.0000000000000000000, -11.49999999999999800 ) ) ;
#7362 = CARTESIAN_POINT ( 'NONE',  ( 2.999999999999976900, -19.77371993328519300, -15.99999999999999600 ) ) ;
#7363 = AXIS2_PLACEMENT_3D ( 'NONE', #3812, #8889, #3922 ) ;
#7364 = AXIS2_PLACEMENT_3D ( 'NONE', #3116, #2282, #6453 ) ;
#7365 = FILL_AREA_STYLE_COLOUR ( '', #6029 ) ;
#7366 = EDGE_CURVE ( 'NONE', #8103, #4060, #6513, .T. ) ;
#7367 = ORIENTED_EDGE ( 'NONE', *, *, #6958, .T. ) ;
#7368 = CARTESIAN_POINT ( 'NONE',  ( 1.339045298307557800, -39.15000000000000600, -6.956617291317806800 ) ) ;
#7369 = VECTOR ( 'NONE', #3671, 1000.000000000000000 ) ;
#7370 = CARTESIAN_POINT ( 'NONE',  ( 1.799999999999998900, -39.15000000000002000, -13.85000000000000300 ) ) ;
#7371 = ADVANCED_FACE ( 'NONE', ( #2855 ), #3638, .T. ) ;
#7372 = CARTESIAN_POINT ( 'NONE',  ( 1.033852198464325900, 2.000000000000000000, 29.76082040583162300 ) ) ;
#7373 = FILL_AREA_STYLE_COLOUR ( '', #7648 ) ;
#7374 = CARTESIAN_POINT ( 'NONE',  ( -14.24999999999999600, -15.50000000000000400, 10.00000000000000000 ) ) ;
#7375 = DIRECTION ( 'NONE',  ( -0.0000000000000000000, -0.0000000000000000000, 1.000000000000000000 ) ) ;
#7376 = VERTEX_POINT ( 'NONE', #4500 ) ;
#7377 = VECTOR ( 'NONE', #10665, 1000.000000000000000 ) ;
#7378 = MECHANICAL_DESIGN_GEOMETRIC_PRESENTATION_REPRESENTATION (  '', ( #1381 ), #4165 ) ;
#7379 =( NAMED_UNIT ( * ) PLANE_ANGLE_UNIT ( ) SI_UNIT ( $, .RADIAN. ) );
#7380 = DIRECTION ( 'NONE',  ( 0.0000000000000000000, 0.0000000000000000000, -1.000000000000000000 ) ) ;
#7381 =( LENGTH_UNIT ( ) NAMED_UNIT ( * ) SI_UNIT ( .MILLI., .METRE. ) );
#7382 =( NAMED_UNIT ( * ) SI_UNIT ( $, .STERADIAN. ) SOLID_ANGLE_UNIT ( ) );
#7383 = SURFACE_SIDE_STYLE ('',( #10628 ) ) ;
#7384 = FACE_OUTER_BOUND ( 'NONE', #7721, .T. ) ;
#7385 = CARTESIAN_POINT ( 'NONE',  ( 15.49999999999912400, -15.50000000000000200, -10.99999999999999800 ) ) ;
#7386 = CARTESIAN_POINT ( 'NONE',  ( 15.98624964824874800, 16.80716972541398100, -9.499999999999998200 ) ) ;
#7387 = VERTEX_POINT ( 'NONE', #3626 ) ;
#7388 = DIRECTION ( 'NONE',  ( 3.861347820635129200E-013, -1.000000000000000000, 0.0000000000000000000 ) ) ;
#7390 = CARTESIAN_POINT ( 'NONE',  ( 0.0000000000000000000, 0.0000000000000000000, 11.50000000000000000 ) ) ;
#7389 = AXIS2_PLACEMENT_3D ( 'NONE', #8958, #10791, #3953 ) ;
#7391 = EDGE_CURVE ( 'NONE', #2127, #5591, #10704, .T. ) ;
#7392 = FACE_BOUND ( 'NONE', #1687, .T. ) ;
#7393 = VECTOR ( 'NONE', #1021, 1000.000000000000000 ) ;
#7394 = AXIS2_PLACEMENT_3D ( 'NONE', #10416, #9522, #7100 ) ;
#7395 = VECTOR ( 'NONE', #2071, 1000.000000000000000 ) ;
#7396 =( GEOMETRIC_REPRESENTATION_CONTEXT ( 3 ) GLOBAL_UNCERTAINTY_ASSIGNED_CONTEXT ( ( #487 ) ) GLOBAL_UNIT_ASSIGNED_CONTEXT ( ( #10686, #478, #8860 ) ) REPRESENTATION_CONTEXT ( 'NONE', 'WORKASPACE' ) );
#7397 =( NAMED_UNIT ( * ) SI_UNIT ( $, .STERADIAN. ) SOLID_ANGLE_UNIT ( ) );
#7398 = SURFACE_STYLE_FILL_AREA ( #4663 ) ;
#7399 = CARTESIAN_POINT ( 'NONE',  ( -21.00355339059326800, 17.29644660940670100, -1.499999999999997800 ) ) ;
#7400 = UNCERTAINTY_MEASURE_WITH_UNIT (LENGTH_MEASURE( 1.000000000000000100E-005 ), #8072, 'distance_accuracy_value', 'NONE');
#7401 = EDGE_LOOP ( 'NONE', ( #3941, #589, #2256, #10856 ) ) ;
#7402 = PLANE ( 'NONE',  #587 ) ;
#7403 = EDGE_LOOP ( 'NONE', ( #9816, #3568, #4096, #6786 ) ) ;
#7404 = SURFACE_STYLE_FILL_AREA ( #4391 ) ;
#7405 = DIRECTION ( 'NONE',  ( 1.000000000000000000, 0.0000000000000000000, 0.0000000000000000000 ) ) ;
#7406 = ORIENTED_EDGE ( 'NONE', *, *, #5201, .T. ) ;
#7407 = DIRECTION ( 'NONE',  ( -8.202002250481356300E-017, 1.000000000000000000, 0.0000000000000000000 ) ) ;
#7408 = EDGE_CURVE ( 'NONE', #6315, #4429, #6904, .T. ) ;
#7409 =( GEOMETRIC_REPRESENTATION_CONTEXT ( 3 ) GLOBAL_UNCERTAINTY_ASSIGNED_CONTEXT ( ( #3318 ) ) GLOBAL_UNIT_ASSIGNED_CONTEXT ( ( #2198, #2227, #639 ) ) REPRESENTATION_CONTEXT ( 'NONE', 'WORKASPACE' ) );
#7410 = AXIS2_PLACEMENT_3D ( 'NONE', #6621, #10096, #866 ) ;
#7411 = DIRECTION ( 'NONE',  ( 1.000000000000000000, 0.0000000000000000000, 0.0000000000000000000 ) ) ;
#7412 =( NAMED_UNIT ( * ) SI_UNIT ( $, .STERADIAN. ) SOLID_ANGLE_UNIT ( ) );
#7413 = EDGE_CURVE ( 'NONE', #258, #10442, #4960, .T. ) ;
#7414 = CARTESIAN_POINT ( 'NONE',  ( 15.50000000000000000, 15.50000000000000000, -9.499999999999998200 ) ) ;
#7415 = DIRECTION ( 'NONE',  ( -1.235860604586726600E-014, 1.000000000000000000, 0.0000000000000000000 ) ) ;
#7416 = CIRCLE ( 'NONE', #9785, 0.5000000000000022200 ) ;
#7417 = CARTESIAN_POINT ( 'NONE',  ( 21.14999999999999900, 21.14999999999999900, 9.500000000000000000 ) ) ;
#7418 = DIRECTION ( 'NONE',  ( 1.000000000000000000, 0.0000000000000000000, 0.0000000000000000000 ) ) ;
#7419 = VECTOR ( 'NONE', #5164, 1000.000000000000000 ) ;
#7420 = EDGE_LOOP ( 'NONE', ( #8850, #7189, #3958, #3630 ) ) ;
#7421 = VECTOR ( 'NONE', #10775, 1000.000000000000000 ) ;
#7422 = ADVANCED_FACE ( 'NONE', ( #4818 ), #4172, .F. ) ;
#7423 = DIRECTION ( 'NONE',  ( 1.000000000000000000, 0.0000000000000000000, 0.0000000000000000000 ) ) ;
#7424 = AXIS2_PLACEMENT_3D ( 'NONE', #148, #4254, #6871 ) ;
#7425 = FILL_AREA_STYLE_COLOUR ( '', #2163 ) ;
#7426 = DIRECTION ( 'NONE',  ( -0.0000000000000000000, -0.0000000000000000000, 1.000000000000000000 ) ) ;
#7427 = VECTOR ( 'NONE', #43, 1000.000000000000000 ) ;
#7428 = STYLED_ITEM ( 'NONE', ( #2512 ), #6930 ) ;
#7429 = SURFACE_SIDE_STYLE ('',( #10458 ) ) ;
#7430 = COLOUR_RGB ( '',0.2509803921568627400, 0.2509803921568627400, 0.2509803921568627400 ) ;
#7431 = ORIENTED_EDGE ( 'NONE', *, *, #3855, .T. ) ;
#7432 = ORIENTED_EDGE ( 'NONE', *, *, #2569, .T. ) ;
#7433 = EDGE_CURVE ( 'NONE', #8917, #10337, #4690, .T. ) ;
#7434 = VECTOR ( 'NONE', #451, 1000.000000000000000 ) ;
#7435 = DIRECTION ( 'NONE',  ( -1.224646799147353200E-016, 1.000000000000000000, 0.0000000000000000000 ) ) ;
#7436 = VECTOR ( 'NONE', #7148, 1000.000000000000000 ) ;
#7437 = DIRECTION ( 'NONE',  ( 0.0000000000000000000, -1.000000000000000000, 0.0000000000000000000 ) ) ;
#7438 = LINE ( 'NONE', #1056, #3910 ) ;
#7439 = DIRECTION ( 'NONE',  ( 8.202002250481357500E-017, -1.000000000000000000, -0.0000000000000000000 ) ) ;
#7440 = CARTESIAN_POINT ( 'NONE',  ( 1.339045298307557800, -39.15000000000000600, -6.183164675523829400 ) ) ;
#7441 = ORIENTED_EDGE ( 'NONE', *, *, #7216, .T. ) ;
#7442 = FACE_OUTER_BOUND ( 'NONE', #10583, .T. ) ;
#7443 = EDGE_CURVE ( 'NONE', #10046, #1713, #2472, .T. ) ;
#7444 = VECTOR ( 'NONE', #509, 1000.000000000000000 ) ;
#7445 = VERTEX_POINT ( 'NONE', #8604 ) ;
#7446 = FILL_AREA_STYLE_COLOUR ( '', #4158 ) ;
#7447 = EDGE_LOOP ( 'NONE', ( #4479, #7732 ) ) ;
#7448 = EDGE_CURVE ( 'NONE', #278, #8178, #6653, .T. ) ;
#7449 =( LENGTH_UNIT ( ) NAMED_UNIT ( * ) SI_UNIT ( .MILLI., .METRE. ) );
#7450 = DIRECTION ( 'NONE',  ( -0.0000000000000000000, -0.0000000000000000000, -1.000000000000000000 ) ) ;
#7451 = ORIENTED_EDGE ( 'NONE', *, *, #5534, .F. ) ;
#7452 = CARTESIAN_POINT ( 'NONE',  ( 21.14999999999999900, 17.14999999999998100, 9.500000000000000000 ) ) ;
#7453 = DIRECTION ( 'NONE',  ( 0.0000000000000000000, 0.0000000000000000000, 1.000000000000000000 ) ) ;
#7454 = VECTOR ( 'NONE', #3003, 1000.000000000000000 ) ;
#7455 = PLANE ( 'NONE',  #6976 ) ;
#7456 = SURFACE_STYLE_FILL_AREA ( #8551 ) ;
#7457 = CARTESIAN_POINT ( 'NONE',  ( 15.96497596850902000, -16.74998035735574600, -9.499999999999998200 ) ) ;
#7458 = ORIENTED_EDGE ( 'NONE', *, *, #1650, .T. ) ;
#7459 =( GEOMETRIC_REPRESENTATION_CONTEXT ( 3 ) GLOBAL_UNCERTAINTY_ASSIGNED_CONTEXT ( ( #1736 ) ) GLOBAL_UNIT_ASSIGNED_CONTEXT ( ( #6708, #4048, #5789 ) ) REPRESENTATION_CONTEXT ( 'NONE', 'WORKASPACE' ) );
#7460 = CARTESIAN_POINT ( 'NONE',  ( -16.80716972541454600, 15.01375035175258400, -9.499999999999998200 ) ) ;
#7461 = DIRECTION ( 'NONE',  ( 0.0000000000000000000, 0.0000000000000000000, -1.000000000000000000 ) ) ;
#7462 = VERTEX_POINT ( 'NONE', #6222 ) ;
#7463 = VECTOR ( 'NONE', #1558, 1000.000000000000100 ) ;
#7464 = COLOUR_RGB ( '',0.2509803921568627400, 0.2509803921568627400, 0.2509803921568627400 ) ;
#7465 = LINE ( 'NONE', #10575, #7072 ) ;
#7466 = DIRECTION ( 'NONE',  ( 8.202002250481357500E-017, -1.000000000000000000, -0.0000000000000000000 ) ) ;
#7467 = UNCERTAINTY_MEASURE_WITH_UNIT (LENGTH_MEASURE( 1.000000000000000100E-005 ), #8383, 'distance_accuracy_value', 'NONE');
#7468 = PRESENTATION_LAYER_ASSIGNMENT (  '', '', ( #6342 ) ) ;
#7469 = CARTESIAN_POINT ( 'NONE',  ( -18.74999999999999600, 15.50000000000087400, -11.49999999999999800 ) ) ;
#7470 = ORIENTED_EDGE ( 'NONE', *, *, #7900, .F. ) ;
#7471 = ORIENTED_EDGE ( 'NONE', *, *, #2595, .F. ) ;
#7472 =( NAMED_UNIT ( * ) PLANE_ANGLE_UNIT ( ) SI_UNIT ( $, .RADIAN. ) );
#7473 = LINE ( 'NONE', #7606, #9430 ) ;
#7474 = CARTESIAN_POINT ( 'NONE',  ( 21.14999999999999900, 16.94289321881345200, -1.499999999999997800 ) ) ;
#7475 =( LENGTH_UNIT ( ) NAMED_UNIT ( * ) SI_UNIT ( .MILLI., .METRE. ) );
#7476 = ORIENTED_EDGE ( 'NONE', *, *, #6834, .F. ) ;
#7477 = STYLED_ITEM ( 'NONE', ( #7916 ), #454 ) ;
#7478 = PRESENTATION_STYLE_ASSIGNMENT (( #7143 ) ) ;
#7479 = ADVANCED_FACE ( 'NONE', ( #2724 ), #10841, .F. ) ;
#7480 = STYLED_ITEM ( 'NONE', ( #9491 ), #5619 ) ;
#7481 = EDGE_LOOP ( 'NONE', ( #7592, #9105, #1349, #5339, #5093, #530 ) ) ;
#7482 = DIRECTION ( 'NONE',  ( 1.000000000000000000, 0.0000000000000000000, 0.0000000000000000000 ) ) ;
#7483 = EDGE_CURVE ( 'NONE', #5438, #4661, #7839, .T. ) ;
#7484 = DIRECTION ( 'NONE',  ( 1.000000000000000000, -3.730780929461923600E-015, 0.0000000000000000000 ) ) ;
#7485 = ORIENTED_EDGE ( 'NONE', *, *, #7559, .F. ) ;
#7486 =( NAMED_UNIT ( * ) SI_UNIT ( $, .STERADIAN. ) SOLID_ANGLE_UNIT ( ) );
#7487 = CIRCLE ( 'NONE', #9672, 2.749999999999999100 ) ;
#7488 = VECTOR ( 'NONE', #7237, 1000.000000000000000 ) ;
#7489 = ORIENTED_EDGE ( 'NONE', *, *, #5379, .T. ) ;
#7490 = DIRECTION ( 'NONE',  ( 0.0000000000000000000, 0.0000000000000000000, -1.000000000000000000 ) ) ;
#7491 = CARTESIAN_POINT ( 'NONE',  ( -16.94289321881343100, 21.14999999999999900, 10.00000000000000000 ) ) ;
#7492 = DIRECTION ( 'NONE',  ( -0.0000000000000000000, -0.0000000000000000000, -1.000000000000000000 ) ) ;
#7493 = CARTESIAN_POINT ( 'NONE',  ( 21.15000000000000200, -16.94289321881344900, 2.000000000000000000 ) ) ;
#7494 = ORIENTED_EDGE ( 'NONE', *, *, #5384, .F. ) ;
#7495 = ORIENTED_EDGE ( 'NONE', *, *, #4760, .F. ) ;
#7497 = AXIS2_PLACEMENT_3D ( 'NONE', #10531, #9709, #8899 ) ;
#7496 = CARTESIAN_POINT ( 'NONE',  ( 17.15000000000000200, 21.14999999999999900, 2.000000000000000000 ) ) ;
#7498 = EDGE_LOOP ( 'NONE', ( #3833, #7790 ) ) ;
#7499 = VECTOR ( 'NONE', #99, 1000.000000000000000 ) ;
#7500 = MECHANICAL_DESIGN_GEOMETRIC_PRESENTATION_REPRESENTATION (  '', ( #780 ), #9603 ) ;
#7501 = DIRECTION ( 'NONE',  ( 1.000000000000000000, 1.235860604586721200E-014, -0.0000000000000000000 ) ) ;
#7502 = PRESENTATION_STYLE_ASSIGNMENT (( #3337 ) ) ;
#7503 = EDGE_CURVE ( 'NONE', #10654, #7625, #1970, .T. ) ;
#7504 = DIRECTION ( 'NONE',  ( 0.0000000000000000000, 0.0000000000000000000, 1.000000000000000000 ) ) ;
#7505 = FILL_AREA_STYLE_COLOUR ( '', #10414 ) ;
#7506 = CARTESIAN_POINT ( 'NONE',  ( 3.548845101049971500, -21.25000000000000700, -3.931563690378976800 ) ) ;
#7507 = ORIENTED_EDGE ( 'NONE', *, *, #8531, .T. ) ;
#7508 = DIRECTION ( 'NONE',  ( -1.000000000000000000, 0.0000000000000000000, -0.0000000000000000000 ) ) ;
#7509 = SURFACE_STYLE_FILL_AREA ( #4182 ) ;
#7510 = AXIS2_PLACEMENT_3D ( 'NONE', #944, #2573, #8462 ) ;
#7511 = DIRECTION ( 'NONE',  ( 0.0000000000000000000, 0.0000000000000000000, -1.000000000000000000 ) ) ;
#7512 = ORIENTED_EDGE ( 'NONE', *, *, #8359, .T. ) ;
#7513 = PLANE ( 'NONE',  #9527 ) ;
#7514 = EDGE_CURVE ( 'NONE', #8006, #9640, #1438, .T. ) ;
#7515 = DIRECTION ( 'NONE',  ( 1.000000000000000000, 3.815920199215875400E-013, -0.0000000000000000000 ) ) ;
#7516 = ORIENTED_EDGE ( 'NONE', *, *, #4994, .F. ) ;
#7517 = CARTESIAN_POINT ( 'NONE',  ( -15.01375035175306900, -15.96497596850950100, -9.499999999999998200 ) ) ;
#7518 = PLANE ( 'NONE',  #8124 ) ;
#7519 = DIRECTION ( 'NONE',  ( 0.0000000000000000000, 0.0000000000000000000, 1.000000000000000000 ) ) ;
#7520 = COLOUR_RGB ( '',0.0000000000000000000, 0.5019607843137254800, 0.2509803921568627400 ) ;
#7521 = CARTESIAN_POINT ( 'NONE',  ( -15.50000000000087200, -15.49999999999912400, -10.49999999999999600 ) ) ;
#7522 = EDGE_LOOP ( 'NONE', ( #5473, #7458, #2885, #7316 ) ) ;
#7523 = EDGE_CURVE ( 'NONE', #7305, #4255, #4431, .T. ) ;
#7524 = AXIS2_PLACEMENT_3D ( 'NONE', #1410, #8923, #9760 ) ;
#7525 = CARTESIAN_POINT ( 'NONE',  ( -21.14999999999999500, -16.94289321881344900, 2.000000000000000000 ) ) ;
#7526 = DIRECTION ( 'NONE',  ( 0.0000000000000000000, 0.0000000000000000000, -1.000000000000000000 ) ) ;
#7527 = DIRECTION ( 'NONE',  ( 0.0000000000000000000, -0.0000000000000000000, -1.000000000000000000 ) ) ;
#7528 = FACE_OUTER_BOUND ( 'NONE', #2417, .T. ) ;
#7529 = PRESENTATION_STYLE_ASSIGNMENT (( #988 ) ) ;
#7530 = SURFACE_STYLE_FILL_AREA ( #3929 ) ;
#7531 = PRESENTATION_STYLE_ASSIGNMENT (( #8483 ) ) ;
#7532 = VECTOR ( 'NONE', #974, 1000.000000000000000 ) ;
#7533 = STYLED_ITEM ( 'NONE', ( #2434 ), #8848 ) ;
#7534 = ORIENTED_EDGE ( 'NONE', *, *, #10009, .T. ) ;
#7535 = ADVANCED_FACE ( 'NONE', ( #9526 ), #9132, .T. ) ;
#7536 = FILL_AREA_STYLE ('',( #1715 ) ) ;
#7537 = DIRECTION ( 'NONE',  ( 0.7071067811865487900, -0.7071067811865463500, 0.0000000000000000000 ) ) ;
#7538 = ORIENTED_EDGE ( 'NONE', *, *, #290, .T. ) ;
#7539 = FILL_AREA_STYLE_COLOUR ( '', #2948 ) ;
#7540 = FACE_OUTER_BOUND ( 'NONE', #5786, .T. ) ;
#7541 = CARTESIAN_POINT ( 'NONE',  ( -14.19283027458642900, 15.01375035175259500, -9.499999999999998200 ) ) ;
#7542 = DIRECTION ( 'NONE',  ( 0.0000000000000000000, 0.0000000000000000000, 1.000000000000000000 ) ) ;
#7543 = FACE_BOUND ( 'NONE', #3921, .T. ) ;
#7544 = UNCERTAINTY_MEASURE_WITH_UNIT (LENGTH_MEASURE( 1.000000000000000100E-005 ), #4555, 'distance_accuracy_value', 'NONE');
#7545 = MECHANICAL_DESIGN_GEOMETRIC_PRESENTATION_REPRESENTATION (  '', ( #8305 ), #8872 ) ;
#7546 = VERTEX_POINT ( 'NONE', #9810 ) ;
#7547 =( GEOMETRIC_REPRESENTATION_CONTEXT ( 3 ) GLOBAL_UNCERTAINTY_ASSIGNED_CONTEXT ( ( #1457 ) ) GLOBAL_UNIT_ASSIGNED_CONTEXT ( ( #10785, #4897, #5801 ) ) REPRESENTATION_CONTEXT ( 'NONE', 'WORKASPACE' ) );
#7548 = EDGE_CURVE ( 'NONE', #9584, #10046, #10044, .T. ) ;
#7549 = CIRCLE ( 'NONE', #8508, 0.5000000000000006700 ) ;
#7550 = AXIS2_PLACEMENT_3D ( 'NONE', #937, #8456, #4243 ) ;
#7551 = DIRECTION ( 'NONE',  ( 1.000000000000000000, 0.0000000000000000000, 0.0000000000000000000 ) ) ;
#7553 = CARTESIAN_POINT ( 'NONE',  ( 15.01375035175125200, 15.96497596851013900, -9.499999999999998200 ) ) ;
#7552 = SURFACE_STYLE_FILL_AREA ( #2877 ) ;
#7554 = ORIENTED_EDGE ( 'NONE', *, *, #6533, .F. ) ;
#7555 = CARTESIAN_POINT ( 'NONE',  ( 13.32957238623955100, -21.15000000000000600, -1.500000000000001300 ) ) ;
#7556 = DIRECTION ( 'NONE',  ( 1.000000000000000000, 0.0000000000000000000, 0.0000000000000000000 ) ) ;
#7557 = DIRECTION ( 'NONE',  ( 1.668003342285391600E-016, 0.0000000000000000000, -1.000000000000000000 ) ) ;
#7558 = CIRCLE ( 'NONE', #9256, 0.5563334663949305300 ) ;
#7559 = EDGE_CURVE ( 'NONE', #2828, #3145, #1169, .T. ) ;
#7560 = MECHANICAL_DESIGN_GEOMETRIC_PRESENTATION_REPRESENTATION (  '', ( #10714 ), #994 ) ;
#7561 = ORIENTED_EDGE ( 'NONE', *, *, #7139, .F. ) ;
#7562 = ORIENTED_EDGE ( 'NONE', *, *, #1419, .F. ) ;
#7563 = AXIS2_PLACEMENT_3D ( 'NONE', #7935, #297, #9586 ) ;
#7564 = CARTESIAN_POINT ( 'NONE',  ( 0.0000000000000000000, 0.0000000000000000000, 4.000000000000003600 ) ) ;
#7565 = EDGE_CURVE ( 'NONE', #4241, #3218, #7953, .T. ) ;
#7566 = DIRECTION ( 'NONE',  ( -1.000000000000000000, 0.0000000000000000000, 0.0000000000000000000 ) ) ;
#7567 = DIRECTION ( 'NONE',  ( -0.0000000000000000000, -0.0000000000000000000, 1.000000000000000000 ) ) ;
#7568 = DIRECTION ( 'NONE',  ( 0.0000000000000000000, -0.0000000000000000000, -1.000000000000000000 ) ) ;
#7569 = CARTESIAN_POINT ( 'NONE',  ( -15.03502403149003500, 15.01375035175260000, -9.499999999999998200 ) ) ;
#7570 = ORIENTED_EDGE ( 'NONE', *, *, #6487, .T. ) ;
#7571 = VECTOR ( 'NONE', #9572, 1000.000000000000000 ) ;
#7572 = VECTOR ( 'NONE', #8656, 1000.000000000000000 ) ;
#7573 = MECHANICAL_DESIGN_GEOMETRIC_PRESENTATION_REPRESENTATION (  '', ( #3866 ), #284 ) ;
#7574 = VERTEX_POINT ( 'NONE', #7241 ) ;
#7575 =( LENGTH_UNIT ( ) NAMED_UNIT ( * ) SI_UNIT ( .MILLI., .METRE. ) );
#7576 = VERTEX_POINT ( 'NONE', #2902 ) ;
#7577 =( NAMED_UNIT ( * ) SI_UNIT ( $, .STERADIAN. ) SOLID_ANGLE_UNIT ( ) );
#7578 = AXIS2_PLACEMENT_3D ( 'NONE', #8569, #1793, #5175 ) ;
#7579 = CARTESIAN_POINT ( 'NONE',  ( 1.339045298307557800, -39.15000000000000600, -6.956617291317806800 ) ) ;
#7580 = EDGE_CURVE ( 'NONE', #2798, #6591, #1699, .T. ) ;
#7581 = CARTESIAN_POINT ( 'NONE',  ( 15.79874071779735100, -12.26375928220266900, -11.49999999999999800 ) ) ;
#7582 = ORIENTED_EDGE ( 'NONE', *, *, #3785, .F. ) ;
#7583 = LINE ( 'NONE', #9848, #3926 ) ;
#7584 =( NAMED_UNIT ( * ) SI_UNIT ( $, .STERADIAN. ) SOLID_ANGLE_UNIT ( ) );
#7585 = ORIENTED_EDGE ( 'NONE', *, *, #7881, .F. ) ;
#7586 = VERTEX_POINT ( 'NONE', #5647 ) ;
#7587 = DIRECTION ( 'NONE',  ( -0.0000000000000000000, 1.000000000000000000, -0.0000000000000000000 ) ) ;
#7588 = ADVANCED_FACE ( 'NONE', ( #3238 ), #3368, .T. ) ;
#7589 = DIRECTION ( 'NONE',  ( 0.0000000000000000000, 0.0000000000000000000, 1.000000000000000000 ) ) ;
#7590 = EDGE_CURVE ( 'NONE', #7387, #7376, #8605, .T. ) ;
#7591 =( GEOMETRIC_REPRESENTATION_CONTEXT ( 3 ) GLOBAL_UNCERTAINTY_ASSIGNED_CONTEXT ( ( #1871 ) ) GLOBAL_UNIT_ASSIGNED_CONTEXT ( ( #4094, #10702, #8362 ) ) REPRESENTATION_CONTEXT ( 'NONE', 'WORKASPACE' ) );
#7592 = ORIENTED_EDGE ( 'NONE', *, *, #5676, .T. ) ;
#7593 = CYLINDRICAL_SURFACE ( 'NONE', #4558, 2.799999999999999800 ) ;
#7594 = DIRECTION ( 'NONE',  ( -0.0000000000000000000, 0.0000000000000000000, -1.000000000000000000 ) ) ;
#7595 = FACE_OUTER_BOUND ( 'NONE', #7401, .T. ) ;
#7596 = EDGE_LOOP ( 'NONE', ( #1127, #10268, #464, #2669 ) ) ;
#7597 = ORIENTED_EDGE ( 'NONE', *, *, #744, .F. ) ;
#7598 = EDGE_LOOP ( 'NONE', ( #6204, #3220, #1546, #5089 ) ) ;
#7599 = DIRECTION ( 'NONE',  ( -1.000000000000000000, 0.0000000000000000000, 0.0000000000000000000 ) ) ;
#7600 = DIRECTION ( 'NONE',  ( -1.000000000000000000, 0.0000000000000000000, 0.0000000000000000000 ) ) ;
#7601 = FILL_AREA_STYLE_COLOUR ( '', #3255 ) ;
#7602 = ORIENTED_EDGE ( 'NONE', *, *, #79, .F. ) ;
#7603 = DIRECTION ( 'NONE',  ( -0.0000000000000000000, -0.0000000000000000000, 1.000000000000000000 ) ) ;
#7604 = ORIENTED_EDGE ( 'NONE', *, *, #3487, .T. ) ;
#7605 = SURFACE_STYLE_FILL_AREA ( #576 ) ;
#7606 = CARTESIAN_POINT ( 'NONE',  ( 0.0000000000000000000, 21.14999999999999900, 4.000000000000000000 ) ) ;
#7607 = VECTOR ( 'NONE', #1751, 1000.000000000000000 ) ;
#7608 = ORIENTED_EDGE ( 'NONE', *, *, #7077, .F. ) ;
#7609 = SPHERICAL_SURFACE ( 'NONE', #2950, 0.5000000000000000000 ) ;
#7610 = DIRECTION ( 'NONE',  ( 0.0000000000000000000, 0.0000000000000000000, 1.000000000000000000 ) ) ;
#7611 = EDGE_CURVE ( 'NONE', #4603, #1313, #1037, .T. ) ;
#7612 = EDGE_LOOP ( 'NONE', ( #7367, #5874, #10161, #39 ) ) ;
#7613 = ORIENTED_EDGE ( 'NONE', *, *, #8050, .T. ) ;
#7614 = STYLED_ITEM ( 'NONE', ( #3571 ), #9682 ) ;
#7615 = CARTESIAN_POINT ( 'NONE',  ( 12.75000000000000200, 15.50000000000000000, -9.499999999999998200 ) ) ;
#7616 = CIRCLE ( 'NONE', #7901, 1.249999999999997600 ) ;
#7617 = PLANE ( 'NONE',  #3166 ) ;
#7618 = DIRECTION ( 'NONE',  ( -0.0000000000000000000, 1.000000000000000000, -0.0000000000000000000 ) ) ;
#7620 = ORIENTED_EDGE ( 'NONE', *, *, #5615, .T. ) ;
#7619 = SURFACE_SIDE_STYLE ('',( #10522 ) ) ;
#7621 = VECTOR ( 'NONE', #5269, 1000.000000000000000 ) ;
#7622 = EDGE_LOOP ( 'NONE', ( #1018, #3614, #10360, #9720 ) ) ;
#7623 = DIRECTION ( 'NONE',  ( 2.605923961437087100E-016, -1.000000000000000000, 0.0000000000000000000 ) ) ;
#7624 = FILL_AREA_STYLE_COLOUR ( '', #2336 ) ;
#7625 = VERTEX_POINT ( 'NONE', #8102 ) ;
#7626 = DIRECTION ( 'NONE',  ( -1.000000000000000000, 0.0000000000000000000, 0.0000000000000000000 ) ) ;
#7627 = AXIS2_PLACEMENT_3D ( 'NONE', #4900, #5735, #6650 ) ;
#7628 = SURFACE_STYLE_FILL_AREA ( #10721 ) ;
#7629 = ORIENTED_EDGE ( 'NONE', *, *, #10180, .F. ) ;
#7630 = PRESENTATION_LAYER_ASSIGNMENT (  '', '', ( #8327 ) ) ;
#7631 = VECTOR ( 'NONE', #10613, 1000.000000000000000 ) ;
#7632 = EDGE_CURVE ( 'NONE', #4547, #3537, #6891, .T. ) ;
#7633 = DIRECTION ( 'NONE',  ( 1.000000000000000000, 0.0000000000000000000, 0.0000000000000000000 ) ) ;
#7634 = DIRECTION ( 'NONE',  ( -1.000000000000000000, 0.0000000000000000000, 0.0000000000000000000 ) ) ;
#7635 = ORIENTED_EDGE ( 'NONE', *, *, #5823, .T. ) ;
#7636 = VECTOR ( 'NONE', #1981, 1000.000000000000000 ) ;
#7637 = CARTESIAN_POINT ( 'NONE',  ( 0.0000000000000000000, 0.0000000000000000000, 10.00000000000000000 ) ) ;
#7638 = SURFACE_STYLE_FILL_AREA ( #8540 ) ;
#7639 = PLANE ( 'NONE',  #10782 ) ;
#7640 = COLOUR_RGB ( '',0.2509803921568627400, 0.2509803921568627400, 0.2509803921568627400 ) ;
#7641 = PLANE ( 'NONE',  #1006 ) ;
#7642 = MECHANICAL_DESIGN_GEOMETRIC_PRESENTATION_REPRESENTATION (  '', ( #7428 ), #9675 ) ;
#7643 = DIRECTION ( 'NONE',  ( 0.0000000000000000000, 0.0000000000000000000, 1.000000000000000000 ) ) ;
#7644 = EDGE_CURVE ( 'NONE', #507, #8006, #7558, .T. ) ;
#7645 = ORIENTED_EDGE ( 'NONE', *, *, #1431, .F. ) ;
#7646 = ADVANCED_FACE ( 'NONE', ( #2207 ), #2711, .T. ) ;
#7647 = CARTESIAN_POINT ( 'NONE',  ( 15.50000000000000000, 15.50000000000000000, 5.500000000000000000 ) ) ;
#7648 = COLOUR_RGB ( '',0.2509803921568627400, 0.2509803921568627400, 0.2509803921568627400 ) ;
#7649 = PRESENTATION_STYLE_ASSIGNMENT (( #3331 ) ) ;
#7650 = CARTESIAN_POINT ( 'NONE',  ( 14.24999999999999800, 15.50000000000000000, 10.00000000000000000 ) ) ;
#7651 = ORIENTED_EDGE ( 'NONE', *, *, #3061, .F. ) ;
#7652 = CARTESIAN_POINT ( 'NONE',  ( -14.24999999999999600, -15.50000000000000400, 10.00000000000000000 ) ) ;
#7653 = PRESENTATION_LAYER_ASSIGNMENT (  '', '', ( #6737 ) ) ;
#7654 = COLOUR_RGB ( '',0.0000000000000000000, 0.0000000000000000000, 0.0000000000000000000 ) ;
#7655 = ORIENTED_EDGE ( 'NONE', *, *, #3721, .F. ) ;
#7656 = ADVANCED_FACE ( 'NONE', ( #9519 ), #830, .T. ) ;
#7657 = PLANE ( 'NONE',  #458 ) ;
#7658 = PLANE ( 'NONE',  #7745 ) ;
#7659 =( LENGTH_UNIT ( ) NAMED_UNIT ( * ) SI_UNIT ( .MILLI., .METRE. ) );
#7660 = EDGE_CURVE ( 'NONE', #3294, #9226, #1832, .T. ) ;
#7661 = DIRECTION ( 'NONE',  ( 1.000000000000000000, 0.0000000000000000000, 0.0000000000000000000 ) ) ;
#7662 = ORIENTED_EDGE ( 'NONE', *, *, #3748, .F. ) ;
#7663 = DIRECTION ( 'NONE',  ( 0.0000000000000000000, 0.0000000000000000000, -1.000000000000000000 ) ) ;
#7664 = PRESENTATION_STYLE_ASSIGNMENT (( #541 ) ) ;
#7665 = SURFACE_STYLE_USAGE ( .BOTH. , #24 ) ;
#7666 = ORIENTED_EDGE ( 'NONE', *, *, #4705, .T. ) ;
#7667 = CARTESIAN_POINT ( 'NONE',  ( 20.64999999999999900, 16.94289321881343500, 9.500000000000000000 ) ) ;
#7668 = COLOUR_RGB ( '',0.2509803921568627400, 0.2509803921568627400, 0.2509803921568627400 ) ;
#7669 = UNCERTAINTY_MEASURE_WITH_UNIT (LENGTH_MEASURE( 1.000000000000000100E-005 ), #1165, 'distance_accuracy_value', 'NONE');
#7670 = VERTEX_POINT ( 'NONE', #10834 ) ;
#7671 = EDGE_CURVE ( 'NONE', #1314, #8178, #5348, .T. ) ;
#7672 = CARTESIAN_POINT ( 'NONE',  ( -1.800000000000000700, -39.15000000000002000, -12.15000000000000000 ) ) ;
#7673 = MECHANICAL_DESIGN_GEOMETRIC_PRESENTATION_REPRESENTATION (  '', ( #9350 ), #6754 ) ;
#7674 = SURFACE_STYLE_USAGE ( .BOTH. , #4306 ) ;
#7675 = DIRECTION ( 'NONE',  ( 0.0000000000000000000, 0.0000000000000000000, 1.000000000000000000 ) ) ;
#7676 = CARTESIAN_POINT ( 'NONE',  ( 13.32957238623955100, -21.15000000000000600, -63.34951795962939500 ) ) ;
#7677 = CARTESIAN_POINT ( 'NONE',  ( 15.49999999999912400, -15.50000000000000200, -9.499999999999998200 ) ) ;
#7678 = PRESENTATION_STYLE_ASSIGNMENT (( #3513 ) ) ;
#7679 = ORIENTED_EDGE ( 'NONE', *, *, #2584, .F. ) ;
#7680 = AXIS2_PLACEMENT_3D ( 'NONE', #1452, #3150, #5540 ) ;
#7681 = DIRECTION ( 'NONE',  ( 1.000000000000000000, 0.0000000000000000000, 0.0000000000000000000 ) ) ;
#7682 = UNCERTAINTY_MEASURE_WITH_UNIT (LENGTH_MEASURE( 1.000000000000000100E-005 ), #5271, 'distance_accuracy_value', 'NONE');
#7683 = PLANE ( 'NONE',  #6500 ) ;
#7684 = FACE_OUTER_BOUND ( 'NONE', #5278, .T. ) ;
#7685 = DIRECTION ( 'NONE',  ( -0.0000000000000000000, -0.0000000000000000000, -1.000000000000000000 ) ) ;
#7686 = FACE_OUTER_BOUND ( 'NONE', #1370, .T. ) ;
#7687 = ORIENTED_EDGE ( 'NONE', *, *, #3635, .F. ) ;
#7688 = LINE ( 'NONE', #10245, #2980 ) ;
#7690 = MECHANICAL_DESIGN_GEOMETRIC_PRESENTATION_REPRESENTATION (  '', ( #9370 ), #1691 ) ;
#7689 = CARTESIAN_POINT ( 'NONE',  ( 0.5999999999999987600, -39.15000000000002000, -13.85000000000000300 ) ) ;
#7691 = LINE ( 'NONE', #4931, #6105 ) ;
#7692 = PRESENTATION_LAYER_ASSIGNMENT (  '', '', ( #4322 ) ) ;
#7693 = EDGE_CURVE ( 'NONE', #5728, #8103, #6253, .T. ) ;
#7694 = DIRECTION ( 'NONE',  ( -1.000000000000000000, 0.0000000000000000000, 0.0000000000000000000 ) ) ;
#7695 = MECHANICAL_DESIGN_GEOMETRIC_PRESENTATION_REPRESENTATION (  '', ( #6911 ), #8825 ) ;
#7696 = CARTESIAN_POINT ( 'NONE',  ( -1.800000000000000700, -39.15000000000002000, -12.65000000000000400 ) ) ;
#7697 = CARTESIAN_POINT ( 'NONE',  ( 3.599999999999995600, -21.15000000000000200, -3.499999999999997800 ) ) ;
#7698 = CARTESIAN_POINT ( 'NONE',  ( -16.94289321881344200, 20.64999999999999900, -11.49999999999999800 ) ) ;
#7699 = SURFACE_STYLE_FILL_AREA ( #2076 ) ;
#7700 = ORIENTED_EDGE ( 'NONE', *, *, #10287, .T. ) ;
#7701 = EDGE_LOOP ( 'NONE', ( #5935, #5826, #1840, #6089 ) ) ;
#7702 = ADVANCED_FACE ( 'NONE', ( #771 ), #6663, .F. ) ;
#7703 = CARTESIAN_POINT ( 'NONE',  ( -21.00355339059326800, 17.29644660940670100, -10.99999999999999800 ) ) ;
#7704 = PRESENTATION_STYLE_ASSIGNMENT (( #5587 ) ) ;
#7705 = DIRECTION ( 'NONE',  ( -1.000000000000000000, 0.0000000000000000000, -1.668003342285391600E-016 ) ) ;
#7706 = LINE ( 'NONE', #2166, #2720 ) ;
#7707 = PLANE ( 'NONE',  #1663 ) ;
#7708 = VERTEX_POINT ( 'NONE', #4916 ) ;
#7709 = APPLICATION_PROTOCOL_DEFINITION ( 'draft international standard', 'automotive_design', 1998, #198 ) ;
#7710 = STYLED_ITEM ( 'NONE', ( #8671 ), #1581 ) ;
#7711 = AXIS2_PLACEMENT_3D ( 'NONE', #14, #2300, #7411 ) ;
#7712 = DIRECTION ( 'NONE',  ( 0.7363275207553914300, 0.0000000000000000000, 0.6766252893427930900 ) ) ;
#7713 = DIRECTION ( 'NONE',  ( 0.7071067811865510100, -0.7071067811865441300, 0.0000000000000000000 ) ) ;
#7714 = VERTEX_POINT ( 'NONE', #7469 ) ;
#7715 = EDGE_CURVE ( 'NONE', #3302, #2546, #7028, .T. ) ;
#7716 = CARTESIAN_POINT ( 'NONE',  ( -15.50000000000087200, -15.49999999999912400, -10.99999999999999800 ) ) ;
#7717 = CIRCLE ( 'NONE', #4026, 0.5000000000000022200 ) ;
#7718 = SURFACE_STYLE_USAGE ( .BOTH. , #1955 ) ;
#7719 = LINE ( 'NONE', #9297, #9403 ) ;
#7720 = VERTEX_POINT ( 'NONE', #7 ) ;
#7721 = EDGE_LOOP ( 'NONE', ( #5648, #5513, #6455, #1895, #10265, #6039, #5233, #6296 ) ) ;
#7722 = DIRECTION ( 'NONE',  ( -1.000000000000000000, 0.0000000000000000000, -0.0000000000000000000 ) ) ;
#7723 = DIRECTION ( 'NONE',  ( 1.000000000000000000, 0.0000000000000000000, 0.0000000000000000000 ) ) ;
#7724 = VERTEX_POINT ( 'NONE', #3258 ) ;
#7725 = CIRCLE ( 'NONE', #5156, 0.5000000000000004400 ) ;
#7726 = CARTESIAN_POINT ( 'NONE',  ( -17.29644660940669400, -21.00355339059328200, -10.99999999999999800 ) ) ;
#7727 = MECHANICAL_DESIGN_GEOMETRIC_PRESENTATION_REPRESENTATION (  '', ( #6941 ), #7866 ) ;
#7728 = VECTOR ( 'NONE', #9171, 1000.000000000000000 ) ;
#7729 = CIRCLE ( 'NONE', #4855, 3.500000000000000000 ) ;
#7730 = CARTESIAN_POINT ( 'NONE',  ( -15.49999999999999600, 15.50000000000087400, -10.99999999999999800 ) ) ;
#7731 = SURFACE_SIDE_STYLE ('',( #7804 ) ) ;
#7732 = ORIENTED_EDGE ( 'NONE', *, *, #5078, .F. ) ;
#7733 = ORIENTED_EDGE ( 'NONE', *, *, #1022, .T. ) ;
#7734 = EDGE_CURVE ( 'NONE', #3811, #10699, #1027, .T. ) ;
#7735 = CARTESIAN_POINT ( 'NONE',  ( -15.01375035175307500, -15.03502403148862900, -9.499999999999998200 ) ) ;
#7736 = ORIENTED_EDGE ( 'NONE', *, *, #10381, .F. ) ;
#7737 = DIRECTION ( 'NONE',  ( 0.0000000000000000000, 0.0000000000000000000, -1.000000000000000000 ) ) ;
#7738 = FACE_BOUND ( 'NONE', #5052, .T. ) ;
#7739 = VECTOR ( 'NONE', #3909, 1000.000000000000000 ) ;
#7740 = FACE_OUTER_BOUND ( 'NONE', #6566, .T. ) ;
#7741 = CARTESIAN_POINT ( 'NONE',  ( 13.32957238623955100, -21.15000000000000600, 2.000000000000001800 ) ) ;
#7742 = ORIENTED_EDGE ( 'NONE', *, *, #7778, .F. ) ;
#7743 = CYLINDRICAL_SURFACE ( 'NONE', #4628, 0.5000000000000004400 ) ;
#7744 = EDGE_CURVE ( 'NONE', #604, #6129, #2085, .T. ) ;
#7745 = AXIS2_PLACEMENT_3D ( 'NONE', #118, #9339, #4328 ) ;
#7746 = ORIENTED_EDGE ( 'NONE', *, *, #4219, .T. ) ;
#7747 = VERTEX_POINT ( 'NONE', #7541 ) ;
#7748 = DIRECTION ( 'NONE',  ( 0.0000000000000000000, 0.0000000000000000000, 1.000000000000000000 ) ) ;
#7749 = CIRCLE ( 'NONE', #5546, 20.00000000000000000 ) ;
#7750 = UNCERTAINTY_MEASURE_WITH_UNIT (LENGTH_MEASURE( 1.000000000000000100E-005 ), #6939, 'distance_accuracy_value', 'NONE');
#7751 = MECHANICAL_DESIGN_GEOMETRIC_PRESENTATION_REPRESENTATION (  '', ( #9216 ), #6618 ) ;
#7752 = SURFACE_SIDE_STYLE ('',( #10280 ) ) ;
#7753 = ORIENTED_EDGE ( 'NONE', *, *, #2339, .F. ) ;
#7754 = CARTESIAN_POINT ( 'NONE',  ( 15.98624964824874800, 16.80716972541398100, -10.99999999999999800 ) ) ;
#7755 = VECTOR ( 'NONE', #6441, 1000.000000000000000 ) ;
#7756 =( NAMED_UNIT ( * ) SI_UNIT ( $, .STERADIAN. ) SOLID_ANGLE_UNIT ( ) );
#7757 = SURFACE_STYLE_USAGE ( .BOTH. , #2026 ) ;
#7758 = ORIENTED_EDGE ( 'NONE', *, *, #2107, .T. ) ;
#7759 =( NAMED_UNIT ( * ) SI_UNIT ( $, .STERADIAN. ) SOLID_ANGLE_UNIT ( ) );
#7760 = CARTESIAN_POINT ( 'NONE',  ( 0.0000000000000000000, 2.000000000000000000, 30.00000000000000000 ) ) ;
#7761 = ORIENTED_EDGE ( 'NONE', *, *, #1096, .T. ) ;
#7762 = LINE ( 'NONE', #6703, #5533 ) ;
#7763 = CARTESIAN_POINT ( 'NONE',  ( 21.16000000000000000, 13.31369220013741700, -3.499999999999996000 ) ) ;
#7764 = ORIENTED_EDGE ( 'NONE', *, *, #3559, .T. ) ;
#7765 = ADVANCED_FACE ( 'NONE', ( #8992 ), #5712, .T. ) ;
#7766 =( GEOMETRIC_REPRESENTATION_CONTEXT ( 3 ) GLOBAL_UNCERTAINTY_ASSIGNED_CONTEXT ( ( #2705 ) ) GLOBAL_UNIT_ASSIGNED_CONTEXT ( ( #7381, #9870, #4828 ) ) REPRESENTATION_CONTEXT ( 'NONE', 'WORKASPACE' ) );
#7767 = VERTEX_POINT ( 'NONE', #2497 ) ;
#7768 = CIRCLE ( 'NONE', #10379, 11.00000000000000000 ) ;
#7769 = AXIS2_PLACEMENT_3D ( 'NONE', #1372, #4604, #10402 ) ;
#7770 = VERTEX_POINT ( 'NONE', #4282 ) ;
#7771 = EDGE_CURVE ( 'NONE', #2533, #3371, #4410, .T. ) ;
#7772 = VERTEX_POINT ( 'NONE', #10246 ) ;
#7773 = LINE ( 'NONE', #1024, #4491 ) ;
#7774 = DIRECTION ( 'NONE',  ( -1.000000000000000000, 0.0000000000000000000, 0.0000000000000000000 ) ) ;
#7775 = EDGE_LOOP ( 'NONE', ( #4005, #4757, #7761, #2353 ) ) ;
#7776 = ADVANCED_FACE ( 'NONE', ( #7684 ), #5240, .F. ) ;
#7777 = CARTESIAN_POINT ( 'NONE',  ( -15.03502403149003900, 14.25001964264614400, -10.99999999999999800 ) ) ;
#7778 = EDGE_CURVE ( 'NONE', #6900, #3789, #4539, .T. ) ;
#7779 = DIRECTION ( 'NONE',  ( -0.0000000000000000000, 1.000000000000000000, -0.0000000000000000000 ) ) ;
#7780 = STYLED_ITEM ( 'NONE', ( #1395 ), #972 ) ;
#7781 = ORIENTED_EDGE ( 'NONE', *, *, #5070, .F. ) ;
#7782 = STYLED_ITEM ( 'NONE', ( #5956 ), #5941 ) ;
#7783 = CIRCLE ( 'NONE', #5991, 0.5000000000000004400 ) ;
#7784 = VERTEX_POINT ( 'NONE', #10099 ) ;
#7785 = EDGE_CURVE ( 'NONE', #4019, #6872, #2323, .T. ) ;
#7786 = ORIENTED_EDGE ( 'NONE', *, *, #1173, .T. ) ;
#7787 = FILL_AREA_STYLE ('',( #5413 ) ) ;
#7788 = DIRECTION ( 'NONE',  ( -1.000000000000000000, 0.0000000000000000000, 0.0000000000000000000 ) ) ;
#7789 = DIRECTION ( 'NONE',  ( -0.0000000000000000000, -1.000000000000000000, -0.0000000000000000000 ) ) ;
#7790 = ORIENTED_EDGE ( 'NONE', *, *, #8562, .F. ) ;
#7791 = DIRECTION ( 'NONE',  ( 1.000000000000000000, 0.0000000000000000000, 0.0000000000000000000 ) ) ;
#7792 = VERTEX_POINT ( 'NONE', #2601 ) ;
#7794 = AXIS2_PLACEMENT_3D ( 'NONE', #7457, #9901, #6476 ) ;
#7793 = CARTESIAN_POINT ( 'NONE',  ( 0.0000000000000000000, 21.14999999999999900, -3.499999999999997800 ) ) ;
#7795 = AXIS2_PLACEMENT_3D ( 'NONE', #7904, #7875, #5254 ) ;
#7796 = VERTEX_POINT ( 'NONE', #76 ) ;
#7797 = EDGE_CURVE ( 'NONE', #2530, #3405, #5470, .T. ) ;
#7798 = DIRECTION ( 'NONE',  ( 0.0000000000000000000, 0.0000000000000000000, -1.000000000000000000 ) ) ;
#7799 = PLANE ( 'NONE',  #8370 ) ;
#7800 = DIRECTION ( 'NONE',  ( 0.0000000000000000000, 0.0000000000000000000, 1.000000000000000000 ) ) ;
#7801 = SURFACE_STYLE_FILL_AREA ( #8389 ) ;
#7802 = COLOUR_RGB ( '',0.2509803921568627400, 0.2509803921568627400, 0.2509803921568627400 ) ;
#7803 = DIRECTION ( 'NONE',  ( -0.0000000000000000000, 0.0000000000000000000, 1.000000000000000000 ) ) ;
#7804 = SURFACE_STYLE_FILL_AREA ( #144 ) ;
#7805 = SURFACE_STYLE_USAGE ( .BOTH. , #8631 ) ;
#7806 = CARTESIAN_POINT ( 'NONE',  ( 20.65000000000000200, 1.693713464724400200E-015, -11.49999999999999800 ) ) ;
#7807 = EDGE_CURVE ( 'NONE', #8399, #278, #10570, .T. ) ;
#7808 = MECHANICAL_DESIGN_GEOMETRIC_PRESENTATION_REPRESENTATION (  '', ( #3314 ), #7591 ) ;
#7809 =( LENGTH_UNIT ( ) NAMED_UNIT ( * ) SI_UNIT ( .MILLI., .METRE. ) );
#7810 = DIRECTION ( 'NONE',  ( 0.0000000000000000000, 0.0000000000000000000, 1.000000000000000000 ) ) ;
#7811 = ORIENTED_EDGE ( 'NONE', *, *, #2275, .F. ) ;
#7812 = CYLINDRICAL_SURFACE ( 'NONE', #8466, 1.249999999999999300 ) ;
#7813 = CARTESIAN_POINT ( 'NONE',  ( -0.6000000000000007500, -39.15000000000002000, -12.65000000000000400 ) ) ;
#7814 = FACE_OUTER_BOUND ( 'NONE', #8126, .T. ) ;
#7815 = ADVANCED_FACE ( 'NONE', ( #3226 ), #6504, .T. ) ;
#7816 = DIRECTION ( 'NONE',  ( 0.0000000000000000000, 0.0000000000000000000, 1.000000000000000000 ) ) ;
#7817 = ORIENTED_EDGE ( 'NONE', *, *, #3802, .T. ) ;
#7818 = SURFACE_STYLE_FILL_AREA ( #985 ) ;
#7819 = VECTOR ( 'NONE', #9428, 1000.000000000000000 ) ;
#7820 = VERTEX_POINT ( 'NONE', #9333 ) ;
#7821 = LINE ( 'NONE', #2437, #5718 ) ;
#7822 = CARTESIAN_POINT ( 'NONE',  ( -15.50000000000087200, -15.49999999999912400, -9.499999999999998200 ) ) ;
#7823 = MECHANICAL_DESIGN_GEOMETRIC_PRESENTATION_REPRESENTATION (  '', ( #5920 ), #9225 ) ;
#7824 = CIRCLE ( 'NONE', #1097, 0.5000000000000004400 ) ;
#7825 = DIRECTION ( 'NONE',  ( -0.0000000000000000000, -0.0000000000000000000, 1.000000000000000000 ) ) ;
#7826 = SURFACE_STYLE_USAGE ( .BOTH. , #7891 ) ;
#7827 = ORIENTED_EDGE ( 'NONE', *, *, #3346, .F. ) ;
#7828 = CARTESIAN_POINT ( 'NONE',  ( -21.14999999999999500, 16.94289321881343100, -10.99999999999999800 ) ) ;
#7829 = CARTESIAN_POINT ( 'NONE',  ( -15.03502403149003500, 15.01375035175260000, -9.499999999999998200 ) ) ;
#7830 = VECTOR ( 'NONE', #7286, 1000.000000000000000 ) ;
#7831 = AXIS2_PLACEMENT_3D ( 'NONE', #10110, #8429, #9268 ) ;
#7832 = ORIENTED_EDGE ( 'NONE', *, *, #6787, .F. ) ;
#7833 = ORIENTED_EDGE ( 'NONE', *, *, #10424, .F. ) ;
#7834 = VECTOR ( 'NONE', #1403, 1000.000000000000000 ) ;
#7835 = FILL_AREA_STYLE_COLOUR ( '', #9112 ) ;
#7836 = VERTEX_POINT ( 'NONE', #7650 ) ;
#7837 = CARTESIAN_POINT ( 'NONE',  ( 0.0000000000000000000, 0.0000000000000000000, -9.499999999999998200 ) ) ;
#7838 = CARTESIAN_POINT ( 'NONE',  ( 2.583848208458101100, -21.25000000000000700, 4.288040361317518200E-016 ) ) ;
#7839 = LINE ( 'NONE', #4841, #239 ) ;
#7840 = AXIS2_PLACEMENT_3D ( 'NONE', #3332, #9296, #4280 ) ;
#7841 = ORIENTED_EDGE ( 'NONE', *, *, #9731, .F. ) ;
#7842 = FACE_OUTER_BOUND ( 'NONE', #9102, .T. ) ;
#7843 = AXIS2_PLACEMENT_3D ( 'NONE', #5947, #3496, #3462 ) ;
#7844 = EDGE_CURVE ( 'NONE', #1858, #4884, #10691, .T. ) ;
#7845 = DIRECTION ( 'NONE',  ( 1.000000000000000000, -1.261213355974177800E-012, 0.0000000000000000000 ) ) ;
#7846 =( NAMED_UNIT ( * ) PLANE_ANGLE_UNIT ( ) SI_UNIT ( $, .RADIAN. ) );
#7847 = CARTESIAN_POINT ( 'NONE',  ( 20.64999999999999900, 21.14999999999999900, -10.99999999999999800 ) ) ;
#7848 = VERTEX_POINT ( 'NONE', #8533 ) ;
#7849 = LINE ( 'NONE', #5736, #1191 ) ;
#7850 = PRESENTATION_LAYER_ASSIGNMENT (  '', '', ( #486 ) ) ;
#7851 = ORIENTED_EDGE ( 'NONE', *, *, #10811, .T. ) ;
#7852 =( GEOMETRIC_REPRESENTATION_CONTEXT ( 3 ) GLOBAL_UNCERTAINTY_ASSIGNED_CONTEXT ( ( #3862 ) ) GLOBAL_UNIT_ASSIGNED_CONTEXT ( ( #5822, #6706, #7397 ) ) REPRESENTATION_CONTEXT ( 'NONE', 'WORKASPACE' ) );
#7853 = DIRECTION ( 'NONE',  ( -1.000000000000000000, 0.0000000000000000000, -0.0000000000000000000 ) ) ;
#7854 = DIRECTION ( 'NONE',  ( -1.000000000000000000, 0.0000000000000000000, 0.0000000000000000000 ) ) ;
#7855 = EDGE_CURVE ( 'NONE', #8397, #3284, #7416, .T. ) ;
#7856 = SURFACE_STYLE_USAGE ( .BOTH. , #10500 ) ;
#7857 = ORIENTED_EDGE ( 'NONE', *, *, #2045, .F. ) ;
#7858 = VECTOR ( 'NONE', #5151, 1000.000000000000000 ) ;
#7859 =( NAMED_UNIT ( * ) SI_UNIT ( $, .STERADIAN. ) SOLID_ANGLE_UNIT ( ) );
#7860 = LINE ( 'NONE', #7829, #9293 ) ;
#7861 = DIRECTION ( 'NONE',  ( -6.179303022933785000E-015, -1.000000000000000000, -0.0000000000000000000 ) ) ;
#7862 = VERTEX_POINT ( 'NONE', #146 ) ;
#7863 = ADVANCED_FACE ( 'NONE', ( #2199 ), #5998, .F. ) ;
#7864 = DIRECTION ( 'NONE',  ( -0.0000000000000000000, -0.0000000000000000000, 1.000000000000000000 ) ) ;
#7865 = VERTEX_POINT ( 'NONE', #1894 ) ;
#7866 =( GEOMETRIC_REPRESENTATION_CONTEXT ( 3 ) GLOBAL_UNCERTAINTY_ASSIGNED_CONTEXT ( ( #2976 ) ) GLOBAL_UNIT_ASSIGNED_CONTEXT ( ( #8137, #4881, #8275 ) ) REPRESENTATION_CONTEXT ( 'NONE', 'WORKASPACE' ) );
#7867 = ORIENTED_EDGE ( 'NONE', *, *, #9803, .F. ) ;
#7868 = DIRECTION ( 'NONE',  ( -1.000000000000000000, 0.0000000000000000000, 0.0000000000000000000 ) ) ;
#7869 = CARTESIAN_POINT ( 'NONE',  ( -15.50000000000087200, -15.49999999999912400, -11.49999999999999800 ) ) ;
#7870 = PRESENTATION_STYLE_ASSIGNMENT (( #6938 ) ) ;
#7871 = LINE ( 'NONE', #7793, #9696 ) ;
#7872 = EDGE_CURVE ( 'NONE', #10761, #6690, #6241, .T. ) ;
#7873 =( NAMED_UNIT ( * ) SI_UNIT ( $, .STERADIAN. ) SOLID_ANGLE_UNIT ( ) );
#7874 = ADVANCED_FACE ( 'NONE', ( #8205 ), #7090, .F. ) ;
#7875 = DIRECTION ( 'NONE',  ( -0.0000000000000000000, -0.0000000000000000000, -1.000000000000000000 ) ) ;
#7876 = VERTEX_POINT ( 'NONE', #4567 ) ;
#7877 = CARTESIAN_POINT ( 'NONE',  ( 16.94289321881343500, 20.64999999999999900, -10.99999999999999800 ) ) ;
#7878 = LINE ( 'NONE', #3470, #2387 ) ;
#7879 = CARTESIAN_POINT ( 'NONE',  ( -20.64999999999999500, -16.94289321881344900, 9.500000000000000000 ) ) ;
#7880 = UNCERTAINTY_MEASURE_WITH_UNIT (LENGTH_MEASURE( 1.000000000000000100E-005 ), #5426, 'distance_accuracy_value', 'NONE');
#7881 = EDGE_CURVE ( 'NONE', #8629, #8339, #10451, .T. ) ;
#7882 = AXIS2_PLACEMENT_3D ( 'NONE', #3575, #10233, #8616 ) ;
#7883 = ORIENTED_EDGE ( 'NONE', *, *, #9797, .F. ) ;
#7884 = CARTESIAN_POINT ( 'NONE',  ( -16.80716972541453200, 15.98624964825021900, -9.499999999999998200 ) ) ;
#7885 = LINE ( 'NONE', #234, #1761 ) ;
#7886 = ORIENTED_EDGE ( 'NONE', *, *, #2121, .T. ) ;
#7887 = ORIENTED_EDGE ( 'NONE', *, *, #2149, .F. ) ;
#7888 = AXIS2_PLACEMENT_3D ( 'NONE', #5123, #3285, #6689 ) ;
#7889 = CARTESIAN_POINT ( 'NONE',  ( -12.26375928220251400, 15.79874071779746300, -11.49999999999999800 ) ) ;
#7890 = DIRECTION ( 'NONE',  ( 0.0000000000000000000, 0.0000000000000000000, 1.000000000000000000 ) ) ;
#7891 = SURFACE_SIDE_STYLE ('',( #1289 ) ) ;
#7892 = FILL_AREA_STYLE_COLOUR ( '', #4330 ) ;
#7893 = CARTESIAN_POINT ( 'NONE',  ( -21.00355339059327200, 17.29644660940672600, 10.00000000000000000 ) ) ;
#7894 = VERTEX_POINT ( 'NONE', #1968 ) ;
#7895 = AXIS2_PLACEMENT_3D ( 'NONE', #7272, #2422, #4865 ) ;
#7896 = FACE_OUTER_BOUND ( 'NONE', #5940, .T. ) ;
#7897 = CARTESIAN_POINT ( 'NONE',  ( 21.15000000000000200, -21.15000000000000200, 10.00000000000000000 ) ) ;
#7898 = SURFACE_STYLE_USAGE ( .BOTH. , #8702 ) ;
#7899 = COLOUR_RGB ( '',1.000000000000000000, 0.9058823529411764700, 0.1843137254901960900 ) ;
#7900 = EDGE_CURVE ( 'NONE', #6773, #9916, #92, .T. ) ;
#7901 = AXIS2_PLACEMENT_3D ( 'NONE', #7647, #4212, #9287 ) ;
#7902 = DIRECTION ( 'NONE',  ( -0.0000000000000000000, -0.0000000000000000000, 1.000000000000000000 ) ) ;
#7903 = VERTEX_POINT ( 'NONE', #10364 ) ;
#7904 = CARTESIAN_POINT ( 'NONE',  ( 0.0000000000000000000, 0.0000000000000000000, 11.50000000000000000 ) ) ;
#7905 = CYLINDRICAL_SURFACE ( 'NONE', #1629, 0.5000000000000004400 ) ;
#7906 = DIRECTION ( 'NONE',  ( 0.0000000000000000000, -1.000000000000000000, 0.0000000000000000000 ) ) ;
#7907 = AXIS2_PLACEMENT_3D ( 'NONE', #3564, #10380, #5368 ) ;
#7908 = ORIENTED_EDGE ( 'NONE', *, *, #8699, .F. ) ;
#7909 = ADVANCED_FACE ( 'NONE', ( #4149 ), #3697, .F. ) ;
#7910 = CARTESIAN_POINT ( 'NONE',  ( 15.50000000000000000, 15.50000000000000000, -11.49999999999999800 ) ) ;
#7911 = AXIS2_PLACEMENT_3D ( 'NONE', #2838, #8772, #8693 ) ;
#7912 = EDGE_CURVE ( 'NONE', #4297, #5776, #6893, .T. ) ;
#7913 = PRESENTATION_STYLE_ASSIGNMENT (( #1606 ) ) ;
#7914 = CIRCLE ( 'NONE', #4453, 2.399999999999999500 ) ;
#7915 = VECTOR ( 'NONE', #4503, 1000.000000000000000 ) ;
#7916 = PRESENTATION_STYLE_ASSIGNMENT (( #4215 ) ) ;
#7917 = VECTOR ( 'NONE', #1661, 1000.000000000000000 ) ;
#7918 = CARTESIAN_POINT ( 'NONE',  ( -13.32957238623954800, -21.15000000000000600, -3.499999999999996000 ) ) ;
#7919 = ORIENTED_EDGE ( 'NONE', *, *, #2697, .T. ) ;
#7920 = CARTESIAN_POINT ( 'NONE',  ( -21.14999999999999500, -21.15000000000000600, -10.99999999999999800 ) ) ;
#7921 = DIRECTION ( 'NONE',  ( 0.0000000000000000000, -1.000000000000000000, 0.0000000000000000000 ) ) ;
#7922 = ADVANCED_FACE ( 'NONE', ( #905 ), #10032, .T. ) ;
#7923 =( NAMED_UNIT ( * ) PLANE_ANGLE_UNIT ( ) SI_UNIT ( $, .RADIAN. ) );
#7925 = AXIS2_PLACEMENT_3D ( 'NONE', #1414, #4681, #5468 ) ;
#7924 = DIRECTION ( 'NONE',  ( -1.000000000000000000, 0.0000000000000000000, -0.0000000000000000000 ) ) ;
#7926 = VECTOR ( 'NONE', #5004, 1000.000000000000000 ) ;
#7927 = EDGE_LOOP ( 'NONE', ( #6783, #4376, #7476, #4307 ) ) ;
#7928 = SURFACE_STYLE_FILL_AREA ( #1738 ) ;
#7929 = PRESENTATION_LAYER_ASSIGNMENT (  '', '', ( #4989 ) ) ;
#7930 = FACE_OUTER_BOUND ( 'NONE', #526, .T. ) ;
#7931 = EDGE_CURVE ( 'NONE', #6200, #9849, #6382, .T. ) ;
#7932 = DIRECTION ( 'NONE',  ( 0.0000000000000000000, -1.000000000000000000, 0.0000000000000000000 ) ) ;
#7933 = ORIENTED_EDGE ( 'NONE', *, *, #10816, .T. ) ;
#7934 = FILL_AREA_STYLE_COLOUR ( '', #2972 ) ;
#7935 = CARTESIAN_POINT ( 'NONE',  ( -15.49999999999999600, 15.50000000000087400, -10.99999999999999800 ) ) ;
#7936 = DIRECTION ( 'NONE',  ( 0.0000000000000000000, -1.000000000000000000, 0.0000000000000000000 ) ) ;
#7937 = CARTESIAN_POINT ( 'NONE',  ( 15.49999999999912400, -15.50000000000000200, -10.99999999999999800 ) ) ;
#7939 = ORIENTED_EDGE ( 'NONE', *, *, #8857, .F. ) ;
#7938 = DIRECTION ( 'NONE',  ( 1.659555831213624300E-016, 0.0000000000000000000, -1.000000000000000000 ) ) ;
#7940 = UNCERTAINTY_MEASURE_WITH_UNIT (LENGTH_MEASURE( 1.000000000000000100E-005 ), #6095, 'distance_accuracy_value', 'NONE');
#7941 = DIRECTION ( 'NONE',  ( 0.0000000000000000000, 0.0000000000000000000, 1.000000000000000000 ) ) ;
#7942 = AXIS2_PLACEMENT_3D ( 'NONE', #5630, #9690, #2236 ) ;
#7943 = ORIENTED_EDGE ( 'NONE', *, *, #4572, .F. ) ;
#7944 = DIRECTION ( 'NONE',  ( -1.000000000000000000, -8.202002250481357500E-017, 1.424951426695230500E-014 ) ) ;
#7945 = PRESENTATION_STYLE_ASSIGNMENT (( #10281 ) ) ;
#7946 = CARTESIAN_POINT ( 'NONE',  ( 0.0000000000000000000, 21.14999999999999900, -10.99999999999999800 ) ) ;
#7947 = VECTOR ( 'NONE', #8991, 1000.000000000000000 ) ;
#7948 = ORIENTED_EDGE ( 'NONE', *, *, #8787, .F. ) ;
#7949 = LINE ( 'NONE', #846, #10576 ) ;
#7950 = AXIS2_PLACEMENT_3D ( 'NONE', #6023, #1116, #1887 ) ;
#7951 = SURFACE_SIDE_STYLE ('',( #416 ) ) ;
#7952 = ORIENTED_EDGE ( 'NONE', *, *, #4154, .F. ) ;
#7953 = CIRCLE ( 'NONE', #5687, 0.5000000000000004400 ) ;
#7954 = SURFACE_SIDE_STYLE ('',( #7398 ) ) ;
#7956 =( LENGTH_UNIT ( ) NAMED_UNIT ( * ) SI_UNIT ( .MILLI., .METRE. ) );
#7955 = CONICAL_SURFACE ( 'NONE', #6626, 1.999999999999994900, 0.7853981633974530500 ) ;
#7957 = ORIENTED_EDGE ( 'NONE', *, *, #2293, .T. ) ;
#7958 = EDGE_LOOP ( 'NONE', ( #5694, #6643, #6517, #7939 ) ) ;
#7959 = DIRECTION ( 'NONE',  ( 0.0000000000000000000, -1.000000000000000000, 0.0000000000000000000 ) ) ;
#7960 =( NAMED_UNIT ( * ) SI_UNIT ( $, .STERADIAN. ) SOLID_ANGLE_UNIT ( ) );
#7961 = AXIS2_PLACEMENT_3D ( 'NONE', #1593, #7345, #652 ) ;
#7962 = VECTOR ( 'NONE', #102, 1000.000000000000000 ) ;
#7963 = EDGE_CURVE ( 'NONE', #8815, #604, #5214, .T. ) ;
#7964 = CARTESIAN_POINT ( 'NONE',  ( 0.0000000000000000000, 0.0000000000000000000, -11.49999999999999800 ) ) ;
#7965 = AXIS2_PLACEMENT_3D ( 'NONE', #5405, #4583, #2826 ) ;
#7966 = AXIS2_PLACEMENT_3D ( 'NONE', #2507, #6775, #3453 ) ;
#7967 = DIRECTION ( 'NONE',  ( 1.000000000000000000, 0.0000000000000000000, 0.0000000000000000000 ) ) ;
#7968 = ADVANCED_FACE ( 'NONE', ( #9914 ), #1198, .F. ) ;
#7969 = DIRECTION ( 'NONE',  ( -0.0000000000000000000, -0.0000000000000000000, 1.000000000000000000 ) ) ;
#7970 = ORIENTED_EDGE ( 'NONE', *, *, #3618, .T. ) ;
#7971 = VECTOR ( 'NONE', #3917, 1000.000000000000000 ) ;
#7972 = CARTESIAN_POINT ( 'NONE',  ( -13.32957238623954800, -21.15000000000000600, 2.000000000000001800 ) ) ;
#7973 = LINE ( 'NONE', #9935, #8231 ) ;
#7974 = CARTESIAN_POINT ( 'NONE',  ( 0.0000000000000000000, 0.0000000000000000000, 9.000000000000001800 ) ) ;
#7975 = DIRECTION ( 'NONE',  ( 0.0000000000000000000, 0.0000000000000000000, -1.000000000000000000 ) ) ;
#7976 = DIRECTION ( 'NONE',  ( 0.0000000000000000000, 0.0000000000000000000, 1.000000000000000000 ) ) ;
#7977 = EDGE_LOOP ( 'NONE', ( #4609, #10358, #3288, #8652 ) ) ;
#7978 = ORIENTED_EDGE ( 'NONE', *, *, #5539, .T. ) ;
#7979 = PLANE ( 'NONE',  #3025 ) ;
#7980 = EDGE_CURVE ( 'NONE', #7876, #6200, #6112, .T. ) ;
#7982 = AXIS2_PLACEMENT_3D ( 'NONE', #9971, #3282, #1632 ) ;
#7981 = CARTESIAN_POINT ( 'NONE',  ( 15.98624964824874800, 14.19283027458602200, -9.499999999999998200 ) ) ;
#7983 = PRESENTATION_LAYER_ASSIGNMENT (  '', '', ( #5036 ) ) ;
#7984 = VERTEX_POINT ( 'NONE', #4645 ) ;
#7985 = EDGE_CURVE ( 'NONE', #3129, #8673, #10296, .T. ) ;
#7986 = ADVANCED_FACE ( 'NONE', ( #3628 ), #468, .F. ) ;
#7987 = FACE_OUTER_BOUND ( 'NONE', #7358, .T. ) ;
#7988 = AXIS2_PLACEMENT_3D ( 'NONE', #6431, #2447, #9897 ) ;
#7989 = LINE ( 'NONE', #3418, #2612 ) ;
#7990 = FACE_OUTER_BOUND ( 'NONE', #6837, .T. ) ;
#7991 = DIRECTION ( 'NONE',  ( -1.000000000000000000, 0.0000000000000000000, -0.0000000000000000000 ) ) ;
#7992 = VERTEX_POINT ( 'NONE', #574 ) ;
#7993 = VERTEX_POINT ( 'NONE', #7193 ) ;
#7994 = SURFACE_SIDE_STYLE ('',( #7530 ) ) ;
#7995 = CARTESIAN_POINT ( 'NONE',  ( -2.999999999999973800, -18.15000000000000600, -11.49999999999999800 ) ) ;
#7996 = ORIENTED_EDGE ( 'NONE', *, *, #62, .T. ) ;
#7997 =( GEOMETRIC_REPRESENTATION_CONTEXT ( 3 ) GLOBAL_UNCERTAINTY_ASSIGNED_CONTEXT ( ( #6851 ) ) GLOBAL_UNIT_ASSIGNED_CONTEXT ( ( #8138, #3121, #5651 ) ) REPRESENTATION_CONTEXT ( 'NONE', 'WORKASPACE' ) );
#7998 = VECTOR ( 'NONE', #2100, 1000.000000000000000 ) ;
#7999 = AXIS2_PLACEMENT_3D ( 'NONE', #9873, #578, #10814 ) ;
#8000 = SURFACE_STYLE_USAGE ( .BOTH. , #7142 ) ;
#8001 = ORIENTED_EDGE ( 'NONE', *, *, #3231, .F. ) ;
#8002 = CARTESIAN_POINT ( 'NONE',  ( 2.799999999999999800, 3.429011037612588800E-016, -8.499999999999996400 ) ) ;
#8003 = EDGE_CURVE ( 'NONE', #8027, #1162, #5727, .T. ) ;
#8004 = CARTESIAN_POINT ( 'NONE',  ( 15.03502403148815200, -16.74998035735574600, -9.499999999999998200 ) ) ;
#8005 = DIRECTION ( 'NONE',  ( 0.0000000000000000000, -1.000000000000000000, -0.0000000000000000000 ) ) ;
#8006 = VERTEX_POINT ( 'NONE', #10609 ) ;
#8007 = DIRECTION ( 'NONE',  ( -0.0000000000000000000, -0.0000000000000000000, -1.000000000000000000 ) ) ;
#8008 = LINE ( 'NONE', #2, #7607 ) ;
#8009 = DIRECTION ( 'NONE',  ( -0.6766252893427932000, 0.0000000000000000000, 0.7363275207553915400 ) ) ;
#8010 = VECTOR ( 'NONE', #3694, 1000.000000000000000 ) ;
#8011 = ORIENTED_EDGE ( 'NONE', *, *, #4753, .T. ) ;
#8012 = EDGE_CURVE ( 'NONE', #1487, #6364, #1427, .T. ) ;
#8013 = AXIS2_PLACEMENT_3D ( 'NONE', #9346, #4336, #7633 ) ;
#8014 = DIRECTION ( 'NONE',  ( 0.0000000000000000000, 0.0000000000000000000, -1.000000000000000000 ) ) ;
#8015 = CARTESIAN_POINT ( 'NONE',  ( -15.49999999999999600, -15.50000000000000400, 10.00000000000000000 ) ) ;
#8016 =( LENGTH_UNIT ( ) NAMED_UNIT ( * ) SI_UNIT ( .MILLI., .METRE. ) );
#8017 = EDGE_CURVE ( 'NONE', #1324, #8896, #3898, .T. ) ;
#8018 = VERTEX_POINT ( 'NONE', #2111 ) ;
#8019 = CARTESIAN_POINT ( 'NONE',  ( -15.98624964825069700, -15.03502403148862900, -9.499999999999998200 ) ) ;
#8020 = CARTESIAN_POINT ( 'NONE',  ( 0.0000000000000000000, 0.0000000000000000000, 10.00000000000000000 ) ) ;
#8021 = VECTOR ( 'NONE', #7129, 1000.000000000000000 ) ;
#8022 = ORIENTED_EDGE ( 'NONE', *, *, #2377, .T. ) ;
#8023 = UNCERTAINTY_MEASURE_WITH_UNIT (LENGTH_MEASURE( 1.000000000000000100E-005 ), #2109, 'distance_accuracy_value', 'NONE');
#8024 = CYLINDRICAL_SURFACE ( 'NONE', #4341, 0.5000000000000022200 ) ;
#8025 = DIRECTION ( 'NONE',  ( 0.0000000000000000000, -1.000000000000000000, 0.0000000000000000000 ) ) ;
#8026 = DIRECTION ( 'NONE',  ( -0.0000000000000000000, 1.000000000000000000, -0.0000000000000000000 ) ) ;
#8027 = VERTEX_POINT ( 'NONE', #10476 ) ;
#8028 = ADVANCED_FACE ( 'NONE', ( #7291 ), #2931, .F. ) ;
#8029 = CIRCLE ( 'NONE', #7347, 1.900000000000002400 ) ;
#8030 = AXIS2_PLACEMENT_3D ( 'NONE', #9918, #3308, #6673 ) ;
#8031 = CIRCLE ( 'NONE', #2509, 0.5000000000000004400 ) ;
#8032 = ORIENTED_EDGE ( 'NONE', *, *, #2358, .T. ) ;
#8033 = SURFACE_STYLE_FILL_AREA ( #4099 ) ;
#8034 = AXIS2_PLACEMENT_3D ( 'NONE', #87, #4331, #2646 ) ;
#8035 = CARTESIAN_POINT ( 'NONE',  ( 20.64999999999999900, 1.693713464724399800E-015, 10.00000000000000000 ) ) ;
#8036 = ORIENTED_EDGE ( 'NONE', *, *, #6004, .T. ) ;
#8037 = PLANE ( 'NONE',  #3183 ) ;
#8038 = DIRECTION ( 'NONE',  ( 0.0000000000000000000, 0.0000000000000000000, -1.000000000000000000 ) ) ;
#8039 = ADVANCED_FACE ( 'NONE', ( #6099 ), #7955, .T. ) ;
#8040 = PLANE ( 'NONE',  #8263 ) ;
#8041 = CARTESIAN_POINT ( 'NONE',  ( -16.80716972541454600, 15.01375035175258400, -10.99999999999999800 ) ) ;
#8042 = VERTEX_POINT ( 'NONE', #2968 ) ;
#8043 = CARTESIAN_POINT ( 'NONE',  ( 15.01375035175125200, 16.80716972541398100, -9.499999999999998200 ) ) ;
#8044 = AXIS2_PLACEMENT_3D ( 'NONE', #4494, #7936, #8739 ) ;
#8045 = VERTEX_POINT ( 'NONE', #4679 ) ;
#8046 = AXIS2_PLACEMENT_3D ( 'NONE', #4629, #3830, #7215 ) ;
#8047 = FILL_AREA_STYLE_COLOUR ( '', #7668 ) ;
#8048 = VECTOR ( 'NONE', #4369, 1000.000000000000000 ) ;
#8049 = ORIENTED_EDGE ( 'NONE', *, *, #3375, .F. ) ;
#8050 = EDGE_CURVE ( 'NONE', #7894, #5042, #3240, .T. ) ;
#8051 = DIRECTION ( 'NONE',  ( 1.000000000000000000, 8.202002250481357500E-017, 0.0000000000000000000 ) ) ;
#8052 = AXIS2_PLACEMENT_3D ( 'NONE', #3034, #9722, #645 ) ;
#8053 = CARTESIAN_POINT ( 'NONE',  ( -21.14999999999999500, -21.15000000000000600, 2.000000000000000000 ) ) ;
#8054 = LINE ( 'NONE', #10562, #7126 ) ;
#8055 = CARTESIAN_POINT ( 'NONE',  ( -15.98624964825069300, -16.80716972541312200, -9.499999999999998200 ) ) ;
#8056 = CARTESIAN_POINT ( 'NONE',  ( -15.01375035175306900, -15.96497596850950100, -9.499999999999998200 ) ) ;
#8057 = ORIENTED_EDGE ( 'NONE', *, *, #5975, .T. ) ;
#8058 = CARTESIAN_POINT ( 'NONE',  ( 16.94289321881343500, 21.14999999999999900, -10.99999999999999800 ) ) ;
#8059 = CIRCLE ( 'NONE', #5870, 2.700000000000001100 ) ;
#8060 = CYLINDRICAL_SURFACE ( 'NONE', #9913, 2.749999999999999100 ) ;
#8061 = CARTESIAN_POINT ( 'NONE',  ( 14.25001964264473400, 15.96497596851043000, -9.499999999999998200 ) ) ;
#8062 = PRESENTATION_LAYER_ASSIGNMENT (  '', '', ( #10714 ) ) ;
#8063 = VECTOR ( 'NONE', #3783, 1000.000000000000000 ) ;
#8064 = FACE_OUTER_BOUND ( 'NONE', #8171, .T. ) ;
#8065 = DIRECTION ( 'NONE',  ( -1.000000000000000000, 0.0000000000000000000, 0.0000000000000000000 ) ) ;
#8066 = AXIS2_PLACEMENT_3D ( 'NONE', #2002, #2035, #6284 ) ;
#8067 = EDGE_LOOP ( 'NONE', ( #3257, #3401, #725, #10731 ) ) ;
#8068 = EDGE_CURVE ( 'NONE', #8892, #10259, #4160, .T. ) ;
#8069 = CARTESIAN_POINT ( 'NONE',  ( 15.96497596850902500, -15.01375035175166400, -9.499999999999998200 ) ) ;
#8070 = VECTOR ( 'NONE', #3680, 1000.000000000000000 ) ;
#8071 = ORIENTED_EDGE ( 'NONE', *, *, #5534, .T. ) ;
#8072 =( LENGTH_UNIT ( ) NAMED_UNIT ( * ) SI_UNIT ( .MILLI., .METRE. ) );
#8073 = LINE ( 'NONE', #5374, #1416 ) ;
#8074 = CARTESIAN_POINT ( 'NONE',  ( -0.6000000000000010900, -39.15000000000002000, -13.85000000000000300 ) ) ;
#8075 = CARTESIAN_POINT ( 'NONE',  ( 0.0000000000000000000, 2.000000000000000000, 0.0000000000000000000 ) ) ;
#8076 = ORIENTED_EDGE ( 'NONE', *, *, #2195, .F. ) ;
#8077 = AXIS2_PLACEMENT_3D ( 'NONE', #9192, #6625, #4178 ) ;
#8078 = SURFACE_STYLE_USAGE ( .BOTH. , #7257 ) ;
#8079 = VECTOR ( 'NONE', #4752, 1000.000000000000000 ) ;
#8080 = DIRECTION ( 'NONE',  ( -0.0000000000000000000, 1.000000000000000000, -0.0000000000000000000 ) ) ;
#8081 = EDGE_LOOP ( 'NONE', ( #10694, #1430 ) ) ;
#8082 = EDGE_CURVE ( 'NONE', #2389, #2798, #2462, .T. ) ;
#8083 = ADVANCED_FACE ( 'NONE', ( #9397 ), #6329, .F. ) ;
#8084 = UNCERTAINTY_MEASURE_WITH_UNIT (LENGTH_MEASURE( 1.000000000000000100E-005 ), #8016, 'distance_accuracy_value', 'NONE');
#8085 =( NAMED_UNIT ( * ) SI_UNIT ( $, .STERADIAN. ) SOLID_ANGLE_UNIT ( ) );
#8086 =( NAMED_UNIT ( * ) PLANE_ANGLE_UNIT ( ) SI_UNIT ( $, .RADIAN. ) );
#8087 = DIRECTION ( 'NONE',  ( -1.000000000000000000, -1.235860604586726600E-014, 0.0000000000000000000 ) ) ;
#8088 = DIRECTION ( 'NONE',  ( -0.7071067811865493500, -0.7071067811865456900, -0.0000000000000000000 ) ) ;
#8089 = VECTOR ( 'NONE', #5613, 1000.000000000000000 ) ;
#8090 =( NAMED_UNIT ( * ) SI_UNIT ( $, .STERADIAN. ) SOLID_ANGLE_UNIT ( ) );
#8091 = CARTESIAN_POINT ( 'NONE',  ( 1.799999999999999400, -18.15000000000000600, -12.15000000000000200 ) ) ;
#8092 = ORIENTED_EDGE ( 'NONE', *, *, #768, .F. ) ;
#8093 = ORIENTED_EDGE ( 'NONE', *, *, #3122, .F. ) ;
#8094 = LINE ( 'NONE', #6525, #5602 ) ;
#8095 = EDGE_CURVE ( 'NONE', #2679, #1385, #10835, .T. ) ;
#8096 = STYLED_ITEM ( 'NONE', ( #8759 ), #4138 ) ;
#8097 = ADVANCED_FACE ( 'NONE', ( #4422 ), #2086, .T. ) ;
#8098 = CARTESIAN_POINT ( 'NONE',  ( -15.03502403149003500, 15.01375035175260000, -9.499999999999998200 ) ) ;
#8099 = ORIENTED_EDGE ( 'NONE', *, *, #9242, .F. ) ;
#8100 = PLANE ( 'NONE',  #4248 ) ;
#8101 = PRESENTATION_LAYER_ASSIGNMENT (  '', '', ( #9216 ) ) ;
#8102 = CARTESIAN_POINT ( 'NONE',  ( 15.98624964824874800, 15.96497596851013900, -9.499999999999998200 ) ) ;
#8103 = VERTEX_POINT ( 'NONE', #4940 ) ;
#8104 = LINE ( 'NONE', #7920, #9793 ) ;
#8105 = LINE ( 'NONE', #7021, #6126 ) ;
#8106 = ORIENTED_EDGE ( 'NONE', *, *, #1136, .T. ) ;
#8107 = FILL_AREA_STYLE ('',( #2222 ) ) ;
#8108 = DIRECTION ( 'NONE',  ( -0.0000000000000000000, -0.0000000000000000000, -1.000000000000000000 ) ) ;
#8109 = AXIS2_PLACEMENT_3D ( 'NONE', #4251, #3514, #6902 ) ;
#8110 = ORIENTED_EDGE ( 'NONE', *, *, #477, .F. ) ;
#8111 = AXIS2_PLACEMENT_3D ( 'NONE', #7014, #2698, #1045 ) ;
#8112 = CARTESIAN_POINT ( 'NONE',  ( 17.29644660940670400, 21.00355339059327500, -1.499999999999997800 ) ) ;
#8113 = VECTOR ( 'NONE', #3335, 1000.000000000000000 ) ;
#8114 = EDGE_CURVE ( 'NONE', #7720, #8892, #10312, .T. ) ;
#8115 = ORIENTED_EDGE ( 'NONE', *, *, #9896, .T. ) ;
#8116 = DIRECTION ( 'NONE',  ( -1.000000000000000000, 0.0000000000000000000, 0.0000000000000000000 ) ) ;
#8117 = DIRECTION ( 'NONE',  ( 1.000000000000000000, 0.0000000000000000000, 0.0000000000000000000 ) ) ;
#8118 = VERTEX_POINT ( 'NONE', #5737 ) ;
#8119 = DIRECTION ( 'NONE',  ( 0.0000000000000000000, 0.0000000000000000000, -1.000000000000000000 ) ) ;
#8120 = LINE ( 'NONE', #9308, #7858 ) ;
#8121 = LINE ( 'NONE', #6276, #5382 ) ;
#8122 = EDGE_CURVE ( 'NONE', #5438, #10837, #2209, .T. ) ;
#8124 = AXIS2_PLACEMENT_3D ( 'NONE', #9344, #6714, #3490 ) ;
#8123 = CARTESIAN_POINT ( 'NONE',  ( -16.74998035735715300, -15.96497596850949400, -9.499999999999998200 ) ) ;
#8125 = CARTESIAN_POINT ( 'NONE',  ( 16.80716972541264600, -15.01375035175166400, -9.499999999999998200 ) ) ;
#8126 = EDGE_LOOP ( 'NONE', ( #649, #4362, #8490, #6285 ) ) ;
#8127 = PRESENTATION_LAYER_ASSIGNMENT (  '', '', ( #9387 ) ) ;
#8128 = EDGE_CURVE ( 'NONE', #3030, #10218, #10692, .T. ) ;
#8129 = ORIENTED_EDGE ( 'NONE', *, *, #3346, .T. ) ;
#8130 = EDGE_LOOP ( 'NONE', ( #2757, #10733, #5327, #6075, #7534, #3148, #2403, #793, #3326, #10389, #5600, #10354 ) ) ;
#8131 = DIRECTION ( 'NONE',  ( -1.000000000000000000, 0.0000000000000000000, 0.0000000000000000000 ) ) ;
#8132 = FACE_OUTER_BOUND ( 'NONE', #10838, .T. ) ;
#8133 = ORIENTED_EDGE ( 'NONE', *, *, #5461, .T. ) ;
#8134 = PRESENTATION_STYLE_ASSIGNMENT (( #8589 ) ) ;
#8135 = CARTESIAN_POINT ( 'NONE',  ( -17.89999999999999500, 15.50000000000087400, -10.99999999999999800 ) ) ;
#8136 = COLOUR_RGB ( '',0.2509803921568627400, 0.2509803921568627400, 0.2509803921568627400 ) ;
#8137 =( LENGTH_UNIT ( ) NAMED_UNIT ( * ) SI_UNIT ( .MILLI., .METRE. ) );
#8138 =( LENGTH_UNIT ( ) NAMED_UNIT ( * ) SI_UNIT ( .MILLI., .METRE. ) );
#8139 = AXIS2_PLACEMENT_3D ( 'NONE', #6538, #4903, #739 ) ;
#8140 = EDGE_LOOP ( 'NONE', ( #6024, #7851, #3877, #1802 ) ) ;
#8141 = AXIS2_PLACEMENT_3D ( 'NONE', #10734, #8278, #4959 ) ;
#8142 = UNCERTAINTY_MEASURE_WITH_UNIT (LENGTH_MEASURE( 1.000000000000000100E-005 ), #6850, 'distance_accuracy_value', 'NONE');
#8143 = EDGE_CURVE ( 'NONE', #3278, #7992, #6506, .T. ) ;
#8144 = LINE ( 'NONE', #4287, #8010 ) ;
#8145 = ADVANCED_FACE ( 'NONE', ( #8595 ), #6578, .F. ) ;
#8146 = ORIENTED_EDGE ( 'NONE', *, *, #3931, .T. ) ;
#8147 = ORIENTED_EDGE ( 'NONE', *, *, #5171, .T. ) ;
#8148 = CARTESIAN_POINT ( 'NONE',  ( -20.64999999999999500, -16.94289321881344900, -11.49999999999999800 ) ) ;
#8149 = FACE_OUTER_BOUND ( 'NONE', #8704, .T. ) ;
#8150 = UNCERTAINTY_MEASURE_WITH_UNIT (LENGTH_MEASURE( 1.000000000000000100E-005 ), #9509, 'distance_accuracy_value', 'NONE');
#8151 = EDGE_CURVE ( 'NONE', #10409, #4650, #9120, .T. ) ;
#8152 = MECHANICAL_DESIGN_GEOMETRIC_PRESENTATION_REPRESENTATION (  '', ( #2014 ), #2551 ) ;
#8153 = CARTESIAN_POINT ( 'NONE',  ( -21.14999999999999500, -16.94289321881344500, -10.99999999999999800 ) ) ;
#8154 = DIRECTION ( 'NONE',  ( 0.0000000000000000000, 0.0000000000000000000, -1.000000000000000000 ) ) ;
#8155 = ORIENTED_EDGE ( 'NONE', *, *, #2471, .F. ) ;
#8156 = LINE ( 'NONE', #917, #5790 ) ;
#8157 = TOROIDAL_SURFACE ( 'NONE', #8170, 4.000000000000000000, 0.5000000000000000000 ) ;
#8158 = ORIENTED_EDGE ( 'NONE', *, *, #1819, .F. ) ;
#8159 = DIRECTION ( 'NONE',  ( -0.0000000000000000000, 1.000000000000000000, -0.0000000000000000000 ) ) ;
#8160 = SURFACE_STYLE_FILL_AREA ( #775 ) ;
#8161 = FILL_AREA_STYLE ('',( #8966 ) ) ;
#8162 = CARTESIAN_POINT ( 'NONE',  ( -15.01375035175306900, -15.96497596850950100, -9.499999999999998200 ) ) ;
#8163 = CARTESIAN_POINT ( 'NONE',  ( 16.80716972541264600, -15.98624964824928800, -10.99999999999999800 ) ) ;
#8164 = CARTESIAN_POINT ( 'NONE',  ( 20.65000000000000200, -16.94289321881344900, 2.000000000000000000 ) ) ;
#8165 = CARTESIAN_POINT ( 'NONE',  ( 15.01375035175125200, 15.03502403148986100, -9.499999999999998200 ) ) ;
#8166 = ORIENTED_EDGE ( 'NONE', *, *, #5539, .F. ) ;
#8167 = EDGE_CURVE ( 'NONE', #7767, #5302, #4283, .T. ) ;
#8168 = COLOUR_RGB ( '',0.2509803921568627400, 0.2509803921568627400, 0.2509803921568627400 ) ;
#8169 = PRESENTATION_LAYER_ASSIGNMENT (  '', '', ( #6489 ) ) ;
#8170 = AXIS2_PLACEMENT_3D ( 'NONE', #10008, #8516, #3387 ) ;
#8171 = EDGE_LOOP ( 'NONE', ( #5166, #8608, #6574, #2987 ) ) ;
#8172 =( NAMED_UNIT ( * ) SI_UNIT ( $, .STERADIAN. ) SOLID_ANGLE_UNIT ( ) );
#8173 = DIRECTION ( 'NONE',  ( 4.542762141924073600E-015, 1.000000000000000000, 0.0000000000000000000 ) ) ;
#8174 = PRESENTATION_STYLE_ASSIGNMENT (( #3523 ) ) ;
#8175 = SURFACE_STYLE_USAGE ( .BOTH. , #3063 ) ;
#8176 = CARTESIAN_POINT ( 'NONE',  ( 0.2763593381367828200, 2.000000000000000000, 17.50000000000000000 ) ) ;
#8177 =( GEOMETRIC_REPRESENTATION_CONTEXT ( 3 ) GLOBAL_UNCERTAINTY_ASSIGNED_CONTEXT ( ( #6402 ) ) GLOBAL_UNIT_ASSIGNED_CONTEXT ( ( #3429, #8366, #1034 ) ) REPRESENTATION_CONTEXT ( 'NONE', 'WORKASPACE' ) );
#8178 = VERTEX_POINT ( 'NONE', #2304 ) ;
#8179 = MECHANICAL_DESIGN_GEOMETRIC_PRESENTATION_REPRESENTATION (  '', ( #8327 ), #4135 ) ;
#8180 = CARTESIAN_POINT ( 'NONE',  ( -14.25001964264661500, -15.96497596850949400, -9.499999999999998200 ) ) ;
#8181 = EDGE_CURVE ( 'NONE', #8430, #8836, #9385, .T. ) ;
#8182 = CARTESIAN_POINT ( 'NONE',  ( 21.00355339059327500, -17.29644660940670100, -10.99999999999999800 ) ) ;
#8183 = FILL_AREA_STYLE ('',( #8332 ) ) ;
#8184 = FACE_OUTER_BOUND ( 'NONE', #2016, .T. ) ;
#8185 = AXIS2_PLACEMENT_3D ( 'NONE', #5762, #10744, #730 ) ;
#8186 = DIRECTION ( 'NONE',  ( -0.0000000000000000000, -0.0000000000000000000, 1.000000000000000000 ) ) ;
#8187 = COLOUR_RGB ( '',1.000000000000000000, 0.5686274509803921400, 0.02745098039215686200 ) ;
#8188 = EDGE_LOOP ( 'NONE', ( #6149, #1110, #8925, #8255 ) ) ;
#8189 = DIRECTION ( 'NONE',  ( 0.0000000000000000000, -1.000000000000000000, 0.0000000000000000000 ) ) ;
#8190 = LINE ( 'NONE', #4951, #9104 ) ;
#8191 = LINE ( 'NONE', #7035, #5835 ) ;
#8192 = DIRECTION ( 'NONE',  ( 1.000000000000000000, 0.0000000000000000000, -0.0000000000000000000 ) ) ;
#8193 = ADVANCED_FACE ( 'NONE', ( #613 ), #4902, .F. ) ;
#8194 = FILL_AREA_STYLE_COLOUR ( '', #5141 ) ;
#8195 = AXIS2_PLACEMENT_3D ( 'NONE', #2894, #3586, #9595 ) ;
#8196 = SURFACE_SIDE_STYLE ('',( #8567 ) ) ;
#8197 = LINE ( 'NONE', #2956, #5844 ) ;
#8198 = ORIENTED_EDGE ( 'NONE', *, *, #6174, .T. ) ;
#8199 = CARTESIAN_POINT ( 'NONE',  ( 20.64999999999999900, 16.94289321881345200, -11.49999999999999800 ) ) ;
#8200 = LINE ( 'NONE', #2776, #7284 ) ;
#8201 = STYLED_ITEM ( 'NONE', ( #7478 ), #6973 ) ;
#8202 = FILL_AREA_STYLE_COLOUR ( '', #3376 ) ;
#8203 = EDGE_CURVE ( 'NONE', #8917, #2326, #10823, .T. ) ;
#8204 = DIRECTION ( 'NONE',  ( 0.0000000000000000000, 0.0000000000000000000, 1.000000000000000000 ) ) ;
#8205 = FACE_OUTER_BOUND ( 'NONE', #9429, .T. ) ;
#8207 = DIRECTION ( 'NONE',  ( 0.0000000000000000000, -1.000000000000000000, 0.0000000000000000000 ) ) ;
#8206 = LINE ( 'NONE', #1743, #4942 ) ;
#8208 = EDGE_LOOP ( 'NONE', ( #9684, #10634, #2684 ) ) ;
#8209 = LINE ( 'NONE', #6633, #10300 ) ;
#8210 = UNCERTAINTY_MEASURE_WITH_UNIT (LENGTH_MEASURE( 1.000000000000000100E-005 ), #5082, 'distance_accuracy_value', 'NONE');
#8211 = CARTESIAN_POINT ( 'NONE',  ( -0.6000000000000007500, -18.15000000000000600, -12.65000000000000400 ) ) ;
#8212 = AXIS2_PLACEMENT_3D ( 'NONE', #8165, #7388, #10726 ) ;
#8213 = SURFACE_STYLE_USAGE ( .BOTH. , #2370 ) ;
#8214 = FILL_AREA_STYLE ('',( #7446 ) ) ;
#8215 = EDGE_CURVE ( 'NONE', #10087, #9409, #9258, .T. ) ;
#8216 = PRESENTATION_STYLE_ASSIGNMENT (( #790 ) ) ;
#8217 = ORIENTED_EDGE ( 'NONE', *, *, #7514, .F. ) ;
#8218 = ORIENTED_EDGE ( 'NONE', *, *, #5975, .F. ) ;
#8219 =( NAMED_UNIT ( * ) PLANE_ANGLE_UNIT ( ) SI_UNIT ( $, .RADIAN. ) );
#8220 = LINE ( 'NONE', #2693, #918 ) ;
#8221 = DIRECTION ( 'NONE',  ( 0.0000000000000000000, -1.000000000000000000, 0.0000000000000000000 ) ) ;
#8222 = DIRECTION ( 'NONE',  ( -0.0000000000000000000, -0.0000000000000000000, -1.000000000000000000 ) ) ;
#8223 = CARTESIAN_POINT ( 'NONE',  ( 16.80716972541264600, -15.01375035175166400, -9.499999999999998200 ) ) ;
#8224 = CARTESIAN_POINT ( 'NONE',  ( 21.16000000000000700, -13.31369220013741000, 4.000000000000003600 ) ) ;
#8225 = EDGE_CURVE ( 'NONE', #10442, #4340, #7149, .T. ) ;
#8226 = AXIS2_PLACEMENT_3D ( 'NONE', #4237, #2526, #6821 ) ;
#8227 =( NAMED_UNIT ( * ) PLANE_ANGLE_UNIT ( ) SI_UNIT ( $, .RADIAN. ) );
#8228 = ORIENTED_EDGE ( 'NONE', *, *, #9766, .F. ) ;
#8229 = CARTESIAN_POINT ( 'NONE',  ( 0.0000000000000000000, 0.0000000000000000000, 9.500000000000000000 ) ) ;
#8230 = CONICAL_SURFACE ( 'NONE', #2216, 1.999999999999994900, 0.7853981633974530500 ) ;
#8231 = VECTOR ( 'NONE', #782, 1000.000000000000000 ) ;
#8232 = CARTESIAN_POINT ( 'NONE',  ( 0.0000000000000000000, 0.0000000000000000000, -1.500000000000001300 ) ) ;
#8233 = ORIENTED_EDGE ( 'NONE', *, *, #936, .T. ) ;
#8234 = MECHANICAL_DESIGN_GEOMETRIC_PRESENTATION_REPRESENTATION (  '', ( #3333 ), #2220 ) ;
#8235 = FILL_AREA_STYLE_COLOUR ( '', #4037 ) ;
#8236 =( NAMED_UNIT ( * ) PLANE_ANGLE_UNIT ( ) SI_UNIT ( $, .RADIAN. ) );
#8237 = ORIENTED_EDGE ( 'NONE', *, *, #10093, .T. ) ;
#8238 = PRESENTATION_STYLE_ASSIGNMENT (( #3971 ) ) ;
#8239 = VERTEX_POINT ( 'NONE', #10860 ) ;
#8240 = CARTESIAN_POINT ( 'NONE',  ( 0.5999999999999992000, -39.15000000000002000, -12.15000000000000000 ) ) ;
#8241 = EDGE_LOOP ( 'NONE', ( #1472, #2849, #9698, #5519 ) ) ;
#8242 = CARTESIAN_POINT ( 'NONE',  ( 0.0000000000000000000, 0.0000000000000000000, 10.00000000000000000 ) ) ;
#8243 = MECHANICAL_DESIGN_GEOMETRIC_PRESENTATION_REPRESENTATION (  '', ( #10636 ), #8949 ) ;
#8244 = ADVANCED_FACE ( 'NONE', ( #4030 ), #3392, .F. ) ;
#8245 = AXIS2_PLACEMENT_3D ( 'NONE', #202, #3385, #4271 ) ;
#8246 = CARTESIAN_POINT ( 'NONE',  ( -16.94289321881344200, -20.65000000000000600, 9.500000000000000000 ) ) ;
#8247 = EDGE_LOOP ( 'NONE', ( #10864, #5433, #10519, #5199 ) ) ;
#8248 = EDGE_CURVE ( 'NONE', #4255, #5162, #361, .T. ) ;
#8249 = FACE_OUTER_BOUND ( 'NONE', #4498, .T. ) ;
#8250 = AXIS2_PLACEMENT_3D ( 'NONE', #5775, #1601, #7423 ) ;
#8251 = LINE ( 'NONE', #1478, #4987 ) ;
#8252 = SURFACE_STYLE_FILL_AREA ( #170 ) ;
#8253 = DIRECTION ( 'NONE',  ( -1.000000000000000000, 0.0000000000000000000, 0.0000000000000000000 ) ) ;
#8254 = VERTEX_POINT ( 'NONE', #5805 ) ;
#8255 = ORIENTED_EDGE ( 'NONE', *, *, #852, .F. ) ;
#8256 = FACE_OUTER_BOUND ( 'NONE', #382, .T. ) ;
#8257 = FILL_AREA_STYLE_COLOUR ( '', #74 ) ;
#8258 = CARTESIAN_POINT ( 'NONE',  ( 21.14999999999999900, -13.32957238623955700, -63.34951795962939500 ) ) ;
#8259 = DIRECTION ( 'NONE',  ( 1.000000000000000000, 0.0000000000000000000, 0.0000000000000000000 ) ) ;
#8260 = EDGE_LOOP ( 'NONE', ( #5526, #6829, #9398, #4814 ) ) ;
#8261 = ORIENTED_EDGE ( 'NONE', *, *, #7590, .F. ) ;
#8262 = CYLINDRICAL_SURFACE ( 'NONE', #10648, 0.5000000000000022200 ) ;
#8263 = AXIS2_PLACEMENT_3D ( 'NONE', #4020, #1217, #5590 ) ;
#8264 = EDGE_LOOP ( 'NONE', ( #3954, #8525, #1039, #7167 ) ) ;
#8265 = ORIENTED_EDGE ( 'NONE', *, *, #3771, .T. ) ;
#8266 = PRESENTATION_LAYER_ASSIGNMENT (  '', '', ( #2455 ) ) ;
#8267 = SURFACE_STYLE_FILL_AREA ( #6084 ) ;
#8268 = EDGE_CURVE ( 'NONE', #3640, #10533, #8481, .T. ) ;
#8269 = ORIENTED_EDGE ( 'NONE', *, *, #10155, .F. ) ;
#8270 =( LENGTH_UNIT ( ) NAMED_UNIT ( * ) SI_UNIT ( .MILLI., .METRE. ) );
#8271 = ORIENTED_EDGE ( 'NONE', *, *, #8203, .T. ) ;
#8272 = PLANE ( 'NONE',  #5592 ) ;
#8273 = DIRECTION ( 'NONE',  ( 1.000000000000000000, 0.0000000000000000000, 0.0000000000000000000 ) ) ;
#8274 = VECTOR ( 'NONE', #6446, 1000.000000000000000 ) ;
#8275 =( NAMED_UNIT ( * ) SI_UNIT ( $, .STERADIAN. ) SOLID_ANGLE_UNIT ( ) );
#8276 = CARTESIAN_POINT ( 'NONE',  ( -15.96497596851089900, 16.74998035735668000, -9.499999999999998200 ) ) ;
#8277 = MECHANICAL_DESIGN_GEOMETRIC_PRESENTATION_REPRESENTATION (  '', ( #7146 ), #4493 ) ;
#8278 = DIRECTION ( 'NONE',  ( 0.0000000000000000000, -0.0000000000000000000, 1.000000000000000000 ) ) ;
#8279 = EDGE_CURVE ( 'NONE', #2798, #2791, #4809, .T. ) ;
#8280 = ORIENTED_EDGE ( 'NONE', *, *, #8726, .T. ) ;
#8281 = CARTESIAN_POINT ( 'NONE',  ( 3.599999999999996100, -19.15000000000000600, -3.499999999999992900 ) ) ;
#8282 = FACE_OUTER_BOUND ( 'NONE', #4252, .T. ) ;
#8283 = FILL_AREA_STYLE ('',( #1362 ) ) ;
#8284 = CIRCLE ( 'NONE', #3838, 0.5000000000000004400 ) ;
#8285 = CARTESIAN_POINT ( 'NONE',  ( -1.371348881391340800, -39.15000000000000600, -6.956617291317808600 ) ) ;
#8286 = COLOUR_RGB ( '',1.000000000000000000, 0.5686274509803921400, 0.02745098039215686200 ) ;
#8287 = DIRECTION ( 'NONE',  ( -1.000000000000000000, 0.0000000000000000000, 0.0000000000000000000 ) ) ;
#8288 = EDGE_LOOP ( 'NONE', ( #4619, #7620, #229, #3776 ) ) ;
#8289 = FACE_BOUND ( 'NONE', #549, .T. ) ;
#8290 = EDGE_CURVE ( 'NONE', #4980, #6729, #8206, .T. ) ;
#8291 = CARTESIAN_POINT ( 'NONE',  ( -1.999999999999994900, 0.0000000000000000000, 30.00000000000000000 ) ) ;
#8292 =( GEOMETRIC_REPRESENTATION_CONTEXT ( 3 ) GLOBAL_UNCERTAINTY_ASSIGNED_CONTEXT ( ( #2990 ) ) GLOBAL_UNIT_ASSIGNED_CONTEXT ( ( #3221, #9082, #4077 ) ) REPRESENTATION_CONTEXT ( 'NONE', 'WORKASPACE' ) );
#8293 = SURFACE_STYLE_FILL_AREA ( #4202 ) ;
#8294 = ORIENTED_EDGE ( 'NONE', *, *, #5416, .F. ) ;
#8295 = CARTESIAN_POINT ( 'NONE',  ( -15.98624964825069300, -16.80716972541312200, -10.99999999999999800 ) ) ;
#8296 = DIRECTION ( 'NONE',  ( -0.6766252893427927600, 0.0000000000000000000, -0.7363275207553918700 ) ) ;
#8297 = DIRECTION ( 'NONE',  ( 0.0000000000000000000, 0.0000000000000000000, -1.000000000000000000 ) ) ;
#8298 = EDGE_LOOP ( 'NONE', ( #10435, #8269, #1562, #8057 ) ) ;
#8299 = AXIS2_PLACEMENT_3D ( 'NONE', #3056, #8108, #8842 ) ;
#8300 = ORIENTED_EDGE ( 'NONE', *, *, #6144, .F. ) ;
#8301 = ADVANCED_FACE ( 'NONE', ( #8732 ), #7455, .F. ) ;
#8302 = FACE_OUTER_BOUND ( 'NONE', #4708, .T. ) ;
#8303 = CARTESIAN_POINT ( 'NONE',  ( 15.50000000000000000, 15.50000000000000000, -10.99999999999999800 ) ) ;
#8304 = CARTESIAN_POINT ( 'NONE',  ( 0.0000000000000000000, 0.0000000000000000000, 10.00000000000000000 ) ) ;
#8306 = PLANE ( 'NONE',  #1142 ) ;
#8305 = STYLED_ITEM ( 'NONE', ( #7945 ), #7909 ) ;
#8307 = VECTOR ( 'NONE', #8051, 1000.000000000000000 ) ;
#8308 = LINE ( 'NONE', #2545, #6079 ) ;
#8309 = ORIENTED_EDGE ( 'NONE', *, *, #9391, .T. ) ;
#8310 = EDGE_CURVE ( 'NONE', #5116, #8365, #1561, .T. ) ;
#8311 = SURFACE_STYLE_FILL_AREA ( #5223 ) ;
#8312 = STYLED_ITEM ( 'NONE', ( #971 ), #9839 ) ;
#8313 = DIRECTION ( 'NONE',  ( -0.0000000000000000000, -0.0000000000000000000, 1.000000000000000000 ) ) ;
#8314 = DIRECTION ( 'NONE',  ( -1.000000000000000000, 0.0000000000000000000, 0.0000000000000000000 ) ) ;
#8315 = SPHERICAL_SURFACE ( 'NONE', #766, 0.5000000000000000000 ) ;
#8316 = DIRECTION ( 'NONE',  ( 0.0000000000000000000, -1.000000000000000000, 0.0000000000000000000 ) ) ;
#8317 = FILL_AREA_STYLE ('',( #720 ) ) ;
#8318 = EDGE_LOOP ( 'NONE', ( #1345, #4741, #5308, #10101 ) ) ;
#8319 = SURFACE_SIDE_STYLE ('',( #714 ) ) ;
#8320 = DIRECTION ( 'NONE',  ( -1.000000000000000000, -8.202002250481356300E-017, 0.0000000000000000000 ) ) ;
#8321 = VECTOR ( 'NONE', #4554, 1000.000000000000000 ) ;
#8322 = VERTEX_POINT ( 'NONE', #5878 ) ;
#8323 = PLANE ( 'NONE',  #10450 ) ;
#8324 = CIRCLE ( 'NONE', #899, 20.00000000000000000 ) ;
#8325 = EDGE_CURVE ( 'NONE', #7767, #8764, #3493, .T. ) ;
#8326 = MECHANICAL_DESIGN_GEOMETRIC_PRESENTATION_REPRESENTATION (  '', ( #7198 ), #2714 ) ;
#8327 = STYLED_ITEM ( 'NONE', ( #2542 ), #6264 ) ;
#8328 = DIRECTION ( 'NONE',  ( -1.000000000000000000, 0.0000000000000000000, 0.0000000000000000000 ) ) ;
#8329 = DIRECTION ( 'NONE',  ( 0.0000000000000000000, -0.0000000000000000000, 1.000000000000000000 ) ) ;
#8330 = EDGE_CURVE ( 'NONE', #7747, #3438, #3762, .T. ) ;
#8331 = DIRECTION ( 'NONE',  ( 0.0000000000000000000, 0.0000000000000000000, 1.000000000000000000 ) ) ;
#8332 = FILL_AREA_STYLE_COLOUR ( '', #3391 ) ;
#8333 = CARTESIAN_POINT ( 'NONE',  ( -13.32957238623955800, 21.14999999999999900, -63.34951795962939500 ) ) ;
#8334 = LINE ( 'NONE', #5074, #82 ) ;
#8335 = DIRECTION ( 'NONE',  ( 1.000000000000000000, -3.730780929461923600E-015, 0.0000000000000000000 ) ) ;
#8336 = VECTOR ( 'NONE', #7415, 1000.000000000000000 ) ;
#8337 = ORIENTED_EDGE ( 'NONE', *, *, #3276, .T. ) ;
#8338 =( LENGTH_UNIT ( ) NAMED_UNIT ( * ) SI_UNIT ( .MILLI., .METRE. ) );
#8339 = VERTEX_POINT ( 'NONE', #10126 ) ;
#8340 = AXIS2_PLACEMENT_3D ( 'NONE', #7079, #6201, #7924 ) ;
#8341 = FILL_AREA_STYLE ('',( #7539 ) ) ;
#8342 = STYLED_ITEM ( 'NONE', ( #523 ), #7186 ) ;
#8343 = DIRECTION ( 'NONE',  ( 0.0000000000000000000, 0.0000000000000000000, 1.000000000000000000 ) ) ;
#8344 = COLOUR_RGB ( '',0.2509803921568627400, 0.2509803921568627400, 0.2509803921568627400 ) ;
#8345 = ORIENTED_EDGE ( 'NONE', *, *, #4925, .F. ) ;
#8346 = ORIENTED_EDGE ( 'NONE', *, *, #3474, .F. ) ;
#8347 = EDGE_CURVE ( 'NONE', #1109, #7767, #1299, .T. ) ;
#8348 = UNCERTAINTY_MEASURE_WITH_UNIT (LENGTH_MEASURE( 1.000000000000000100E-005 ), #3740, 'distance_accuracy_value', 'NONE');
#8349 = CARTESIAN_POINT ( 'NONE',  ( -15.49999999999999600, 15.50000000000087400, -11.49999999999999800 ) ) ;
#8350 = PRESENTATION_STYLE_ASSIGNMENT (( #2099 ) ) ;
#8351 = DIRECTION ( 'NONE',  ( -1.000000000000000000, -5.211847922874174100E-016, 0.0000000000000000000 ) ) ;
#8352 = VECTOR ( 'NONE', #1458, 1000.000000000000000 ) ;
#8353 = CARTESIAN_POINT ( 'NONE',  ( 15.96497596850902500, -15.01375035175166400, -9.499999999999998200 ) ) ;
#8354 = FILL_AREA_STYLE_COLOUR ( '', #3876 ) ;
#8355 = EDGE_LOOP ( 'NONE', ( #3344, #8300, #10293, #6894 ) ) ;
#8356 = ADVANCED_FACE ( 'NONE', ( #3228 ), #219, .F. ) ;
#8357 = LINE ( 'NONE', #4347, #105 ) ;
#8358 = CARTESIAN_POINT ( 'NONE',  ( 0.5999999999999993100, -18.15000000000000600, -13.15000000000000600 ) ) ;
#8359 = EDGE_CURVE ( 'NONE', #4112, #4337, #1028, .T. ) ;
#8360 = AXIS2_PLACEMENT_3D ( 'NONE', #4894, #8320, #4857 ) ;
#8361 = ORIENTED_EDGE ( 'NONE', *, *, #9417, .T. ) ;
#8362 =( NAMED_UNIT ( * ) SI_UNIT ( $, .STERADIAN. ) SOLID_ANGLE_UNIT ( ) );
#8363 = DIRECTION ( 'NONE',  ( 0.0000000000000000000, 0.0000000000000000000, -1.000000000000000000 ) ) ;
#8364 = CARTESIAN_POINT ( 'NONE',  ( 16.94289321881343800, -20.65000000000000200, 2.000000000000000000 ) ) ;
#8365 = VERTEX_POINT ( 'NONE', #3432 ) ;
#8366 =( NAMED_UNIT ( * ) PLANE_ANGLE_UNIT ( ) SI_UNIT ( $, .RADIAN. ) );
#8367 = CIRCLE ( 'NONE', #9630, 1.999999999999994900 ) ;
#8368 = CARTESIAN_POINT ( 'NONE',  ( -15.49999999999999600, 15.50000000000000000, 5.500000000000000000 ) ) ;
#8369 = ORIENTED_EDGE ( 'NONE', *, *, #8614, .T. ) ;
#8370 = AXIS2_PLACEMENT_3D ( 'NONE', #9439, #6097, #6899 ) ;
#8371 = PLANE ( 'NONE',  #5251 ) ;
#8372 = EDGE_LOOP ( 'NONE', ( #7597, #8638 ) ) ;
#8373 = LINE ( 'NONE', #4817, #6288 ) ;
#8374 = PRESENTATION_STYLE_ASSIGNMENT (( #4593 ) ) ;
#8375 = CARTESIAN_POINT ( 'NONE',  ( -15.96497596851091000, 15.01375035175259500, -9.499999999999998200 ) ) ;
#8376 = AXIS2_PLACEMENT_3D ( 'NONE', #5257, #6148, #1944 ) ;
#8377 = FILL_AREA_STYLE_COLOUR ( '', #6380 ) ;
#8378 = ORIENTED_EDGE ( 'NONE', *, *, #3748, .T. ) ;
#8379 = SURFACE_STYLE_FILL_AREA ( #8107 ) ;
#8380 = SURFACE_SIDE_STYLE ('',( #6136 ) ) ;
#8381 = VERTEX_POINT ( 'NONE', #6856 ) ;
#8382 = ORIENTED_EDGE ( 'NONE', *, *, #7433, .F. ) ;
#8383 =( LENGTH_UNIT ( ) NAMED_UNIT ( * ) SI_UNIT ( .MILLI., .METRE. ) );
#8384 = DIRECTION ( 'NONE',  ( 1.865390464730965300E-015, -1.000000000000000000, -0.0000000000000000000 ) ) ;
#8385 = VECTOR ( 'NONE', #2597, 1000.000000000000000 ) ;
#8386 = SURFACE_STYLE_USAGE ( .BOTH. , #6672 ) ;
#8387 = VECTOR ( 'NONE', #4208, 1000.000000000000000 ) ;
#8388 = ORIENTED_EDGE ( 'NONE', *, *, #6752, .F. ) ;
#8389 = FILL_AREA_STYLE ('',( #8354 ) ) ;
#8390 = AXIS2_PLACEMENT_3D ( 'NONE', #6137, #10279, #143 ) ;
#8391 = CYLINDRICAL_SURFACE ( 'NONE', #5612, 25.00000000000000000 ) ;
#8392 = AXIS2_PLACEMENT_3D ( 'NONE', #4201, #1703, #1630 ) ;
#8393 = CARTESIAN_POINT ( 'NONE',  ( -3.516151791541896700, -21.25000000000000700, 0.0000000000000000000 ) ) ;
#8394 = CARTESIAN_POINT ( 'NONE',  ( -15.49999999999999600, 15.50000000000087400, -10.99999999999999800 ) ) ;
#8395 = EDGE_CURVE ( 'NONE', #10761, #6804, #5715, .T. ) ;
#8396 = AXIS2_PLACEMENT_3D ( 'NONE', #9790, #7300, #1437 ) ;
#8397 = VERTEX_POINT ( 'NONE', #2559 ) ;
#8398 = ORIENTED_EDGE ( 'NONE', *, *, #4181, .F. ) ;
#8399 = VERTEX_POINT ( 'NONE', #133 ) ;
#8400 = DIRECTION ( 'NONE',  ( 0.0000000000000000000, 0.0000000000000000000, 1.000000000000000000 ) ) ;
#8401 = ORIENTED_EDGE ( 'NONE', *, *, #7931, .T. ) ;
#8402 = COLOUR_RGB ( '',0.2509803921568627400, 0.2509803921568627400, 0.2509803921568627400 ) ;
#8403 = DIRECTION ( 'NONE',  ( -1.000000000000000000, 0.0000000000000000000, 0.0000000000000000000 ) ) ;
#8404 = CARTESIAN_POINT ( 'NONE',  ( -15.50000000000087200, -15.49999999999912400, -10.49999999999999600 ) ) ;
#8405 = EDGE_LOOP ( 'NONE', ( #8488, #193 ) ) ;
#8406 = EDGE_LOOP ( 'NONE', ( #4917, #4983, #7130, #832, #1727, #13, #5210, #2747 ) ) ;
#8408 =( GEOMETRIC_REPRESENTATION_CONTEXT ( 3 ) GLOBAL_UNCERTAINTY_ASSIGNED_CONTEXT ( ( #9628 ) ) GLOBAL_UNIT_ASSIGNED_CONTEXT ( ( #9336, #1936, #5098 ) ) REPRESENTATION_CONTEXT ( 'NONE', 'WORKASPACE' ) );
#8407 = CARTESIAN_POINT ( 'NONE',  ( 16.94289321881344500, -20.65000000000000200, -10.99999999999999800 ) ) ;
#8409 = VERTEX_POINT ( 'NONE', #3606 ) ;
#8410 = MECHANICAL_DESIGN_GEOMETRIC_PRESENTATION_REPRESENTATION (  '', ( #8561 ), #5412 ) ;
#8411 = UNCERTAINTY_MEASURE_WITH_UNIT (LENGTH_MEASURE( 1.000000000000000100E-005 ), #7475, 'distance_accuracy_value', 'NONE');
#8412 = CIRCLE ( 'NONE', #9444, 0.5000000000000004400 ) ;
#8413 = EDGE_CURVE ( 'NONE', #1487, #10337, #6244, .T. ) ;
#8414 = ADVANCED_FACE ( 'NONE', ( #7686 ), #4275, .T. ) ;
#8415 = ORIENTED_EDGE ( 'NONE', *, *, #9313, .F. ) ;
#8416 = CARTESIAN_POINT ( 'NONE',  ( -17.14999999999998400, 21.14999999999999900, -11.49999999999999800 ) ) ;
#8417 = DIRECTION ( 'NONE',  ( 0.0000000000000000000, 0.0000000000000000000, -1.000000000000000000 ) ) ;
#8418 = CARTESIAN_POINT ( 'NONE',  ( 21.15000000000000200, -17.15000000000000200, 10.00000000000000000 ) ) ;
#8419 = DIRECTION ( 'NONE',  ( 1.000000000000000000, 0.0000000000000000000, 0.0000000000000000000 ) ) ;
#8420 = EDGE_LOOP ( 'NONE', ( #3552, #7432, #9759 ) ) ;
#8421 = LINE ( 'NONE', #5219, #2655 ) ;
#8422 =( LENGTH_UNIT ( ) NAMED_UNIT ( * ) SI_UNIT ( .MILLI., .METRE. ) );
#8423 = FACE_OUTER_BOUND ( 'NONE', #8140, .T. ) ;
#8424 = MECHANICAL_DESIGN_GEOMETRIC_PRESENTATION_REPRESENTATION (  '', ( #2072 ), #5817 ) ;
#8425 = SURFACE_SIDE_STYLE ('',( #7509 ) ) ;
#8426 = FILL_AREA_STYLE ('',( #51 ) ) ;
#8427 = SURFACE_SIDE_STYLE ('',( #2750 ) ) ;
#8428 = EDGE_CURVE ( 'NONE', #1064, #6872, #9377, .T. ) ;
#8429 = DIRECTION ( 'NONE',  ( -0.0000000000000000000, 0.0000000000000000000, -1.000000000000000000 ) ) ;
#8430 = VERTEX_POINT ( 'NONE', #2621 ) ;
#8431 = DIRECTION ( 'NONE',  ( -1.000000000000000000, 0.0000000000000000000, 0.0000000000000000000 ) ) ;
#8432 = DIRECTION ( 'NONE',  ( 1.000000000000000000, 0.0000000000000000000, 0.0000000000000000000 ) ) ;
#8433 = PRESENTATION_STYLE_ASSIGNMENT (( #10553 ) ) ;
#8434 = ORIENTED_EDGE ( 'NONE', *, *, #5295, .T. ) ;
#8435 = CARTESIAN_POINT ( 'NONE',  ( -15.03502403149003900, 14.25001964264614400, -9.499999999999998200 ) ) ;
#8436 = SURFACE_STYLE_FILL_AREA ( #2428 ) ;
#8437 = APPLICATION_PROTOCOL_DEFINITION ( 'draft international standard', 'automotive_design', 1998, #5907 ) ;
#8438 = VERTEX_POINT ( 'NONE', #8518 ) ;
#8439 = EDGE_CURVE ( 'NONE', #9007, #2755, #3359, .T. ) ;
#8440 =( LENGTH_UNIT ( ) NAMED_UNIT ( * ) SI_UNIT ( .MILLI., .METRE. ) );
#8441 = MECHANICAL_DESIGN_GEOMETRIC_PRESENTATION_REPRESENTATION (  '', ( #4505 ), #1113 ) ;
#8442 = DIRECTION ( 'NONE',  ( 1.000000000000000000, 0.0000000000000000000, 0.0000000000000000000 ) ) ;
#8443 = CARTESIAN_POINT ( 'NONE',  ( 1.339045298307557800, -39.15000000000000600, -6.183164675523829400 ) ) ;
#8444 = CIRCLE ( 'NONE', #10005, 25.00000000000000000 ) ;
#8445 = DIRECTION ( 'NONE',  ( -0.7071067811865475700, -0.7071067811865475700, 0.0000000000000000000 ) ) ;
#8446 = CYLINDRICAL_SURFACE ( 'NONE', #7249, 0.5000000000000022200 ) ;
#8447 = VECTOR ( 'NONE', #3632, 1000.000000000000000 ) ;
#8448 = CARTESIAN_POINT ( 'NONE',  ( -15.01375035175307500, -15.03502403148862900, -9.499999999999998200 ) ) ;
#8449 = LINE ( 'NONE', #774, #3598 ) ;
#8450 = CARTESIAN_POINT ( 'NONE',  ( 16.74998035735527000, 15.96497596851043000, -9.499999999999998200 ) ) ;
#8451 = LINE ( 'NONE', #3475, #4001 ) ;
#8452 = LINE ( 'NONE', #10105, #3341 ) ;
#8453 = ORIENTED_CLOSED_SHELL ( 'NONE', *, #6130, .F. );
#8454 = CARTESIAN_POINT ( 'NONE',  ( 21.00355339059327900, -17.29644660940672600, 2.000000000000000000 ) ) ;
#8455 = ORIENTED_EDGE ( 'NONE', *, *, #8017, .T. ) ;
#8456 = DIRECTION ( 'NONE',  ( 1.000000000000000000, 8.202002250481357500E-017, 1.239088197126291100E-016 ) ) ;
#8457 = VECTOR ( 'NONE', #7492, 1000.000000000000000 ) ;
#8458 = ORIENTED_EDGE ( 'NONE', *, *, #5559, .F. ) ;
#8459 = PLANE ( 'NONE',  #10696 ) ;
#8460 = FACE_OUTER_BOUND ( 'NONE', #9128, .T. ) ;
#8461 = CYLINDRICAL_SURFACE ( 'NONE', #10070, 0.5000000000000004400 ) ;
#8462 = DIRECTION ( 'NONE',  ( 1.000000000000000000, 0.0000000000000000000, 0.0000000000000000000 ) ) ;
#8464 = DIRECTION ( 'NONE',  ( 1.659555831213624300E-016, 0.0000000000000000000, -1.000000000000000000 ) ) ;
#8463 = MECHANICAL_DESIGN_GEOMETRIC_PRESENTATION_REPRESENTATION (  '', ( #1394 ), #7766 ) ;
#8465 = EDGE_LOOP ( 'NONE', ( #2665, #508, #9581, #1108 ) ) ;
#8466 = AXIS2_PLACEMENT_3D ( 'NONE', #10007, #4974, #10819 ) ;
#8467 = EDGE_CURVE ( 'NONE', #6013, #4949, #9251, .T. ) ;
#8468 = VECTOR ( 'NONE', #8603, 1000.000000000000000 ) ;
#8469 = STYLED_ITEM ( 'NONE', ( #7870 ), #10236 ) ;
#8470 = DIRECTION ( 'NONE',  ( 0.0000000000000000000, 0.0000000000000000000, 1.000000000000000000 ) ) ;
#8471 = ORIENTED_EDGE ( 'NONE', *, *, #5660, .F. ) ;
#8472 = DIRECTION ( 'NONE',  ( 0.0000000000000000000, 1.000000000000000000, 0.0000000000000000000 ) ) ;
#8473 = ADVANCED_FACE ( 'NONE', ( #6760 ), #2730, .T. ) ;
#8474 = VERTEX_POINT ( 'NONE', #1000 ) ;
#8475 = DIRECTION ( 'NONE',  ( -0.0000000000000000000, -0.0000000000000000000, -1.000000000000000000 ) ) ;
#8476 = DIRECTION ( 'NONE',  ( -1.000000000000000000, 0.0000000000000000000, 0.0000000000000000000 ) ) ;
#8477 = PRODUCT_CONTEXT ( 'NONE', #5907, 'mechanical' ) ;
#8478 = VECTOR ( 'NONE', #6836, 1000.000000000000000 ) ;
#8479 =( GEOMETRIC_REPRESENTATION_CONTEXT ( 3 ) GLOBAL_UNCERTAINTY_ASSIGNED_CONTEXT ( ( #8813 ) ) GLOBAL_UNIT_ASSIGNED_CONTEXT ( ( #3059, #8875, #9719 ) ) REPRESENTATION_CONTEXT ( 'NONE', 'WORKASPACE' ) );
#8480 = BREP_WITH_VOIDS ( 'NONE', #6139, ( #8453 ) );
#8481 = CIRCLE ( 'NONE', #46, 0.4999999999999982200 ) ;
#8482 = ORIENTED_EDGE ( 'NONE', *, *, #579, .F. ) ;
#8483 = SURFACE_STYLE_USAGE ( .BOTH. , #97 ) ;
#8484 = DIRECTION ( 'NONE',  ( -1.000000000000000000, 0.0000000000000000000, 0.0000000000000000000 ) ) ;
#8485 = EDGE_CURVE ( 'NONE', #8607, #414, #8719, .T. ) ;
#8486 = DIRECTION ( 'NONE',  ( 1.000000000000000000, 0.0000000000000000000, 0.0000000000000000000 ) ) ;
#8487 = SURFACE_STYLE_USAGE ( .BOTH. , #2661 ) ;
#8488 = ORIENTED_EDGE ( 'NONE', *, *, #7778, .T. ) ;
#8489 = ADVANCED_FACE ( 'NONE', ( #7281 ), #4417, .F. ) ;
#8490 = ORIENTED_EDGE ( 'NONE', *, *, #5660, .T. ) ;
#8491 = ORIENTED_EDGE ( 'NONE', *, *, #6046, .T. ) ;
#8492 = SURFACE_SIDE_STYLE ('',( #548 ) ) ;
#8493 = UNCERTAINTY_MEASURE_WITH_UNIT (LENGTH_MEASURE( 1.000000000000000100E-005 ), #10295, 'distance_accuracy_value', 'NONE');
#8494 = LINE ( 'NONE', #2805, #7572 ) ;
#8495 = AXIS2_PLACEMENT_3D ( 'NONE', #699, #2346, #9103 ) ;
#8496 = ORIENTED_EDGE ( 'NONE', *, *, #8709, .F. ) ;
#8497 = FILL_AREA_STYLE_COLOUR ( '', #9761 ) ;
#8498 = MECHANICAL_DESIGN_GEOMETRIC_PRESENTATION_REPRESENTATION (  '', ( #4989 ), #9052 ) ;
#8499 = CARTESIAN_POINT ( 'NONE',  ( 21.15000000000000200, -21.15000000000000200, 4.000000000000000000 ) ) ;
#8500 = EDGE_CURVE ( 'NONE', #9593, #10024, #3097, .T. ) ;
#8501 = DIRECTION ( 'NONE',  ( -1.000000000000000000, 0.0000000000000000000, 0.0000000000000000000 ) ) ;
#8502 = ORIENTED_EDGE ( 'NONE', *, *, #10062, .F. ) ;
#8503 =( NAMED_UNIT ( * ) SI_UNIT ( $, .STERADIAN. ) SOLID_ANGLE_UNIT ( ) );
#8504 = ORIENTED_EDGE ( 'NONE', *, *, #2933, .T. ) ;
#8505 =( NAMED_UNIT ( * ) SI_UNIT ( $, .STERADIAN. ) SOLID_ANGLE_UNIT ( ) );
#8506 = CARTESIAN_POINT ( 'NONE',  ( 16.74998035735527000, 15.96497596851043000, -9.499999999999998200 ) ) ;
#8507 = DIRECTION ( 'NONE',  ( 1.000000000000000000, 0.0000000000000000000, 0.0000000000000000000 ) ) ;
#8508 = AXIS2_PLACEMENT_3D ( 'NONE', #2751, #3589, #1015 ) ;
#8509 = ORIENTED_EDGE ( 'NONE', *, *, #3509, .F. ) ;
#8510 = CARTESIAN_POINT ( 'NONE',  ( -1.371348881391340800, -19.15000000000000600, -5.626831209128898300 ) ) ;
#8511 = FACE_BOUND ( 'NONE', #3779, .T. ) ;
#8512 = EDGE_LOOP ( 'NONE', ( #5452, #73, #891, #1356, #9134 ) ) ;
#8513 = ORIENTED_EDGE ( 'NONE', *, *, #59, .F. ) ;
#8514 = AXIS2_PLACEMENT_3D ( 'NONE', #5194, #4349, #5230 ) ;
#8515 = CARTESIAN_POINT ( 'NONE',  ( -12.75000000000000000, 15.50000000000087400, -9.499999999999998200 ) ) ;
#8516 = DIRECTION ( 'NONE',  ( 0.0000000000000000000, 0.0000000000000000000, 1.000000000000000000 ) ) ;
#8517 = CARTESIAN_POINT ( 'NONE',  ( 0.0000000000000000000, 0.0000000000000000000, 11.50000000000000000 ) ) ;
#8518 = CARTESIAN_POINT ( 'NONE',  ( -16.74998035735715300, -15.03502403148862900, -10.99999999999999800 ) ) ;
#8519 = EDGE_LOOP ( 'NONE', ( #5498, #4996, #6152, #9334 ) ) ;
#8520 = LINE ( 'NONE', #7275, #6025 ) ;
#8521 = CARTESIAN_POINT ( 'NONE',  ( 4.000000000000000000, 0.0000000000000000000, 11.50000000000000000 ) ) ;
#8522 = LINE ( 'NONE', #4784, #524 ) ;
#8523 = ORIENTED_EDGE ( 'NONE', *, *, #9797, .T. ) ;
#8524 = VERTEX_POINT ( 'NONE', #2917 ) ;
#8525 = ORIENTED_EDGE ( 'NONE', *, *, #2327, .F. ) ;
#8526 = ADVANCED_FACE ( 'NONE', ( #2077 ), #7020, .T. ) ;
#8527 = AXIS2_PLACEMENT_3D ( 'NONE', #180, #5929, #942 ) ;
#8528 = EDGE_CURVE ( 'NONE', #5280, #9372, #3622, .T. ) ;
#8529 = DIRECTION ( 'NONE',  ( 1.000000000000000000, 0.0000000000000000000, 0.0000000000000000000 ) ) ;
#8530 = ORIENTED_EDGE ( 'NONE', *, *, #7354, .T. ) ;
#8531 = EDGE_CURVE ( 'NONE', #2758, #1958, #8197, .T. ) ;
#8532 = DIRECTION ( 'NONE',  ( 0.0000000000000000000, -1.000000000000000000, 0.0000000000000000000 ) ) ;
#8533 = CARTESIAN_POINT ( 'NONE',  ( 13.31369220013742100, -21.16000000000000000, 4.000000000000003600 ) ) ;
#8534 = VECTOR ( 'NONE', #5812, 1000.000000000000000 ) ;
#8535 = ORIENTED_EDGE ( 'NONE', *, *, #1516, .F. ) ;
#8536 = SURFACE_SIDE_STYLE ('',( #2384 ) ) ;
#8537 = LINE ( 'NONE', #1179, #9582 ) ;
#8538 = ORIENTED_EDGE ( 'NONE', *, *, #8114, .T. ) ;
#8539 = ADVANCED_FACE ( 'NONE', ( #9772 ), #4520, .T. ) ;
#8540 = FILL_AREA_STYLE ('',( #8571 ) ) ;
#8541 = DIRECTION ( 'NONE',  ( 0.0000000000000000000, 0.0000000000000000000, -1.000000000000000000 ) ) ;
#8542 = VERTEX_POINT ( 'NONE', #9535 ) ;
#8543 = EDGE_CURVE ( 'NONE', #5258, #4335, #2065, .T. ) ;
#8544 = FILL_AREA_STYLE_COLOUR ( '', #7654 ) ;
#8545 = AXIS2_PLACEMENT_3D ( 'NONE', #4100, #10857, #8331 ) ;
#8546 = VECTOR ( 'NONE', #2183, 1000.000000000000000 ) ;
#8547 = AXIS2_PLACEMENT_3D ( 'NONE', #8416, #7537, #4140 ) ;
#8548 = DIRECTION ( 'NONE',  ( 1.224646799147353200E-016, 1.000000000000000000, -0.0000000000000000000 ) ) ;
#8549 = EDGE_CURVE ( 'NONE', #7546, #5673, #1940, .T. ) ;
#8550 = AXIS2_PLACEMENT_3D ( 'NONE', #605, #536, #569 ) ;
#8551 = FILL_AREA_STYLE ('',( #2652 ) ) ;
#8552 = ORIENTED_EDGE ( 'NONE', *, *, #1044, .T. ) ;
#8553 = UNCERTAINTY_MEASURE_WITH_UNIT (LENGTH_MEASURE( 1.000000000000000100E-005 ), #352, 'distance_accuracy_value', 'NONE');
#8554 = CARTESIAN_POINT ( 'NONE',  ( 0.0000000000000000000, 0.0000000000000000000, -1.499999999999997800 ) ) ;
#8555 = DIRECTION ( 'NONE',  ( 0.0000000000000000000, -1.000000000000000000, 0.0000000000000000000 ) ) ;
#8556 = ORIENTED_EDGE ( 'NONE', *, *, #290, .F. ) ;
#8557 = CARTESIAN_POINT ( 'NONE',  ( -21.15999999999998900, 13.31369220013744000, 4.000000000000003600 ) ) ;
#8558 = DIRECTION ( 'NONE',  ( -0.0000000000000000000, -1.000000000000000000, 0.0000000000000000000 ) ) ;
#8560 = AXIS2_PLACEMENT_3D ( 'NONE', #9302, #5999, #7774 ) ;
#8559 = CARTESIAN_POINT ( 'NONE',  ( 0.5999999999999988700, -18.15000000000000600, -14.35000000000000500 ) ) ;
#8561 = STYLED_ITEM ( 'NONE', ( #2141 ), #6812 ) ;
#8562 = EDGE_CURVE ( 'NONE', #1510, #8764, #4400, .T. ) ;
#8563 = ORIENTED_EDGE ( 'NONE', *, *, #8640, .F. ) ;
#8564 = CARTESIAN_POINT ( 'NONE',  ( 3.599999999999996100, -19.15000000000000600, -3.499999999999992900 ) ) ;
#8565 = ORIENTED_EDGE ( 'NONE', *, *, #4403, .T. ) ;
#8566 = CARTESIAN_POINT ( 'NONE',  ( -1.371348881391340800, -19.15000000000000600, -5.626831209128898300 ) ) ;
#8567 = SURFACE_STYLE_FILL_AREA ( #7357 ) ;
#8568 =( NAMED_UNIT ( * ) PLANE_ANGLE_UNIT ( ) SI_UNIT ( $, .RADIAN. ) );
#8569 = CARTESIAN_POINT ( 'NONE',  ( 16.94289321881345200, 20.64999999999999900, 9.500000000000000000 ) ) ;
#8570 = ORIENTED_EDGE ( 'NONE', *, *, #9587, .F. ) ;
#8571 = FILL_AREA_STYLE_COLOUR ( '', #7104 ) ;
#8572 = SURFACE_STYLE_FILL_AREA ( #217 ) ;
#8573 =( LENGTH_UNIT ( ) NAMED_UNIT ( * ) SI_UNIT ( .MILLI., .METRE. ) );
#8574 = CIRCLE ( 'NONE', #123, 0.5563334663949305300 ) ;
#8575 = EDGE_CURVE ( 'NONE', #10218, #4884, #10292, .T. ) ;
#8576 = DIRECTION ( 'NONE',  ( -0.0000000000000000000, -1.000000000000000000, -0.0000000000000000000 ) ) ;
#8577 = ADVANCED_FACE ( 'NONE', ( #5326 ), #3885, .F. ) ;
#8578 = CARTESIAN_POINT ( 'NONE',  ( 13.32957238623955100, -21.15000000000000600, -63.34951795962939500 ) ) ;
#8579 = COLOUR_RGB ( '',0.2509803921568627400, 0.2509803921568627400, 0.2509803921568627400 ) ;
#8580 = CARTESIAN_POINT ( 'NONE',  ( 0.0000000000000000000, 0.0000000000000000000, 30.00000000000000000 ) ) ;
#8581 = FACE_OUTER_BOUND ( 'NONE', #2527, .T. ) ;
#8582 = ORIENTED_EDGE ( 'NONE', *, *, #6542, .T. ) ;
#8583 = VECTOR ( 'NONE', #4771, 1000.000000000000000 ) ;
#8584 = DIRECTION ( 'NONE',  ( 0.0000000000000000000, 0.0000000000000000000, 1.000000000000000000 ) ) ;
#8585 = ORIENTED_EDGE ( 'NONE', *, *, #4753, .F. ) ;
#8586 =( NAMED_UNIT ( * ) PLANE_ANGLE_UNIT ( ) SI_UNIT ( $, .RADIAN. ) );
#8587 = DIRECTION ( 'NONE',  ( 0.0000000000000000000, 0.0000000000000000000, 1.000000000000000000 ) ) ;
#8588 = FACE_OUTER_BOUND ( 'NONE', #8405, .T. ) ;
#8589 = SURFACE_STYLE_USAGE ( .BOTH. , #1075 ) ;
#8590 = FACE_OUTER_BOUND ( 'NONE', #8188, .T. ) ;
#8591 = ORIENTED_EDGE ( 'NONE', *, *, #378, .F. ) ;
#8592 = MECHANICAL_DESIGN_GEOMETRIC_PRESENTATION_REPRESENTATION (  '', ( #5444 ), #10495 ) ;
#8593 = CARTESIAN_POINT ( 'NONE',  ( 0.0000000000000000000, 0.0000000000000000000, 12.00000000000000000 ) ) ;
#8594 = CARTESIAN_POINT ( 'NONE',  ( -0.6000000000000010900, -18.15000000000000600, -13.85000000000000300 ) ) ;
#8595 = FACE_OUTER_BOUND ( 'NONE', #2464, .T. ) ;
#8597 = VERTEX_POINT ( 'NONE', #3725 ) ;
#8596 = DIRECTION ( 'NONE',  ( -0.0000000000000000000, -0.0000000000000000000, 1.000000000000000000 ) ) ;
#8598 = LINE ( 'NONE', #9888, #6247 ) ;
#8599 = AXIS2_PLACEMENT_3D ( 'NONE', #10362, #398, #7052 ) ;
#8600 = LINE ( 'NONE', #684, #1033 ) ;
#8601 = AXIS2_PLACEMENT_3D ( 'NONE', #10627, #4848, #83 ) ;
#8602 = EDGE_CURVE ( 'NONE', #2257, #658, #210, .T. ) ;
#8603 = DIRECTION ( 'NONE',  ( -0.0000000000000000000, -0.0000000000000000000, -1.000000000000000000 ) ) ;
#8604 = CARTESIAN_POINT ( 'NONE',  ( 18.25000000000000000, 15.50000000000000000, -9.499999999999998200 ) ) ;
#8605 = LINE ( 'NONE', #8755, #3504 ) ;
#8606 = CARTESIAN_POINT ( 'NONE',  ( -15.49999999999999600, 15.50000000000087400, -9.499999999999998200 ) ) ;
#8607 = VERTEX_POINT ( 'NONE', #452 ) ;
#8608 = ORIENTED_EDGE ( 'NONE', *, *, #1295, .F. ) ;
#8609 = AXIS2_PLACEMENT_3D ( 'NONE', #6012, #4263, #10115 ) ;
#8610 =( GEOMETRIC_REPRESENTATION_CONTEXT ( 3 ) GLOBAL_UNCERTAINTY_ASSIGNED_CONTEXT ( ( #6466 ) ) GLOBAL_UNIT_ASSIGNED_CONTEXT ( ( #4592, #3646, #6127 ) ) REPRESENTATION_CONTEXT ( 'NONE', 'WORKASPACE' ) );
#8611 = DIRECTION ( 'NONE',  ( -8.202002250481356300E-017, 1.000000000000000000, 0.0000000000000000000 ) ) ;
#8612 = CARTESIAN_POINT ( 'NONE',  ( 15.96497596850902000, -16.74998035735574600, -9.499999999999998200 ) ) ;
#8613 = ORIENTED_EDGE ( 'NONE', *, *, #6832, .T. ) ;
#8614 = EDGE_CURVE ( 'NONE', #4795, #8677, #2567, .T. ) ;
#8615 = CARTESIAN_POINT ( 'NONE',  ( 15.50000000000000200, -15.50000000000000000, 4.748924226215550000 ) ) ;
#8616 = DIRECTION ( 'NONE',  ( 1.000000000000000000, 0.0000000000000000000, 0.0000000000000000000 ) ) ;
#8617 = LINE ( 'NONE', #9392, #9005 ) ;
#8618 = ORIENTED_EDGE ( 'NONE', *, *, #10004, .F. ) ;
#8619 = CARTESIAN_POINT ( 'NONE',  ( 0.0000000000000000000, 0.0000000000000000000, 63.84951795962939500 ) ) ;
#8620 = ADVANCED_FACE ( 'NONE', ( #5961 ), #4775, .F. ) ;
#8621 = ORIENTED_EDGE ( 'NONE', *, *, #7881, .T. ) ;
#8622 = CIRCLE ( 'NONE', #4938, 0.5000000000000004400 ) ;
#8623 = CARTESIAN_POINT ( 'NONE',  ( -3.600000000000001400, -19.15000000000000600, -3.499999999999994200 ) ) ;
#8624 = AXIS2_PLACEMENT_3D ( 'NONE', #3118, #9946, #791 ) ;
#8625 = CARTESIAN_POINT ( 'NONE',  ( -21.16000000000001100, -13.31369220013740300, 4.000000000000003600 ) ) ;
#8626 = PRESENTATION_STYLE_ASSIGNMENT (( #6252 ) ) ;
#8627 = CARTESIAN_POINT ( 'NONE',  ( 16.80716972541264600, -15.98624964824928800, -10.99999999999999800 ) ) ;
#8628 = DIRECTION ( 'NONE',  ( -1.000000000000000000, 0.0000000000000000000, 0.0000000000000000000 ) ) ;
#8629 = VERTEX_POINT ( 'NONE', #8912 ) ;
#8630 = EDGE_CURVE ( 'NONE', #1713, #10046, #7008, .T. ) ;
#8631 = SURFACE_SIDE_STYLE ('',( #2006 ) ) ;
#8632 = VERTEX_POINT ( 'NONE', #9752 ) ;
#8633 = CIRCLE ( 'NONE', #8695, 0.5000000000000004400 ) ;
#8634 = SURFACE_STYLE_FILL_AREA ( #5787 ) ;
#8635 = VECTOR ( 'NONE', #3351, 1000.000000000000000 ) ;
#8636 = FACE_BOUND ( 'NONE', #4348, .T. ) ;
#8637 = FILL_AREA_STYLE_COLOUR ( '', #4383 ) ;
#8638 = ORIENTED_EDGE ( 'NONE', *, *, #1696, .F. ) ;
#8639 = PRESENTATION_STYLE_ASSIGNMENT (( #10595 ) ) ;
#8640 = EDGE_CURVE ( 'NONE', #845, #4594, #469, .T. ) ;
#8641 = AXIS2_PLACEMENT_3D ( 'NONE', #367, #1267, #1233 ) ;
#8642 = DIRECTION ( 'NONE',  ( 0.7071067811865441300, -0.7071067811865510100, 0.0000000000000000000 ) ) ;
#8643 = ORIENTED_EDGE ( 'NONE', *, *, #8799, .F. ) ;
#8644 = DIRECTION ( 'NONE',  ( -8.202002250481357500E-017, 1.000000000000000000, 0.0000000000000000000 ) ) ;
#8645 = ORIENTED_EDGE ( 'NONE', *, *, #3960, .T. ) ;
#8646 = ORIENTED_EDGE ( 'NONE', *, *, #4497, .F. ) ;
#8647 = VECTOR ( 'NONE', #8335, 1000.000000000000000 ) ;
#8648 = AXIS2_PLACEMENT_3D ( 'NONE', #4018, #4962, #4852 ) ;
#8649 = DIRECTION ( 'NONE',  ( -0.0000000000000000000, 1.000000000000000000, -0.0000000000000000000 ) ) ;
#8650 = CARTESIAN_POINT ( 'NONE',  ( 15.49999999999912400, -15.50000000000000200, -9.499999999999998200 ) ) ;
#8651 = DIRECTION ( 'NONE',  ( -0.0000000000000000000, -0.0000000000000000000, -1.000000000000000000 ) ) ;
#8652 = ORIENTED_EDGE ( 'NONE', *, *, #4057, .T. ) ;
#8653 = SURFACE_SIDE_STYLE ('',( #6290 ) ) ;
#8654 = ORIENTED_EDGE ( 'NONE', *, *, #7196, .F. ) ;
#8655 = CIRCLE ( 'NONE', #3358, 0.5000000000000004400 ) ;
#8656 = DIRECTION ( 'NONE',  ( -0.0000000000000000000, -0.0000000000000000000, 1.000000000000000000 ) ) ;
#8657 = SURFACE_STYLE_USAGE ( .BOTH. , #10315 ) ;
#8658 = PRESENTATION_LAYER_ASSIGNMENT (  '', '', ( #2501 ) ) ;
#8659 = ORIENTED_EDGE ( 'NONE', *, *, #3363, .T. ) ;
#8660 = CIRCLE ( 'NONE', #7711, 1.249999999999999300 ) ;
#8661 = MECHANICAL_DESIGN_GEOMETRIC_PRESENTATION_REPRESENTATION (  '', ( #313 ), #4527 ) ;
#8662 = ORIENTED_EDGE ( 'NONE', *, *, #5725, .F. ) ;
#8663 = FILL_AREA_STYLE_COLOUR ( '', #2454 ) ;
#8664 = CARTESIAN_POINT ( 'NONE',  ( -0.6589493591756425700, 2.000000000000000400, 29.89747120467747300 ) ) ;
#8665 = EDGE_CURVE ( 'NONE', #1853, #6861, #10023, .T. ) ;
#8666 =( LENGTH_UNIT ( ) NAMED_UNIT ( * ) SI_UNIT ( .MILLI., .METRE. ) );
#8667 =( NAMED_UNIT ( * ) SI_UNIT ( $, .STERADIAN. ) SOLID_ANGLE_UNIT ( ) );
#8668 = AXIS2_PLACEMENT_3D ( 'NONE', #10057, #9361, #1789 ) ;
#8669 = DIRECTION ( 'NONE',  ( -0.0000000000000000000, -0.0000000000000000000, -1.000000000000000000 ) ) ;
#8670 = ORIENTED_EDGE ( 'NONE', *, *, #6291, .F. ) ;
#8671 = PRESENTATION_STYLE_ASSIGNMENT (( #3673 ) ) ;
#8672 = PLANE ( 'NONE',  #8967 ) ;
#8673 = VERTEX_POINT ( 'NONE', #529 ) ;
#8674 = DIRECTION ( 'NONE',  ( 0.0000000000000000000, 0.0000000000000000000, 1.000000000000000000 ) ) ;
#8675 = EDGE_CURVE ( 'NONE', #1004, #5857, #4267, .T. ) ;
#8676 = PRESENTATION_LAYER_ASSIGNMENT (  '', '', ( #7133 ) ) ;
#8677 = VERTEX_POINT ( 'NONE', #7218 ) ;
#8678 = ADVANCED_FACE ( 'NONE', ( #10678 ), #3874, .F. ) ;
#8679 = CIRCLE ( 'NONE', #10525, 0.5000000000000006700 ) ;
#8680 = AXIS2_PLACEMENT_3D ( 'NONE', #7005, #5345, #10468 ) ;
#8681 = UNCERTAINTY_MEASURE_WITH_UNIT (LENGTH_MEASURE( 1.000000000000000100E-005 ), #7328, 'distance_accuracy_value', 'NONE');
#8682 = PRESENTATION_STYLE_ASSIGNMENT (( #7674 ) ) ;
#8683 = ORIENTED_EDGE ( 'NONE', *, *, #873, .T. ) ;
#8684 = EDGE_CURVE ( 'NONE', #6522, #1313, #6878, .T. ) ;
#8685 = CARTESIAN_POINT ( 'NONE',  ( -15.03502403149003500, 15.01375035175260000, -9.499999999999998200 ) ) ;
#8686 = DIRECTION ( 'NONE',  ( -1.000000000000000000, 0.0000000000000000000, 0.0000000000000000000 ) ) ;
#8687 = VERTEX_POINT ( 'NONE', #9680 ) ;
#8688 = CARTESIAN_POINT ( 'NONE',  ( -21.14999999999999500, 17.15000000000000200, 2.000000000000000000 ) ) ;
#8689 = CIRCLE ( 'NONE', #1059, 1.899999999999999000 ) ;
#8690 = DIRECTION ( 'NONE',  ( 0.0000000000000000000, 0.0000000000000000000, -1.000000000000000000 ) ) ;
#8691 = CYLINDRICAL_SURFACE ( 'NONE', #5026, 20.00000000000000000 ) ;
#8692 = EDGE_LOOP ( 'NONE', ( #8218, #2396 ) ) ;
#8693 = DIRECTION ( 'NONE',  ( 0.0000000000000000000, 0.0000000000000000000, -1.000000000000000000 ) ) ;
#8695 = AXIS2_PLACEMENT_3D ( 'NONE', #8407, #1787, #3433 ) ;
#8694 = DIRECTION ( 'NONE',  ( 0.0000000000000000000, 0.0000000000000000000, 1.000000000000000000 ) ) ;
#8696 = AXIS2_PLACEMENT_3D ( 'NONE', #719, #2470, #8314 ) ;
#8697 = DIRECTION ( 'NONE',  ( -0.0000000000000000000, -0.0000000000000000000, -1.000000000000000000 ) ) ;
#8698 = ORIENTED_EDGE ( 'NONE', *, *, #10424, .T. ) ;
#8699 = EDGE_CURVE ( 'NONE', #7792, #2679, #4010, .T. ) ;
#8700 = VECTOR ( 'NONE', #10749, 1000.000000000000000 ) ;
#8701 = DIRECTION ( 'NONE',  ( 0.7071067811865481300, 0.7071067811865469100, 0.0000000000000000000 ) ) ;
#8702 = SURFACE_SIDE_STYLE ('',( #7238 ) ) ;
#8703 = CYLINDRICAL_SURFACE ( 'NONE', #9151, 1.249999999999999300 ) ;
#8704 = EDGE_LOOP ( 'NONE', ( #4720, #5259, #6325, #4423 ) ) ;
#8705 = DIRECTION ( 'NONE',  ( -0.7071067811865487900, 0.7071067811865463500, 0.0000000000000000000 ) ) ;
#8706 = CARTESIAN_POINT ( 'NONE',  ( -15.50000000000087200, -15.49999999999912400, -10.49999999999999600 ) ) ;
#8707 = DIRECTION ( 'NONE',  ( -0.0000000000000000000, -0.0000000000000000000, 1.000000000000000000 ) ) ;
#8708 = ORIENTED_EDGE ( 'NONE', *, *, #3072, .T. ) ;
#8709 = EDGE_CURVE ( 'NONE', #10031, #6068, #6622, .T. ) ;
#8710 = AXIS2_PLACEMENT_3D ( 'NONE', #9860, #533, #7298 ) ;
#8711 = CARTESIAN_POINT ( 'NONE',  ( 0.0000000000000000000, 0.0000000000000000000, 29.50000000000000000 ) ) ;
#8712 = CIRCLE ( 'NONE', #10580, 25.00000000000000000 ) ;
#8713 = DIRECTION ( 'NONE',  ( -0.0000000000000000000, -0.0000000000000000000, -1.000000000000000000 ) ) ;
#8714 = EDGE_LOOP ( 'NONE', ( #2483, #8840, #6395 ) ) ;
#8715 = CIRCLE ( 'NONE', #9991, 0.5000000000000004400 ) ;
#8716 =( NAMED_UNIT ( * ) SI_UNIT ( $, .STERADIAN. ) SOLID_ANGLE_UNIT ( ) );
#8717 = EDGE_LOOP ( 'NONE', ( #8233, #1719 ) ) ;
#8718 =( NAMED_UNIT ( * ) PLANE_ANGLE_UNIT ( ) SI_UNIT ( $, .RADIAN. ) );
#8719 = LINE ( 'NONE', #6054, #7819 ) ;
#8720 = ORIENTED_EDGE ( 'NONE', *, *, #1065, .F. ) ;
#8721 = FACE_OUTER_BOUND ( 'NONE', #8247, .T. ) ;
#8722 = CARTESIAN_POINT ( 'NONE',  ( 0.0000000000000000000, 21.14999999999999900, 10.00000000000000000 ) ) ;
#8723 = CARTESIAN_POINT ( 'NONE',  ( 15.49999999999912400, -15.50000000000000200, -10.99999999999999800 ) ) ;
#8724 = CARTESIAN_POINT ( 'NONE',  ( 0.0000000000000000000, 0.0000000000000000000, 63.84951795962939500 ) ) ;
#8725 = ORIENTED_EDGE ( 'NONE', *, *, #2954, .T. ) ;
#8726 = EDGE_CURVE ( 'NONE', #7120, #6815, #6221, .T. ) ;
#8727 = CARTESIAN_POINT ( 'NONE',  ( 0.0000000000000000000, 2.000000000000000000, 30.00000000000000000 ) ) ;
#8728 = PLANE ( 'NONE',  #1790 ) ;
#8729 = MECHANICAL_DESIGN_GEOMETRIC_PRESENTATION_REPRESENTATION (  '', ( #6489 ), #9295 ) ;
#8730 = AXIS2_PLACEMENT_3D ( 'NONE', #4367, #1974, #7694 ) ;
#8731 = CARTESIAN_POINT ( 'NONE',  ( -3.600000000000001400, -19.15000000000000600, -3.499999999999994200 ) ) ;
#8732 = FACE_OUTER_BOUND ( 'NONE', #3084, .T. ) ;
#8733 = ORIENTED_EDGE ( 'NONE', *, *, #8549, .T. ) ;
#8734 = ADVANCED_FACE ( 'NONE', ( #4660 ), #8871, .T. ) ;
#8735 = SURFACE_STYLE_USAGE ( .BOTH. , #2928 ) ;
#8736 = COLOUR_RGB ( '',0.2509803921568627400, 0.2509803921568627400, 0.2509803921568627400 ) ;
#8737 = VECTOR ( 'NONE', #8080, 1000.000000000000000 ) ;
#8738 = CARTESIAN_POINT ( 'NONE',  ( 0.0000000000000000000, 0.0000000000000000000, -8.499999999999996400 ) ) ;
#8739 = DIRECTION ( 'NONE',  ( 0.0000000000000000000, 0.0000000000000000000, -1.000000000000000000 ) ) ;
#8740 = CARTESIAN_POINT ( 'NONE',  ( 16.80716972541264600, -15.98624964824928800, -9.499999999999998200 ) ) ;
#8741 = FILL_AREA_STYLE ('',( #2113 ) ) ;
#8742 = CYLINDRICAL_SURFACE ( 'NONE', #4359, 0.5563334663949305300 ) ;
#8743 = UNCERTAINTY_MEASURE_WITH_UNIT (LENGTH_MEASURE( 1.000000000000000100E-005 ), #1383, 'distance_accuracy_value', 'NONE');
#8745 = STYLED_ITEM ( 'NONE', ( #6340 ), #1098 ) ;
#8744 =( NAMED_UNIT ( * ) SI_UNIT ( $, .STERADIAN. ) SOLID_ANGLE_UNIT ( ) );
#8746 = DIRECTION ( 'NONE',  ( -0.0000000000000000000, -1.000000000000000000, -0.0000000000000000000 ) ) ;
#8747 = ORIENTED_EDGE ( 'NONE', *, *, #9391, .F. ) ;
#8748 = LINE ( 'NONE', #6758, #2338 ) ;
#8749 =( GEOMETRIC_REPRESENTATION_CONTEXT ( 3 ) GLOBAL_UNCERTAINTY_ASSIGNED_CONTEXT ( ( #10826 ) ) GLOBAL_UNIT_ASSIGNED_CONTEXT ( ( #8270, #5814, #1645 ) ) REPRESENTATION_CONTEXT ( 'NONE', 'WORKASPACE' ) );
#8750 = EDGE_CURVE ( 'NONE', #7128, #1314, #5581, .T. ) ;
#8751 = ADVANCED_FACE ( 'NONE', ( #6363 ), #4886, .F. ) ;
#8752 = CARTESIAN_POINT ( 'NONE',  ( 0.5999999999999987600, -39.15000000000002000, -13.35000000000000100 ) ) ;
#8753 = EDGE_LOOP ( 'NONE', ( #2292, #6282, #4906, #3998 ) ) ;
#8754 = EDGE_LOOP ( 'NONE', ( #9781, #2579, #5494, #8570 ) ) ;
#8755 = CARTESIAN_POINT ( 'NONE',  ( -21.14999999999999500, -21.15000000000000600, -3.499999999999997800 ) ) ;
#8756 = CARTESIAN_POINT ( 'NONE',  ( 1.500000000000000200, 2.000000000000000000, 29.50000000000000000 ) ) ;
#8757 = DIRECTION ( 'NONE',  ( 0.0000000000000000000, -1.000000000000000000, 0.0000000000000000000 ) ) ;
#8758 = VERTEX_POINT ( 'NONE', #763 ) ;
#8759 = PRESENTATION_STYLE_ASSIGNMENT (( #1446 ) ) ;
#8760 = CARTESIAN_POINT ( 'NONE',  ( 21.00355339059327200, 17.29644660940672900, -11.49999999999999800 ) ) ;
#8761 = LINE ( 'NONE', #1161, #6790 ) ;
#8762 = STYLED_ITEM ( 'NONE', ( #6944 ), #2118 ) ;
#8763 = ORIENTED_EDGE ( 'NONE', *, *, #3203, .F. ) ;
#8764 = VERTEX_POINT ( 'NONE', #1579 ) ;
#8765 = AXIS2_PLACEMENT_3D ( 'NONE', #3196, #1428, #10659 ) ;
#8766 =( LENGTH_UNIT ( ) NAMED_UNIT ( * ) SI_UNIT ( .MILLI., .METRE. ) );
#8767 =( LENGTH_UNIT ( ) NAMED_UNIT ( * ) SI_UNIT ( .MILLI., .METRE. ) );
#8768 = EDGE_CURVE ( 'NONE', #8409, #9621, #338, .T. ) ;
#8769 = CARTESIAN_POINT ( 'NONE',  ( 15.03502403148815600, -14.25001964264521200, -9.499999999999998200 ) ) ;
#8770 = EDGE_LOOP ( 'NONE', ( #130, #9654, #3018, #2266, #551, #9304, #8093, #1085, #6589, #499, #1702, #9814 ) ) ;
#8771 = PRESENTATION_STYLE_ASSIGNMENT (( #6328 ) ) ;
#8772 = DIRECTION ( 'NONE',  ( 1.000000000000000000, 0.0000000000000000000, 0.0000000000000000000 ) ) ;
#8773 = DIRECTION ( 'NONE',  ( -1.000000000000000000, 0.0000000000000000000, -0.0000000000000000000 ) ) ;
#8774 = LINE ( 'NONE', #10350, #4067 ) ;
#8775 = CARTESIAN_POINT ( 'NONE',  ( -21.14999999999999500, -21.15000000000000600, 9.500000000000000000 ) ) ;
#8776 = VERTEX_POINT ( 'NONE', #3310 ) ;
#8777 =( NAMED_UNIT ( * ) PLANE_ANGLE_UNIT ( ) SI_UNIT ( $, .RADIAN. ) );
#8778 = DIRECTION ( 'NONE',  ( 0.0000000000000000000, -1.000000000000000000, 0.0000000000000000000 ) ) ;
#8779 = AXIS2_PLACEMENT_3D ( 'NONE', #1622, #1553, #7519 ) ;
#8780 = CARTESIAN_POINT ( 'NONE',  ( -20.64999999999999500, -16.94289321881344900, 10.00000000000000000 ) ) ;
#8781 = EDGE_LOOP ( 'NONE', ( #3863, #8621 ) ) ;
#8782 = CARTESIAN_POINT ( 'NONE',  ( 16.94289321881343500, 21.14999999999999900, -1.499999999999997800 ) ) ;
#8783 = CARTESIAN_POINT ( 'NONE',  ( 1.799999999999998900, -18.15000000000000600, -14.35000000000000300 ) ) ;
#8784 = FACE_BOUND ( 'NONE', #4107, .T. ) ;
#8786 = LINE ( 'NONE', #3357, #10088 ) ;
#8785 =( LENGTH_UNIT ( ) NAMED_UNIT ( * ) SI_UNIT ( .MILLI., .METRE. ) );
#8787 = EDGE_CURVE ( 'NONE', #9007, #8607, #9239, .T. ) ;
#8788 = ORIENTED_EDGE ( 'NONE', *, *, #9348, .F. ) ;
#8789 = DIRECTION ( 'NONE',  ( -0.7071067811865544600, -0.7071067811865405800, -0.0000000000000000000 ) ) ;
#8790 = ORIENTED_EDGE ( 'NONE', *, *, #1441, .F. ) ;
#8791 = ORIENTED_EDGE ( 'NONE', *, *, #6834, .T. ) ;
#8792 = CIRCLE ( 'NONE', #6860, 2.499999999999999600 ) ;
#8793 = CARTESIAN_POINT ( 'NONE',  ( -2.616151791541896800, -21.25000000000000700, -5.125280410722632900 ) ) ;
#8794 = ORIENTED_EDGE ( 'NONE', *, *, #9479, .T. ) ;
#8795 = SURFACE_SIDE_STYLE ('',( #7119 ) ) ;
#8796 = ORIENTED_EDGE ( 'NONE', *, *, #6322, .F. ) ;
#8797 = ADVANCED_FACE ( 'NONE', ( #8590 ), #876, .T. ) ;
#8798 = CARTESIAN_POINT ( 'NONE',  ( 15.03502403148815200, -15.01375035175166400, -10.99999999999999800 ) ) ;
#8799 = EDGE_CURVE ( 'NONE', #7044, #5265, #1926, .T. ) ;
#8800 =( GEOMETRIC_REPRESENTATION_CONTEXT ( 3 ) GLOBAL_UNCERTAINTY_ASSIGNED_CONTEXT ( ( #3652 ) ) GLOBAL_UNIT_ASSIGNED_CONTEXT ( ( #9782, #9009, #8172 ) ) REPRESENTATION_CONTEXT ( 'NONE', 'WORKASPACE' ) );
#8801 = ORIENTED_EDGE ( 'NONE', *, *, #1173, .F. ) ;
#8802 = FACE_OUTER_BOUND ( 'NONE', #8130, .T. ) ;
#8803 = EDGE_LOOP ( 'NONE', ( #9315, #2628 ) ) ;
#8804 = ORIENTED_EDGE ( 'NONE', *, *, #2697, .F. ) ;
#8805 = AXIS2_PLACEMENT_3D ( 'NONE', #10687, #5574, #552 ) ;
#8806 = DIRECTION ( 'NONE',  ( -0.0000000000000000000, -0.0000000000000000000, -1.000000000000000000 ) ) ;
#8807 = CIRCLE ( 'NONE', #113, 3.249999999999996000 ) ;
#8808 = DIRECTION ( 'NONE',  ( 1.000000000000000000, 0.0000000000000000000, 0.0000000000000000000 ) ) ;
#8809 = VECTOR ( 'NONE', #6505, 1000.000000000000000 ) ;
#8810 = ADVANCED_FACE ( 'NONE', ( #6350 ), #7402, .F. ) ;
#8811 = PLANE ( 'NONE',  #8680 ) ;
#8812 = CARTESIAN_POINT ( 'NONE',  ( 0.0000000000000000000, 0.0000000000000000000, 4.000000000000000000 ) ) ;
#8813 = UNCERTAINTY_MEASURE_WITH_UNIT (LENGTH_MEASURE( 1.000000000000000100E-005 ), #3059, 'distance_accuracy_value', 'NONE');
#8814 = CARTESIAN_POINT ( 'NONE',  ( 21.14999999999999900, 13.32957238623956000, -3.499999999999996000 ) ) ;
#8815 = VERTEX_POINT ( 'NONE', #2410 ) ;
#8816 = CARTESIAN_POINT ( 'NONE',  ( -20.64999999999999500, -16.94289321881344900, 9.500000000000000000 ) ) ;
#8817 = PRESENTATION_STYLE_ASSIGNMENT (( #5943 ) ) ;
#8818 = VERTEX_POINT ( 'NONE', #3233 ) ;
#8819 = AXIS2_PLACEMENT_3D ( 'NONE', #7822, #10385, #4512 ) ;
#8820 = DIRECTION ( 'NONE',  ( -1.000000000000000000, -8.202002250481357500E-017, 0.0000000000000000000 ) ) ;
#8821 = COLOUR_RGB ( '',0.2509803921568627400, 0.2509803921568627400, 0.2509803921568627400 ) ;
#8822 = EDGE_CURVE ( 'NONE', #6870, #1836, #6996, .T. ) ;
#8823 = CARTESIAN_POINT ( 'NONE',  ( 3.599999999999996100, -19.15000000000000600, -3.499999999999992900 ) ) ;
#8824 = CARTESIAN_POINT ( 'NONE',  ( -17.39999999999999900, 15.50000000000087400, -10.49999999999999600 ) ) ;
#8825 =( GEOMETRIC_REPRESENTATION_CONTEXT ( 3 ) GLOBAL_UNCERTAINTY_ASSIGNED_CONTEXT ( ( #10079 ) ) GLOBAL_UNIT_ASSIGNED_CONTEXT ( ( #10434, #8777, #394 ) ) REPRESENTATION_CONTEXT ( 'NONE', 'WORKASPACE' ) );
#8826 = DIRECTION ( 'NONE',  ( 1.865390464730965300E-015, -1.000000000000000000, -0.0000000000000000000 ) ) ;
#8827 = FILL_AREA_STYLE_COLOUR ( '', #1898 ) ;
#8828 = ORIENTED_EDGE ( 'NONE', *, *, #7151, .T. ) ;
#8829 = UNCERTAINTY_MEASURE_WITH_UNIT (LENGTH_MEASURE( 1.000000000000000100E-005 ), #1505, 'distance_accuracy_value', 'NONE');
#8830 = CARTESIAN_POINT ( 'NONE',  ( 21.16000000000000700, -13.31369220013741200, 63.84951795962939500 ) ) ;
#8831 = CARTESIAN_POINT ( 'NONE',  ( 21.15000000000000200, -16.94289321881344900, 9.500000000000000000 ) ) ;
#8832 =( GEOMETRIC_REPRESENTATION_CONTEXT ( 3 ) GLOBAL_UNCERTAINTY_ASSIGNED_CONTEXT ( ( #4459 ) ) GLOBAL_UNIT_ASSIGNED_CONTEXT ( ( #1838, #956, #10144 ) ) REPRESENTATION_CONTEXT ( 'NONE', 'WORKASPACE' ) );
#8833 = ORIENTED_EDGE ( 'NONE', *, *, #4529, .T. ) ;
#8834 = EDGE_CURVE ( 'NONE', #838, #10699, #9101, .T. ) ;
#8835 = LINE ( 'NONE', #2713, #1917 ) ;
#8836 = VERTEX_POINT ( 'NONE', #2330 ) ;
#8837 = CIRCLE ( 'NONE', #8390, 0.5000000000000004400 ) ;
#8838 = CYLINDRICAL_SURFACE ( 'NONE', #1417, 0.5000000000000022200 ) ;
#8839 = CARTESIAN_POINT ( 'NONE',  ( 15.01375035175125200, 16.80716972541398100, -9.499999999999998200 ) ) ;
#8840 = ORIENTED_EDGE ( 'NONE', *, *, #3100, .T. ) ;
#8841 = SURFACE_STYLE_USAGE ( .BOTH. , #2989 ) ;
#8842 = DIRECTION ( 'NONE',  ( 1.000000000000000000, 0.0000000000000000000, 0.0000000000000000000 ) ) ;
#8843 = VECTOR ( 'NONE', #816, 1000.000000000000000 ) ;
#8844 = VECTOR ( 'NONE', #7587, 1000.000000000000000 ) ;
#8845 = FILL_AREA_STYLE_COLOUR ( '', #106 ) ;
#8846 = FACE_OUTER_BOUND ( 'NONE', #2201, .T. ) ;
#8847 = EDGE_CURVE ( 'NONE', #1089, #7670, #1280, .T. ) ;
#8848 = ADVANCED_FACE ( 'NONE', ( #4652 ), #5047, .T. ) ;
#8849 = DIRECTION ( 'NONE',  ( 0.7363275207553914300, 0.0000000000000000000, 0.6766252893427930900 ) ) ;
#8850 = ORIENTED_EDGE ( 'NONE', *, *, #5492, .F. ) ;
#8851 = CARTESIAN_POINT ( 'NONE',  ( -15.49999999999999600, -15.50000000000000400, 5.500000000000000000 ) ) ;
#8852 = VECTOR ( 'NONE', #6286, 1000.000000000000000 ) ;
#8853 = DIRECTION ( 'NONE',  ( 1.000000000000000000, -1.070267186140442500E-014, 0.0000000000000000000 ) ) ;
#8854 = VECTOR ( 'NONE', #595, 1000.000000000000000 ) ;
#8855 = ORIENTED_EDGE ( 'NONE', *, *, #7483, .T. ) ;
#8856 = DIRECTION ( 'NONE',  ( 1.000000000000000000, 0.0000000000000000000, 0.0000000000000000000 ) ) ;
#8857 = EDGE_CURVE ( 'NONE', #3035, #6190, #196, .T. ) ;
#8858 = AXIS2_PLACEMENT_3D ( 'NONE', #5766, #776, #35 ) ;
#8859 = ADVANCED_FACE ( 'NONE', ( #8581 ), #9488, .T. ) ;
#8860 =( NAMED_UNIT ( * ) SI_UNIT ( $, .STERADIAN. ) SOLID_ANGLE_UNIT ( ) );
#8861 = FACE_OUTER_BOUND ( 'NONE', #6922, .T. ) ;
#8862 = CARTESIAN_POINT ( 'NONE',  ( 0.5999999999999992000, -39.15000000000002000, -12.65000000000000400 ) ) ;
#8863 = ORIENTED_EDGE ( 'NONE', *, *, #5869, .F. ) ;
#8864 =( NAMED_UNIT ( * ) PLANE_ANGLE_UNIT ( ) SI_UNIT ( $, .RADIAN. ) );
#8865 = LINE ( 'NONE', #8281, #1030 ) ;
#8866 = PRESENTATION_LAYER_ASSIGNMENT (  '', '', ( #1951 ) ) ;
#8867 = COLOUR_RGB ( '',1.000000000000000000, 0.9058823529411764700, 0.1843137254901960900 ) ;
#8868 = DIRECTION ( 'NONE',  ( -0.0000000000000000000, 1.000000000000000000, -0.0000000000000000000 ) ) ;
#8869 = EDGE_LOOP ( 'NONE', ( #8502, #4723, #3928, #10239 ) ) ;
#8870 = ORIENTED_EDGE ( 'NONE', *, *, #3471, .F. ) ;
#8871 = PLANE ( 'NONE',  #5299 ) ;
#8872 =( GEOMETRIC_REPRESENTATION_CONTEXT ( 3 ) GLOBAL_UNCERTAINTY_ASSIGNED_CONTEXT ( ( #6598 ) ) GLOBAL_UNIT_ASSIGNED_CONTEXT ( ( #4496, #6945, #2778 ) ) REPRESENTATION_CONTEXT ( 'NONE', 'WORKASPACE' ) );
#8873 = DIRECTION ( 'NONE',  ( -0.7071067811865441300, 0.7071067811865510100, -3.469446951953609500E-015 ) ) ;
#8874 = ORIENTED_EDGE ( 'NONE', *, *, #139, .T. ) ;
#8875 =( NAMED_UNIT ( * ) PLANE_ANGLE_UNIT ( ) SI_UNIT ( $, .RADIAN. ) );
#8876 = EDGE_CURVE ( 'NONE', #10761, #7243, #4921, .T. ) ;
#8877 = AXIS2_PLACEMENT_3D ( 'NONE', #10209, #2642, #4325 ) ;
#8878 = CARTESIAN_POINT ( 'NONE',  ( 3.736448033927382900, -21.25000000000000700, -4.066134625156264400 ) ) ;
#8879 = PRESENTATION_STYLE_ASSIGNMENT (( #588 ) ) ;
#8880 = UNCERTAINTY_MEASURE_WITH_UNIT (LENGTH_MEASURE( 1.000000000000000100E-005 ), #3423, 'distance_accuracy_value', 'NONE');
#8881 = ORIENTED_EDGE ( 'NONE', *, *, #5120, .T. ) ;
#8882 = DIRECTION ( 'NONE',  ( -9.085524283848147300E-015, -1.000000000000000000, 0.0000000000000000000 ) ) ;
#8883 = CYLINDRICAL_SURFACE ( 'NONE', #4289, 2.750000000000000900 ) ;
#8884 = DIRECTION ( 'NONE',  ( -1.235860604586726600E-014, 1.000000000000000000, 0.0000000000000000000 ) ) ;
#8885 = CARTESIAN_POINT ( 'NONE',  ( -14.24999999999999600, 15.50000000000000000, 5.500000000000000000 ) ) ;
#8886 = DIRECTION ( 'NONE',  ( -1.070267186140442500E-014, -1.000000000000000000, 0.0000000000000000000 ) ) ;
#8887 = ORIENTED_EDGE ( 'NONE', *, *, #10243, .T. ) ;
#8888 = EDGE_CURVE ( 'NONE', #6270, #489, #8308, .T. ) ;
#8890 = PRESENTATION_LAYER_ASSIGNMENT (  '', '', ( #7780 ) ) ;
#8889 = DIRECTION ( 'NONE',  ( 0.0000000000000000000, 0.0000000000000000000, -1.000000000000000000 ) ) ;
#8891 = MECHANICAL_DESIGN_GEOMETRIC_PRESENTATION_REPRESENTATION (  '', ( #5184 ), #2521 ) ;
#8892 = VERTEX_POINT ( 'NONE', #1771 ) ;
#8893 = EDGE_CURVE ( 'NONE', #7625, #2435, #5818, .T. ) ;
#8894 = CARTESIAN_POINT ( 'NONE',  ( -15.01375035175306900, -14.19283027458502200, -9.499999999999998200 ) ) ;
#8895 = CIRCLE ( 'NONE', #6404, 0.5000000000000022200 ) ;
#8896 = VERTEX_POINT ( 'NONE', #2609 ) ;
#8897 = ADVANCED_FACE ( 'NONE', ( #1672 ), #8060, .F. ) ;
#8898 = CARTESIAN_POINT ( 'NONE',  ( 0.0000000000000000000, 0.0000000000000000000, 10.00000000000000000 ) ) ;
#8899 = DIRECTION ( 'NONE',  ( -1.000000000000000000, 0.0000000000000000000, -0.0000000000000000000 ) ) ;
#8900 = EDGE_LOOP ( 'NONE', ( #7066, #4729, #4849 ) ) ;
#8901 = CIRCLE ( 'NONE', #5547, 0.5000000000000004400 ) ;
#8902 = AXIS2_PLACEMENT_3D ( 'NONE', #3249, #7306, #10713 ) ;
#8903 = LINE ( 'NONE', #26, #8635 ) ;
#8904 = LINE ( 'NONE', #1993, #10351 ) ;
#8905 =( GEOMETRIC_REPRESENTATION_CONTEXT ( 3 ) GLOBAL_UNCERTAINTY_ASSIGNED_CONTEXT ( ( #1934 ) ) GLOBAL_UNIT_ASSIGNED_CONTEXT ( ( #4177, #5749, #2430 ) ) REPRESENTATION_CONTEXT ( 'NONE', 'WORKASPACE' ) );
#8906 = CARTESIAN_POINT ( 'NONE',  ( 14.25000000000000500, -15.50000000000000000, 10.00000000000000000 ) ) ;
#8907 = ORIENTED_EDGE ( 'NONE', *, *, #2524, .F. ) ;
#8908 = CARTESIAN_POINT ( 'NONE',  ( -16.94289321881344500, -20.65000000000000900, 10.00000000000000000 ) ) ;
#8909 = VECTOR ( 'NONE', #3937, 1000.000000000000000 ) ;
#8910 = EDGE_CURVE ( 'NONE', #10092, #7862, #3596, .T. ) ;
#8911 = FILL_AREA_STYLE ('',( #2328 ) ) ;
#8912 = CARTESIAN_POINT ( 'NONE',  ( -2.799999999999999800, 3.429011037612588800E-016, 9.000000000000001800 ) ) ;
#8913 = ADVANCED_FACE ( 'NONE', ( #10012 ), #5071, .F. ) ;
#8914 = ORIENTED_EDGE ( 'NONE', *, *, #1483, .T. ) ;
#8915 = ORIENTED_EDGE ( 'NONE', *, *, #10802, .F. ) ;
#8916 =( NAMED_UNIT ( * ) PLANE_ANGLE_UNIT ( ) SI_UNIT ( $, .RADIAN. ) );
#8917 = VERTEX_POINT ( 'NONE', #4228 ) ;
#8918 = TOROIDAL_SURFACE ( 'NONE', #8495, 2.200000000000001100, 0.5000000000000000000 ) ;
#8919 = CARTESIAN_POINT ( 'NONE',  ( 12.79999999999999900, 15.50000000000000000, -9.499999999999998200 ) ) ;
#8920 = EDGE_CURVE ( 'NONE', #1873, #6870, #1398, .T. ) ;
#8921 = DIRECTION ( 'NONE',  ( 1.224646799147353200E-016, 1.000000000000000000, -0.0000000000000000000 ) ) ;
#8922 = AXIS2_PLACEMENT_3D ( 'NONE', #10116, #3460, #9274 ) ;
#8923 = DIRECTION ( 'NONE',  ( 0.0000000000000000000, 0.0000000000000000000, 1.000000000000000000 ) ) ;
#8924 = DIRECTION ( 'NONE',  ( 1.000000000000000000, -6.179303022933785000E-015, 0.0000000000000000000 ) ) ;
#8925 = ORIENTED_EDGE ( 'NONE', *, *, #7985, .F. ) ;
#8926 = LINE ( 'NONE', #1759, #27 ) ;
#8927 = DIRECTION ( 'NONE',  ( -1.000000000000000000, 0.0000000000000000000, 0.0000000000000000000 ) ) ;
#8928 = CARTESIAN_POINT ( 'NONE',  ( -1.999999999999994900, 2.449293598294700000E-016, -9.499999999999998200 ) ) ;
#8929 = CIRCLE ( 'NONE', #602, 0.5000000000000006700 ) ;
#8930 = CARTESIAN_POINT ( 'NONE',  ( 18.25000000000000000, 15.50000000000000000, -9.499999999999998200 ) ) ;
#8931 = ORIENTED_EDGE ( 'NONE', *, *, #3705, .F. ) ;
#8932 =( NAMED_UNIT ( * ) PLANE_ANGLE_UNIT ( ) SI_UNIT ( $, .RADIAN. ) );
#8933 = CARTESIAN_POINT ( 'NONE',  ( 13.32957238623955800, 21.14999999999999900, 2.000000000000001800 ) ) ;
#8934 = ORIENTED_EDGE ( 'NONE', *, *, #4976, .F. ) ;
#8935 = DIRECTION ( 'NONE',  ( -0.0000000000000000000, 0.0000000000000000000, -1.000000000000000000 ) ) ;
#8936 = CARTESIAN_POINT ( 'NONE',  ( -13.09999999999999600, 15.50000000000087400, -9.499999999999998200 ) ) ;
#8937 = UNCERTAINTY_MEASURE_WITH_UNIT (LENGTH_MEASURE( 1.000000000000000100E-005 ), #9843, 'distance_accuracy_value', 'NONE');
#8938 = MECHANICAL_DESIGN_GEOMETRIC_PRESENTATION_REPRESENTATION (  '', ( #2771 ), #6131 ) ;
#8939 = CARTESIAN_POINT ( 'NONE',  ( 18.24999999999912600, -15.50000000000000200, -9.499999999999998200 ) ) ;
#8940 = CARTESIAN_POINT ( 'NONE',  ( 15.01375035175125200, 15.03502403148986100, -9.499999999999998200 ) ) ;
#8941 = ORIENTED_EDGE ( 'NONE', *, *, #2234, .F. ) ;
#8942 = DIRECTION ( 'NONE',  ( -0.0000000000000000000, -0.0000000000000000000, -1.000000000000000000 ) ) ;
#8943 = VECTOR ( 'NONE', #23, 1000.000000000000000 ) ;
#8944 = FILL_AREA_STYLE_COLOUR ( '', #10559 ) ;
#8945 = COLOUR_RGB ( '',0.2509803921568627400, 0.2509803921568627400, 0.2509803921568627400 ) ;
#8946 =( NAMED_UNIT ( * ) SI_UNIT ( $, .STERADIAN. ) SOLID_ANGLE_UNIT ( ) );
#8947 = ADVANCED_FACE ( 'NONE', ( #2184 ), #10135, .F. ) ;
#8948 = CARTESIAN_POINT ( 'NONE',  ( -1.371348881391340800, -19.15000000000000600, -5.070497742733969900 ) ) ;
#8949 =( GEOMETRIC_REPRESENTATION_CONTEXT ( 3 ) GLOBAL_UNCERTAINTY_ASSIGNED_CONTEXT ( ( #10757 ) ) GLOBAL_UNIT_ASSIGNED_CONTEXT ( ( #5748, #1498, #10725 ) ) REPRESENTATION_CONTEXT ( 'NONE', 'WORKASPACE' ) );
#8950 = ORIENTED_EDGE ( 'NONE', *, *, #2402, .T. ) ;
#8951 = AXIS2_PLACEMENT_3D ( 'NONE', #8554, #8400, #4379 ) ;
#8952 = CARTESIAN_POINT ( 'NONE',  ( 13.31369220013742600, 21.16000000000000000, -3.499999999999996000 ) ) ;
#8953 = VECTOR ( 'NONE', #7065, 1000.000000000000000 ) ;
#8954 = EDGE_CURVE ( 'NONE', #1554, #1517, #4642, .T. ) ;
#8955 = DIRECTION ( 'NONE',  ( -1.000000000000000000, 0.0000000000000000000, -0.0000000000000000000 ) ) ;
#8956 =( NAMED_UNIT ( * ) SI_UNIT ( $, .STERADIAN. ) SOLID_ANGLE_UNIT ( ) );
#8957 = AXIS2_PLACEMENT_3D ( 'NONE', #10604, #10703, #5693 ) ;
#8958 = CARTESIAN_POINT ( 'NONE',  ( -1.800000000000000700, -39.15000000000002000, -12.65000000000000400 ) ) ;
#8959 = CIRCLE ( 'NONE', #10784, 2.399999999999999500 ) ;
#8960 = VERTEX_POINT ( 'NONE', #7555 ) ;
#8961 = ADVANCED_FACE ( 'NONE', ( #445 ), #8703, .F. ) ;
#8962 = DIRECTION ( 'NONE',  ( 1.000000000000000000, 0.0000000000000000000, 0.0000000000000000000 ) ) ;
#8963 = SURFACE_STYLE_FILL_AREA ( #4939 ) ;
#8964 = SURFACE_STYLE_FILL_AREA ( #269 ) ;
#8965 = CIRCLE ( 'NONE', #9441, 0.5000000000000004400 ) ;
#8966 = FILL_AREA_STYLE_COLOUR ( '', #1134 ) ;
#8967 = AXIS2_PLACEMENT_3D ( 'NONE', #6984, #7941, #1971 ) ;
#8968 = FACE_OUTER_BOUND ( 'NONE', #4205, .T. ) ;
#8969 = DIRECTION ( 'NONE',  ( 9.085524283848126800E-015, -1.000000000000000000, 0.0000000000000000000 ) ) ;
#8970 = DIRECTION ( 'NONE',  ( 1.000000000000000000, 0.0000000000000000000, 0.0000000000000000000 ) ) ;
#8971 = STYLED_ITEM ( 'NONE', ( #6168 ), #6824 ) ;
#8972 = CARTESIAN_POINT ( 'NONE',  ( -3.606332336518507400, -21.25000000000000700, -3.995250529672278900 ) ) ;
#8973 = EDGE_CURVE ( 'NONE', #4337, #4112, #7914, .T. ) ;
#8974 = CARTESIAN_POINT ( 'NONE',  ( -15.49999999999999600, 15.50000000000000000, 5.500000000000000000 ) ) ;
#8975 = COLOUR_RGB ( '',0.2509803921568627400, 0.2509803921568627400, 0.2509803921568627400 ) ;
#8976 = VECTOR ( 'NONE', #4117, 1000.000000000000000 ) ;
#8977 = ORIENTED_EDGE ( 'NONE', *, *, #491, .T. ) ;
#8978 = COLOUR_RGB ( '',0.2509803921568627400, 0.2509803921568627400, 0.2509803921568627400 ) ;
#8979 =( LENGTH_UNIT ( ) NAMED_UNIT ( * ) SI_UNIT ( .MILLI., .METRE. ) );
#8980 = SURFACE_STYLE_USAGE ( .BOTH. , #3127 ) ;
#8981 = DIRECTION ( 'NONE',  ( 1.000000000000000000, 0.0000000000000000000, 0.0000000000000000000 ) ) ;
#8982 = CARTESIAN_POINT ( 'NONE',  ( 21.16000000000000000, 13.31369220013741700, -3.499999999999996000 ) ) ;
#8983 = CARTESIAN_POINT ( 'NONE',  ( 2.999999999999976000, -18.15000000000000600, -11.49999999999999800 ) ) ;
#8984 = ORIENTED_EDGE ( 'NONE', *, *, #9617, .F. ) ;
#8985 = EDGE_CURVE ( 'NONE', #8178, #7462, #5813, .T. ) ;
#8986 = CARTESIAN_POINT ( 'NONE',  ( -21.14999999999999500, 13.32957238623956400, -63.34951795962939500 ) ) ;
#8987 =( NAMED_UNIT ( * ) PLANE_ANGLE_UNIT ( ) SI_UNIT ( $, .RADIAN. ) );
#8988 = CARTESIAN_POINT ( 'NONE',  ( -15.49999999999999600, 15.50000000000087400, -10.49999999999999600 ) ) ;
#8989 = VERTEX_POINT ( 'NONE', #307 ) ;
#8990 = FILL_AREA_STYLE_COLOUR ( '', #8579 ) ;
#8991 = DIRECTION ( 'NONE',  ( -1.000000000000000000, 0.0000000000000000000, -1.668003342285391600E-016 ) ) ;
#8992 = FACE_OUTER_BOUND ( 'NONE', #5901, .T. ) ;
#8993 = CARTESIAN_POINT ( 'NONE',  ( 0.0000000000000000000, 0.0000000000000000000, 9.000000000000001800 ) ) ;
#8994 = SURFACE_SIDE_STYLE ('',( #5785 ) ) ;
#8995 = ORIENTED_EDGE ( 'NONE', *, *, #2149, .T. ) ;
#8996 = EDGE_CURVE ( 'NONE', #6270, #10724, #1665, .T. ) ;
#8997 = AXIS2_PLACEMENT_3D ( 'NONE', #5417, #7110, #419 ) ;
#8998 = LINE ( 'NONE', #8775, #8737 ) ;
#8999 = CARTESIAN_POINT ( 'NONE',  ( 20.00000000000000000, 0.0000000000000000000, -15.99999999999999600 ) ) ;
#9000 = SURFACE_SIDE_STYLE ('',( #7246 ) ) ;
#9001 = FACE_OUTER_BOUND ( 'NONE', #1597, .T. ) ;
#9002 = AXIS2_PLACEMENT_3D ( 'NONE', #1393, #5655, #6463 ) ;
#9004 = ORIENTED_EDGE ( 'NONE', *, *, #4860, .T. ) ;
#9003 = CARTESIAN_POINT ( 'NONE',  ( -2.500000000000000000, 0.0000000000000000000, -8.499999999999996400 ) ) ;
#9005 = VECTOR ( 'NONE', #167, 1000.000000000000000 ) ;
#9006 = CARTESIAN_POINT ( 'NONE',  ( -16.94289321881343500, 21.14999999999999900, -1.499999999999997800 ) ) ;
#9007 = VERTEX_POINT ( 'NONE', #7741 ) ;
#9008 = CARTESIAN_POINT ( 'NONE',  ( 15.01375035175125200, 14.19283027458602200, -10.99999999999999800 ) ) ;
#9009 =( NAMED_UNIT ( * ) PLANE_ANGLE_UNIT ( ) SI_UNIT ( $, .RADIAN. ) );
#9010 = UNCERTAINTY_MEASURE_WITH_UNIT (LENGTH_MEASURE( 1.000000000000000100E-005 ), #7575, 'distance_accuracy_value', 'NONE');
#9011 = CARTESIAN_POINT ( 'NONE',  ( -1.371348881391340800, -39.15000000000000600, -6.400283824922880200 ) ) ;
#9012 = AXIS2_PLACEMENT_3D ( 'NONE', #3139, #8222, #736 ) ;
#9013 = ORIENTED_EDGE ( 'NONE', *, *, #4264, .F. ) ;
#9014 = ADVANCED_FACE ( 'NONE', ( #6478 ), #8446, .T. ) ;
#9015 = FACE_OUTER_BOUND ( 'NONE', #7273, .T. ) ;
#9016 = AXIS2_PLACEMENT_3D ( 'NONE', #8180, #1408, #9174 ) ;
#9017 = DIRECTION ( 'NONE',  ( -0.7071067811865510100, 0.7071067811865441300, 0.0000000000000000000 ) ) ;
#9018 = DIRECTION ( 'NONE',  ( 1.008560160451632500E-016, 0.0000000000000000000, -1.000000000000000000 ) ) ;
#9019 = LINE ( 'NONE', #2932, #6397 ) ;
#9020 = EDGE_CURVE ( 'NONE', #4569, #6813, #6211, .T. ) ;
#9021 = PRESENTATION_LAYER_ASSIGNMENT (  '', '', ( #6215 ) ) ;
#9022 = EDGE_LOOP ( 'NONE', ( #9768, #5378, #4888, #9146, #2115, #538, #10503, #2337 ) ) ;
#9023 = PLANE ( 'NONE',  #5904 ) ;
#9024 = ORIENTED_EDGE ( 'NONE', *, *, #1851, .F. ) ;
#9025 = PLANE ( 'NONE',  #7988 ) ;
#9026 = CARTESIAN_POINT ( 'NONE',  ( -15.96497596851089900, 16.74998035735668000, -9.499999999999998200 ) ) ;
#9027 = ORIENTED_EDGE ( 'NONE', *, *, #6848, .T. ) ;
#9028 = FILL_AREA_STYLE ('',( #10711 ) ) ;
#9029 = PLANE ( 'NONE',  #1241 ) ;
#9030 = COLOUR_RGB ( '',0.2509803921568627400, 0.2509803921568627400, 0.2509803921568627400 ) ;
#9031 =( LENGTH_UNIT ( ) NAMED_UNIT ( * ) SI_UNIT ( .MILLI., .METRE. ) );
#9032 = FACE_OUTER_BOUND ( 'NONE', #7055, .T. ) ;
#9033 = ORIENTED_EDGE ( 'NONE', *, *, #8114, .F. ) ;
#9034 = DIRECTION ( 'NONE',  ( 0.0000000000000000000, 0.0000000000000000000, -1.000000000000000000 ) ) ;
#9035 = VERTEX_POINT ( 'NONE', #1058 ) ;
#9036 = ORIENTED_EDGE ( 'NONE', *, *, #6542, .F. ) ;
#9037 = MECHANICAL_DESIGN_GEOMETRIC_PRESENTATION_REPRESENTATION (  '', ( #5809 ), #8610 ) ;
#9038 = EDGE_CURVE ( 'NONE', #8322, #2562, #1531, .T. ) ;
#9039 = DIRECTION ( 'NONE',  ( -0.0000000000000000000, 0.0000000000000000000, -1.000000000000000000 ) ) ;
#9040 = ORIENTED_EDGE ( 'NONE', *, *, #6459, .F. ) ;
#9041 = CYLINDRICAL_SURFACE ( 'NONE', #4920, 2.700000000000001100 ) ;
#9042 = CARTESIAN_POINT ( 'NONE',  ( 15.01375035175125200, 15.03502403148986100, -9.499999999999998200 ) ) ;
#9043 = TOROIDAL_SURFACE ( 'NONE', #8957, 11.50000000000000000, 0.5000000000000000000 ) ;
#9044 = DIRECTION ( 'NONE',  ( 0.0000000000000000000, -1.000000000000000000, 0.0000000000000000000 ) ) ;
#9045 = ORIENTED_EDGE ( 'NONE', *, *, #477, .T. ) ;
#9046 = ORIENTED_EDGE ( 'NONE', *, *, #3100, .F. ) ;
#9047 = DIRECTION ( 'NONE',  ( 0.0000000000000000000, 0.0000000000000000000, -1.000000000000000000 ) ) ;
#9048 = DIRECTION ( 'NONE',  ( 1.000000000000000000, 0.0000000000000000000, 0.0000000000000000000 ) ) ;
#9049 = AXIS2_PLACEMENT_3D ( 'NONE', #3848, #4754, #6292 ) ;
#9050 = ORIENTED_EDGE ( 'NONE', *, *, #7671, .T. ) ;
#9051 = LINE ( 'NONE', #7735, #1350 ) ;
#9052 =( GEOMETRIC_REPRESENTATION_CONTEXT ( 3 ) GLOBAL_UNCERTAINTY_ASSIGNED_CONTEXT ( ( #4510 ) ) GLOBAL_UNIT_ASSIGNED_CONTEXT ( ( #8573, #6146, #4538 ) ) REPRESENTATION_CONTEXT ( 'NONE', 'WORKASPACE' ) );
#9053 = EDGE_CURVE ( 'NONE', #513, #4054, #3996, .T. ) ;
#9054 = ORIENTED_EDGE ( 'NONE', *, *, #5689, .T. ) ;
#9055 = CARTESIAN_POINT ( 'NONE',  ( -3.516151791541896700, -21.25000000000000700, -8.449999999999992200 ) ) ;
#9056 = ORIENTED_EDGE ( 'NONE', *, *, #3522, .T. ) ;
#9057 = FACE_BOUND ( 'NONE', #3648, .T. ) ;
#9058 = CARTESIAN_POINT ( 'NONE',  ( 0.0000000000000000000, 0.0000000000000000000, -8.499999999999996400 ) ) ;
#9059 = ORIENTED_EDGE ( 'NONE', *, *, #1057, .T. ) ;
#9060 = CARTESIAN_POINT ( 'NONE',  ( -15.96497596851089900, 16.74998035735668000, -9.499999999999998200 ) ) ;
#9061 = VERTEX_POINT ( 'NONE', #9520 ) ;
#9062 = CARTESIAN_POINT ( 'NONE',  ( -17.29644660940669400, -21.00355339059328200, -1.499999999999997800 ) ) ;
#9063 = FACE_OUTER_BOUND ( 'NONE', #3109, .T. ) ;
#9064 = LINE ( 'NONE', #8930, #5665 ) ;
#9065 = EDGE_CURVE ( 'NONE', #9621, #3716, #1797, .T. ) ;
#9066 = DIRECTION ( 'NONE',  ( 1.000000000000000000, 0.0000000000000000000, 0.0000000000000000000 ) ) ;
#9067 = AXIS2_PLACEMENT_3D ( 'NONE', #4495, #7975, #10405 ) ;
#9068 = VECTOR ( 'NONE', #612, 1000.000000000000000 ) ;
#9069 =( LENGTH_UNIT ( ) NAMED_UNIT ( * ) SI_UNIT ( .MILLI., .METRE. ) );
#9070 = CARTESIAN_POINT ( 'NONE',  ( 1.268786306540395200E-015, -21.25000000000000700, -7.606617291317806300 ) ) ;
#9071 = CARTESIAN_POINT ( 'NONE',  ( 2.372516188615978500, -21.25000000000000700, -4.993382708682202200 ) ) ;
#9072 = DIRECTION ( 'NONE',  ( -0.0000000000000000000, -0.0000000000000000000, -1.000000000000000000 ) ) ;
#9073 = ORIENTED_EDGE ( 'NONE', *, *, #6360, .F. ) ;
#9074 = MECHANICAL_DESIGN_GEOMETRIC_PRESENTATION_REPRESENTATION (  '', ( #6049 ), #9639 ) ;
#9075 = CARTESIAN_POINT ( 'NONE',  ( -17.29644660940670100, 21.00355339059327500, 9.500000000000000000 ) ) ;
#9076 = ORIENTED_EDGE ( 'NONE', *, *, #10107, .T. ) ;
#9077 = ADVANCED_FACE ( 'NONE', ( #1387 ), #4123, .T. ) ;
#9078 = FILL_AREA_STYLE_COLOUR ( '', #5921 ) ;
#9079 = CYLINDRICAL_SURFACE ( 'NONE', #6018, 0.5000000000000004400 ) ;
#9080 = DIRECTION ( 'NONE',  ( 1.000000000000000000, -3.906775442054348700E-013, 0.0000000000000000000 ) ) ;
#9081 = DIRECTION ( 'NONE',  ( -0.0000000000000000000, -1.000000000000000000, 0.0000000000000000000 ) ) ;
#9082 =( NAMED_UNIT ( * ) PLANE_ANGLE_UNIT ( ) SI_UNIT ( $, .RADIAN. ) );
#9083 = DIRECTION ( 'NONE',  ( 1.000000000000000000, 0.0000000000000000000, 0.0000000000000000000 ) ) ;
#9084 = VERTEX_POINT ( 'NONE', #7698 ) ;
#9085 = AXIS2_PLACEMENT_3D ( 'NONE', #7869, #4533, #10406 ) ;
#9086 = EDGE_CURVE ( 'NONE', #9226, #1467, #6857, .T. ) ;
#9087 = STYLED_ITEM ( 'NONE', ( #3997 ), #135 ) ;
#9088 = AXIS2_PLACEMENT_3D ( 'NONE', #3304, #9992, #8351 ) ;
#9089 = DIRECTION ( 'NONE',  ( -4.542762141924063400E-015, 1.000000000000000000, -0.0000000000000000000 ) ) ;
#9090 = DIRECTION ( 'NONE',  ( -0.0000000000000000000, -0.0000000000000000000, 1.000000000000000000 ) ) ;
#9091 = FACE_OUTER_BOUND ( 'NONE', #1726, .T. ) ;
#9092 = CARTESIAN_POINT ( 'NONE',  ( 15.98624964824874800, 16.80716972541398100, -9.499999999999998200 ) ) ;
#9093 = EDGE_CURVE ( 'NONE', #2654, #3920, #8835, .T. ) ;
#9094 =( GEOMETRIC_REPRESENTATION_CONTEXT ( 3 ) GLOBAL_UNCERTAINTY_ASSIGNED_CONTEXT ( ( #9614 ) ) GLOBAL_UNIT_ASSIGNED_CONTEXT ( ( #3321, #7379, #2382 ) ) REPRESENTATION_CONTEXT ( 'NONE', 'WORKASPACE' ) );
#9095 = EDGE_LOOP ( 'NONE', ( #1628, #862, #9997, #5351, #275 ) ) ;
#9096 = PRESENTATION_LAYER_ASSIGNMENT (  '', '', ( #9311 ) ) ;
#9097 = EDGE_CURVE ( 'NONE', #1958, #2505, #185, .T. ) ;
#9098 = CARTESIAN_POINT ( 'NONE',  ( 17.29644660940670800, -21.00355339059328200, 2.000000000000000000 ) ) ;
#9099 = MECHANICAL_DESIGN_GEOMETRIC_PRESENTATION_REPRESENTATION (  '', ( #10076 ), #1279 ) ;
#9100 = DIRECTION ( 'NONE',  ( -0.0000000000000000000, -0.0000000000000000000, -1.000000000000000000 ) ) ;
#9101 = LINE ( 'NONE', #1619, #7926 ) ;
#9102 = EDGE_LOOP ( 'NONE', ( #10309, #10486, #1827, #6399 ) ) ;
#9103 = DIRECTION ( 'NONE',  ( -1.000000000000000000, 0.0000000000000000000, 0.0000000000000000000 ) ) ;
#9104 = VECTOR ( 'NONE', #7426, 1000.000000000000000 ) ;
#9105 = ORIENTED_EDGE ( 'NONE', *, *, #9678, .T. ) ;
#9106 = CARTESIAN_POINT ( 'NONE',  ( 13.09999999999912400, -15.50000000000000200, -10.99999999999999800 ) ) ;
#9107 = VECTOR ( 'NONE', #6171, 1000.000000000000000 ) ;
#9108 = STYLED_ITEM ( 'NONE', ( #2017 ), #1803 ) ;
#9109 = CARTESIAN_POINT ( 'NONE',  ( 2.372516188615978500, -19.15000000000000600, -4.993382708682202200 ) ) ;
#9110 = ORIENTED_EDGE ( 'NONE', *, *, #5440, .T. ) ;
#9111 = CARTESIAN_POINT ( 'NONE',  ( 2.999999999999976500, -18.15000000000000600, -14.99999999999999800 ) ) ;
#9112 = COLOUR_RGB ( '',0.2509803921568627400, 0.2509803921568627400, 0.2509803921568627400 ) ;
#9113 =( GEOMETRIC_REPRESENTATION_CONTEXT ( 3 ) GLOBAL_UNCERTAINTY_ASSIGNED_CONTEXT ( ( #4319 ) ) GLOBAL_UNIT_ASSIGNED_CONTEXT ( ( #8979, #3089, #9817 ) ) REPRESENTATION_CONTEXT ( 'NONE', 'WORKASPACE' ) );
#9114 = CARTESIAN_POINT ( 'NONE',  ( 0.5999999999999987600, -18.15000000000000600, -13.85000000000000300 ) ) ;
#9115 =( LENGTH_UNIT ( ) NAMED_UNIT ( * ) SI_UNIT ( .MILLI., .METRE. ) );
#9116 = EDGE_CURVE ( 'NONE', #5076, #1324, #9875, .T. ) ;
#9117 = ORIENTED_EDGE ( 'NONE', *, *, #1022, .F. ) ;
#9118 = VECTOR ( 'NONE', #5966, 1000.000000000000000 ) ;
#9119 = CARTESIAN_POINT ( 'NONE',  ( 21.14999999999999900, -13.32957238623955700, 4.000000000000003600 ) ) ;
#9121 = FILL_AREA_STYLE_COLOUR ( '', #7464 ) ;
#9120 = LINE ( 'NONE', #3248, #5472 ) ;
#9122 = ORIENTED_EDGE ( 'NONE', *, *, #353, .F. ) ;
#9123 = DIRECTION ( 'NONE',  ( 0.7071067811865507900, 8.659560562354974800E-017, -0.7071067811865441300 ) ) ;
#9124 = VECTOR ( 'NONE', #769, 1000.000000000000000 ) ;
#9125 = ADVANCED_FACE ( 'NONE', ( #1265 ), #1255, .T. ) ;
#9126 = FILL_AREA_STYLE ('',( #10600 ) ) ;
#9127 = MECHANICAL_DESIGN_GEOMETRIC_PRESENTATION_REPRESENTATION (  '', ( #4436 ), #9271 ) ;
#9128 = EDGE_LOOP ( 'NONE', ( #6666, #3690, #1862, #2744 ) ) ;
#9129 = FILL_AREA_STYLE ('',( #7373 ) ) ;
#9130 = EDGE_CURVE ( 'NONE', #2942, #7876, #5435, .T. ) ;
#9131 = CARTESIAN_POINT ( 'NONE',  ( -15.96497596851090600, 14.25001964264614300, -10.99999999999999800 ) ) ;
#9132 = CYLINDRICAL_SURFACE ( 'NONE', #7364, 0.5000000000000006700 ) ;
#9133 = EDGE_LOOP ( 'NONE', ( #2615, #5699, #6304, #6917 ) ) ;
#9134 = ORIENTED_EDGE ( 'NONE', *, *, #6020, .F. ) ;
#9135 = SURFACE_STYLE_FILL_AREA ( #4515 ) ;
#9136 = VECTOR ( 'NONE', #7643, 1000.000000000000000 ) ;
#9137 = DIRECTION ( 'NONE',  ( 0.0000000000000000000, 0.0000000000000000000, -1.000000000000000000 ) ) ;
#9138 = DIRECTION ( 'NONE',  ( -0.0000000000000000000, -0.0000000000000000000, -1.000000000000000000 ) ) ;
#9139 = ORIENTED_EDGE ( 'NONE', *, *, #3446, .T. ) ;
#9140 =( NAMED_UNIT ( * ) PLANE_ANGLE_UNIT ( ) SI_UNIT ( $, .RADIAN. ) );
#9141 = PRESENTATION_STYLE_ASSIGNMENT (( #1831 ) ) ;
#9142 = AXIS2_PLACEMENT_3D ( 'NONE', #8242, #4885, #10737 ) ;
#9143 = VERTEX_POINT ( 'NONE', #8756 ) ;
#9144 = SURFACE_STYLE_USAGE ( .BOTH. , #6656 ) ;
#9145 = CIRCLE ( 'NONE', #3961, 0.5000000000000004400 ) ;
#9146 = ORIENTED_EDGE ( 'NONE', *, *, #3573, .T. ) ;
#9147 = CARTESIAN_POINT ( 'NONE',  ( -1.371348881391340800, -19.15000000000000600, -6.400283824922880200 ) ) ;
#9148 = ORIENTED_EDGE ( 'NONE', *, *, #6649, .T. ) ;
#9149 = CARTESIAN_POINT ( 'NONE',  ( 16.94289321881343800, -21.15000000000000200, 9.500000000000000000 ) ) ;
#9150 = FILL_AREA_STYLE_COLOUR ( '', #4021 ) ;
#9151 = AXIS2_PLACEMENT_3D ( 'NONE', #6674, #5862, #1690 ) ;
#9152 =( NAMED_UNIT ( * ) PLANE_ANGLE_UNIT ( ) SI_UNIT ( $, .RADIAN. ) );
#9153 = UNCERTAINTY_MEASURE_WITH_UNIT (LENGTH_MEASURE( 1.000000000000000100E-005 ), #5997, 'distance_accuracy_value', 'NONE');
#9154 = PRODUCT_DEFINITION_CONTEXT ( 'detailed design', #198, 'design' ) ;
#9155 = DIRECTION ( 'NONE',  ( -0.7071067811865469100, 0.7071067811865482400, 0.0000000000000000000 ) ) ;
#9156 = ORIENTED_EDGE ( 'NONE', *, *, #2569, .F. ) ;
#9157 = VECTOR ( 'NONE', #2005, 1000.000000000000000 ) ;
#9158 =( LENGTH_UNIT ( ) NAMED_UNIT ( * ) SI_UNIT ( .MILLI., .METRE. ) );
#9159 = DIRECTION ( 'NONE',  ( 6.938893903907222100E-015, 1.000000000000000000, 0.0000000000000000000 ) ) ;
#9160 = ORIENTED_EDGE ( 'NONE', *, *, #8068, .F. ) ;
#9161 = ORIENTED_EDGE ( 'NONE', *, *, #6231, .F. ) ;
#9162 = PLANE ( 'NONE',  #519 ) ;
#9163 = DIRECTION ( 'NONE',  ( -0.0000000000000000000, 1.000000000000000000, -0.0000000000000000000 ) ) ;
#9164 = AXIS2_PLACEMENT_3D ( 'NONE', #6943, #2629, #4463 ) ;
#9165 = MECHANICAL_DESIGN_GEOMETRIC_PRESENTATION_REPRESENTATION (  '', ( #7266 ), #9727 ) ;
#9166 = ORIENTED_EDGE ( 'NONE', *, *, #2827, .T. ) ;
#9167 = EDGE_CURVE ( 'NONE', #7022, #1331, #6471, .T. ) ;
#9168 =( GEOMETRIC_REPRESENTATION_CONTEXT ( 3 ) GLOBAL_UNCERTAINTY_ASSIGNED_CONTEXT ( ( #5664 ) ) GLOBAL_UNIT_ASSIGNED_CONTEXT ( ( #4036, #2458, #10019 ) ) REPRESENTATION_CONTEXT ( 'NONE', 'WORKASPACE' ) );
#9169 = CARTESIAN_POINT ( 'NONE',  ( 16.80716972541264600, -15.01375035175166400, -9.499999999999998200 ) ) ;
#9170 = COLOUR_RGB ( '',0.2509803921568627400, 0.2509803921568627400, 0.2509803921568627400 ) ;
#9171 = DIRECTION ( 'NONE',  ( -0.0000000000000000000, -0.0000000000000000000, -1.000000000000000000 ) ) ;
#9172 = ORIENTED_EDGE ( 'NONE', *, *, #8330, .F. ) ;
#9173 = PRESENTATION_STYLE_ASSIGNMENT (( #1577 ) ) ;
#9174 = DIRECTION ( 'NONE',  ( -1.865390464730965300E-015, 1.000000000000000000, 0.0000000000000000000 ) ) ;
#9175 = CARTESIAN_POINT ( 'NONE',  ( -0.6000000000000010900, -39.15000000000002000, -13.35000000000000100 ) ) ;
#9176 = CARTESIAN_POINT ( 'NONE',  ( 1.339045298307557800, -39.15000000000000600, -5.626831209128898300 ) ) ;
#9177 = DIRECTION ( 'NONE',  ( 0.0000000000000000000, 1.000000000000000000, -0.0000000000000000000 ) ) ;
#9178 = ORIENTED_EDGE ( 'NONE', *, *, #4324, .T. ) ;
#9179 = COLOUR_RGB ( '',0.0000000000000000000, 0.5019607843137254800, 1.000000000000000000 ) ;
#9181 = AXIS2_PLACEMENT_3D ( 'NONE', #8285, #4929, #6603 ) ;
#9180 = DIRECTION ( 'NONE',  ( 0.0000000000000000000, -1.000000000000000000, 0.0000000000000000000 ) ) ;
#9182 = CIRCLE ( 'NONE', #5464, 0.5000000000000004400 ) ;
#9183 = ORIENTED_EDGE ( 'NONE', *, *, #7288, .T. ) ;
#9184 = CIRCLE ( 'NONE', #9612, 2.799999999999999800 ) ;
#9185 = AXIS2_PLACEMENT_3D ( 'NONE', #9611, #5450, #2880 ) ;
#9186 = CIRCLE ( 'NONE', #4483, 3.500000000000000000 ) ;
#9187 = EDGE_CURVE ( 'NONE', #9841, #3527, #10000, .T. ) ;
#9188 = ADVANCED_FACE ( 'NONE', ( #992 ), #7132, .F. ) ;
#9189 = EDGE_LOOP ( 'NONE', ( #4170, #2964, #116, #8110 ) ) ;
#9190 = CARTESIAN_POINT ( 'NONE',  ( 16.74999999999999600, 15.50000000000000000, 5.500000000000000000 ) ) ;
#9191 = DIRECTION ( 'NONE',  ( -0.0000000000000000000, -1.000000000000000000, -0.0000000000000000000 ) ) ;
#9192 = CARTESIAN_POINT ( 'NONE',  ( 15.49999999999912400, -15.50000000000000200, -11.49999999999999800 ) ) ;
#9193 = CARTESIAN_POINT ( 'NONE',  ( -3.434894197822124800, -19.15000000000000600, -4.149999999999994100 ) ) ;
#9194 = ORIENTED_EDGE ( 'NONE', *, *, #6716, .F. ) ;
#9195 = PRESENTATION_LAYER_ASSIGNMENT (  '', '', ( #2604 ) ) ;
#9196 = CARTESIAN_POINT ( 'NONE',  ( -16.94289321881344500, -20.65000000000000600, 9.500000000000000000 ) ) ;
#9197 = DIRECTION ( 'NONE',  ( 0.0000000000000000000, 0.0000000000000000000, -1.000000000000000000 ) ) ;
#9198 = EDGE_CURVE ( 'NONE', #3212, #5402, #5562, .T. ) ;
#9199 = EDGE_LOOP ( 'NONE', ( #5272, #25, #10368, #1139 ) ) ;
#9200 = VECTOR ( 'NONE', #4584, 1000.000000000000000 ) ;
#9201 = DIRECTION ( 'NONE',  ( -1.000000000000000000, 0.0000000000000000000, 0.0000000000000000000 ) ) ;
#9202 = LINE ( 'NONE', #10138, #10249 ) ;
#9203 = ORIENTED_EDGE ( 'NONE', *, *, #6213, .F. ) ;
#9204 =( LENGTH_UNIT ( ) NAMED_UNIT ( * ) SI_UNIT ( .MILLI., .METRE. ) );
#9205 = CARTESIAN_POINT ( 'NONE',  ( 15.49999999999912400, -15.50000000000000200, -11.49999999999999800 ) ) ;
#9206 = CARTESIAN_POINT ( 'NONE',  ( 18.79644660940676800, 18.79644660940667200, 9.500000000000000000 ) ) ;
#9207 = VERTEX_POINT ( 'NONE', #9599 ) ;
#9208 = EDGE_CURVE ( 'NONE', #3519, #9521, #2552, .T. ) ;
#9209 = MECHANICAL_DESIGN_GEOMETRIC_PRESENTATION_REPRESENTATION (  '', ( #2276 ), #8292 ) ;
#9210 = ORIENTED_EDGE ( 'NONE', *, *, #1833, .T. ) ;
#9211 = DIRECTION ( 'NONE',  ( -1.000000000000000000, 0.0000000000000000000, 0.0000000000000000000 ) ) ;
#9212 = FILL_AREA_STYLE ('',( #7601 ) ) ;
#9213 = DIRECTION ( 'NONE',  ( -0.0000000000000000000, -0.0000000000000000000, -1.000000000000000000 ) ) ;
#9214 = LINE ( 'NONE', #7491, #3185 ) ;
#9215 = UNCERTAINTY_MEASURE_WITH_UNIT (LENGTH_MEASURE( 1.000000000000000100E-005 ), #1166, 'distance_accuracy_value', 'NONE');
#9216 = STYLED_ITEM ( 'NONE', ( #5198 ), #8539 ) ;
#9217 = ORIENTED_EDGE ( 'NONE', *, *, #6649, .F. ) ;
#9218 = VECTOR ( 'NONE', #9018, 1000.000000000000000 ) ;
#9219 = DIRECTION ( 'NONE',  ( -1.000000000000000000, 0.0000000000000000000, 0.0000000000000000000 ) ) ;
#9220 = LINE ( 'NONE', #986, #9718 ) ;
#9221 = SURFACE_SIDE_STYLE ('',( #727 ) ) ;
#9222 = DIRECTION ( 'NONE',  ( -0.0000000000000000000, -1.000000000000000000, -0.0000000000000000000 ) ) ;
#9223 = DIRECTION ( 'NONE',  ( -0.7423134210256133700, 0.0000000000000000000, -0.6700528225186805900 ) ) ;
#9224 = CARTESIAN_POINT ( 'NONE',  ( -16.94289321881344200, -21.15000000000000600, 2.000000000000000000 ) ) ;
#9225 =( GEOMETRIC_REPRESENTATION_CONTEXT ( 3 ) GLOBAL_UNCERTAINTY_ASSIGNED_CONTEXT ( ( #7750 ) ) GLOBAL_UNIT_ASSIGNED_CONTEXT ( ( #6939, #3616, #9474 ) ) REPRESENTATION_CONTEXT ( 'NONE', 'WORKASPACE' ) );
#9226 = VERTEX_POINT ( 'NONE', #8831 ) ;
#9227 = EDGE_CURVE ( 'NONE', #9841, #8673, #2801, .T. ) ;
#9228 = CARTESIAN_POINT ( 'NONE',  ( 0.5999999999999992000, -39.15000000000002000, -12.15000000000000000 ) ) ;
#9229 = AXIS2_PLACEMENT_3D ( 'NONE', #2316, #4718, #515 ) ;
#9230 = CIRCLE ( 'NONE', #2101, 2.749999999999999100 ) ;
#9231 = CARTESIAN_POINT ( 'NONE',  ( 1.339045298307557800, -19.15000000000000600, -5.070497742733968100 ) ) ;
#9232 = CYLINDRICAL_SURFACE ( 'NONE', #8046, 0.5563334663949278700 ) ;
#9233 = SURFACE_SIDE_STYLE ('',( #6867 ) ) ;
#9234 = ORIENTED_EDGE ( 'NONE', *, *, #9227, .T. ) ;
#9235 = ADVANCED_FACE ( 'NONE', ( #5167 ), #8691, .T. ) ;
#9236 = DIRECTION ( 'NONE',  ( -1.000000000000000000, 0.0000000000000000000, 0.0000000000000000000 ) ) ;
#9237 = VECTOR ( 'NONE', #8884, 1000.000000000000000 ) ;
#9238 =( NAMED_UNIT ( * ) PLANE_ANGLE_UNIT ( ) SI_UNIT ( $, .RADIAN. ) );
#9239 = LINE ( 'NONE', #9919, #8976 ) ;
#9240 = ORIENTED_EDGE ( 'NONE', *, *, #2595, .T. ) ;
#9241 = SURFACE_SIDE_STYLE ('',( #10610 ) ) ;
#9242 = EDGE_CURVE ( 'NONE', #3317, #4661, #6986, .T. ) ;
#9243 = PRESENTATION_LAYER_ASSIGNMENT (  '', '', ( #1909 ) ) ;
#9244 = STYLED_ITEM ( 'NONE', ( #4365 ), #6445 ) ;
#9245 = CARTESIAN_POINT ( 'NONE',  ( 16.94289321881344500, -21.15000000000000200, -10.99999999999999800 ) ) ;
#9246 = ORIENTED_EDGE ( 'NONE', *, *, #10585, .F. ) ;
#9247 = EDGE_CURVE ( 'NONE', #9933, #2123, #9750, .T. ) ;
#9248 = CARTESIAN_POINT ( 'NONE',  ( 16.94289321881344500, -21.15000000000000200, -1.499999999999997800 ) ) ;
#9249 = DIRECTION ( 'NONE',  ( 0.0000000000000000000, 0.0000000000000000000, 1.000000000000000000 ) ) ;
#9250 = CIRCLE ( 'NONE', #3102, 3.500000000000000000 ) ;
#9251 = CIRCLE ( 'NONE', #7950, 0.5000000000000006700 ) ;
#9252 = EDGE_LOOP ( 'NONE', ( #3539, #8662 ) ) ;
#9253 = AXIS2_PLACEMENT_3D ( 'NONE', #610, #9834, #9931 ) ;
#9254 = DIRECTION ( 'NONE',  ( -0.0000000000000000000, -0.0000000000000000000, 1.000000000000000000 ) ) ;
#9255 = DIRECTION ( 'NONE',  ( 0.0000000000000000000, 0.0000000000000000000, 1.000000000000000000 ) ) ;
#9256 = AXIS2_PLACEMENT_3D ( 'NONE', #7579, #5781, #10027 ) ;
#9257 =( NAMED_UNIT ( * ) SI_UNIT ( $, .STERADIAN. ) SOLID_ANGLE_UNIT ( ) );
#9258 = CIRCLE ( 'NONE', #4735, 0.5000000000000022200 ) ;
#9260 = VERTEX_POINT ( 'NONE', #10485 ) ;
#9259 = DIRECTION ( 'NONE',  ( 0.0000000000000000000, -1.000000000000000000, 0.0000000000000000000 ) ) ;
#9261 = EDGE_CURVE ( 'NONE', #9933, #3666, #4898, .T. ) ;
#9262 = CARTESIAN_POINT ( 'NONE',  ( 15.03502403148815200, -15.98624964824929200, -9.499999999999998200 ) ) ;
#9263 = ORIENTED_EDGE ( 'NONE', *, *, #29, .T. ) ;
#9264 = SURFACE_STYLE_USAGE ( .BOTH. , #8425 ) ;
#9265 = DIRECTION ( 'NONE',  ( -1.000000000000000000, 0.0000000000000000000, -0.0000000000000000000 ) ) ;
#9266 = CARTESIAN_POINT ( 'NONE',  ( 1.339045298307557800, -19.15000000000000600, -6.400283824922876600 ) ) ;
#9267 = VECTOR ( 'NONE', #9556, 1000.000000000000000 ) ;
#9268 = DIRECTION ( 'NONE',  ( 1.000000000000000000, 0.0000000000000000000, 0.0000000000000000000 ) ) ;
#9269 = ORIENTED_EDGE ( 'NONE', *, *, #6106, .F. ) ;
#9270 = EDGE_CURVE ( 'NONE', #4622, #1471, #9865, .T. ) ;
#9271 =( GEOMETRIC_REPRESENTATION_CONTEXT ( 3 ) GLOBAL_UNCERTAINTY_ASSIGNED_CONTEXT ( ( #5732 ) ) GLOBAL_UNIT_ASSIGNED_CONTEXT ( ( #1473, #8916, #8946 ) ) REPRESENTATION_CONTEXT ( 'NONE', 'WORKASPACE' ) );
#9272 = VECTOR ( 'NONE', #6971, 999.9999999999998900 ) ;
#9273 = ORIENTED_EDGE ( 'NONE', *, *, #3384, .F. ) ;
#9274 = DIRECTION ( 'NONE',  ( 1.000000000000000000, 0.0000000000000000000, 0.0000000000000000000 ) ) ;
#9275 =( NAMED_UNIT ( * ) PLANE_ANGLE_UNIT ( ) SI_UNIT ( $, .RADIAN. ) );
#9276 = CARTESIAN_POINT ( 'NONE',  ( -13.59999999999999600, 15.50000000000087400, -10.49999999999999600 ) ) ;
#9277 = ORIENTED_EDGE ( 'NONE', *, *, #1729, .F. ) ;
#9278 = CARTESIAN_POINT ( 'NONE',  ( 0.0000000000000000000, 0.0000000000000000000, -3.499999999999996000 ) ) ;
#9279 = DIRECTION ( 'NONE',  ( -1.000000000000000000, 0.0000000000000000000, 0.0000000000000000000 ) ) ;
#9280 = COLOUR_RGB ( '',0.2509803921568627400, 0.2509803921568627400, 0.2509803921568627400 ) ;
#9281 = PRESENTATION_STYLE_ASSIGNMENT (( #4842 ) ) ;
#9282 = CARTESIAN_POINT ( 'NONE',  ( 21.14999999999999900, 21.14999999999999900, 4.000000000000000000 ) ) ;
#9283 = CARTESIAN_POINT ( 'NONE',  ( -15.01375035175306900, -14.19283027458502200, -10.99999999999999800 ) ) ;
#9284 = EDGE_LOOP ( 'NONE', ( #8934, #7185, #1602, #6175 ) ) ;
#9285 = VERTEX_POINT ( 'NONE', #3077 ) ;
#9286 = ADVANCED_FACE ( 'NONE', ( #716 ), #6448, .F. ) ;
#9287 = DIRECTION ( 'NONE',  ( 1.000000000000000000, 0.0000000000000000000, 0.0000000000000000000 ) ) ;
#9288 = UNCERTAINTY_MEASURE_WITH_UNIT (LENGTH_MEASURE( 1.000000000000000100E-005 ), #6890, 'distance_accuracy_value', 'NONE');
#9289 = EDGE_LOOP ( 'NONE', ( #10632, #4963, #3195 ) ) ;
#9290 = EDGE_CURVE ( 'NONE', #6013, #1580, #7112, .T. ) ;
#9291 = DIRECTION ( 'NONE',  ( -0.0000000000000000000, -0.0000000000000000000, -1.000000000000000000 ) ) ;
#9292 = VECTOR ( 'NONE', #6816, 1000.000000000000000 ) ;
#9293 = VECTOR ( 'NONE', #6239, 1000.000000000000000 ) ;
#9294 = ORIENTED_EDGE ( 'NONE', *, *, #2827, .F. ) ;
#9295 =( GEOMETRIC_REPRESENTATION_CONTEXT ( 3 ) GLOBAL_UNCERTAINTY_ASSIGNED_CONTEXT ( ( #1540 ) ) GLOBAL_UNIT_ASSIGNED_CONTEXT ( ( #556, #8864, #9706 ) ) REPRESENTATION_CONTEXT ( 'NONE', 'WORKASPACE' ) );
#9296 = DIRECTION ( 'NONE',  ( -0.0000000000000000000, -0.0000000000000000000, 1.000000000000000000 ) ) ;
#9297 = CARTESIAN_POINT ( 'NONE',  ( 21.15000000000000200, -16.94289321881344900, 2.000000000000000000 ) ) ;
#9298 =( GEOMETRIC_REPRESENTATION_CONTEXT ( 3 ) GLOBAL_UNCERTAINTY_ASSIGNED_CONTEXT ( ( #2448 ) ) GLOBAL_UNIT_ASSIGNED_CONTEXT ( ( #262, #4470, #9555 ) ) REPRESENTATION_CONTEXT ( 'NONE', 'WORKASPACE' ) );
#9299 = SURFACE_SIDE_STYLE ('',( #7290 ) ) ;
#9300 = ORIENTED_EDGE ( 'NONE', *, *, #6314, .F. ) ;
#9301 = ORIENTED_EDGE ( 'NONE', *, *, #5478, .F. ) ;
#9302 = CARTESIAN_POINT ( 'NONE',  ( -15.49999999999999600, 15.50000000000087400, -10.99999999999999800 ) ) ;
#9303 = CARTESIAN_POINT ( 'NONE',  ( -12.75000000000087200, -15.49999999999912400, -9.499999999999998200 ) ) ;
#9304 = ORIENTED_EDGE ( 'NONE', *, *, #9038, .F. ) ;
#9305 = ADVANCED_FACE ( 'NONE', ( #9345 ), #7313, .F. ) ;
#9306 = CIRCLE ( 'NONE', #4836, 1.900000000000004100 ) ;
#9307 = FACE_OUTER_BOUND ( 'NONE', #751, .T. ) ;
#9308 = CARTESIAN_POINT ( 'NONE',  ( 14.19283027458454100, -15.01375035175166400, -9.499999999999998200 ) ) ;
#9309 = COLOUR_RGB ( '',0.2509803921568627400, 0.2509803921568627400, 0.2509803921568627400 ) ;
#9310 = STYLED_ITEM ( 'NONE', ( #3211 ), #863 ) ;
#9311 = STYLED_ITEM ( 'NONE', ( #10538 ), #6161 ) ;
#9312 = DIRECTION ( 'NONE',  ( 0.0000000000000000000, 0.0000000000000000000, -1.000000000000000000 ) ) ;
#9313 = EDGE_CURVE ( 'NONE', #9084, #7346, #3329, .T. ) ;
#9314 = DIRECTION ( 'NONE',  ( 0.0000000000000000000, -0.0000000000000000000, -1.000000000000000000 ) ) ;
#9315 = ORIENTED_EDGE ( 'NONE', *, *, #9514, .T. ) ;
#9316 = VECTOR ( 'NONE', #1092, 1000.000000000000000 ) ;
#9317 = DIRECTION ( 'NONE',  ( 1.000000000000000000, 0.0000000000000000000, 0.0000000000000000000 ) ) ;
#9318 = CARTESIAN_POINT ( 'NONE',  ( 21.15000000000000200, -16.94289321881343100, -10.99999999999999800 ) ) ;
#9319 = VECTOR ( 'NONE', #9494, 1000.000000000000100 ) ;
#9320 = CARTESIAN_POINT ( 'NONE',  ( 15.50000000000000000, 15.50000000000000000, -10.49999999999999600 ) ) ;
#9321 = ORIENTED_EDGE ( 'NONE', *, *, #9551, .T. ) ;
#9322 = CARTESIAN_POINT ( 'NONE',  ( 18.19999999999999900, 15.50000000000000000, -10.99999999999999800 ) ) ;
#9324 = MECHANICAL_DESIGN_GEOMETRIC_PRESENTATION_REPRESENTATION (  '', ( #486 ), #1710 ) ;
#9323 = CARTESIAN_POINT ( 'NONE',  ( -1.800000000000000700, -39.15000000000002000, -12.65000000000000400 ) ) ;
#9325 = ORIENTED_EDGE ( 'NONE', *, *, #2381, .F. ) ;
#9326 = LINE ( 'NONE', #7995, #6452 ) ;
#9327 =( GEOMETRIC_REPRESENTATION_CONTEXT ( 3 ) GLOBAL_UNCERTAINTY_ASSIGNED_CONTEXT ( ( #10153 ) ) GLOBAL_UNIT_ASSIGNED_CONTEXT ( ( #5225, #5301, #1989 ) ) REPRESENTATION_CONTEXT ( 'NONE', 'WORKASPACE' ) );
#9328 = LINE ( 'NONE', #10586, #7488 ) ;
#9329 = EDGE_CURVE ( 'NONE', #6707, #6802, #2419, .T. ) ;
#9330 = DIRECTION ( 'NONE',  ( 0.0000000000000000000, -0.0000000000000000000, -1.000000000000000000 ) ) ;
#9331 = LINE ( 'NONE', #1560, #9850 ) ;
#9332 = SURFACE_SIDE_STYLE ('',( #7404 ) ) ;
#9333 = CARTESIAN_POINT ( 'NONE',  ( -16.00000000000000000, 1.959434878635765100E-015, 10.00000000000000000 ) ) ;
#9334 = ORIENTED_EDGE ( 'NONE', *, *, #5440, .F. ) ;
#9335 = LINE ( 'NONE', #7417, #7101 ) ;
#9336 =( LENGTH_UNIT ( ) NAMED_UNIT ( * ) SI_UNIT ( .MILLI., .METRE. ) );
#9337 = COLOUR_RGB ( '',0.2509803921568627400, 0.2509803921568627400, 0.2509803921568627400 ) ;
#9338 = DIRECTION ( 'NONE',  ( 0.0000000000000000000, -1.000000000000000000, 0.0000000000000000000 ) ) ;
#9339 = DIRECTION ( 'NONE',  ( 1.000000000000000000, -6.179303022933785000E-015, 0.0000000000000000000 ) ) ;
#9340 = EDGE_CURVE ( 'NONE', #10492, #4396, #2044, .T. ) ;
#9341 = ORIENTED_EDGE ( 'NONE', *, *, #6322, .T. ) ;
#9342 = ADVANCED_FACE ( 'NONE', ( #572 ), #7235, .T. ) ;
#9343 = CIRCLE ( 'NONE', #1777, 0.5000000000000004400 ) ;
#9344 = CARTESIAN_POINT ( 'NONE',  ( -1.640400450096271500E-016, -19.15000000000000600, 0.0000000000000000000 ) ) ;
#9345 = FACE_OUTER_BOUND ( 'NONE', #4198, .T. ) ;
#9346 = CARTESIAN_POINT ( 'NONE',  ( 20.64999999999999900, 16.94289321881343500, 9.500000000000000000 ) ) ;
#9347 = UNCERTAINTY_MEASURE_WITH_UNIT (LENGTH_MEASURE( 1.000000000000000100E-005 ), #904, 'distance_accuracy_value', 'NONE');
#9348 = EDGE_CURVE ( 'NONE', #9260, #5467, #1654, .T. ) ;
#9349 = CARTESIAN_POINT ( 'NONE',  ( -15.49999999999999600, 15.50000000000000000, 10.00000000000000000 ) ) ;
#9350 = STYLED_ITEM ( 'NONE', ( #2350 ), #4366 ) ;
#9351 = CARTESIAN_POINT ( 'NONE',  ( 16.94289321881344500, -20.65000000000000200, -10.99999999999999800 ) ) ;
#9352 = CARTESIAN_POINT ( 'NONE',  ( -15.50000000000087200, -15.49999999999912400, -9.499999999999998200 ) ) ;
#9353 =( NAMED_UNIT ( * ) PLANE_ANGLE_UNIT ( ) SI_UNIT ( $, .RADIAN. ) );
#9354 = VERTEX_POINT ( 'NONE', #1842 ) ;
#9355 = ADVANCED_FACE ( 'NONE', ( #10536 ), #312, .F. ) ;
#9356 = CARTESIAN_POINT ( 'NONE',  ( 0.0000000000000000000, 0.0000000000000000000, 9.500000000000000000 ) ) ;
#9357 = CYLINDRICAL_SURFACE ( 'NONE', #3766, 2.399999999999997700 ) ;
#9358 = LINE ( 'NONE', #6747, #6607 ) ;
#9359 = AXIS2_PLACEMENT_3D ( 'NONE', #2186, #3011, #2941 ) ;
#9360 = ORIENTED_EDGE ( 'NONE', *, *, #8750, .F. ) ;
#9361 = DIRECTION ( 'NONE',  ( -0.0000000000000000000, -0.0000000000000000000, 1.000000000000000000 ) ) ;
#9362 = CARTESIAN_POINT ( 'NONE',  ( -0.6000000000000010900, -39.15000000000002000, -13.35000000000000100 ) ) ;
#9363 = ORIENTED_EDGE ( 'NONE', *, *, #961, .T. ) ;
#9364 = DIRECTION ( 'NONE',  ( -1.000000000000000000, 0.0000000000000000000, 0.0000000000000000000 ) ) ;
#9365 = VECTOR ( 'NONE', #1880, 1000.000000000000000 ) ;
#9366 = DIRECTION ( 'NONE',  ( 0.0000000000000000000, 0.0000000000000000000, -1.000000000000000000 ) ) ;
#9367 = COLOUR_RGB ( '',0.2509803921568627400, 0.2509803921568627400, 0.2509803921568627400 ) ;
#9368 = CYLINDRICAL_SURFACE ( 'NONE', #691, 2.399999999999997700 ) ;
#9370 = STYLED_ITEM ( 'NONE', ( #7678 ), #514 ) ;
#9369 = DIRECTION ( 'NONE',  ( -1.224646799147353200E-016, 1.000000000000000000, 0.0000000000000000000 ) ) ;
#9371 =( NAMED_UNIT ( * ) PLANE_ANGLE_UNIT ( ) SI_UNIT ( $, .RADIAN. ) );
#9372 = VERTEX_POINT ( 'NONE', #9318 ) ;
#9373 = MECHANICAL_DESIGN_GEOMETRIC_PRESENTATION_REPRESENTATION (  '', ( #2441 ), #2784 ) ;
#9374 = EDGE_CURVE ( 'NONE', #6364, #85, #7783, .T. ) ;
#9375 = COLOUR_RGB ( '',0.2509803921568627400, 0.2509803921568627400, 0.2509803921568627400 ) ;
#9376 =( GEOMETRIC_REPRESENTATION_CONTEXT ( 3 ) GLOBAL_UNCERTAINTY_ASSIGNED_CONTEXT ( ( #1325 ) ) GLOBAL_UNIT_ASSIGNED_CONTEXT ( ( #8338, #3327, #5742 ) ) REPRESENTATION_CONTEXT ( 'NONE', 'WORKASPACE' ) );
#9378 = SURFACE_STYLE_USAGE ( .BOTH. , #8427 ) ;
#9377 = CIRCLE ( 'NONE', #8514, 2.749999999999999100 ) ;
#9379 = ORIENTED_EDGE ( 'NONE', *, *, #4497, .T. ) ;
#9380 = FILL_AREA_STYLE ('',( #8544 ) ) ;
#9381 = SURFACE_SIDE_STYLE ('',( #5189 ) ) ;
#9382 = DIRECTION ( 'NONE',  ( 1.224646799147353200E-016, 1.000000000000000000, -0.0000000000000000000 ) ) ;
#9383 = SURFACE_STYLE_USAGE ( .BOTH. , #3530 ) ;
#9384 = MECHANICAL_DESIGN_GEOMETRIC_PRESENTATION_REPRESENTATION (  '', ( #7710 ), #6990 ) ;
#9385 = LINE ( 'NONE', #10677, #2841 ) ;
#9386 = ORIENTED_EDGE ( 'NONE', *, *, #1899, .F. ) ;
#9387 = STYLED_ITEM ( 'NONE', ( #9730 ), #6430 ) ;
#9388 = DIRECTION ( 'NONE',  ( 0.0000000000000000000, 0.0000000000000000000, -1.000000000000000000 ) ) ;
#9389 = DIRECTION ( 'NONE',  ( -0.7071067811865460200, -0.7071067811865490200, 0.0000000000000000000 ) ) ;
#9390 = LINE ( 'NONE', #10853, #7153 ) ;
#9391 = EDGE_CURVE ( 'NONE', #6488, #6424, #6334, .T. ) ;
#9392 = CARTESIAN_POINT ( 'NONE',  ( -16.94289321881344200, -21.15000000000000600, 2.000000000000000000 ) ) ;
#9393 = FILL_AREA_STYLE_COLOUR ( '', #2452 ) ;
#9394 =( LENGTH_UNIT ( ) NAMED_UNIT ( * ) SI_UNIT ( .MILLI., .METRE. ) );
#9395 = VECTOR ( 'NONE', #1537, 1000.000000000000000 ) ;
#9396 = CARTESIAN_POINT ( 'NONE',  ( -15.96497596851091000, 15.01375035175259500, -9.499999999999998200 ) ) ;
#9397 = FACE_OUTER_BOUND ( 'NONE', #2639, .T. ) ;
#9398 = ORIENTED_EDGE ( 'NONE', *, *, #7660, .F. ) ;
#9399 = ORIENTED_EDGE ( 'NONE', *, *, #2315, .T. ) ;
#9400 = ADVANCED_FACE ( 'NONE', ( #3853 ), #9739, .F. ) ;
#9401 = CARTESIAN_POINT ( 'NONE',  ( -15.98624964825070400, -15.96497596850949400, -10.99999999999999800 ) ) ;
#9402 = VECTOR ( 'NONE', #1252, 1000.000000000000000 ) ;
#9403 = VECTOR ( 'NONE', #2460, 1000.000000000000000 ) ;
#9404 = DIRECTION ( 'NONE',  ( 0.0000000000000000000, 0.0000000000000000000, 1.000000000000000000 ) ) ;
#9405 = DIRECTION ( 'NONE',  ( -0.0000000000000000000, -0.0000000000000000000, -1.000000000000000000 ) ) ;
#9406 = CARTESIAN_POINT ( 'NONE',  ( 0.0000000000000000000, 0.0000000000000000000, 4.000000000000003600 ) ) ;
#9407 = SURFACE_STYLE_USAGE ( .BOTH. , #9299 ) ;
#9408 = EDGE_CURVE ( 'NONE', #7173, #4211, #2160, .T. ) ;
#9409 = VERTEX_POINT ( 'NONE', #5987 ) ;
#9410 = ADVANCED_FACE ( 'NONE', ( #10400 ), #8157, .T. ) ;
#9411 = CARTESIAN_POINT ( 'NONE',  ( -20.64999999999999500, -16.94289321881344500, -11.49999999999999800 ) ) ;
#9412 = VERTEX_POINT ( 'NONE', #964 ) ;
#9413 = ORIENTED_EDGE ( 'NONE', *, *, #6716, .T. ) ;
#9414 = DIRECTION ( 'NONE',  ( -0.0000000000000000000, -0.0000000000000000000, -1.000000000000000000 ) ) ;
#9415 = UNCERTAINTY_MEASURE_WITH_UNIT (LENGTH_MEASURE( 1.000000000000000100E-005 ), #6073, 'distance_accuracy_value', 'NONE');
#9416 = SURFACE_STYLE_USAGE ( .BOTH. , #9455 ) ;
#9417 = EDGE_CURVE ( 'NONE', #6815, #5372, #6189, .T. ) ;
#9418 = AXIS2_PLACEMENT_3D ( 'NONE', #6537, #1556, #7380 ) ;
#9419 = FILL_AREA_STYLE_COLOUR ( '', #1371 ) ;
#9420 = ORIENTED_EDGE ( 'NONE', *, *, #784, .F. ) ;
#9421 = CIRCLE ( 'NONE', #7524, 0.5000000000000004400 ) ;
#9422 = SURFACE_STYLE_FILL_AREA ( #10323 ) ;
#9423 = ORIENTED_EDGE ( 'NONE', *, *, #9053, .T. ) ;
#9424 = AXIS2_PLACEMENT_3D ( 'NONE', #8075, #8005, #7254 ) ;
#9425 = SURFACE_SIDE_STYLE ('',( #2908 ) ) ;
#9426 = SURFACE_STYLE_USAGE ( .BOTH. , #5377 ) ;
#9427 = CARTESIAN_POINT ( 'NONE',  ( 16.94289321881344200, -20.65000000000000600, 10.00000000000000000 ) ) ;
#9428 = DIRECTION ( 'NONE',  ( -0.0000000000000000000, -0.0000000000000000000, 1.000000000000000000 ) ) ;
#9429 = EDGE_LOOP ( 'NONE', ( #2640, #10196, #6230, #169 ) ) ;
#9430 = VECTOR ( 'NONE', #10084, 1000.000000000000000 ) ;
#9431 = FACE_BOUND ( 'NONE', #2219, .T. ) ;
#9432 =( NAMED_UNIT ( * ) SI_UNIT ( $, .STERADIAN. ) SOLID_ANGLE_UNIT ( ) );
#9433 = CIRCLE ( 'NONE', #8185, 2.500000000000000000 ) ;
#9434 = FACE_OUTER_BOUND ( 'NONE', #4873, .T. ) ;
#9435 = ORIENTED_EDGE ( 'NONE', *, *, #7216, .F. ) ;
#9436 = ORIENTED_EDGE ( 'NONE', *, *, #6980, .F. ) ;
#9437 = AXIS2_PLACEMENT_3D ( 'NONE', #6475, #4102, #1522 ) ;
#9438 = AXIS2_PLACEMENT_3D ( 'NONE', #3232, #4087, #4926 ) ;
#9439 = CARTESIAN_POINT ( 'NONE',  ( 15.98624964824874800, 16.80716972541398100, -9.499999999999998200 ) ) ;
#9440 = ORIENTED_EDGE ( 'NONE', *, *, #3262, .T. ) ;
#9441 = AXIS2_PLACEMENT_3D ( 'NONE', #2943, #7816, #377 ) ;
#9442 =( LENGTH_UNIT ( ) NAMED_UNIT ( * ) SI_UNIT ( .MILLI., .METRE. ) );
#9443 = VECTOR ( 'NONE', #10408, 1000.000000000000000 ) ;
#9444 = AXIS2_PLACEMENT_3D ( 'NONE', #9804, #8025, #581 ) ;
#9445 = FACE_OUTER_BOUND ( 'NONE', #6367, .T. ) ;
#9446 =( NAMED_UNIT ( * ) PLANE_ANGLE_UNIT ( ) SI_UNIT ( $, .RADIAN. ) );
#9448 = ORIENTED_EDGE ( 'NONE', *, *, #9758, .T. ) ;
#9447 =( LENGTH_UNIT ( ) NAMED_UNIT ( * ) SI_UNIT ( .MILLI., .METRE. ) );
#9449 = EDGE_LOOP ( 'NONE', ( #5794, #1147 ) ) ;
#9450 = FILL_AREA_STYLE ('',( #5211 ) ) ;
#9451 = SURFACE_SIDE_STYLE ('',( #622 ) ) ;
#9452 = ORIENTED_EDGE ( 'NONE', *, *, #9766, .T. ) ;
#9453 = COLOUR_RGB ( '',0.2509803921568627400, 0.2509803921568627400, 0.2509803921568627400 ) ;
#9454 = EDGE_CURVE ( 'NONE', #3788, #10548, #855, .T. ) ;
#9455 = SURFACE_SIDE_STYLE ('',( #2052 ) ) ;
#9456 =( GEOMETRIC_REPRESENTATION_CONTEXT ( 3 ) GLOBAL_UNCERTAINTY_ASSIGNED_CONTEXT ( ( #10768 ) ) GLOBAL_UNIT_ASSIGNED_CONTEXT ( ( #4167, #3175, #5803 ) ) REPRESENTATION_CONTEXT ( 'NONE', 'WORKASPACE' ) );
#9457 = ADVANCED_FACE ( 'NONE', ( #4375 ), #5802, .F. ) ;
#9458 = SURFACE_STYLE_USAGE ( .BOTH. , #7067 ) ;
#9459 =( GEOMETRIC_REPRESENTATION_CONTEXT ( 3 ) GLOBAL_UNCERTAINTY_ASSIGNED_CONTEXT ( ( #923 ) ) GLOBAL_UNIT_ASSIGNED_CONTEXT ( ( #9204, #5073, #55 ) ) REPRESENTATION_CONTEXT ( 'NONE', 'WORKASPACE' ) );
#9460 = EDGE_CURVE ( 'NONE', #8960, #7984, #10121, .T. ) ;
#9461 = ORIENTED_EDGE ( 'NONE', *, *, #3136, .T. ) ;
#9462 = ORIENTED_EDGE ( 'NONE', *, *, #7203, .F. ) ;
#9463 = CYLINDRICAL_SURFACE ( 'NONE', #842, 1.249999999999997600 ) ;
#9464 = FILL_AREA_STYLE ('',( #6052 ) ) ;
#9465 = ADVANCED_FACE ( 'NONE', ( #2033 ), #3426, .T. ) ;
#9467 = DIRECTION ( 'NONE',  ( 0.0000000000000000000, 0.0000000000000000000, 1.000000000000000000 ) ) ;
#9466 = MECHANICAL_DESIGN_GEOMETRIC_PRESENTATION_REPRESENTATION (  '', ( #423 ), #6087 ) ;
#9468 = CARTESIAN_POINT ( 'NONE',  ( -14.25001964264661500, -15.96497596850949400, -9.499999999999998200 ) ) ;
#9469 = EDGE_CURVE ( 'NONE', #2546, #3302, #5934, .T. ) ;
#9470 = ORIENTED_EDGE ( 'NONE', *, *, #8428, .T. ) ;
#9471 = DIRECTION ( 'NONE',  ( 1.000000000000000000, 0.0000000000000000000, 0.0000000000000000000 ) ) ;
#9472 = PRESENTATION_STYLE_ASSIGNMENT (( #9264 ) ) ;
#9473 = EDGE_LOOP ( 'NONE', ( #2499, #1694, #3350, #316 ) ) ;
#9474 =( NAMED_UNIT ( * ) SI_UNIT ( $, .STERADIAN. ) SOLID_ANGLE_UNIT ( ) );
#9475 = CARTESIAN_POINT ( 'NONE',  ( -1.034555470891352700, 2.000000000000000000, 29.76036669716650700 ) ) ;
#9476 = VECTOR ( 'NONE', #4388, 1000.000000000000200 ) ;
#9477 = CARTESIAN_POINT ( 'NONE',  ( 0.0000000000000000000, 0.0000000000000000000, -3.499999999999997800 ) ) ;
#9478 = ORIENTED_EDGE ( 'NONE', *, *, #1257, .F. ) ;
#9479 = EDGE_CURVE ( 'NONE', #6256, #7894, #2541, .T. ) ;
#9480 = AXIS2_PLACEMENT_3D ( 'NONE', #8510, #10042, #5157 ) ;
#9481 = DIRECTION ( 'NONE',  ( 0.0000000000000000000, 0.0000000000000000000, 1.000000000000000000 ) ) ;
#9482 = CARTESIAN_POINT ( 'NONE',  ( 0.0000000000000000000, 0.0000000000000000000, 11.50000000000000000 ) ) ;
#9483 = SURFACE_STYLE_FILL_AREA ( #9126 ) ;
#9484 = DIRECTION ( 'NONE',  ( -0.0000000000000000000, 1.000000000000000000, -0.0000000000000000000 ) ) ;
#9485 = ORIENTED_EDGE ( 'NONE', *, *, #1057, .F. ) ;
#9486 = UNCERTAINTY_MEASURE_WITH_UNIT (LENGTH_MEASURE( 1.000000000000000100E-005 ), #5126, 'distance_accuracy_value', 'NONE');
#9487 = CARTESIAN_POINT ( 'NONE',  ( 18.74999999999999600, 15.50000000000000000, -10.99999999999999800 ) ) ;
#9488 = TOROIDAL_SURFACE ( 'NONE', #5780, 1.900000000000000600, 0.5000000000000000000 ) ;
#9489 = CYLINDRICAL_SURFACE ( 'NONE', #10569, 0.5000000000000004400 ) ;
#9490 = CYLINDRICAL_SURFACE ( 'NONE', #7117, 0.5000000000000004400 ) ;
#9491 = PRESENTATION_STYLE_ASSIGNMENT (( #8000 ) ) ;
#9492 = VERTEX_POINT ( 'NONE', #7525 ) ;
#9493 = PRESENTATION_LAYER_ASSIGNMENT (  '', '', ( #10697 ) ) ;
#9494 = DIRECTION ( 'NONE',  ( -0.7423134210256133700, 0.0000000000000000000, -0.6700528225186805900 ) ) ;
#9495 = CARTESIAN_POINT ( 'NONE',  ( 15.03502403148815200, -15.98624964824929200, -10.99999999999999800 ) ) ;
#9496 = FILL_AREA_STYLE_COLOUR ( '', #3643 ) ;
#9497 = DIRECTION ( 'NONE',  ( 0.0000000000000000000, 0.0000000000000000000, -1.000000000000000000 ) ) ;
#9498 = SURFACE_STYLE_FILL_AREA ( #1338 ) ;
#9499 = DIRECTION ( 'NONE',  ( -0.0000000000000000000, -0.0000000000000000000, -1.000000000000000000 ) ) ;
#9500 = ORIENTED_EDGE ( 'NONE', *, *, #6519, .F. ) ;
#9501 = EDGE_CURVE ( 'NONE', #1749, #9837, #5297, .T. ) ;
#9502 = FACE_OUTER_BOUND ( 'NONE', #6719, .T. ) ;
#9503 = AXIS2_PLACEMENT_3D ( 'NONE', #1544, #8472, #4190 ) ;
#9504 = ADVANCED_FACE ( 'NONE', ( #7896 ), #4223, .F. ) ;
#9505 = ORIENTED_EDGE ( 'NONE', *, *, #1096, .F. ) ;
#9506 = DIRECTION ( 'NONE',  ( 8.202002250481357500E-017, -1.000000000000000000, 0.0000000000000000000 ) ) ;
#9507 = CARTESIAN_POINT ( 'NONE',  ( 0.0000000000000000000, 2.000000000000000000, 30.00000000000000000 ) ) ;
#9508 = VECTOR ( 'NONE', #5973, 1000.000000000000000 ) ;
#9510 = EDGE_LOOP ( 'NONE', ( #3549, #2247, #2008, #2041 ) ) ;
#9509 =( LENGTH_UNIT ( ) NAMED_UNIT ( * ) SI_UNIT ( .MILLI., .METRE. ) );
#9511 = CIRCLE ( 'NONE', #4802, 2.399999999999999500 ) ;
#9512 = FILL_AREA_STYLE_COLOUR ( '', #1876 ) ;
#9513 = STYLED_ITEM ( 'NONE', ( #7131 ), #5421 ) ;
#9514 = EDGE_CURVE ( 'NONE', #5017, #9701, #6977, .T. ) ;
#9515 = ADVANCED_FACE ( 'NONE', ( #5675 ), #1248, .F. ) ;
#9516 = DIRECTION ( 'NONE',  ( 0.0000000000000000000, 0.0000000000000000000, -1.000000000000000000 ) ) ;
#9517 = AXIS2_PLACEMENT_3D ( 'NONE', #7223, #3206, #3099 ) ;
#9518 = DIRECTION ( 'NONE',  ( 0.0000000000000000000, 0.0000000000000000000, 1.000000000000000000 ) ) ;
#9519 = FACE_OUTER_BOUND ( 'NONE', #9889, .T. ) ;
#9520 = CARTESIAN_POINT ( 'NONE',  ( 15.96497596850902000, -16.74998035735574600, -10.99999999999999800 ) ) ;
#9521 = VERTEX_POINT ( 'NONE', #9228 ) ;
#9522 = DIRECTION ( 'NONE',  ( -0.0000000000000000000, -0.0000000000000000000, 1.000000000000000000 ) ) ;
#9523 = PLANE ( 'NONE',  #5115 ) ;
#9524 = DIRECTION ( 'NONE',  ( -0.0000000000000000000, 1.000000000000000000, -0.0000000000000000000 ) ) ;
#9525 = PRESENTATION_LAYER_ASSIGNMENT (  '', '', ( #8762 ) ) ;
#9526 = FACE_OUTER_BOUND ( 'NONE', #811, .T. ) ;
#9527 = AXIS2_PLACEMENT_3D ( 'NONE', #7553, #6595, #1616 ) ;
#9528 = DIRECTION ( 'NONE',  ( -0.0000000000000000000, -0.0000000000000000000, -1.000000000000000000 ) ) ;
#9529 = DIRECTION ( 'NONE',  ( -1.000000000000000000, 0.0000000000000000000, -0.0000000000000000000 ) ) ;
#9530 = EDGE_LOOP ( 'NONE', ( #2622, #257, #2727, #7441 ) ) ;
#9531 = EDGE_CURVE ( 'NONE', #7586, #6620, #3320, .T. ) ;
#9532 = SURFACE_SIDE_STYLE ('',( #1386 ) ) ;
#9533 = DIRECTION ( 'NONE',  ( -1.000000000000000000, 0.0000000000000000000, -1.668003342285391600E-016 ) ) ;
#9534 = LINE ( 'NONE', #5516, #4041 ) ;
#9535 = CARTESIAN_POINT ( 'NONE',  ( -13.10000000000087000, -15.49999999999912400, -10.49999999999999600 ) ) ;
#9536 = FACE_OUTER_BOUND ( 'NONE', #6408, .T. ) ;
#9537 = ORIENTED_EDGE ( 'NONE', *, *, #7771, .T. ) ;
#9538 = CARTESIAN_POINT ( 'NONE',  ( 0.0000000000000000000, 0.0000000000000000000, -9.499999999999998200 ) ) ;
#9539 = SURFACE_SIDE_STYLE ('',( #3905 ) ) ;
#9540 = CARTESIAN_POINT ( 'NONE',  ( 16.74998035735527000, 15.03502403148956300, -9.499999999999998200 ) ) ;
#9541 = VERTEX_POINT ( 'NONE', #4291 ) ;
#9542 = DIRECTION ( 'NONE',  ( 0.0000000000000000000, -0.0000000000000000000, -1.000000000000000000 ) ) ;
#9543 = AXIS2_PLACEMENT_3D ( 'NONE', #711, #9047, #5708 ) ;
#9544 = SURFACE_STYLE_FILL_AREA ( #4081 ) ;
#9545 = CARTESIAN_POINT ( 'NONE',  ( -14.24999999999999600, -15.50000000000000400, 5.500000000000000000 ) ) ;
#9546 = CARTESIAN_POINT ( 'NONE',  ( -20.64999999999999500, 16.94289321881343100, -11.49999999999999800 ) ) ;
#9547 = FILL_AREA_STYLE_COLOUR ( '', #8344 ) ;
#9548 = ORIENTED_EDGE ( 'NONE', *, *, #5615, .F. ) ;
#9549 = VERTEX_POINT ( 'NONE', #5859 ) ;
#9550 = CARTESIAN_POINT ( 'NONE',  ( 3.599999999999996100, -19.15000000000000600, -8.999999999999992900 ) ) ;
#9551 = EDGE_CURVE ( 'NONE', #3294, #7173, #5553, .T. ) ;
#9552 = UNCERTAINTY_MEASURE_WITH_UNIT (LENGTH_MEASURE( 1.000000000000000100E-005 ), #2586, 'distance_accuracy_value', 'NONE');
#9553 = DIRECTION ( 'NONE',  ( -1.000000000000000000, 0.0000000000000000000, 0.0000000000000000000 ) ) ;
#9554 = ORIENTED_EDGE ( 'NONE', *, *, #8699, .T. ) ;
#9555 =( NAMED_UNIT ( * ) SI_UNIT ( $, .STERADIAN. ) SOLID_ANGLE_UNIT ( ) );
#9556 = DIRECTION ( 'NONE',  ( -5.351335930702252500E-015, 1.000000000000000000, 0.0000000000000000000 ) ) ;
#9557 = DIRECTION ( 'NONE',  ( 0.0000000000000000000, 0.0000000000000000000, -1.000000000000000000 ) ) ;
#9558 = ADVANCED_FACE ( 'NONE', ( #8423 ), #1798, .F. ) ;
#9559 = DIRECTION ( 'NONE',  ( -1.000000000000000000, 0.0000000000000000000, 0.0000000000000000000 ) ) ;
#9560 = EDGE_CURVE ( 'NONE', #4084, #4442, #9202, .T. ) ;
#9561 = AXIS2_PLACEMENT_3D ( 'NONE', #8404, #10157, #5876 ) ;
#9562 = DIRECTION ( 'NONE',  ( -0.0000000000000000000, -0.0000000000000000000, -1.000000000000000000 ) ) ;
#9563 = EDGE_LOOP ( 'NONE', ( #3850, #7608, #10740, #3360, #2511 ) ) ;
#9564 = TOROIDAL_SURFACE ( 'NONE', #5685, 1.900000000000000600, 0.5000000000000000000 ) ;
#9565 = FACE_BOUND ( 'NONE', #3177, .T. ) ;
#9566 = STYLED_ITEM ( 'NONE', ( #6749 ), #8678 ) ;
#9567 = DIRECTION ( 'NONE',  ( 0.0000000000000000000, 0.0000000000000000000, 1.000000000000000000 ) ) ;
#9568 = ORIENTED_EDGE ( 'NONE', *, *, #413, .T. ) ;
#9569 = EDGE_LOOP ( 'NONE', ( #9537, #3973, #10787, #9117 ) ) ;
#9570 = DIRECTION ( 'NONE',  ( 1.000000000000000000, 0.0000000000000000000, 0.0000000000000000000 ) ) ;
#9571 = FACE_OUTER_BOUND ( 'NONE', #6001, .T. ) ;
#9572 = DIRECTION ( 'NONE',  ( -4.542762141924042900E-015, -1.000000000000000000, 0.0000000000000000000 ) ) ;
#9573 = ADVANCED_FACE ( 'NONE', ( #3978 ), #4748, .T. ) ;
#9574 = SURFACE_SIDE_STYLE ('',( #7105 ) ) ;
#9575 = DIRECTION ( 'NONE',  ( -1.000000000000000000, 0.0000000000000000000, 0.0000000000000000000 ) ) ;
#9576 = ORIENTED_EDGE ( 'NONE', *, *, #5595, .T. ) ;
#9577 = LINE ( 'NONE', #7652, #10754 ) ;
#9578 = CARTESIAN_POINT ( 'NONE',  ( 21.00355339059327900, -17.29644660940672600, 10.00000000000000000 ) ) ;
#9579 = DIRECTION ( 'NONE',  ( -0.7071067811865510100, -0.7071067811865441300, 4.814824860968079500E-029 ) ) ;
#9580 = MECHANICAL_DESIGN_GEOMETRIC_PRESENTATION_REPRESENTATION (  '', ( #2324 ), #1189 ) ;
#9581 = ORIENTED_EDGE ( 'NONE', *, *, #7912, .T. ) ;
#9582 = VECTOR ( 'NONE', #3678, 1000.000000000000000 ) ;
#9583 =( GEOMETRIC_REPRESENTATION_CONTEXT ( 3 ) GLOBAL_UNCERTAINTY_ASSIGNED_CONTEXT ( ( #10630 ) ) GLOBAL_UNIT_ASSIGNED_CONTEXT ( ( #215, #5281, #3655 ) ) REPRESENTATION_CONTEXT ( 'NONE', 'WORKASPACE' ) );
#9584 = VERTEX_POINT ( 'NONE', #877 ) ;
#9585 = CARTESIAN_POINT ( 'NONE',  ( -15.50000000000087200, -15.49999999999912400, -11.49999999999999800 ) ) ;
#9586 = DIRECTION ( 'NONE',  ( 1.000000000000000000, 0.0000000000000000000, 0.0000000000000000000 ) ) ;
#9587 = EDGE_CURVE ( 'NONE', #1385, #4335, #10776, .T. ) ;
#9588 = DIRECTION ( 'NONE',  ( 1.000000000000000000, 0.0000000000000000000, 0.0000000000000000000 ) ) ;
#9589 = DIRECTION ( 'NONE',  ( -0.7071067811865493500, -0.7071067811865456900, -0.0000000000000000000 ) ) ;
#9590 = STYLED_ITEM ( 'NONE', ( #147 ), #10173 ) ;
#9591 = DIRECTION ( 'NONE',  ( 0.0000000000000000000, -0.0000000000000000000, -1.000000000000000000 ) ) ;
#9592 = CARTESIAN_POINT ( 'NONE',  ( -13.32957238623954800, -21.15000000000000600, -63.34951795962939500 ) ) ;
#9593 = VERTEX_POINT ( 'NONE', #909 ) ;
#9594 = SURFACE_STYLE_FILL_AREA ( #2829 ) ;
#9595 = DIRECTION ( 'NONE',  ( 0.0000000000000000000, -0.0000000000000000000, -1.000000000000000000 ) ) ;
#9596 = PRESENTATION_STYLE_ASSIGNMENT (( #9144 ) ) ;
#9597 = CARTESIAN_POINT ( 'NONE',  ( 2.500000000000000000, 3.061616997868383100E-016, -8.499999999999996400 ) ) ;
#9598 = ORIENTED_EDGE ( 'NONE', *, *, #7912, .F. ) ;
#9599 = CARTESIAN_POINT ( 'NONE',  ( -21.14999999999999500, -13.32957238623956400, -1.500000000000001300 ) ) ;
#9600 = AXIS2_PLACEMENT_3D ( 'NONE', #6781, #9382, #4299 ) ;
#9601 = ORIENTED_EDGE ( 'NONE', *, *, #3946, .T. ) ;
#9602 = CIRCLE ( 'NONE', #2451, 0.5000000000000004400 ) ;
#9603 =( GEOMETRIC_REPRESENTATION_CONTEXT ( 3 ) GLOBAL_UNCERTAINTY_ASSIGNED_CONTEXT ( ( #1263 ) ) GLOBAL_UNIT_ASSIGNED_CONTEXT ( ( #2132, #7923, #10349 ) ) REPRESENTATION_CONTEXT ( 'NONE', 'WORKASPACE' ) );
#9604 = EDGE_CURVE ( 'NONE', #10533, #7049, #4106, .T. ) ;
#9605 = SURFACE_STYLE_USAGE ( .BOTH. , #7954 ) ;
#9606 = DIRECTION ( 'NONE',  ( 0.0000000000000000000, 0.0000000000000000000, 1.000000000000000000 ) ) ;
#9607 = ORIENTED_EDGE ( 'NONE', *, *, #7807, .F. ) ;
#9608 =( NAMED_UNIT ( * ) PLANE_ANGLE_UNIT ( ) SI_UNIT ( $, .RADIAN. ) );
#9609 = FACE_BOUND ( 'NONE', #348, .T. ) ;
#9610 = DIRECTION ( 'NONE',  ( 1.000000000000000000, 0.0000000000000000000, 0.0000000000000000000 ) ) ;
#9611 = CARTESIAN_POINT ( 'NONE',  ( 0.5999999999999987600, -39.15000000000002000, -13.85000000000000300 ) ) ;
#9612 = AXIS2_PLACEMENT_3D ( 'NONE', #8993, #3213, #7418 ) ;
#9613 = AXIS2_PLACEMENT_3D ( 'NONE', #10212, #1866, #191 ) ;
#9614 = UNCERTAINTY_MEASURE_WITH_UNIT (LENGTH_MEASURE( 1.000000000000000100E-005 ), #3321, 'distance_accuracy_value', 'NONE');
#9615 = CARTESIAN_POINT ( 'NONE',  ( 15.49999999999912400, -15.50000000000000200, -10.99999999999999800 ) ) ;
#9616 = ORIENTED_EDGE ( 'NONE', *, *, #1212, .F. ) ;
#9617 = EDGE_CURVE ( 'NONE', #2270, #7770, #8031, .T. ) ;
#9618 = ADVANCED_FACE ( 'NONE', ( #2783 ), #2532, .T. ) ;
#9619 =( NAMED_UNIT ( * ) SI_UNIT ( $, .STERADIAN. ) SOLID_ANGLE_UNIT ( ) );
#9620 = DIRECTION ( 'NONE',  ( 1.000000000000000000, 0.0000000000000000000, 0.0000000000000000000 ) ) ;
#9621 = VERTEX_POINT ( 'NONE', #2748 ) ;
#9622 = PLANE ( 'NONE',  #3911 ) ;
#9623 = DIRECTION ( 'NONE',  ( 0.0000000000000000000, -1.000000000000000000, -0.0000000000000000000 ) ) ;
#9624 = CYLINDRICAL_SURFACE ( 'NONE', #4671, 3.500000000000000000 ) ;
#9625 = DIRECTION ( 'NONE',  ( 0.0000000000000000000, 0.0000000000000000000, -1.000000000000000000 ) ) ;
#9626 = DIRECTION ( 'NONE',  ( -0.7071067811865406900, 0.7071067811865544600, 0.0000000000000000000 ) ) ;
#9627 = ORIENTED_EDGE ( 'NONE', *, *, #9340, .T. ) ;
#9628 = UNCERTAINTY_MEASURE_WITH_UNIT (LENGTH_MEASURE( 1.000000000000000100E-005 ), #9336, 'distance_accuracy_value', 'NONE');
#9629 = EDGE_CURVE ( 'NONE', #4650, #6200, #6711, .T. ) ;
#9630 = AXIS2_PLACEMENT_3D ( 'NONE', #7837, #10363, #7017 ) ;
#9631 = ADVANCED_FACE ( 'NONE', ( #7225 ), #7657, .F. ) ;
#9632 = CARTESIAN_POINT ( 'NONE',  ( 0.0000000000000000000, 0.0000000000000000000, 30.00000000000000000 ) ) ;
#9633 = LINE ( 'NONE', #4789, #10145 ) ;
#9634 = ORIENTED_EDGE ( 'NONE', *, *, #1983, .F. ) ;
#9635 = LINE ( 'NONE', #5528, #7395 ) ;
#9636 = LINE ( 'NONE', #8163, #10432 ) ;
#9637 = CIRCLE ( 'NONE', #3133, 10.49999999999999800 ) ;
#9638 = DIRECTION ( 'NONE',  ( 1.000000000000000000, 0.0000000000000000000, 0.0000000000000000000 ) ) ;
#9639 =( GEOMETRIC_REPRESENTATION_CONTEXT ( 3 ) GLOBAL_UNCERTAINTY_ASSIGNED_CONTEXT ( ( #781 ) ) GLOBAL_UNIT_ASSIGNED_CONTEXT ( ( #6889, #9353, #7759 ) ) REPRESENTATION_CONTEXT ( 'NONE', 'WORKASPACE' ) );
#9640 = VERTEX_POINT ( 'NONE', #5325 ) ;
#9641 = ORIENTED_EDGE ( 'NONE', *, *, #4504, .T. ) ;
#9642 = LINE ( 'NONE', #4674, #6365 ) ;
#9643 = FILL_AREA_STYLE_COLOUR ( '', #2560 ) ;
#9644 = DIRECTION ( 'NONE',  ( -0.0000000000000000000, -0.0000000000000000000, -1.000000000000000000 ) ) ;
#9645 = CARTESIAN_POINT ( 'NONE',  ( -15.49999999999999600, 15.50000000000087400, -11.49999999999999800 ) ) ;
#9646 = DIRECTION ( 'NONE',  ( -0.0000000000000000000, -0.0000000000000000000, -1.000000000000000000 ) ) ;
#9647 = AXIS2_PLACEMENT_3D ( 'NONE', #1309, #7125, #2206 ) ;
#9648 = EDGE_CURVE ( 'NONE', #6570, #4039, #9977, .T. ) ;
#9649 = DIRECTION ( 'NONE',  ( -1.000000000000000000, 0.0000000000000000000, 0.0000000000000000000 ) ) ;
#9650 =( GEOMETRIC_REPRESENTATION_CONTEXT ( 3 ) GLOBAL_UNCERTAINTY_ASSIGNED_CONTEXT ( ( #715 ) ) GLOBAL_UNIT_ASSIGNED_CONTEXT ( ( #518, #1355, #2979 ) ) REPRESENTATION_CONTEXT ( 'NONE', 'WORKASPACE' ) );
#9651 = PRESENTATION_STYLE_ASSIGNMENT (( #5205 ) ) ;
#9652 =( GEOMETRIC_REPRESENTATION_CONTEXT ( 3 ) GLOBAL_UNCERTAINTY_ASSIGNED_CONTEXT ( ( #4861 ) ) GLOBAL_UNIT_ASSIGNED_CONTEXT ( ( #9158, #7472, #7584 ) ) REPRESENTATION_CONTEXT ( 'NONE', 'WORKASPACE' ) );
#9653 = COLOUR_RGB ( '',0.2509803921568627400, 0.2509803921568627400, 0.2509803921568627400 ) ;
#9654 = ORIENTED_EDGE ( 'NONE', *, *, #9167, .F. ) ;
#9655 = LINE ( 'NONE', #4155, #762 ) ;
#9656 = DIRECTION ( 'NONE',  ( 0.0000000000000000000, 0.0000000000000000000, 1.000000000000000000 ) ) ;
#9657 = DIRECTION ( 'NONE',  ( -1.000000000000000000, -6.938893903907221300E-015, 0.0000000000000000000 ) ) ;
#9658 = FILL_AREA_STYLE ('',( #2037 ) ) ;
#9659 =( NAMED_UNIT ( * ) PLANE_ANGLE_UNIT ( ) SI_UNIT ( $, .RADIAN. ) );
#9660 = EDGE_CURVE ( 'NONE', #6301, #8896, #10529, .T. ) ;
#9661 = AXIS2_PLACEMENT_3D ( 'NONE', #10156, #6722, #7566 ) ;
#9662 = ORIENTED_EDGE ( 'NONE', *, *, #4591, .F. ) ;
#9663 = ORIENTED_EDGE ( 'NONE', *, *, #9936, .T. ) ;
#9664 = FACE_OUTER_BOUND ( 'NONE', #4132, .T. ) ;
#9665 = MECHANICAL_DESIGN_GEOMETRIC_PRESENTATION_REPRESENTATION (  '', ( #9311 ), #4821 ) ;
#9666 = EDGE_CURVE ( 'NONE', #5776, #10391, #2411, .T. ) ;
#9667 = PRESENTATION_LAYER_ASSIGNMENT (  '', '', ( #10076 ) ) ;
#9668 = ADVANCED_FACE ( 'NONE', ( #2930 ), #9463, .F. ) ;
#9669 = DIRECTION ( 'NONE',  ( 1.865390464730955100E-015, -1.000000000000000000, 0.0000000000000000000 ) ) ;
#9670 = ORIENTED_EDGE ( 'NONE', *, *, #10257, .T. ) ;
#9671 = LINE ( 'NONE', #5740, #6003 ) ;
#9672 = AXIS2_PLACEMENT_3D ( 'NONE', #4083, #2433, #874 ) ;
#9673 = ORIENTED_EDGE ( 'NONE', *, *, #5625, .F. ) ;
#9674 = EDGE_LOOP ( 'NONE', ( #1363, #6679 ) ) ;
#9675 =( GEOMETRIC_REPRESENTATION_CONTEXT ( 3 ) GLOBAL_UNCERTAINTY_ASSIGNED_CONTEXT ( ( #5477 ) ) GLOBAL_UNIT_ASSIGNED_CONTEXT ( ( #8767, #5483, #4550 ) ) REPRESENTATION_CONTEXT ( 'NONE', 'WORKASPACE' ) );
#9676 = DIRECTION ( 'NONE',  ( 0.0000000000000000000, 1.000000000000000000, 0.0000000000000000000 ) ) ;
#9677 = PLANE ( 'NONE',  #5051 ) ;
#9678 = EDGE_CURVE ( 'NONE', #5763, #8687, #8284, .T. ) ;
#9679 = DIRECTION ( 'NONE',  ( 1.000000000000000000, 0.0000000000000000000, 0.0000000000000000000 ) ) ;
#9680 = CARTESIAN_POINT ( 'NONE',  ( 17.29644660940671800, -21.00355339059327500, -1.499999999999997800 ) ) ;
#9681 = ORIENTED_EDGE ( 'NONE', *, *, #4403, .F. ) ;
#9682 = ADVANCED_FACE ( 'NONE', ( #9725 ), #1103, .T. ) ;
#9683 = CIRCLE ( 'NONE', #8641, 1.900000000000004100 ) ;
#9684 = ORIENTED_EDGE ( 'NONE', *, *, #8347, .F. ) ;
#9685 = CARTESIAN_POINT ( 'NONE',  ( -11.00000000000000000, 1.347111479062088400E-015, 11.50000000000000000 ) ) ;
#9686 = UNCERTAINTY_MEASURE_WITH_UNIT (LENGTH_MEASURE( 1.000000000000000100E-005 ), #8440, 'distance_accuracy_value', 'NONE');
#9687 = AXIS2_PLACEMENT_3D ( 'NONE', #9894, #850, #7405 ) ;
#9688 = VERTEX_POINT ( 'NONE', #6220 ) ;
#9689 = DIRECTION ( 'NONE',  ( -0.0000000000000000000, -0.0000000000000000000, -1.000000000000000000 ) ) ;
#9690 = DIRECTION ( 'NONE',  ( 0.0000000000000000000, 0.0000000000000000000, 1.000000000000000000 ) ) ;
#9691 = COLOUR_RGB ( '',0.0000000000000000000, 0.5019607843137254800, 1.000000000000000000 ) ;
#9692 = LINE ( 'NONE', #760, #939 ) ;
#9693 = DIRECTION ( 'NONE',  ( 0.0000000000000000000, 0.0000000000000000000, 1.000000000000000000 ) ) ;
#9694 = FACE_OUTER_BOUND ( 'NONE', #6379, .T. ) ;
#9696 = VECTOR ( 'NONE', #10237, 1000.000000000000000 ) ;
#9695 = CARTESIAN_POINT ( 'NONE',  ( 16.74998035735527000, 15.96497596851043000, -10.99999999999999800 ) ) ;
#9697 = EDGE_CURVE ( 'NONE', #108, #5776, #4364, .T. ) ;
#9698 = ORIENTED_EDGE ( 'NONE', *, *, #6439, .T. ) ;
#9699 = CARTESIAN_POINT ( 'NONE',  ( -15.03502403149003500, 15.98624964825022200, -9.499999999999998200 ) ) ;
#9700 = DIRECTION ( 'NONE',  ( 1.000000000000000000, -3.815920199215883900E-013, -0.0000000000000000000 ) ) ;
#9701 = VERTEX_POINT ( 'NONE', #375 ) ;
#9702 = LINE ( 'NONE', #9262, #4338 ) ;
#9703 = DIRECTION ( 'NONE',  ( 0.0000000000000000000, 2.081668171172166600E-014, -1.000000000000000000 ) ) ;
#9704 = ORIENTED_EDGE ( 'NONE', *, *, #2457, .T. ) ;
#9705 = COLOUR_RGB ( '',0.2509803921568627400, 0.2509803921568627400, 0.2509803921568627400 ) ;
#9706 =( NAMED_UNIT ( * ) SI_UNIT ( $, .STERADIAN. ) SOLID_ANGLE_UNIT ( ) );
#9707 = AXIS2_PLACEMENT_3D ( 'NONE', #6346, #4664, #9679 ) ;
#9708 = ORIENTED_EDGE ( 'NONE', *, *, #6676, .T. ) ;
#9709 = DIRECTION ( 'NONE',  ( 0.0000000000000000000, 0.0000000000000000000, -1.000000000000000000 ) ) ;
#9710 = ORIENTED_EDGE ( 'NONE', *, *, #1550, .T. ) ;
#9711 = VERTEX_POINT ( 'NONE', #7061 ) ;
#9712 = PRESENTATION_LAYER_ASSIGNMENT (  '', '', ( #3333 ) ) ;
#9713 = DIRECTION ( 'NONE',  ( -1.000000000000000000, 0.0000000000000000000, -0.0000000000000000000 ) ) ;
#9714 = VECTOR ( 'NONE', #8962, 1000.000000000000000 ) ;
#9715 = VERTEX_POINT ( 'NONE', #1243 ) ;
#9716 = DIRECTION ( 'NONE',  ( -1.000000000000000000, 0.0000000000000000000, 0.0000000000000000000 ) ) ;
#9717 = ORIENTED_EDGE ( 'NONE', *, *, #10802, .T. ) ;
#9718 = VECTOR ( 'NONE', #3412, 1000.000000000000000 ) ;
#9719 =( NAMED_UNIT ( * ) SI_UNIT ( $, .STERADIAN. ) SOLID_ANGLE_UNIT ( ) );
#9720 = ORIENTED_EDGE ( 'NONE', *, *, #8543, .F. ) ;
#9721 = ADVANCED_FACE ( 'NONE', ( #164 ), #6181, .F. ) ;
#9722 = DIRECTION ( 'NONE',  ( 0.0000000000000000000, 0.0000000000000000000, -1.000000000000000000 ) ) ;
#9723 = VECTOR ( 'NONE', #1947, 1000.000000000000000 ) ;
#9724 = PRESENTATION_LAYER_ASSIGNMENT (  '', '', ( #7477 ) ) ;
#9725 = FACE_OUTER_BOUND ( 'NONE', #7598, .T. ) ;
#9726 = VERTEX_POINT ( 'NONE', #8793 ) ;
#9727 =( GEOMETRIC_REPRESENTATION_CONTEXT ( 3 ) GLOBAL_UNCERTAINTY_ASSIGNED_CONTEXT ( ( #2844 ) ) GLOBAL_UNIT_ASSIGNED_CONTEXT ( ( #5937, #10033, #879 ) ) REPRESENTATION_CONTEXT ( 'NONE', 'WORKASPACE' ) );
#9728 =( LENGTH_UNIT ( ) NAMED_UNIT ( * ) SI_UNIT ( .MILLI., .METRE. ) );
#9729 = ORIENTED_EDGE ( 'NONE', *, *, #9469, .F. ) ;
#9730 = PRESENTATION_STYLE_ASSIGNMENT (( #435 ) ) ;
#9731 = EDGE_CURVE ( 'NONE', #4603, #6522, #8807, .T. ) ;
#9732 = FILL_AREA_STYLE ('',( #7304 ) ) ;
#9733 = MECHANICAL_DESIGN_GEOMETRIC_PRESENTATION_REPRESENTATION (  '', ( #8469 ), #5798 ) ;
#9734 = DIRECTION ( 'NONE',  ( 0.0000000000000000000, 0.0000000000000000000, -1.000000000000000000 ) ) ;
#9735 = CARTESIAN_POINT ( 'NONE',  ( 0.0000000000000000000, 0.0000000000000000000, 11.50000000000000000 ) ) ;
#9736 = FILL_AREA_STYLE ('',( #8827 ) ) ;
#9737 = ORIENTED_EDGE ( 'NONE', *, *, #4024, .T. ) ;
#9738 = FACE_OUTER_BOUND ( 'NONE', #1180, .T. ) ;
#9739 = CYLINDRICAL_SURFACE ( 'NONE', #1049, 2.749999999999999100 ) ;
#9740 = ORIENTED_EDGE ( 'NONE', *, *, #1311, .T. ) ;
#9741 = ADVANCED_FACE ( 'NONE', ( #8149 ), #1627, .T. ) ;
#9742 = FACE_OUTER_BOUND ( 'NONE', #10666, .T. ) ;
#9743 = AXIS2_PLACEMENT_3D ( 'NONE', #5616, #590, #10065 ) ;
#9744 = CARTESIAN_POINT ( 'NONE',  ( 21.14999999999999900, 21.14999999999999900, -10.99999999999999800 ) ) ;
#9745 = AXIS2_PLACEMENT_3D ( 'NONE', #1297, #2921, #388 ) ;
#9746 = EDGE_CURVE ( 'NONE', #8673, #9084, #10111, .T. ) ;
#9747 = ORIENTED_EDGE ( 'NONE', *, *, #852, .T. ) ;
#9748 = CIRCLE ( 'NONE', #853, 0.5000000000000022200 ) ;
#9749 = DIRECTION ( 'NONE',  ( -0.0000000000000000000, -1.000000000000000000, -0.0000000000000000000 ) ) ;
#9750 = CIRCLE ( 'NONE', #1681, 20.00000000000000000 ) ;
#9751 = DIRECTION ( 'NONE',  ( 0.0000000000000000000, -1.000000000000000000, 0.0000000000000000000 ) ) ;
#9752 = CARTESIAN_POINT ( 'NONE',  ( -12.24999999999999800, 15.50000000000087400, -11.49999999999999800 ) ) ;
#9753 = CIRCLE ( 'NONE', #6074, 2.400000000000001200 ) ;
#9754 = AXIS2_PLACEMENT_3D ( 'NONE', #9550, #3661, #2969 ) ;
#9756 = CIRCLE ( 'NONE', #2230, 0.5000000000000004400 ) ;
#9755 = PLANE ( 'NONE',  #5209 ) ;
#9757 = PRESENTATION_STYLE_ASSIGNMENT (( #399 ) ) ;
#9758 = EDGE_CURVE ( 'NONE', #10087, #3302, #6177, .T. ) ;
#9759 = ORIENTED_EDGE ( 'NONE', *, *, #62, .F. ) ;
#9760 = DIRECTION ( 'NONE',  ( 1.000000000000000000, 0.0000000000000000000, 0.0000000000000000000 ) ) ;
#9761 = COLOUR_RGB ( '',0.2509803921568627400, 0.2509803921568627400, 0.2509803921568627400 ) ;
#9762 = CARTESIAN_POINT ( 'NONE',  ( 17.15000000000000200, 21.14999999999999900, 10.00000000000000000 ) ) ;
#9763 = PRESENTATION_STYLE_ASSIGNMENT (( #677 ) ) ;
#9764 = EDGE_LOOP ( 'NONE', ( #8294, #9300, #9601, #250 ) ) ;
#9765 = CONICAL_SURFACE ( 'NONE', #3557, 1.249999999999999300, 1.029744258676653900 ) ;
#9766 = EDGE_CURVE ( 'NONE', #3527, #7346, #3703, .T. ) ;
#9767 = STYLED_ITEM ( 'NONE', ( #3794 ), #3979 ) ;
#9768 = ORIENTED_EDGE ( 'NONE', *, *, #3219, .T. ) ;
#9769 = CARTESIAN_POINT ( 'NONE',  ( 15.98624964824874800, 14.19283027458602200, -9.499999999999998200 ) ) ;
#9770 = DIRECTION ( 'NONE',  ( -0.0000000000000000000, -0.0000000000000000000, 1.000000000000000000 ) ) ;
#9771 = CARTESIAN_POINT ( 'NONE',  ( 3.500000000000000000, 4.286263797015736600E-016, -9.499999999999998200 ) ) ;
#9772 = FACE_OUTER_BOUND ( 'NONE', #3711, .T. ) ;
#9773 = ORIENTED_EDGE ( 'NONE', *, *, #6378, .F. ) ;
#9774 = ADVANCED_FACE ( 'NONE', ( #10242 ), #2820, .F. ) ;
#9775 = CARTESIAN_POINT ( 'NONE',  ( -3.606332336518507400, -21.25000000000000700, -3.995250529672278900 ) ) ;
#9776 = LINE ( 'NONE', #7474, #1828 ) ;
#9777 = CARTESIAN_POINT ( 'NONE',  ( -16.80716972541453200, 15.98624964825021900, -9.499999999999998200 ) ) ;
#9779 = DIRECTION ( 'NONE',  ( 0.0000000000000000000, 0.0000000000000000000, -1.000000000000000000 ) ) ;
#9778 = VECTOR ( 'NONE', #10322, 1000.000000000000000 ) ;
#9780 = ORIENTED_EDGE ( 'NONE', *, *, #2681, .T. ) ;
#9781 = ORIENTED_EDGE ( 'NONE', *, *, #8095, .F. ) ;
#9782 =( LENGTH_UNIT ( ) NAMED_UNIT ( * ) SI_UNIT ( .MILLI., .METRE. ) );
#9783 = COLOUR_RGB ( '',0.2509803921568627400, 0.2509803921568627400, 0.2509803921568627400 ) ;
#9784 = DIRECTION ( 'NONE',  ( -0.0000000000000000000, 1.000000000000000000, 0.0000000000000000000 ) ) ;
#9785 = AXIS2_PLACEMENT_3D ( 'NONE', #8594, #6100, #2853 ) ;
#9786 = ADVANCED_FACE ( 'NONE', ( #5154, #9966 ), #2015, .T. ) ;
#9787 = PRESENTATION_LAYER_ASSIGNMENT (  '', '', ( #5920 ) ) ;
#9788 = EDGE_CURVE ( 'NONE', #513, #3629, #4880, .T. ) ;
#9789 = PRESENTATION_LAYER_ASSIGNMENT (  '', '', ( #9590 ) ) ;
#9790 = CARTESIAN_POINT ( 'NONE',  ( -15.49999999999999600, 15.50000000000087400, -10.99999999999999800 ) ) ;
#9791 = VECTOR ( 'NONE', #5707, 1000.000000000000000 ) ;
#9792 = ORIENTED_EDGE ( 'NONE', *, *, #4936, .F. ) ;
#9793 = VECTOR ( 'NONE', #2876, 1000.000000000000000 ) ;
#9794 = DIRECTION ( 'NONE',  ( 0.0000000000000000000, -0.0000000000000000000, 1.000000000000000000 ) ) ;
#9795 =( NAMED_UNIT ( * ) SI_UNIT ( $, .STERADIAN. ) SOLID_ANGLE_UNIT ( ) );
#9796 = ORIENTED_EDGE ( 'NONE', *, *, #7354, .F. ) ;
#9797 = EDGE_CURVE ( 'NONE', #6620, #3070, #10766, .T. ) ;
#9798 = AXIS2_PLACEMENT_3D ( 'NONE', #1397, #4777, #2263 ) ;
#9799 = CARTESIAN_POINT ( 'NONE',  ( -15.49999999999999600, -15.50000000000000400, 10.00000000000000000 ) ) ;
#9800 = DIRECTION ( 'NONE',  ( 0.7071067811865493500, -0.7071067811865456900, -0.0000000000000000000 ) ) ;
#9801 =( GEOMETRIC_REPRESENTATION_CONTEXT ( 3 ) GLOBAL_UNCERTAINTY_ASSIGNED_CONTEXT ( ( #9215 ) ) GLOBAL_UNIT_ASSIGNED_CONTEXT ( ( #1166, #2857, #6294 ) ) REPRESENTATION_CONTEXT ( 'NONE', 'WORKASPACE' ) );
#9802 = ORIENTED_EDGE ( 'NONE', *, *, #9198, .T. ) ;
#9803 = EDGE_CURVE ( 'NONE', #9143, #9621, #1890, .T. ) ;
#9804 = CARTESIAN_POINT ( 'NONE',  ( 1.799999999999999400, -39.15000000000002000, -12.65000000000000400 ) ) ;
#9805 = VECTOR ( 'NONE', #5989, 1000.000000000000000 ) ;
#9806 = CYLINDRICAL_SURFACE ( 'NONE', #8624, 0.5000000000000022200 ) ;
#9807 = DIRECTION ( 'NONE',  ( -0.0000000000000000000, -0.0000000000000000000, 1.000000000000000000 ) ) ;
#9808 = ORIENTED_EDGE ( 'NONE', *, *, #7559, .T. ) ;
#9809 = SURFACE_SIDE_STYLE ('',( #460 ) ) ;
#9810 = CARTESIAN_POINT ( 'NONE',  ( 12.74999999999912200, -15.50000000000000200, -9.499999999999998200 ) ) ;
#9811 = EDGE_LOOP ( 'NONE', ( #6335, #630 ) ) ;
#9812 = PRESENTATION_LAYER_ASSIGNMENT (  '', '', ( #4213 ) ) ;
#9813 = CIRCLE ( 'NONE', #698, 2.400000000000001200 ) ;
#9814 = ORIENTED_EDGE ( 'NONE', *, *, #2377, .F. ) ;
#9815 = STYLED_ITEM ( 'NONE', ( #5075 ), #7765 ) ;
#9816 = ORIENTED_EDGE ( 'NONE', *, *, #2746, .T. ) ;
#9817 =( NAMED_UNIT ( * ) SI_UNIT ( $, .STERADIAN. ) SOLID_ANGLE_UNIT ( ) );
#9818 = EDGE_CURVE ( 'NONE', #3629, #7714, #689, .T. ) ;
#9819 = UNCERTAINTY_MEASURE_WITH_UNIT (LENGTH_MEASURE( 1.000000000000000100E-005 ), #10403, 'distance_accuracy_value', 'NONE');
#9820 = CARTESIAN_POINT ( 'NONE',  ( -3.500000000000000000, 0.0000000000000000000, -9.499999999999998200 ) ) ;
#9821 = ORIENTED_EDGE ( 'NONE', *, *, #3618, .F. ) ;
#9822 = DIRECTION ( 'NONE',  ( 0.0000000000000000000, 0.0000000000000000000, 1.000000000000000000 ) ) ;
#9823 = ORIENTED_EDGE ( 'NONE', *, *, #5314, .F. ) ;
#9824 = VECTOR ( 'NONE', #2241, 1000.000000000000000 ) ;
#9825 = CARTESIAN_POINT ( 'NONE',  ( 20.65000000000000200, -16.94289321881342800, -10.99999999999999800 ) ) ;
#9826 = VECTOR ( 'NONE', #1122, 1000.000000000000000 ) ;
#9827 = LINE ( 'NONE', #10269, #10743 ) ;
#9828 = ORIENTED_EDGE ( 'NONE', *, *, #9479, .F. ) ;
#9829 = EDGE_CURVE ( 'NONE', #7772, #2463, #4354, .T. ) ;
#9830 = DIRECTION ( 'NONE',  ( 0.0000000000000000000, -6.938893903907222100E-015, -1.000000000000000000 ) ) ;
#9831 = SURFACE_SIDE_STYLE ('',( #6101 ) ) ;
#9832 = ORIENTED_EDGE ( 'NONE', *, *, #768, .T. ) ;
#9833 = PRESENTATION_STYLE_ASSIGNMENT (( #2502 ) ) ;
#9834 = DIRECTION ( 'NONE',  ( 0.0000000000000000000, 0.0000000000000000000, 1.000000000000000000 ) ) ;
#9835 = SURFACE_STYLE_USAGE ( .BOTH. , #8994 ) ;
#9836 = FACE_OUTER_BOUND ( 'NONE', #4943, .T. ) ;
#9837 = VERTEX_POINT ( 'NONE', #3008 ) ;
#9838 = LINE ( 'NONE', #4343, #7621 ) ;
#9839 = ADVANCED_FACE ( 'NONE', ( #1502 ), #3298, .T. ) ;
#9840 = DIRECTION ( 'NONE',  ( -0.0000000000000000000, 1.000000000000000000, -0.0000000000000000000 ) ) ;
#9841 = VERTEX_POINT ( 'NONE', #8058 ) ;
#9842 = ORIENTED_EDGE ( 'NONE', *, *, #3573, .F. ) ;
#9843 =( LENGTH_UNIT ( ) NAMED_UNIT ( * ) SI_UNIT ( .MILLI., .METRE. ) );
#9844 = DIRECTION ( 'NONE',  ( 0.0000000000000000000, 0.0000000000000000000, -1.000000000000000000 ) ) ;
#9845 = ORIENTED_EDGE ( 'NONE', *, *, #600, .F. ) ;
#9846 = DIRECTION ( 'NONE',  ( 1.224646799147353200E-016, 1.000000000000000000, -0.0000000000000000000 ) ) ;
#9847 = FACE_OUTER_BOUND ( 'NONE', #2345, .T. ) ;
#9848 = CARTESIAN_POINT ( 'NONE',  ( -3.000000000000037300, -19.77371993328518200, -15.99999999999995600 ) ) ;
#9849 = VERTEX_POINT ( 'NONE', #5570 ) ;
#9850 = VECTOR ( 'NONE', #9871, 1000.000000000000000 ) ;
#9851 = EDGE_CURVE ( 'NONE', #2828, #7720, #9328, .T. ) ;
#9852 = EDGE_CURVE ( 'NONE', #7445, #1064, #9064, .T. ) ;
#9853 = CARTESIAN_POINT ( 'NONE',  ( 21.15000000000000200, -21.15000000000000200, -1.499999999999997800 ) ) ;
#9854 = DIRECTION ( 'NONE',  ( -0.7071067811865493500, -0.7071067811865456900, 0.0000000000000000000 ) ) ;
#9855 = ORIENTED_EDGE ( 'NONE', *, *, #7151, .F. ) ;
#9856 = PLANE ( 'NONE',  #5986 ) ;
#9857 =( NAMED_UNIT ( * ) SI_UNIT ( $, .STERADIAN. ) SOLID_ANGLE_UNIT ( ) );
#9858 = COLOUR_RGB ( '',0.2509803921568627400, 0.2509803921568627400, 0.2509803921568627400 ) ;
#9859 = CIRCLE ( 'NONE', #6376, 2.399999999999999500 ) ;
#9860 = CARTESIAN_POINT ( 'NONE',  ( -12.24999999999999800, 15.50000000000087400, -10.99999999999999800 ) ) ;
#9861 = CARTESIAN_POINT ( 'NONE',  ( 0.0000000000000000000, 0.0000000000000000000, -11.49999999999999800 ) ) ;
#9862 = ORIENTED_EDGE ( 'NONE', *, *, #10683, .F. ) ;
#9863 = PRESENTATION_STYLE_ASSIGNMENT (( #6638 ) ) ;
#9864 = SURFACE_STYLE_USAGE ( .BOTH. , #4823 ) ;
#9865 = LINE ( 'NONE', #662, #319 ) ;
#9866 = EDGE_LOOP ( 'NONE', ( #8791, #3112, #4489, #481, #9440, #6755 ) ) ;
#9867 = EDGE_CURVE ( 'NONE', #2389, #6140, #2025, .T. ) ;
#9868 = SURFACE_STYLE_USAGE ( .BOTH. , #3176 ) ;
#9869 = AXIS2_PLACEMENT_3D ( 'NONE', #7667, #993, #6883 ) ;
#9870 =( NAMED_UNIT ( * ) PLANE_ANGLE_UNIT ( ) SI_UNIT ( $, .RADIAN. ) );
#9871 = DIRECTION ( 'NONE',  ( -0.0000000000000000000, -0.0000000000000000000, -1.000000000000000000 ) ) ;
#9872 = ORIENTED_EDGE ( 'NONE', *, *, #4082, .T. ) ;
#9873 = CARTESIAN_POINT ( 'NONE',  ( -15.49999999999999600, -15.50000000000000400, 5.500000000000000000 ) ) ;
#9874 = CARTESIAN_POINT ( 'NONE',  ( 15.98624964824874800, 16.80716972541398100, -9.499999999999998200 ) ) ;
#9875 = LINE ( 'NONE', #2975, #2945 ) ;
#9876 = COLOUR_RGB ( '',0.2509803921568627400, 0.2509803921568627400, 0.2509803921568627400 ) ;
#9877 = EDGE_LOOP ( 'NONE', ( #3854, #773, #9277, #10447 ) ) ;
#9878 = AXIS2_PLACEMENT_3D ( 'NONE', #1130, #6254, #5361 ) ;
#9879 = CIRCLE ( 'NONE', #5731, 0.5000000000000006700 ) ;
#9880 =( LENGTH_UNIT ( ) NAMED_UNIT ( * ) SI_UNIT ( .MILLI., .METRE. ) );
#9881 = PRESENTATION_LAYER_ASSIGNMENT (  '', '', ( #5200 ) ) ;
#9882 = UNCERTAINTY_MEASURE_WITH_UNIT (LENGTH_MEASURE( 1.000000000000000100E-005 ), #4258, 'distance_accuracy_value', 'NONE');
#9883 = ORIENTED_EDGE ( 'NONE', *, *, #7139, .T. ) ;
#9884 = FILL_AREA_STYLE ('',( #6516 ) ) ;
#9885 = EDGE_CURVE ( 'NONE', #976, #6484, #6828, .T. ) ;
#9886 = DIRECTION ( 'NONE',  ( -0.0000000000000000000, -0.0000000000000000000, 1.000000000000000000 ) ) ;
#9887 = COLOUR_RGB ( '',0.2509803921568627400, 0.2509803921568627400, 0.2509803921568627400 ) ;
#9888 = CARTESIAN_POINT ( 'NONE',  ( 2.999999999999976000, -18.15000000000000600, -11.49999999999999800 ) ) ;
#9889 = EDGE_LOOP ( 'NONE', ( #8146, #9166 ) ) ;
#9890 = EDGE_LOOP ( 'NONE', ( #2013, #8881 ) ) ;
#9891 = ADVANCED_FACE ( 'NONE', ( #9847 ), #7205, .F. ) ;
#9892 = DIRECTION ( 'NONE',  ( -1.000000000000000000, 0.0000000000000000000, -1.734723475976807100E-015 ) ) ;
#9893 = FACE_OUTER_BOUND ( 'NONE', #285, .T. ) ;
#9894 = CARTESIAN_POINT ( 'NONE',  ( 0.0000000000000000000, 0.0000000000000000000, 10.00000000000000000 ) ) ;
#9895 = VERTEX_POINT ( 'NONE', #6406 ) ;
#9896 = EDGE_CURVE ( 'NONE', #2468, #3775, #5414, .T. ) ;
#9897 = DIRECTION ( 'NONE',  ( -4.542762141924073600E-015, -1.000000000000000000, 0.0000000000000000000 ) ) ;
#9898 = CARTESIAN_POINT ( 'NONE',  ( 14.25000000000000500, -15.50000000000000000, 5.500000000000000000 ) ) ;
#9899 = ORIENTED_EDGE ( 'NONE', *, *, #2886, .T. ) ;
#9900 = VECTOR ( 'NONE', #1856, 1000.000000000000000 ) ;
#9901 = DIRECTION ( 'NONE',  ( 1.000000000000000000, -9.085524283848065300E-015, 0.0000000000000000000 ) ) ;
#9902 = CARTESIAN_POINT ( 'NONE',  ( -1.371348881391340800, -39.15000000000000600, -5.070497742733969900 ) ) ;
#9903 = VECTOR ( 'NONE', #859, 1000.000000000000000 ) ;
#9904 = ORIENTED_EDGE ( 'NONE', *, *, #6994, .F. ) ;
#9905 = VECTOR ( 'NONE', #5002, 1000.000000000000000 ) ;
#9906 = EDGE_CURVE ( 'NONE', #3519, #5993, #2401, .T. ) ;
#9907 = STYLED_ITEM ( 'NONE', ( #7704 ), #4725 ) ;
#9908 =( LENGTH_UNIT ( ) NAMED_UNIT ( * ) SI_UNIT ( .MILLI., .METRE. ) );
#9909 = FACE_OUTER_BOUND ( 'NONE', #3040, .T. ) ;
#9910 = CARTESIAN_POINT ( 'NONE',  ( -21.14999999999999500, -16.94289321881344900, 10.00000000000000000 ) ) ;
#9911 = CARTESIAN_POINT ( 'NONE',  ( 0.0000000000000000000, 0.0000000000000000000, 30.00000000000000000 ) ) ;
#9912 = SURFACE_STYLE_FILL_AREA ( #4217 ) ;
#9913 = AXIS2_PLACEMENT_3D ( 'NONE', #5900, #3455, #9201 ) ;
#9914 = FACE_OUTER_BOUND ( 'NONE', #2645, .T. ) ;
#9915 = ORIENTED_EDGE ( 'NONE', *, *, #3122, .T. ) ;
#9916 = VERTEX_POINT ( 'NONE', #5639 ) ;
#9917 = TOROIDAL_SURFACE ( 'NONE', #3325, 3.250000000000000000, 0.5000000000000000000 ) ;
#9918 = CARTESIAN_POINT ( 'NONE',  ( 0.0000000000000000000, 0.0000000000000000000, -1.499999999999997800 ) ) ;
#9919 = CARTESIAN_POINT ( 'NONE',  ( 21.15000000000000200, -21.15000000000000200, 2.000000000000000000 ) ) ;
#9920 = PRESENTATION_LAYER_ASSIGNMENT (  '', '', ( #3343 ) ) ;
#9921 = VERTEX_POINT ( 'NONE', #8894 ) ;
#9922 = AXIS2_PLACEMENT_3D ( 'NONE', #2913, #2951, #9713 ) ;
#9923 = EDGE_CURVE ( 'NONE', #976, #10031, #8412, .T. ) ;
#9924 = ORIENTED_EDGE ( 'NONE', *, *, #8910, .F. ) ;
#9925 = CARTESIAN_POINT ( 'NONE',  ( -1.999999999999994900, 0.0000000000000000000, 30.00000000000000000 ) ) ;
#9926 = DIRECTION ( 'NONE',  ( -1.000000000000000000, 0.0000000000000000000, 0.0000000000000000000 ) ) ;
#9927 = VERTEX_POINT ( 'NONE', #3925 ) ;
#9928 = SURFACE_STYLE_USAGE ( .BOTH. , #1557 ) ;
#9929 = VECTOR ( 'NONE', #1026, 1000.000000000000000 ) ;
#9930 = VECTOR ( 'NONE', #4284, 1000.000000000000000 ) ;
#9932 = PRESENTATION_LAYER_ASSIGNMENT (  '', '', ( #3781 ) ) ;
#9931 = DIRECTION ( 'NONE',  ( 1.000000000000000000, 0.0000000000000000000, 0.0000000000000000000 ) ) ;
#9933 = VERTEX_POINT ( 'NONE', #8999 ) ;
#9934 = PRESENTATION_LAYER_ASSIGNMENT (  '', '', ( #3992 ) ) ;
#9935 = CARTESIAN_POINT ( 'NONE',  ( 15.01375035175125200, 15.96497596851013900, -9.499999999999998200 ) ) ;
#9936 = EDGE_CURVE ( 'NONE', #2242, #4899, #1772, .T. ) ;
#9937 = ADVANCED_FACE ( 'NONE', ( #3970 ), #6043, .F. ) ;
#9938 = CARTESIAN_POINT ( 'NONE',  ( -16.74998035735715300, -15.96497596850949400, -9.499999999999998200 ) ) ;
#9939 = ORIENTED_EDGE ( 'NONE', *, *, #2176, .F. ) ;
#9940 = VECTOR ( 'NONE', #1344, 1000.000000000000000 ) ;
#9941 = FILL_AREA_STYLE ('',( #7505 ) ) ;
#9942 = VECTOR ( 'NONE', #3947, 1000.000000000000000 ) ;
#9943 = VECTOR ( 'NONE', #10192, 1000.000000000000000 ) ;
#9944 =( NAMED_UNIT ( * ) PLANE_ANGLE_UNIT ( ) SI_UNIT ( $, .RADIAN. ) );
#9945 = ORIENTED_EDGE ( 'NONE', *, *, #8151, .F. ) ;
#9946 = DIRECTION ( 'NONE',  ( -0.0000000000000000000, 1.000000000000000000, -0.0000000000000000000 ) ) ;
#9947 = UNCERTAINTY_MEASURE_WITH_UNIT (LENGTH_MEASURE( 1.000000000000000100E-005 ), #6172, 'distance_accuracy_value', 'NONE');
#9948 =( NAMED_UNIT ( * ) SI_UNIT ( $, .STERADIAN. ) SOLID_ANGLE_UNIT ( ) );
#9949 = ORIENTED_EDGE ( 'NONE', *, *, #2641, .T. ) ;
#9950 = AXIS2_PLACEMENT_3D ( 'NONE', #1676, #10091, #10054 ) ;
#9951 = ORIENTED_EDGE ( 'NONE', *, *, #8750, .T. ) ;
#9952 = FACE_OUTER_BOUND ( 'NONE', #426, .T. ) ;
#9953 = DIRECTION ( 'NONE',  ( 1.659555831213624300E-016, 0.0000000000000000000, -1.000000000000000000 ) ) ;
#9954 = FACE_OUTER_BOUND ( 'NONE', #7420, .T. ) ;
#9955 = LINE ( 'NONE', #3142, #2761 ) ;
#9956 = EDGE_CURVE ( 'NONE', #9895, #9412, #3171, .T. ) ;
#9957 = VERTEX_POINT ( 'NONE', #5605 ) ;
#9958 = SURFACE_SIDE_STYLE ('',( #3349 ) ) ;
#9959 = ORIENTED_EDGE ( 'NONE', *, *, #6425, .F. ) ;
#9960 = ORIENTED_EDGE ( 'NONE', *, *, #5750, .T. ) ;
#9961 = VERTEX_POINT ( 'NONE', #6509 ) ;
#9962 =( NAMED_UNIT ( * ) PLANE_ANGLE_UNIT ( ) SI_UNIT ( $, .RADIAN. ) );
#9963 = PLANE ( 'NONE',  #8360 ) ;
#9964 = VERTEX_POINT ( 'NONE', #749 ) ;
#9965 = FACE_OUTER_BOUND ( 'NONE', #4185, .T. ) ;
#9966 = FACE_BOUND ( 'NONE', #9674, .T. ) ;
#9967 = EDGE_CURVE ( 'NONE', #2243, #9492, #6454, .T. ) ;
#9968 = DIRECTION ( 'NONE',  ( 0.0000000000000000000, 0.0000000000000000000, -1.000000000000000000 ) ) ;
#9969 = AXIS2_PLACEMENT_3D ( 'NONE', #10858, #5841, #9279 ) ;
#9970 = FACE_OUTER_BOUND ( 'NONE', #7150, .T. ) ;
#9971 = CARTESIAN_POINT ( 'NONE',  ( 0.0000000000000000000, 0.0000000000000000000, -11.49999999999999800 ) ) ;
#9972 = ORIENTED_EDGE ( 'NONE', *, *, #336, .T. ) ;
#9973 = ORIENTED_EDGE ( 'NONE', *, *, #1413, .F. ) ;
#9974 = CARTESIAN_POINT ( 'NONE',  ( 0.0000000000000000000, 0.0000000000000000000, -3.499999999999996000 ) ) ;
#9975 = ORIENTED_EDGE ( 'NONE', *, *, #3585, .T. ) ;
#9976 = AXIS2_PLACEMENT_3D ( 'NONE', #3939, #9784, #1329 ) ;
#9977 = CIRCLE ( 'NONE', #4743, 0.5563334663949287600 ) ;
#9978 = CARTESIAN_POINT ( 'NONE',  ( 0.5999999999999987600, -39.15000000000002000, -13.35000000000000100 ) ) ;
#9979 = FACE_OUTER_BOUND ( 'NONE', #8067, .T. ) ;
#9980 = DIRECTION ( 'NONE',  ( -0.0000000000000000000, -0.0000000000000000000, -1.000000000000000000 ) ) ;
#9981 = FILL_AREA_STYLE ('',( #6 ) ) ;
#9982 = CARTESIAN_POINT ( 'NONE',  ( -21.14999999999999500, -17.14999999999999500, -11.49999999999999800 ) ) ;
#9983 = CARTESIAN_POINT ( 'NONE',  ( -1.800000000000000900, -39.15000000000002000, -13.85000000000000300 ) ) ;
#9984 = ORIENTED_EDGE ( 'NONE', *, *, #10257, .F. ) ;
#9985 = VECTOR ( 'NONE', #1664, 1000.000000000000000 ) ;
#9987 = DIRECTION ( 'NONE',  ( -0.0000000000000000000, -0.0000000000000000000, -1.000000000000000000 ) ) ;
#9986 = MECHANICAL_DESIGN_GEOMETRIC_PRESENTATION_REPRESENTATION (  '', ( #1043 ), #2288 ) ;
#9988 = VECTOR ( 'NONE', #5081, 1000.000000000000000 ) ;
#9989 = STYLED_ITEM ( 'NONE', ( #10818 ), #5072 ) ;
#9990 = PRESENTATION_STYLE_ASSIGNMENT (( #7898 ) ) ;
#9991 = AXIS2_PLACEMENT_3D ( 'NONE', #6338, #10556, #585 ) ;
#9992 = DIRECTION ( 'NONE',  ( -5.211847922874174100E-016, 1.000000000000000000, 0.0000000000000000000 ) ) ;
#9993 = MECHANICAL_DESIGN_GEOMETRIC_PRESENTATION_REPRESENTATION (  '', ( #6342 ), #6065 ) ;
#9994 = CARTESIAN_POINT ( 'NONE',  ( -15.98624964825069300, -16.80716972541312200, -10.99999999999999800 ) ) ;
#9995 = ORIENTED_EDGE ( 'NONE', *, *, #9678, .F. ) ;
#9996 = DIRECTION ( 'NONE',  ( 0.0000000000000000000, 0.0000000000000000000, -1.000000000000000000 ) ) ;
#9997 = ORIENTED_EDGE ( 'NONE', *, *, #6832, .F. ) ;
#9998 = ADVANCED_FACE ( 'NONE', ( #6313 ), #3957, .T. ) ;
#9999 = DIRECTION ( 'NONE',  ( 9.085524283848147300E-015, 1.000000000000000000, -0.0000000000000000000 ) ) ;
#10000 = CIRCLE ( 'NONE', #9359, 0.5000000000000004400 ) ;
#10001 = ORIENTED_EDGE ( 'NONE', *, *, #4061, .F. ) ;
#10002 = PLANE ( 'NONE',  #2341 ) ;
#10003 = DIRECTION ( 'NONE',  ( -0.0000000000000000000, -0.0000000000000000000, -1.000000000000000000 ) ) ;
#10004 = EDGE_CURVE ( 'NONE', #2152, #7213, #10377, .T. ) ;
#10005 = AXIS2_PLACEMENT_3D ( 'NONE', #5193, #1741, #8486 ) ;
#10006 = AXIS2_PLACEMENT_3D ( 'NONE', #10848, #1453, #9080 ) ;
#10007 = CARTESIAN_POINT ( 'NONE',  ( -15.49999999999999600, -15.50000000000000400, 10.00000000000000000 ) ) ;
#10008 = CARTESIAN_POINT ( 'NONE',  ( 0.0000000000000000000, 0.0000000000000000000, 11.50000000000000000 ) ) ;
#10009 = EDGE_CURVE ( 'NONE', #4486, #10654, #6559, .T. ) ;
#10010 = CARTESIAN_POINT ( 'NONE',  ( 16.94289321881343500, 20.64999999999999900, -11.49999999999999800 ) ) ;
#10011 = DIRECTION ( 'NONE',  ( -0.0000000000000000000, 1.000000000000000000, -0.0000000000000000000 ) ) ;
#10012 = FACE_OUTER_BOUND ( 'NONE', #8264, .T. ) ;
#10013 = COLOUR_RGB ( '',0.2509803921568627400, 0.2509803921568627400, 0.2509803921568627400 ) ;
#10014 = DIRECTION ( 'NONE',  ( -1.000000000000000000, 0.0000000000000000000, 0.0000000000000000000 ) ) ;
#10015 = PRESENTATION_STYLE_ASSIGNMENT (( #6799 ) ) ;
#10016 = VECTOR ( 'NONE', #3869, 1000.000000000000000 ) ;
#10017 = UNCERTAINTY_MEASURE_WITH_UNIT (LENGTH_MEASURE( 1.000000000000000100E-005 ), #2459, 'distance_accuracy_value', 'NONE');
#10018 = VERTEX_POINT ( 'NONE', #704 ) ;
#10019 =( NAMED_UNIT ( * ) SI_UNIT ( $, .STERADIAN. ) SOLID_ANGLE_UNIT ( ) );
#10020 = FACE_OUTER_BOUND ( 'NONE', #4089, .T. ) ;
#10021 = STYLED_ITEM ( 'NONE', ( #6027 ), #2663 ) ;
#10022 = CARTESIAN_POINT ( 'NONE',  ( 1.500000000000000200, 2.000000000000000000, 29.50000000000000000 ) ) ;
#10023 = CIRCLE ( 'NONE', #824, 20.00000000000000000 ) ;
#10024 = VERTEX_POINT ( 'NONE', #785 ) ;
#10025 = FACE_OUTER_BOUND ( 'NONE', #6493, .T. ) ;
#10026 = AXIS2_PLACEMENT_3D ( 'NONE', #4879, #8343, #9083 ) ;
#10027 = DIRECTION ( 'NONE',  ( 0.0000000000000000000, 0.0000000000000000000, -1.000000000000000000 ) ) ;
#10028 = DIRECTION ( 'NONE',  ( -0.0000000000000000000, -0.0000000000000000000, 1.000000000000000000 ) ) ;
#10029 = PRESENTATION_STYLE_ASSIGNMENT (( #9605 ) ) ;
#10030 = EDGE_CURVE ( 'NONE', #9492, #8989, #3042, .T. ) ;
#10031 = VERTEX_POINT ( 'NONE', #10760 ) ;
#10032 = TOROIDAL_SURFACE ( 'NONE', #2696, 1.900000000000002800, 0.5000000000000000000 ) ;
#10033 =( NAMED_UNIT ( * ) PLANE_ANGLE_UNIT ( ) SI_UNIT ( $, .RADIAN. ) );
#10034 = COLOUR_RGB ( '',1.000000000000000000, 1.000000000000000000, 1.000000000000000000 ) ;
#10035 = VERTEX_POINT ( 'NONE', #5023 ) ;
#10036 = DIRECTION ( 'NONE',  ( 8.202002250481357500E-017, -1.000000000000000000, -0.0000000000000000000 ) ) ;
#10037 = SURFACE_SIDE_STYLE ('',( #7801 ) ) ;
#10038 = CIRCLE ( 'NONE', #8779, 0.5000000000000004400 ) ;
#10039 = CARTESIAN_POINT ( 'NONE',  ( -15.50000000000087200, -15.49999999999912400, -9.499999999999998200 ) ) ;
#10040 = EDGE_CURVE ( 'NONE', #8677, #4795, #5909, .T. ) ;
#10041 = AXIS2_PLACEMENT_3D ( 'NONE', #5453, #2067, #7967 ) ;
#10042 = DIRECTION ( 'NONE',  ( 0.0000000000000000000, -1.000000000000000000, 0.0000000000000000000 ) ) ;
#10043 = CARTESIAN_POINT ( 'NONE',  ( -1.500000000000000200, 2.000000000000000000, 30.00000000000000000 ) ) ;
#10044 = LINE ( 'NONE', #8135, #7830 ) ;
#10045 = ORIENTED_EDGE ( 'NONE', *, *, #10251, .T. ) ;
#10046 = VERTEX_POINT ( 'NONE', #1642 ) ;
#10047 = FACE_OUTER_BOUND ( 'NONE', #3563, .T. ) ;
#10048 = DIRECTION ( 'NONE',  ( -5.351335930702252500E-015, 1.000000000000000000, 0.0000000000000000000 ) ) ;
#10049 = CARTESIAN_POINT ( 'NONE',  ( 15.50000000000000000, 15.50000000000000000, 10.00000000000000000 ) ) ;
#10050 = DIRECTION ( 'NONE',  ( 1.000000000000000000, 0.0000000000000000000, 0.0000000000000000000 ) ) ;
#10051 = ORIENTED_EDGE ( 'NONE', *, *, #3681, .F. ) ;
#10052 = DIRECTION ( 'NONE',  ( -1.000000000000000000, 0.0000000000000000000, 0.0000000000000000000 ) ) ;
#10053 = AXIS2_PLACEMENT_3D ( 'NONE', #9585, #9656, #2170 ) ;
#10054 = DIRECTION ( 'NONE',  ( -1.000000000000000000, 0.0000000000000000000, 0.0000000000000000000 ) ) ;
#10055 = EDGE_LOOP ( 'NONE', ( #5527, #4214, #3543, #402 ) ) ;
#10056 = ADVANCED_FACE ( 'NONE', ( #831 ), #4599, .T. ) ;
#10057 = CARTESIAN_POINT ( 'NONE',  ( -15.49999999999999600, 15.50000000000087400, -10.99999999999999800 ) ) ;
#10058 = CIRCLE ( 'NONE', #6694, 0.5000000000000006700 ) ;
#10059 = LINE ( 'NONE', #6132, #5092 ) ;
#10060 = ORIENTED_EDGE ( 'NONE', *, *, #2584, .T. ) ;
#10061 =( NAMED_UNIT ( * ) SI_UNIT ( $, .STERADIAN. ) SOLID_ANGLE_UNIT ( ) );
#10062 = EDGE_CURVE ( 'NONE', #2270, #4112, #3687, .T. ) ;
#10063 = MECHANICAL_DESIGN_GEOMETRIC_PRESENTATION_REPRESENTATION (  '', ( #1536 ), #2092 ) ;
#10064 = DIRECTION ( 'NONE',  ( 0.0000000000000000000, 0.0000000000000000000, -1.000000000000000000 ) ) ;
#10065 = DIRECTION ( 'NONE',  ( 1.000000000000000000, 0.0000000000000000000, 0.0000000000000000000 ) ) ;
#10066 = ORIENTED_EDGE ( 'NONE', *, *, #9167, .T. ) ;
#10067 = ORIENTED_EDGE ( 'NONE', *, *, #3836, .F. ) ;
#10068 = PLANE ( 'NONE',  #9613 ) ;
#10069 = CARTESIAN_POINT ( 'NONE',  ( 0.5999999999999987600, -18.15000000000000600, -13.85000000000000300 ) ) ;
#10070 = AXIS2_PLACEMENT_3D ( 'NONE', #1646, #4877, #8970 ) ;
#10071 = PRESENTATION_LAYER_ASSIGNMENT (  '', '', ( #9513 ) ) ;
#10072 = FILL_AREA_STYLE ('',( #638 ) ) ;
#10073 = FILL_AREA_STYLE_COLOUR ( '', #1247 ) ;
#10074 = ORIENTED_EDGE ( 'NONE', *, *, #7855, .F. ) ;
#10075 = EDGE_CURVE ( 'NONE', #345, #4389, #8929, .T. ) ;
#10076 = STYLED_ITEM ( 'NONE', ( #6145 ), #10720 ) ;
#10077 = VECTOR ( 'NONE', #10427, 1000.000000000000000 ) ;
#10078 = ORIENTED_EDGE ( 'NONE', *, *, #4869, .T. ) ;
#10079 = UNCERTAINTY_MEASURE_WITH_UNIT (LENGTH_MEASURE( 1.000000000000000100E-005 ), #10434, 'distance_accuracy_value', 'NONE');
#10080 = ORIENTED_EDGE ( 'NONE', *, *, #10197, .T. ) ;
#10081 = CARTESIAN_POINT ( 'NONE',  ( 15.50000000000000400, -15.50000000000000000, 5.500000000000000000 ) ) ;
#10082 = ORIENTED_EDGE ( 'NONE', *, *, #5637, .F. ) ;
#10083 = ORIENTED_EDGE ( 'NONE', *, *, #9896, .F. ) ;
#10085 = MECHANICAL_DESIGN_GEOMETRIC_PRESENTATION_REPRESENTATION (  '', ( #10795 ), #5409 ) ;
#10084 = DIRECTION ( 'NONE',  ( 1.000000000000000000, 0.0000000000000000000, 0.0000000000000000000 ) ) ;
#10086 = LINE ( 'NONE', #2563, #8385 ) ;
#10087 = VERTEX_POINT ( 'NONE', #9978 ) ;
#10088 = VECTOR ( 'NONE', #10052, 1000.000000000000000 ) ;
#10089 = STYLED_ITEM ( 'NONE', ( #5250 ), #7145 ) ;
#10090 = ORIENTED_EDGE ( 'NONE', *, *, #10850, .F. ) ;
#10091 = DIRECTION ( 'NONE',  ( 0.0000000000000000000, 0.0000000000000000000, -1.000000000000000000 ) ) ;
#10092 = VERTEX_POINT ( 'NONE', #9938 ) ;
#10093 = EDGE_CURVE ( 'NONE', #7784, #4340, #673, .T. ) ;
#10094 = DIRECTION ( 'NONE',  ( -0.0000000000000000000, -0.0000000000000000000, -1.000000000000000000 ) ) ;
#10095 = UNCERTAINTY_MEASURE_WITH_UNIT (LENGTH_MEASURE( 1.000000000000000100E-005 ), #8785, 'distance_accuracy_value', 'NONE');
#10096 = DIRECTION ( 'NONE',  ( 0.0000000000000000000, 0.0000000000000000000, -1.000000000000000000 ) ) ;
#10097 = EDGE_LOOP ( 'NONE', ( #9423, #6961 ) ) ;
#10098 = LINE ( 'NONE', #757, #1756 ) ;
#10099 = CARTESIAN_POINT ( 'NONE',  ( 11.00000000000000000, 1.347111479062088400E-015, 10.00000000000000000 ) ) ;
#10100 = CARTESIAN_POINT ( 'NONE',  ( -16.74998035735715300, -15.96497596850949400, -9.499999999999998200 ) ) ;
#10101 = ORIENTED_EDGE ( 'NONE', *, *, #6444, .F. ) ;
#10102 = ORIENTED_EDGE ( 'NONE', *, *, #840, .F. ) ;
#10103 = ORIENTED_EDGE ( 'NONE', *, *, #3522, .F. ) ;
#10104 = DIRECTION ( 'NONE',  ( 1.000000000000000000, 0.0000000000000000000, 0.0000000000000000000 ) ) ;
#10105 = CARTESIAN_POINT ( 'NONE',  ( -16.94289321881342000, -21.15000000000000600, -11.49999999999999800 ) ) ;
#10106 = CARTESIAN_POINT ( 'NONE',  ( 13.32957238623955800, 21.14999999999999900, -63.34951795962939500 ) ) ;
#10107 = EDGE_CURVE ( 'NONE', #9207, #7376, #6818, .T. ) ;
#10108 = ORIENTED_EDGE ( 'NONE', *, *, #7443, .F. ) ;
#10109 = CIRCLE ( 'NONE', #933, 0.5563334663949305300 ) ;
#10110 = CARTESIAN_POINT ( 'NONE',  ( -16.94289321881344200, -20.65000000000000600, 2.000000000000000000 ) ) ;
#10111 = CIRCLE ( 'NONE', #10772, 0.5000000000000004400 ) ;
#10112 = VERTEX_POINT ( 'NONE', #6795 ) ;
#10113 = ADVANCED_FACE ( 'NONE', ( #5653 ), #10131, .F. ) ;
#10114 = DIRECTION ( 'NONE',  ( 0.0000000000000000000, 0.0000000000000000000, -1.000000000000000000 ) ) ;
#10115 = DIRECTION ( 'NONE',  ( 0.0000000000000000000, 0.0000000000000000000, 1.000000000000000000 ) ) ;
#10116 = CARTESIAN_POINT ( 'NONE',  ( 0.0000000000000000000, 0.0000000000000000000, -9.499999999999998200 ) ) ;
#10117 = ORIENTED_EDGE ( 'NONE', *, *, #7433, .T. ) ;
#10118 = SURFACE_STYLE_FILL_AREA ( #4408 ) ;
#10119 = EDGE_CURVE ( 'NONE', #6048, #1385, #7878, .T. ) ;
#10120 = DIRECTION ( 'NONE',  ( -1.000000000000000000, 0.0000000000000000000, 0.0000000000000000000 ) ) ;
#10121 = CIRCLE ( 'NONE', #1260, 25.00000000000000000 ) ;
#10122 = CARTESIAN_POINT ( 'NONE',  ( 0.2763593381367828200, 6.999999999999997300, 17.50000000000000000 ) ) ;
#10123 = ORIENTED_EDGE ( 'NONE', *, *, #8726, .F. ) ;
#10124 = DIRECTION ( 'NONE',  ( -0.0000000000000000000, -0.0000000000000000000, 1.000000000000000000 ) ) ;
#10125 = CARTESIAN_POINT ( 'NONE',  ( 1.999999999999994900, 0.0000000000000000000, -9.499999999999998200 ) ) ;
#10126 = CARTESIAN_POINT ( 'NONE',  ( 2.799999999999999800, 0.0000000000000000000, 9.000000000000001800 ) ) ;
#10127 = FILL_AREA_STYLE ('',( #4171 ) ) ;
#10128 = AXIS2_PLACEMENT_3D ( 'NONE', #5486, #9646, #2837 ) ;
#10129 = CARTESIAN_POINT ( 'NONE',  ( -3.516151791541896700, -19.15000000000000600, 0.0000000000000000000 ) ) ;
#10130 = ORIENTED_EDGE ( 'NONE', *, *, #8413, .F. ) ;
#10131 = PLANE ( 'NONE',  #7550 ) ;
#10132 = DIRECTION ( 'NONE',  ( -1.000000000000000000, 3.906775442054348700E-013, 0.0000000000000000000 ) ) ;
#10133 = MECHANICAL_DESIGN_GEOMETRIC_PRESENTATION_REPRESENTATION (  '', ( #2501 ), #6207 ) ;
#10134 = VECTOR ( 'NONE', #6613, 1000.000000000000000 ) ;
#10135 = TOROIDAL_SURFACE ( 'NONE', #3187, 15.50000000000000000, 0.5000000000000000000 ) ;
#10136 = LINE ( 'NONE', #2019, #3088 ) ;
#10137 = EDGE_CURVE ( 'NONE', #476, #9061, #3422, .T. ) ;
#10138 = CARTESIAN_POINT ( 'NONE',  ( 21.14999999999999900, 16.94289321881343500, 10.00000000000000000 ) ) ;
#10139 = MECHANICAL_DESIGN_GEOMETRIC_PRESENTATION_REPRESENTATION (  '', ( #6215 ), #984 ) ;
#10140 = CARTESIAN_POINT ( 'NONE',  ( -13.09999999999999600, 15.50000000000087400, -10.49999999999999600 ) ) ;
#10141 = FACE_OUTER_BOUND ( 'NONE', #10728, .T. ) ;
#10142 = SURFACE_SIDE_STYLE ('',( #4294 ) ) ;
#10143 = ORIENTED_EDGE ( 'NONE', *, *, #8439, .T. ) ;
#10144 =( NAMED_UNIT ( * ) SI_UNIT ( $, .STERADIAN. ) SOLID_ANGLE_UNIT ( ) );
#10145 = VECTOR ( 'NONE', #5529, 1000.000000000000000 ) ;
#10146 = FILL_AREA_STYLE_COLOUR ( '', #8867 ) ;
#10147 = VECTOR ( 'NONE', #6526, 1000.000000000000000 ) ;
#10148 = ORIENTED_EDGE ( 'NONE', *, *, #3681, .T. ) ;
#10149 = LINE ( 'NONE', #4822, #3085 ) ;
#10150 = PRESENTATION_LAYER_ASSIGNMENT (  '', '', ( #7710 ) ) ;
#10151 = COLOUR_RGB ( '',1.000000000000000000, 0.5686274509803921400, 0.02745098039215686200 ) ;
#10152 = AXIS2_PLACEMENT_3D ( 'NONE', #6539, #4868, #9034 ) ;
#10153 = UNCERTAINTY_MEASURE_WITH_UNIT (LENGTH_MEASURE( 1.000000000000000100E-005 ), #5225, 'distance_accuracy_value', 'NONE');
#10154 = ORIENTED_EDGE ( 'NONE', *, *, #510, .T. ) ;
#10155 = EDGE_CURVE ( 'NONE', #372, #4234, #7616, .T. ) ;
#10156 = CARTESIAN_POINT ( 'NONE',  ( 0.0000000000000000000, 0.0000000000000000000, 4.000000000000003600 ) ) ;
#10157 = DIRECTION ( 'NONE',  ( -0.0000000000000000000, -0.0000000000000000000, 1.000000000000000000 ) ) ;
#10158 = FILL_AREA_STYLE ('',( #9393 ) ) ;
#10159 = DIRECTION ( 'NONE',  ( 1.000000000000000000, 0.0000000000000000000, 0.0000000000000000000 ) ) ;
#10160 = COLOUR_RGB ( '',0.2509803921568627400, 0.2509803921568627400, 0.2509803921568627400 ) ;
#10161 = ORIENTED_EDGE ( 'NONE', *, *, #6848, .F. ) ;
#10162 = ADVANCED_FACE ( 'NONE', ( #9836 ), #7349, .T. ) ;
#10163 = DIRECTION ( 'NONE',  ( 1.000000000000000000, 0.0000000000000000000, 0.0000000000000000000 ) ) ;
#10164 = ORIENTED_EDGE ( 'NONE', *, *, #510, .F. ) ;
#10165 = STYLED_ITEM ( 'NONE', ( #1078 ), #2596 ) ;
#10166 = DIRECTION ( 'NONE',  ( -4.542762141924063400E-015, 1.000000000000000000, -0.0000000000000000000 ) ) ;
#10167 = STYLED_ITEM ( 'NONE', ( #8879 ), #7535 ) ;
#10168 = VECTOR ( 'NONE', #930, 1000.000000000000000 ) ;
#10169 = EDGE_LOOP ( 'NONE', ( #2477, #1124, #586 ) ) ;
#10170 = EDGE_CURVE ( 'NONE', #10470, #7031, #409, .T. ) ;
#10171 = CARTESIAN_POINT ( 'NONE',  ( -2.616151791541898100, -21.25000000000000700, -4.341649960993327200E-016 ) ) ;
#10172 = DIRECTION ( 'NONE',  ( 0.0000000000000000000, 0.0000000000000000000, 1.000000000000000000 ) ) ;
#10173 = ADVANCED_FACE ( 'NONE', ( #2259 ), #5090, .F. ) ;
#10174 = CARTESIAN_POINT ( 'NONE',  ( 0.0000000000000000000, 0.0000000000000000000, -8.999999999999998200 ) ) ;
#10175 = CARTESIAN_POINT ( 'NONE',  ( -14.25001964264661700, -15.03502403148863200, -9.499999999999998200 ) ) ;
#10176 = DIRECTION ( 'NONE',  ( -0.0000000000000000000, 1.000000000000000000, -0.0000000000000000000 ) ) ;
#10177 = ORIENTED_EDGE ( 'NONE', *, *, #4591, .T. ) ;
#10178 = ORIENTED_EDGE ( 'NONE', *, *, #455, .F. ) ;
#10179 = CARTESIAN_POINT ( 'NONE',  ( -14.25001964264661500, -15.96497596850949400, -9.499999999999998200 ) ) ;
#10180 = EDGE_CURVE ( 'NONE', #943, #10313, #10505, .T. ) ;
#10181 = AXIS2_PLACEMENT_3D ( 'NONE', #5804, #6577, #6651 ) ;
#10182 = CARTESIAN_POINT ( 'NONE',  ( 15.01375035175125200, 15.03502403148986100, -10.99999999999999800 ) ) ;
#10183 = LINE ( 'NONE', #9578, #7436 ) ;
#10184 = CARTESIAN_POINT ( 'NONE',  ( -3.751237317905546500, -19.15000000000000600, -4.082228845956035600 ) ) ;
#10185 = PRESENTATION_LAYER_ASSIGNMENT (  '', '', ( #9566 ) ) ;
#10186 = CARTESIAN_POINT ( 'NONE',  ( -17.29644660940671500, -21.00355339059328200, 2.000000000000000000 ) ) ;
#10187 = VERTEX_POINT ( 'NONE', #900 ) ;
#10188 = DIRECTION ( 'NONE',  ( -1.000000000000000000, 0.0000000000000000000, 0.0000000000000000000 ) ) ;
#10189 = CARTESIAN_POINT ( 'NONE',  ( 2.583848208458102500, -21.25000000000000700, -7.606617291317806300 ) ) ;
#10190 = FACE_OUTER_BOUND ( 'NONE', #4953, .T. ) ;
#10191 = DIRECTION ( 'NONE',  ( -1.000000000000000000, 0.0000000000000000000, 0.0000000000000000000 ) ) ;
#10192 = DIRECTION ( 'NONE',  ( -1.000000000000000000, -1.865390464730955100E-015, -0.0000000000000000000 ) ) ;
#10193 = ORIENTED_EDGE ( 'NONE', *, *, #1965, .T. ) ;
#10194 = EDGE_LOOP ( 'NONE', ( #5133, #614 ) ) ;
#10195 = SURFACE_STYLE_USAGE ( .BOTH. , #4353 ) ;
#10196 = ORIENTED_EDGE ( 'NONE', *, *, #10530, .F. ) ;
#10197 = EDGE_CURVE ( 'NONE', #702, #6750, #8008, .T. ) ;
#10198 = TOROIDAL_SURFACE ( 'NONE', #6258, 3.250000000000000000, 0.5000000000000000000 ) ;
#10199 = DIRECTION ( 'NONE',  ( 1.000000000000000000, 0.0000000000000000000, 0.0000000000000000000 ) ) ;
#10200 = CARTESIAN_POINT ( 'NONE',  ( 0.0000000000000000000, 0.0000000000000000000, -11.49999999999999800 ) ) ;
#10201 = CIRCLE ( 'NONE', #9543, 1.999999999999994900 ) ;
#10202 = AXIS2_PLACEMENT_3D ( 'NONE', #3861, #7283, #5610 ) ;
#10203 = PLANE ( 'NONE',  #10509 ) ;
#10204 = AXIS2_PLACEMENT_3D ( 'NONE', #9196, #5030, #10104 ) ;
#10205 =( NAMED_UNIT ( * ) PLANE_ANGLE_UNIT ( ) SI_UNIT ( $, .RADIAN. ) );
#10206 = ORIENTED_EDGE ( 'NONE', *, *, #1983, .T. ) ;
#10207 = DIRECTION ( 'NONE',  ( 0.0000000000000000000, -1.000000000000000000, -0.0000000000000000000 ) ) ;
#10208 = ORIENTED_EDGE ( 'NONE', *, *, #9923, .T. ) ;
#10209 = CARTESIAN_POINT ( 'NONE',  ( 0.0000000000000000000, 0.0000000000000000000, 2.000000000000001800 ) ) ;
#10210 = CIRCLE ( 'NONE', #7363, 20.00000000000000000 ) ;
#10211 = VECTOR ( 'NONE', #5456, 1000.000000000000000 ) ;
#10212 = CARTESIAN_POINT ( 'NONE',  ( -15.98624964825069700, -15.03502403148862900, -9.499999999999998200 ) ) ;
#10213 = UNCERTAINTY_MEASURE_WITH_UNIT (LENGTH_MEASURE( 1.000000000000000100E-005 ), #5719, 'distance_accuracy_value', 'NONE');
#10214 = EDGE_CURVE ( 'NONE', #3640, #4949, #10086, .T. ) ;
#10215 = DIRECTION ( 'NONE',  ( -1.000000000000000000, 0.0000000000000000000, 0.0000000000000000000 ) ) ;
#10216 = AXIS2_PLACEMENT_3D ( 'NONE', #6788, #7526, #8403 ) ;
#10217 = EDGE_LOOP ( 'NONE', ( #7666, #3290, #7948, #10143, #9301, #2474 ) ) ;
#10218 = VERTEX_POINT ( 'NONE', #6830 ) ;
#10219 = SURFACE_STYLE_FILL_AREA ( #10629 ) ;
#10220 = ADVANCED_FACE ( 'NONE', ( #9445 ), #8371, .F. ) ;
#10221 =( LENGTH_UNIT ( ) NAMED_UNIT ( * ) SI_UNIT ( .MILLI., .METRE. ) );
#10222 = AXIS2_PLACEMENT_3D ( 'NONE', #1046, #9291, #5135 ) ;
#10223 = CARTESIAN_POINT ( 'NONE',  ( -4.000000000000000000, 4.898587196589412800E-016, 11.50000000000000000 ) ) ;
#10224 = EDGE_CURVE ( 'NONE', #5520, #10035, #1877, .T. ) ;
#10225 = MECHANICAL_DESIGN_GEOMETRIC_PRESENTATION_REPRESENTATION (  '', ( #10290 ), #3918 ) ;
#10226 = ORIENTED_EDGE ( 'NONE', *, *, #1945, .F. ) ;
#10227 = DIRECTION ( 'NONE',  ( -1.000000000000000000, -5.211847922874174100E-016, 0.0000000000000000000 ) ) ;
#10228 = CYLINDRICAL_SURFACE ( 'NONE', #2852, 0.5000000000000004400 ) ;
#10229 = ORIENTED_EDGE ( 'NONE', *, *, #4095, .T. ) ;
#10230 = CARTESIAN_POINT ( 'NONE',  ( -16.94289321881342800, 20.64999999999999900, 10.00000000000000000 ) ) ;
#10231 =( NAMED_UNIT ( * ) SI_UNIT ( $, .STERADIAN. ) SOLID_ANGLE_UNIT ( ) );
#10232 = CIRCLE ( 'NONE', #3569, 2.749999999999997300 ) ;
#10233 = DIRECTION ( 'NONE',  ( -0.0000000000000000000, -0.0000000000000000000, 1.000000000000000000 ) ) ;
#10234 = ORIENTED_EDGE ( 'NONE', *, *, #1441, .T. ) ;
#10235 = DIRECTION ( 'NONE',  ( 0.0000000000000000000, 0.0000000000000000000, -1.000000000000000000 ) ) ;
#10236 = ADVANCED_FACE ( 'NONE', ( #3411 ), #10228, .T. ) ;
#10238 = STYLED_ITEM ( 'NONE', ( #145 ), #2018 ) ;
#10237 = DIRECTION ( 'NONE',  ( -1.000000000000000000, 0.0000000000000000000, 0.0000000000000000000 ) ) ;
#10239 = ORIENTED_EDGE ( 'NONE', *, *, #8973, .T. ) ;
#10240 = LINE ( 'NONE', #8276, #6956 ) ;
#10241 = AXIS2_PLACEMENT_3D ( 'NONE', #5192, #6853, #7788 ) ;
#10242 = FACE_OUTER_BOUND ( 'NONE', #9510, .T. ) ;
#10243 = EDGE_CURVE ( 'NONE', #2405, #8474, #821, .T. ) ;
#10244 = LINE ( 'NONE', #8056, #7631 ) ;
#10245 = CARTESIAN_POINT ( 'NONE',  ( -15.01375035175307500, -15.03502403148862900, -9.499999999999998200 ) ) ;
#10246 = CARTESIAN_POINT ( 'NONE',  ( 14.25001964264473400, 15.96497596851043000, -10.99999999999999800 ) ) ;
#10247 = EDGE_LOOP ( 'NONE', ( #4418, #3819, #1937, #3456 ) ) ;
#10248 = FACE_OUTER_BOUND ( 'NONE', #4069, .T. ) ;
#10249 = VECTOR ( 'NONE', #5972, 1000.000000000000000 ) ;
#10250 = ORIENTED_EDGE ( 'NONE', *, *, #3061, .T. ) ;
#10251 = EDGE_CURVE ( 'NONE', #1554, #6436, #3943, .T. ) ;
#10252 = STYLED_ITEM ( 'NONE', ( #7018 ), #3746 ) ;
#10253 = CIRCLE ( 'NONE', #9185, 0.5000000000000022200 ) ;
#10254 = DIRECTION ( 'NONE',  ( 0.0000000000000000000, 0.0000000000000000000, -1.000000000000000000 ) ) ;
#10255 = SURFACE_SIDE_STYLE ('',( #7818 ) ) ;
#10256 = CARTESIAN_POINT ( 'NONE',  ( 3.306851934509031000, -19.15000000000000600, -4.149999999999994100 ) ) ;
#10257 = EDGE_CURVE ( 'NONE', #2858, #10391, #3551, .T. ) ;
#10258 = DIRECTION ( 'NONE',  ( 0.0000000000000000000, 0.0000000000000000000, -1.000000000000000000 ) ) ;
#10259 = VERTEX_POINT ( 'NONE', #9401 ) ;
#10260 = COLOUR_RGB ( '',0.0000000000000000000, 0.5019607843137254800, 1.000000000000000000 ) ;
#10261 = DIRECTION ( 'NONE',  ( -1.000000000000000000, -8.202002250481357500E-017, -0.0000000000000000000 ) ) ;
#10262 = FACE_OUTER_BOUND ( 'NONE', #1634, .T. ) ;
#10263 = STYLED_ITEM ( 'NONE', ( #3913 ), #4457 ) ;
#10264 = SURFACE_STYLE_USAGE ( .BOTH. , #9425 ) ;
#10265 = ORIENTED_EDGE ( 'NONE', *, *, #4742, .T. ) ;
#10266 =( NAMED_UNIT ( * ) SI_UNIT ( $, .STERADIAN. ) SOLID_ANGLE_UNIT ( ) );
#10267 = CARTESIAN_POINT ( 'NONE',  ( 0.0000000000000000000, 0.0000000000000000000, -9.499999999999998200 ) ) ;
#10268 = ORIENTED_EDGE ( 'NONE', *, *, #1714, .F. ) ;
#10269 = CARTESIAN_POINT ( 'NONE',  ( -13.32957238623955800, 21.14999999999999900, -63.34951795962939500 ) ) ;
#10270 = COLOUR_RGB ( '',0.2509803921568627400, 0.2509803921568627400, 0.2509803921568627400 ) ;
#10271 = AXIS2_PLACEMENT_3D ( 'NONE', #2864, #3710, #4621 ) ;
#10272 = ADVANCED_FACE ( 'NONE', ( #9954 ), #3153, .F. ) ;
#10273 =( NAMED_UNIT ( * ) PLANE_ANGLE_UNIT ( ) SI_UNIT ( $, .RADIAN. ) );
#10274 = FACE_OUTER_BOUND ( 'NONE', #1104, .T. ) ;
#10275 = DIRECTION ( 'NONE',  ( -0.0000000000000000000, -0.0000000000000000000, -1.000000000000000000 ) ) ;
#10276 = DIRECTION ( 'NONE',  ( -1.000000000000000000, 0.0000000000000000000, -0.0000000000000000000 ) ) ;
#10277 = VECTOR ( 'NONE', #19, 1000.000000000000000 ) ;
#10278 = VERTEX_POINT ( 'NONE', #6133 ) ;
#10279 = DIRECTION ( 'NONE',  ( -0.0000000000000000000, 0.0000000000000000000, -1.000000000000000000 ) ) ;
#10280 = SURFACE_STYLE_FILL_AREA ( #2058 ) ;
#10281 = SURFACE_STYLE_USAGE ( .BOTH. , #4430 ) ;
#10282 = VECTOR ( 'NONE', #4256, 1000.000000000000000 ) ;
#10284 =( GEOMETRIC_REPRESENTATION_CONTEXT ( 3 ) GLOBAL_UNCERTAINTY_ASSIGNED_CONTEXT ( ( #1857 ) ) GLOBAL_UNIT_ASSIGNED_CONTEXT ( ( #9880, #9944, #6482 ) ) REPRESENTATION_CONTEXT ( 'NONE', 'WORKASPACE' ) );
#10283 = DIRECTION ( 'NONE',  ( -0.0000000000000000000, 1.000000000000000000, -0.0000000000000000000 ) ) ;
#10285 = ORIENTED_EDGE ( 'NONE', *, *, #1976, .F. ) ;
#10286 = PRESENTATION_LAYER_ASSIGNMENT (  '', '', ( #7480 ) ) ;
#10287 = EDGE_CURVE ( 'NONE', #658, #5147, #3029, .T. ) ;
#10288 = ADVANCED_FACE ( 'NONE', ( #7208 ), #2737, .F. ) ;
#10289 = SURFACE_STYLE_USAGE ( .BOTH. , #4437 ) ;
#10290 = STYLED_ITEM ( 'NONE', ( #6798 ), #987 ) ;
#10291 = SURFACE_STYLE_USAGE ( .BOTH. , #10255 ) ;
#10292 = LINE ( 'NONE', #2062, #8321 ) ;
#10293 = ORIENTED_EDGE ( 'NONE', *, *, #9617, .T. ) ;
#10294 = UNCERTAINTY_MEASURE_WITH_UNIT (LENGTH_MEASURE( 1.000000000000000100E-005 ), #5796, 'distance_accuracy_value', 'NONE');
#10295 =( LENGTH_UNIT ( ) NAMED_UNIT ( * ) SI_UNIT ( .MILLI., .METRE. ) );
#10296 = CIRCLE ( 'NONE', #9647, 0.5000000000000004400 ) ;
#10297 = COLOUR_RGB ( '',0.2509803921568627400, 0.2509803921568627400, 0.2509803921568627400 ) ;
#10298 = PRESENTATION_LAYER_ASSIGNMENT (  '', '', ( #2591 ) ) ;
#10299 = ORIENTED_EDGE ( 'NONE', *, *, #6862, .T. ) ;
#10300 = VECTOR ( 'NONE', #9089, 1000.000000000000000 ) ;
#10301 = PRESENTATION_LAYER_ASSIGNMENT (  '', '', ( #8201 ) ) ;
#10302 = CARTESIAN_POINT ( 'NONE',  ( 1.799999999999998900, -39.15000000000002000, -13.85000000000000300 ) ) ;
#10303 = DIRECTION ( 'NONE',  ( 1.000000000000000000, 0.0000000000000000000, 0.0000000000000000000 ) ) ;
#10304 = FACE_OUTER_BOUND ( 'NONE', #2393, .T. ) ;
#10305 = EDGE_CURVE ( 'NONE', #9957, #2562, #4999, .T. ) ;
#10306 = CARTESIAN_POINT ( 'NONE',  ( 16.80716972541264600, -15.98624964824928800, -10.99999999999999800 ) ) ;
#10307 = DIRECTION ( 'NONE',  ( -1.000000000000000000, 0.0000000000000000000, 0.0000000000000000000 ) ) ;
#10308 = DIRECTION ( 'NONE',  ( -0.0000000000000000000, 1.000000000000000000, -0.0000000000000000000 ) ) ;
#10309 = ORIENTED_EDGE ( 'NONE', *, *, #1, .F. ) ;
#10310 = DIRECTION ( 'NONE',  ( 0.0000000000000000000, 0.0000000000000000000, 1.000000000000000000 ) ) ;
#10311 = CARTESIAN_POINT ( 'NONE',  ( 14.19283027458454100, -15.01375035175166400, -9.499999999999998200 ) ) ;
#10312 = LINE ( 'NONE', #608, #8336 ) ;
#10313 = VERTEX_POINT ( 'NONE', #2843 ) ;
#10314 = ORIENTED_EDGE ( 'NONE', *, *, #1012, .F. ) ;
#10315 = SURFACE_SIDE_STYLE ('',( #3675 ) ) ;
#10316 = SPHERICAL_SURFACE ( 'NONE', #6543, 0.5000000000000000000 ) ;
#10317 = FACE_OUTER_BOUND ( 'NONE', #238, .T. ) ;
#10318 = DIRECTION ( 'NONE',  ( -0.0000000000000000000, -0.0000000000000000000, -1.000000000000000000 ) ) ;
#10319 = CARTESIAN_POINT ( 'NONE',  ( -21.14999999999999500, -13.32957238623956400, 4.000000000000003600 ) ) ;
#10320 = ORIENTED_EDGE ( 'NONE', *, *, #8225, .F. ) ;
#10321 = FILL_AREA_STYLE_COLOUR ( '', #6606 ) ;
#10322 = DIRECTION ( 'NONE',  ( 0.7071067811865507900, 0.0000000000000000000, 0.7071067811865441300 ) ) ;
#10323 = FILL_AREA_STYLE ('',( #1969 ) ) ;
#10324 = EDGE_CURVE ( 'NONE', #10724, #6270, #1474, .T. ) ;
#10325 =( LENGTH_UNIT ( ) NAMED_UNIT ( * ) SI_UNIT ( .MILLI., .METRE. ) );
#10326 = ORIENTED_EDGE ( 'NONE', *, *, #9065, .T. ) ;
#10327 = CIRCLE ( 'NONE', #4148, 1.249999999999997600 ) ;
#10328 = SURFACE_STYLE_USAGE ( .BOTH. , #3560 ) ;
#10329 = ORIENTED_EDGE ( 'NONE', *, *, #1337, .F. ) ;
#10330 = SURFACE_STYLE_USAGE ( .BOTH. , #9451 ) ;
#10331 = DIRECTION ( 'NONE',  ( -1.000000000000000000, 0.0000000000000000000, 0.0000000000000000000 ) ) ;
#10332 = ADVANCED_FACE ( 'NONE', ( #948 ), #6896, .F. ) ;
#10333 =( NAMED_UNIT ( * ) SI_UNIT ( $, .STERADIAN. ) SOLID_ANGLE_UNIT ( ) );
#10334 = EDGE_CURVE ( 'NONE', #7848, #5162, #10620, .T. ) ;
#10335 = PRESENTATION_LAYER_ASSIGNMENT (  '', '', ( #8096 ) ) ;
#10336 = DIRECTION ( 'NONE',  ( 0.0000000000000000000, -1.000000000000000000, 0.0000000000000000000 ) ) ;
#10337 = VERTEX_POINT ( 'NONE', #175 ) ;
#10338 = CARTESIAN_POINT ( 'NONE',  ( 3.500000000000000000, 0.0000000000000000000, 11.50000000000000000 ) ) ;
#10339 = CYLINDRICAL_SURFACE ( 'NONE', #1723, 1.249999999999997600 ) ;
#10340 = ORIENTED_EDGE ( 'NONE', *, *, #10137, .F. ) ;
#10341 =( GEOMETRIC_REPRESENTATION_CONTEXT ( 3 ) GLOBAL_UNCERTAINTY_ASSIGNED_CONTEXT ( ( #5791 ) ) GLOBAL_UNIT_ASSIGNED_CONTEXT ( ( #1254, #5448, #7960 ) ) REPRESENTATION_CONTEXT ( 'NONE', 'WORKASPACE' ) );
#10342 = DIRECTION ( 'NONE',  ( 1.000000000000000000, 0.0000000000000000000, 0.0000000000000000000 ) ) ;
#10343 = DIRECTION ( 'NONE',  ( 0.0000000000000000000, -1.000000000000000000, 0.0000000000000000000 ) ) ;
#10344 = DIRECTION ( 'NONE',  ( -0.0000000000000000000, 1.000000000000000000, -0.0000000000000000000 ) ) ;
#10345 = CARTESIAN_POINT ( 'NONE',  ( -3.000000000000023500, -18.15000000000000600, -15.00000000000000900 ) ) ;
#10346 = CARTESIAN_POINT ( 'NONE',  ( 20.65000000000000200, -16.94289321881343100, -10.99999999999999800 ) ) ;
#10347 = ORIENTED_EDGE ( 'NONE', *, *, #5858, .F. ) ;
#10348 = ADVANCED_FACE ( 'NONE', ( #8132 ), #293, .T. ) ;
#10349 =( NAMED_UNIT ( * ) SI_UNIT ( $, .STERADIAN. ) SOLID_ANGLE_UNIT ( ) );
#10350 = CARTESIAN_POINT ( 'NONE',  ( -15.03502403149003500, 16.74998035735667700, -10.99999999999999800 ) ) ;
#10351 = VECTOR ( 'NONE', #3760, 1000.000000000000000 ) ;
#10352 = ORIENTED_EDGE ( 'NONE', *, *, #8082, .T. ) ;
#10353 = DIRECTION ( 'NONE',  ( -0.8571673007021116700, 1.049727191138617800E-016, 0.5150380749100552700 ) ) ;
#10354 = ORIENTED_EDGE ( 'NONE', *, *, #6093, .T. ) ;
#10355 = AXIS2_PLACEMENT_3D ( 'NONE', #10752, #9177, #9249 ) ;
#10356 =( GEOMETRIC_REPRESENTATION_CONTEXT ( 3 ) GLOBAL_UNCERTAINTY_ASSIGNED_CONTEXT ( ( #3993 ) ) GLOBAL_UNIT_ASSIGNED_CONTEXT ( ( #4528, #6249, #3693 ) ) REPRESENTATION_CONTEXT ( 'NONE', 'WORKASPACE' ) );
#10357 = CARTESIAN_POINT ( 'NONE',  ( 11.00000000000000000, 1.347111479062088400E-015, 12.00000000000000000 ) ) ;
#10358 = ORIENTED_EDGE ( 'NONE', *, *, #9936, .F. ) ;
#10359 = CARTESIAN_POINT ( 'NONE',  ( -3.600000000000001400, -21.15000000000000600, -3.499999999999994200 ) ) ;
#10360 = ORIENTED_EDGE ( 'NONE', *, *, #9587, .T. ) ;
#10361 = EDGE_CURVE ( 'NONE', #1324, #7708, #2760, .T. ) ;
#10362 = CARTESIAN_POINT ( 'NONE',  ( -16.94289321881342000, -20.65000000000000600, -10.99999999999999800 ) ) ;
#10363 = DIRECTION ( 'NONE',  ( 0.0000000000000000000, 0.0000000000000000000, -1.000000000000000000 ) ) ;
#10364 = CARTESIAN_POINT ( 'NONE',  ( 2.799999999999999800, 3.429011037612588800E-016, -9.499999999999998200 ) ) ;
#10365 = VECTOR ( 'NONE', #3689, 1000.000000000000000 ) ;
#10367 = LINE ( 'NONE', #6933, #9943 ) ;
#10366 = SURFACE_SIDE_STYLE ('',( #1717 ) ) ;
#10368 = ORIENTED_EDGE ( 'NONE', *, *, #10464, .F. ) ;
#10369 = UNCERTAINTY_MEASURE_WITH_UNIT (LENGTH_MEASURE( 1.000000000000000100E-005 ), #9447, 'distance_accuracy_value', 'NONE');
#10370 = CARTESIAN_POINT ( 'NONE',  ( -14.25001964264661700, -15.03502403148863200, -10.99999999999999800 ) ) ;
#10371 = DIRECTION ( 'NONE',  ( 0.0000000000000000000, 0.0000000000000000000, 1.000000000000000000 ) ) ;
#10372 = DIRECTION ( 'NONE',  ( 0.0000000000000000000, 0.0000000000000000000, -1.000000000000000000 ) ) ;
#10373 = ORIENTED_EDGE ( 'NONE', *, *, #1976, .T. ) ;
#10374 = EDGE_CURVE ( 'NONE', #1447, #2842, #9182, .T. ) ;
#10375 = DIRECTION ( 'NONE',  ( 1.224646799147353200E-016, 1.000000000000000000, -0.0000000000000000000 ) ) ;
#10376 = AXIS2_PLACEMENT_3D ( 'NONE', #9487, #10336, #6993 ) ;
#10377 = LINE ( 'NONE', #3254, #2520 ) ;
#10378 = DIRECTION ( 'NONE',  ( 0.7071067811865475700, -0.7071067811865475700, -4.906538933386793300E-015 ) ) ;
#10379 = AXIS2_PLACEMENT_3D ( 'NONE', #8020, #6366, #4713 ) ;
#10380 = DIRECTION ( 'NONE',  ( 0.0000000000000000000, 1.000000000000000000, 0.0000000000000000000 ) ) ;
#10381 = EDGE_CURVE ( 'NONE', #2405, #10470, #5770, .T. ) ;
#10382 = ORIENTED_EDGE ( 'NONE', *, *, #1100, .T. ) ;
#10383 =( NAMED_UNIT ( * ) SI_UNIT ( $, .STERADIAN. ) SOLID_ANGLE_UNIT ( ) );
#10384 = ORIENTED_EDGE ( 'NONE', *, *, #6909, .T. ) ;
#10385 = DIRECTION ( 'NONE',  ( -0.0000000000000000000, -0.0000000000000000000, -1.000000000000000000 ) ) ;
#10386 = VECTOR ( 'NONE', #9700, 1000.000000000000000 ) ;
#10387 = DIRECTION ( 'NONE',  ( 0.0000000000000000000, 1.000000000000000000, 0.0000000000000000000 ) ) ;
#10388 = DIRECTION ( 'NONE',  ( -0.0000000000000000000, 1.000000000000000000, -0.0000000000000000000 ) ) ;
#10389 = ORIENTED_EDGE ( 'NONE', *, *, #919, .T. ) ;
#10390 = CARTESIAN_POINT ( 'NONE',  ( 0.0000000000000000000, 0.0000000000000000000, -11.49999999999999800 ) ) ;
#10391 = VERTEX_POINT ( 'NONE', #2996 ) ;
#10392 = CARTESIAN_POINT ( 'NONE',  ( -2.616151791541896800, -21.25000000000000700, -5.125280410722632900 ) ) ;
#10393 = AXIS2_PLACEMENT_3D ( 'NONE', #2486, #5917, #6791 ) ;
#10394 = PRESENTATION_LAYER_ASSIGNMENT (  '', '', ( #9815 ) ) ;
#10395 =( LENGTH_UNIT ( ) NAMED_UNIT ( * ) SI_UNIT ( .MILLI., .METRE. ) );
#10396 = EDGE_CURVE ( 'NONE', #7173, #4526, #6946, .T. ) ;
#10397 = ORIENTED_EDGE ( 'NONE', *, *, #6873, .T. ) ;
#10398 = ADVANCED_FACE ( 'NONE', ( #4209 ), #2375, .T. ) ;
#10399 = DIRECTION ( 'NONE',  ( 0.0000000000000000000, 1.000000000000000000, 0.0000000000000000000 ) ) ;
#10400 = FACE_OUTER_BOUND ( 'NONE', #1086, .T. ) ;
#10401 = ORIENTED_EDGE ( 'NONE', *, *, #744, .T. ) ;
#10402 = DIRECTION ( 'NONE',  ( 1.000000000000000000, 0.0000000000000000000, 0.0000000000000000000 ) ) ;
#10403 =( LENGTH_UNIT ( ) NAMED_UNIT ( * ) SI_UNIT ( .MILLI., .METRE. ) );
#10404 = DIRECTION ( 'NONE',  ( -0.0000000000000000000, -0.0000000000000000000, -1.000000000000000000 ) ) ;
#10405 = DIRECTION ( 'NONE',  ( -1.000000000000000000, 0.0000000000000000000, -0.0000000000000000000 ) ) ;
#10406 = DIRECTION ( 'NONE',  ( 1.000000000000000000, 0.0000000000000000000, 0.0000000000000000000 ) ) ;
#10407 = FILL_AREA_STYLE ('',( #1235 ) ) ;
#10408 = DIRECTION ( 'NONE',  ( -0.0000000000000000000, -0.0000000000000000000, -1.000000000000000000 ) ) ;
#10409 = VERTEX_POINT ( 'NONE', #4601 ) ;
#10410 = STYLED_ITEM ( 'NONE', ( #8350 ), #3415 ) ;
#10411 = ORIENTED_EDGE ( 'NONE', *, *, #4994, .T. ) ;
#10412 = DIRECTION ( 'NONE',  ( 1.424951426695230500E-014, 0.0000000000000000000, 1.000000000000000000 ) ) ;
#10413 = DIRECTION ( 'NONE',  ( -1.000000000000000000, 0.0000000000000000000, 0.0000000000000000000 ) ) ;
#10414 = COLOUR_RGB ( '',0.2509803921568627400, 0.2509803921568627400, 0.2509803921568627400 ) ;
#10415 = DIRECTION ( 'NONE',  ( 0.0000000000000000000, 1.000000000000000000, 0.0000000000000000000 ) ) ;
#10416 = CARTESIAN_POINT ( 'NONE',  ( 15.50000000000000000, 15.50000000000000000, 10.00000000000000000 ) ) ;
#10417 = VECTOR ( 'NONE', #1170, 1000.000000000000000 ) ;
#10418 = LINE ( 'NONE', #8798, #8063 ) ;
#10419 = EDGE_LOOP ( 'NONE', ( #9246, #3396, #7471, #1608, #9710, #53, #531, #10117, #9013, #2161, #10587, #8198 ) ) ;
#10420 = VECTOR ( 'NONE', #10166, 1000.000000000000000 ) ;
#10421 =( NAMED_UNIT ( * ) SI_UNIT ( $, .STERADIAN. ) SOLID_ANGLE_UNIT ( ) );
#10422 = VERTEX_POINT ( 'NONE', #3764 ) ;
#10423 = DIRECTION ( 'NONE',  ( -1.000000000000000000, 0.0000000000000000000, 0.0000000000000000000 ) ) ;
#10424 = EDGE_CURVE ( 'NONE', #5152, #3145, #3809, .T. ) ;
#10425 = COLOUR_RGB ( '',0.2509803921568627400, 0.2509803921568627400, 0.2509803921568627400 ) ;
#10426 = FILL_AREA_STYLE_COLOUR ( '', #8286 ) ;
#10427 = DIRECTION ( 'NONE',  ( -0.0000000000000000000, -0.0000000000000000000, -1.000000000000000000 ) ) ;
#10428 = COLOUR_RGB ( '',0.2509803921568627400, 0.2509803921568627400, 0.2509803921568627400 ) ;
#10429 = EDGE_CURVE ( 'NONE', #85, #4838, #6415, .T. ) ;
#10430 = VECTOR ( 'NONE', #10048, 1000.000000000000000 ) ;
#10431 = AXIS2_PLACEMENT_3D ( 'NONE', #441, #7944, #10412 ) ;
#10432 = VECTOR ( 'NONE', #4109, 1000.000000000000000 ) ;
#10433 = PRESENTATION_STYLE_ASSIGNMENT (( #1146 ) ) ;
#10434 =( LENGTH_UNIT ( ) NAMED_UNIT ( * ) SI_UNIT ( .MILLI., .METRE. ) );
#10435 = ORIENTED_EDGE ( 'NONE', *, *, #10719, .F. ) ;
#10436 = SURFACE_STYLE_USAGE ( .BOTH. , #2887 ) ;
#10437 = SURFACE_STYLE_USAGE ( .BOTH. , #1307 ) ;
#10438 = DIRECTION ( 'NONE',  ( 0.0000000000000000000, 0.0000000000000000000, -1.000000000000000000 ) ) ;
#10439 = SURFACE_STYLE_FILL_AREA ( #10474 ) ;
#10440 = CARTESIAN_POINT ( 'NONE',  ( 0.0000000000000000000, 0.0000000000000000000, 9.000000000000001800 ) ) ;
#10442 = VERTEX_POINT ( 'NONE', #9685 ) ;
#10441 = DIRECTION ( 'NONE',  ( 1.000000000000000000, 0.0000000000000000000, 0.0000000000000000000 ) ) ;
#10444 = AXIS2_PLACEMENT_3D ( 'NONE', #6124, #2797, #3641 ) ;
#10443 = CARTESIAN_POINT ( 'NONE',  ( 16.94289321881345200, 21.14999999999999900, 2.000000000000000000 ) ) ;
#10445 = AXIS2_PLACEMENT_3D ( 'NONE', #8232, #3114, #4837 ) ;
#10446 = UNCERTAINTY_MEASURE_WITH_UNIT (LENGTH_MEASURE( 1.000000000000000100E-005 ), #4415, 'distance_accuracy_value', 'NONE');
#10447 = ORIENTED_EDGE ( 'NONE', *, *, #8485, .F. ) ;
#10448 = EDGE_CURVE ( 'NONE', #3814, #9584, #2240, .T. ) ;
#10449 = DIRECTION ( 'NONE',  ( -0.0000000000000000000, -0.0000000000000000000, -1.000000000000000000 ) ) ;
#10450 = AXIS2_PLACEMENT_3D ( 'NONE', #6640, #8287, #851 ) ;
#10451 = CIRCLE ( 'NONE', #6061, 2.799999999999999800 ) ;
#10452 = DIRECTION ( 'NONE',  ( 1.000000000000000000, 0.0000000000000000000, 0.0000000000000000000 ) ) ;
#10453 = ORIENTED_EDGE ( 'NONE', *, *, #5945, .T. ) ;
#10454 = ADVANCED_FACE ( 'NONE', ( #5253 ), #5388, .T. ) ;
#10455 = SURFACE_STYLE_USAGE ( .BOTH. , #3747 ) ;
#10456 = CIRCLE ( 'NONE', #1305, 0.5000000000000004400 ) ;
#10457 = STYLED_ITEM ( 'NONE', ( #5125 ), #2131 ) ;
#10458 = SURFACE_STYLE_FILL_AREA ( #5850 ) ;
#10459 = AXIS2_PLACEMENT_3D ( 'NONE', #2834, #9389, #7713 ) ;
#10460 = DIRECTION ( 'NONE',  ( 1.000000000000000000, 0.0000000000000000000, 0.0000000000000000000 ) ) ;
#10461 = CARTESIAN_POINT ( 'NONE',  ( 20.64999999999999900, 16.94289321881345200, -10.99999999999999800 ) ) ;
#10462 = ORIENTED_EDGE ( 'NONE', *, *, #633, .F. ) ;
#10463 = ORIENTED_EDGE ( 'NONE', *, *, #1696, .T. ) ;
#10464 = EDGE_CURVE ( 'NONE', #3404, #4486, #7194, .T. ) ;
#10465 = DIRECTION ( 'NONE',  ( -1.000000000000000000, 0.0000000000000000000, 0.0000000000000000000 ) ) ;
#10466 = CYLINDRICAL_SURFACE ( 'NONE', #5364, 25.00000000000000000 ) ;
#10467 = ADVANCED_FACE ( 'NONE', ( #10493, #6550 ), #2202, .T. ) ;
#10468 = DIRECTION ( 'NONE',  ( 1.000000000000000000, 0.0000000000000000000, -0.0000000000000000000 ) ) ;
#10469 = CARTESIAN_POINT ( 'NONE',  ( -1.371348881391340800, -39.15000000000000600, -5.626831209128898300 ) ) ;
#10470 = VERTEX_POINT ( 'NONE', #4639 ) ;
#10471 = LINE ( 'NONE', #132, #9805 ) ;
#10472 = PRESENTATION_LAYER_ASSIGNMENT (  '', '', ( #2014 ) ) ;
#10473 = PRESENTATION_STYLE_ASSIGNMENT (( #2145 ) ) ;
#10474 = FILL_AREA_STYLE ('',( #8497 ) ) ;
#10475 = CARTESIAN_POINT ( 'NONE',  ( 12.75000000000000200, 15.50000000000000000, -9.499999999999998200 ) ) ;
#10476 = CARTESIAN_POINT ( 'NONE',  ( 16.80716972541264600, -15.98624964824928800, -9.499999999999998200 ) ) ;
#10477 = ORIENTED_EDGE ( 'NONE', *, *, #6158, .T. ) ;
#10478 = CARTESIAN_POINT ( 'NONE',  ( 21.16000000000000700, -13.31369220013741200, -3.499999999999996000 ) ) ;
#10479 = EDGE_CURVE ( 'NONE', #4268, #1958, #8251, .T. ) ;
#10480 = ORIENTED_EDGE ( 'NONE', *, *, #579, .T. ) ;
#10481 = DIRECTION ( 'NONE',  ( -1.000000000000000000, 0.0000000000000000000, 0.0000000000000000000 ) ) ;
#10482 = CIRCLE ( 'NONE', #4573, 0.5000000000000004400 ) ;
#10483 = VECTOR ( 'NONE', #3316, 1000.000000000000000 ) ;
#10484 = FACE_OUTER_BOUND ( 'NONE', #8406, .T. ) ;
#10485 = CARTESIAN_POINT ( 'NONE',  ( 1.500000000000000200, 2.000000000000000000, 17.50000000000000000 ) ) ;
#10486 = ORIENTED_EDGE ( 'NONE', *, *, #10719, .T. ) ;
#10487 = ORIENTED_EDGE ( 'NONE', *, *, #1226, .F. ) ;
#10488 = DIRECTION ( 'NONE',  ( 0.0000000000000000000, 0.0000000000000000000, 1.000000000000000000 ) ) ;
#10489 = FILL_AREA_STYLE ('',( #6008 ) ) ;
#10490 = EDGE_CURVE ( 'NONE', #4949, #1760, #4194, .T. ) ;
#10491 = STYLED_ITEM ( 'NONE', ( #6897 ), #4623 ) ;
#10492 = VERTEX_POINT ( 'NONE', #5626 ) ;
#10493 = FACE_OUTER_BOUND ( 'NONE', #5292, .T. ) ;
#10494 = VECTOR ( 'NONE', #9649, 1000.000000000000000 ) ;
#10495 =( GEOMETRIC_REPRESENTATION_CONTEXT ( 3 ) GLOBAL_UNCERTAINTY_ASSIGNED_CONTEXT ( ( #2912 ) ) GLOBAL_UNIT_ASSIGNED_CONTEXT ( ( #1019, #7846, #4404 ) ) REPRESENTATION_CONTEXT ( 'NONE', 'WORKASPACE' ) );
#10496 = CARTESIAN_POINT ( 'NONE',  ( 18.74999999999999600, 15.50000000000000000, -11.49999999999999800 ) ) ;
#10497 = ORIENTED_EDGE ( 'NONE', *, *, #2899, .F. ) ;
#10498 =( NAMED_UNIT ( * ) SI_UNIT ( $, .STERADIAN. ) SOLID_ANGLE_UNIT ( ) );
#10499 = CARTESIAN_POINT ( 'NONE',  ( 21.00355339059327500, -17.29644660940670100, -1.499999999999997800 ) ) ;
#10500 = SURFACE_SIDE_STYLE ('',( #7552 ) ) ;
#10501 = DIRECTION ( 'NONE',  ( -0.0000000000000000000, 1.000000000000000000, -0.0000000000000000000 ) ) ;
#10502 = ORIENTED_EDGE ( 'NONE', *, *, #7734, .F. ) ;
#10503 = ORIENTED_EDGE ( 'NONE', *, *, #6444, .T. ) ;
#10504 = PRESENTATION_STYLE_ASSIGNMENT (( #7805 ) ) ;
#10505 = CIRCLE ( 'NONE', #1767, 15.50000000000000000 ) ;
#10506 = ADVANCED_FACE ( 'NONE', ( #6026 ), #7338, .F. ) ;
#10507 = CARTESIAN_POINT ( 'NONE',  ( -20.64999999999999500, 16.94289321881344900, 2.000000000000000000 ) ) ;
#10508 = UNCERTAINTY_MEASURE_WITH_UNIT (LENGTH_MEASURE( 1.000000000000000100E-005 ), #2380, 'distance_accuracy_value', 'NONE');
#10509 = AXIS2_PLACEMENT_3D ( 'NONE', #8593, #254, #5203 ) ;
#10510 = ORIENTED_EDGE ( 'NONE', *, *, #3168, .T. ) ;
#10511 =( GEOMETRIC_REPRESENTATION_CONTEXT ( 3 ) GLOBAL_UNCERTAINTY_ASSIGNED_CONTEXT ( ( #6734 ) ) GLOBAL_UNIT_ASSIGNED_CONTEXT ( ( #1112, #6236, #3676 ) ) REPRESENTATION_CONTEXT ( 'NONE', 'WORKASPACE' ) );
#10512 = VERTEX_POINT ( 'NONE', #7261 ) ;
#10513 = DIRECTION ( 'NONE',  ( -0.0000000000000000000, -0.0000000000000000000, -1.000000000000000000 ) ) ;
#10514 = EDGE_CURVE ( 'NONE', #9354, #4638, #7465, .T. ) ;
#10515 = DIRECTION ( 'NONE',  ( -0.0000000000000000000, -0.0000000000000000000, 1.000000000000000000 ) ) ;
#10516 = DIRECTION ( 'NONE',  ( 1.235860604586726600E-014, -1.000000000000000000, 0.0000000000000000000 ) ) ;
#10517 = AXIS2_PLACEMENT_3D ( 'NONE', #8816, #10399, #4561 ) ;
#10518 =( NAMED_UNIT ( * ) PLANE_ANGLE_UNIT ( ) SI_UNIT ( $, .RADIAN. ) );
#10519 = ORIENTED_EDGE ( 'NONE', *, *, #7164, .F. ) ;
#10520 = CARTESIAN_POINT ( 'NONE',  ( 3.599999999999996100, -19.15000000000000600, -8.999999999999992900 ) ) ;
#10521 = VECTOR ( 'NONE', #8159, 1000.000000000000000 ) ;
#10522 = SURFACE_STYLE_FILL_AREA ( #6067 ) ;
#10523 = ADVANCED_FACE ( 'NONE', ( #2752, #8784 ), #6465, .T. ) ;
#10524 = FILL_AREA_STYLE_COLOUR ( '', #724 ) ;
#10525 = AXIS2_PLACEMENT_3D ( 'NONE', #5335, #8642, #4506 ) ;
#10526 = ORIENTED_EDGE ( 'NONE', *, *, #9261, .T. ) ;
#10527 = PRESENTATION_STYLE_ASSIGNMENT (( #1106 ) ) ;
#10528 = AXIS2_PLACEMENT_3D ( 'NONE', #9538, #358, #211 ) ;
#10529 = CIRCLE ( 'NONE', #8877, 25.00000000000000000 ) ;
#10530 = EDGE_CURVE ( 'NONE', #8430, #476, #8522, .T. ) ;
#10531 = CARTESIAN_POINT ( 'NONE',  ( 0.0000000000000000000, 0.0000000000000000000, -11.49999999999999800 ) ) ;
#10532 = CARTESIAN_POINT ( 'NONE',  ( -3.434894197822124800, -21.25000000000000700, -4.149999999999994100 ) ) ;
#10533 = VERTEX_POINT ( 'NONE', #8148 ) ;
#10534 = FACE_BOUND ( 'NONE', #6704, .T. ) ;
#10535 = CARTESIAN_POINT ( 'NONE',  ( 1.799999999999999400, -39.15000000000002000, -13.15000000000000400 ) ) ;
#10536 = FACE_OUTER_BOUND ( 'NONE', #8298, .T. ) ;
#10537 = AXIS2_PLACEMENT_3D ( 'NONE', #259, #6102, #1128 ) ;
#10538 = PRESENTATION_STYLE_ASSIGNMENT (( #901 ) ) ;
#10539 = CARTESIAN_POINT ( 'NONE',  ( -14.19283027458642900, 15.01375035175259500, -10.99999999999999800 ) ) ;
#10540 = ORIENTED_EDGE ( 'NONE', *, *, #10549, .T. ) ;
#10541 = EDGE_CURVE ( 'NONE', #10654, #6802, #1343, .T. ) ;
#10542 = ORIENTED_EDGE ( 'NONE', *, *, #1194, .F. ) ;
#10543 = CARTESIAN_POINT ( 'NONE',  ( -1.371348881391340800, -19.15000000000000600, -6.956617291317808600 ) ) ;
#10544 =( LENGTH_UNIT ( ) NAMED_UNIT ( * ) SI_UNIT ( .MILLI., .METRE. ) );
#10545 = CIRCLE ( 'NONE', #2937, 0.5000000000000004400 ) ;
#10546 = CARTESIAN_POINT ( 'NONE',  ( 21.15000000000000200, -17.14999999999997400, -10.99999999999999800 ) ) ;
#10547 = DIRECTION ( 'NONE',  ( -0.0000000000000000000, -0.0000000000000000000, 1.000000000000000000 ) ) ;
#10548 = VERTEX_POINT ( 'NONE', #4706 ) ;
#10549 = EDGE_CURVE ( 'NONE', #5442, #4603, #2124, .T. ) ;
#10550 = DIRECTION ( 'NONE',  ( -0.0000000000000000000, 1.000000000000000000, -0.0000000000000000000 ) ) ;
#10551 = VECTOR ( 'NONE', #7515, 1000.000000000000000 ) ;
#10552 = FACE_OUTER_BOUND ( 'NONE', #6143, .T. ) ;
#10553 = SURFACE_STYLE_USAGE ( .BOTH. , #7278 ) ;
#10554 = FACE_OUTER_BOUND ( 'NONE', #2299, .T. ) ;
#10555 = LINE ( 'NONE', #6740, #3878 ) ;
#10556 = DIRECTION ( 'NONE',  ( 0.0000000000000000000, 0.0000000000000000000, 1.000000000000000000 ) ) ;
#10557 = VERTEX_POINT ( 'NONE', #8919 ) ;
#10558 = DIRECTION ( 'NONE',  ( 1.000000000000000000, -6.938893903907222100E-015, 0.0000000000000000000 ) ) ;
#10559 = COLOUR_RGB ( '',0.0000000000000000000, 0.5019607843137254800, 1.000000000000000000 ) ;
#10560 = VERTEX_POINT ( 'NONE', #3132 ) ;
#10561 = PRESENTATION_STYLE_ASSIGNMENT (( #7303 ) ) ;
#10562 = CARTESIAN_POINT ( 'NONE',  ( 21.14999999999999900, 13.32957238623956000, -63.34951795962939500 ) ) ;
#10563 = CARTESIAN_POINT ( 'NONE',  ( 20.65000000000000200, -16.94289321881343100, -11.49999999999999800 ) ) ;
#10564 = DIRECTION ( 'NONE',  ( 0.0000000000000000000, -1.000000000000000000, 0.0000000000000000000 ) ) ;
#10565 = DIRECTION ( 'NONE',  ( -0.7071067811865475700, -0.7071067811865475700, -0.0000000000000000000 ) ) ;
#10566 = ADVANCED_FACE ( 'NONE', ( #1994 ), #5760, .T. ) ;
#10567 = PRESENTATION_LAYER_ASSIGNMENT (  '', '', ( #9989 ) ) ;
#10568 = FILL_AREA_STYLE ('',( #599 ) ) ;
#10569 = AXIS2_PLACEMENT_3D ( 'NONE', #6957, #9559, #3712 ) ;
#10570 = LINE ( 'NONE', #975, #6369 ) ;
#10571 = CONICAL_SURFACE ( 'NONE', #8922, 1.999999999999994900, 0.7853981633974530500 ) ;
#10572 = AXIS2_PLACEMENT_3D ( 'NONE', #9632, #5400, #10481 ) ;
#10573 = DIRECTION ( 'NONE',  ( 1.000000000000000000, 1.235860604586731400E-014, 0.0000000000000000000 ) ) ;
#10574 = VERTEX_POINT ( 'NONE', #3065 ) ;
#10575 = CARTESIAN_POINT ( 'NONE',  ( -16.74999999999999300, 15.50000000000000000, 5.500000000000000000 ) ) ;
#10576 = VECTOR ( 'NONE', #3342, 1000.000000000000000 ) ;
#10577 = DIRECTION ( 'NONE',  ( 1.000000000000000000, 0.0000000000000000000, 0.0000000000000000000 ) ) ;
#10578 = EDGE_CURVE ( 'NONE', #9260, #5467, #4858, .T. ) ;
#10580 = AXIS2_PLACEMENT_3D ( 'NONE', #466, #2813, #4750 ) ;
#10579 =( NAMED_UNIT ( * ) PLANE_ANGLE_UNIT ( ) SI_UNIT ( $, .RADIAN. ) );
#10581 = CARTESIAN_POINT ( 'NONE',  ( -2.799999999999999800, 3.429011037612588800E-016, 9.000000000000001800 ) ) ;
#10582 = ORIENTED_EDGE ( 'NONE', *, *, #397, .T. ) ;
#10583 = EDGE_LOOP ( 'NONE', ( #6942, #6985, #7867, #9959 ) ) ;
#10584 = AXIS2_PLACEMENT_3D ( 'NONE', #7315, #4074, #584 ) ;
#10585 = EDGE_CURVE ( 'NONE', #8896, #4433, #2623, .T. ) ;
#10586 = CARTESIAN_POINT ( 'NONE',  ( -15.98624964825069300, -16.80716972541312200, -9.499999999999998200 ) ) ;
#10587 = ORIENTED_EDGE ( 'NONE', *, *, #5155, .F. ) ;
#10588 = DIRECTION ( 'NONE',  ( -8.202002250481356300E-017, 1.000000000000000000, 0.0000000000000000000 ) ) ;
#10589 = VERTEX_POINT ( 'NONE', #8948 ) ;
#10590 = VECTOR ( 'NONE', #6053, 1000.000000000000000 ) ;
#10591 = FILL_AREA_STYLE ('',( #6557 ) ) ;
#10592 = CYLINDRICAL_SURFACE ( 'NONE', #6592, 0.5000000000000004400 ) ;
#10593 = AXIS2_PLACEMENT_3D ( 'NONE', #8368, #4419, #209 ) ;
#10594 = AXIS2_PLACEMENT_3D ( 'NONE', #2862, #8713, #10413 ) ;
#10595 = SURFACE_STYLE_USAGE ( .BOTH. , #3871 ) ;
#10596 = EDGE_CURVE ( 'NONE', #3906, #7351, #10742, .T. ) ;
#10597 = CARTESIAN_POINT ( 'NONE',  ( 0.0000000000000000000, 0.0000000000000000000, 63.84951795962939500 ) ) ;
#10598 = CARTESIAN_POINT ( 'NONE',  ( 21.00355339059327500, -17.29644660940670100, -1.499999999999997800 ) ) ;
#10599 = ORIENTED_EDGE ( 'NONE', *, *, #10596, .F. ) ;
#10600 = FILL_AREA_STYLE_COLOUR ( '', #10270 ) ;
#10601 = LINE ( 'NONE', #5683, #252 ) ;
#10602 = ORIENTED_EDGE ( 'NONE', *, *, #712, .T. ) ;
#10603 = ADVANCED_FACE ( 'NONE', ( #9307 ), #9043, .F. ) ;
#10604 = CARTESIAN_POINT ( 'NONE',  ( 0.0000000000000000000, 0.0000000000000000000, 10.00000000000000000 ) ) ;
#10605 = EDGE_CURVE ( 'NONE', #8524, #4547, #8373, .T. ) ;
#10606 = DIRECTION ( 'NONE',  ( -0.0000000000000000000, -1.000000000000000000, -0.0000000000000000000 ) ) ;
#10607 = PRESENTATION_LAYER_ASSIGNMENT (  '', '', ( #4232 ) ) ;
#10608 = ORIENTED_EDGE ( 'NONE', *, *, #8640, .T. ) ;
#10609 = CARTESIAN_POINT ( 'NONE',  ( 1.339045298307557800, -39.15000000000000600, -7.512950757712737000 ) ) ;
#10610 = SURFACE_STYLE_FILL_AREA ( #10817 ) ;
#10611 = FACE_OUTER_BOUND ( 'NONE', #9569, .T. ) ;
#10612 = CARTESIAN_POINT ( 'NONE',  ( 15.50000000000000000, 15.50000000000000000, -9.499999999999998200 ) ) ;
#10613 = DIRECTION ( 'NONE',  ( -1.000000000000000000, -9.085524283848126800E-015, -0.0000000000000000000 ) ) ;
#10614 = ORIENTED_EDGE ( 'NONE', *, *, #1369, .T. ) ;
#10615 = ADVANCED_FACE ( 'NONE', ( #9694 ), #9025, .F. ) ;
#10616 = ORIENTED_EDGE ( 'NONE', *, *, #5761, .F. ) ;
#10617 = ORIENTED_EDGE ( 'NONE', *, *, #5710, .T. ) ;
#10618 = CARTESIAN_POINT ( 'NONE',  ( 17.29644660940672900, 21.00355339059327200, 10.00000000000000000 ) ) ;
#10619 = DIRECTION ( 'NONE',  ( 1.000000000000000000, 9.085524283848126800E-015, 0.0000000000000000000 ) ) ;
#10620 = LINE ( 'NONE', #6864, #9826 ) ;
#10621 = PRESENTATION_STYLE_ASSIGNMENT (( #4028 ) ) ;
#10622 = MECHANICAL_DESIGN_GEOMETRIC_PRESENTATION_REPRESENTATION (  '', ( #9989 ), #10356 ) ;
#10623 = DIRECTION ( 'NONE',  ( 1.000000000000000000, 0.0000000000000000000, 0.0000000000000000000 ) ) ;
#10624 = ORIENTED_EDGE ( 'NONE', *, *, #2923, .T. ) ;
#10625 = EDGE_CURVE ( 'NONE', #7243, #6810, #3542, .T. ) ;
#10626 = AXIS2_PLACEMENT_3D ( 'NONE', #8862, #7906, #4580 ) ;
#10627 = CARTESIAN_POINT ( 'NONE',  ( 0.0000000000000000000, 0.0000000000000000000, -9.499999999999998200 ) ) ;
#10628 = SURFACE_STYLE_FILL_AREA ( #4108 ) ;
#10629 = FILL_AREA_STYLE ('',( #1391 ) ) ;
#10630 = UNCERTAINTY_MEASURE_WITH_UNIT (LENGTH_MEASURE( 1.000000000000000100E-005 ), #215, 'distance_accuracy_value', 'NONE');
#10631 = ORIENTED_EDGE ( 'NONE', *, *, #5985, .T. ) ;
#10632 = ORIENTED_EDGE ( 'NONE', *, *, #3243, .F. ) ;
#10633 = CARTESIAN_POINT ( 'NONE',  ( -16.80716972541453200, 15.98624964825021900, -10.99999999999999800 ) ) ;
#10634 = ORIENTED_EDGE ( 'NONE', *, *, #3243, .T. ) ;
#10635 = LINE ( 'NONE', #8760, #2398 ) ;
#10636 = STYLED_ITEM ( 'NONE', ( #2436 ), #292 ) ;
#10637 = EDGE_LOOP ( 'NONE', ( #835, #9924, #3578, #6344 ) ) ;
#10638 = CARTESIAN_POINT ( 'NONE',  ( 13.31369220013741900, -21.15999999999999700, -3.499999999999996000 ) ) ;
#10639 = FACE_OUTER_BOUND ( 'NONE', #2733, .T. ) ;
#10640 = EDGE_CURVE ( 'NONE', #5265, #3963, #4075, .T. ) ;
#10641 =( LENGTH_UNIT ( ) NAMED_UNIT ( * ) SI_UNIT ( .MILLI., .METRE. ) );
#10642 = PRESENTATION_LAYER_ASSIGNMENT (  '', '', ( #10290 ) ) ;
#10643 = CARTESIAN_POINT ( 'NONE',  ( 12.25000000000000200, 15.50000000000000000, -11.49999999999999800 ) ) ;
#10644 = ORIENTED_EDGE ( 'NONE', *, *, #540, .F. ) ;
#10645 = VECTOR ( 'NONE', #7623, 1000.000000000000000 ) ;
#10646 = DIRECTION ( 'NONE',  ( -0.0000000000000000000, -0.0000000000000000000, -1.000000000000000000 ) ) ;
#10647 = DIRECTION ( 'NONE',  ( -0.0000000000000000000, -1.000000000000000000, -0.0000000000000000000 ) ) ;
#10648 = AXIS2_PLACEMENT_3D ( 'NONE', #181, #7618, #1896 ) ;
#10649 = DIRECTION ( 'NONE',  ( 0.0000000000000000000, -1.000000000000000000, 0.0000000000000000000 ) ) ;
#10650 = SURFACE_STYLE_USAGE ( .BOTH. , #9809 ) ;
#10651 = AXIS2_PLACEMENT_3D ( 'NONE', #4924, #844, #5755 ) ;
#10652 = PLANE ( 'NONE',  #8212 ) ;
#10653 = EDGE_CURVE ( 'NONE', #5324, #3194, #809, .T. ) ;
#10654 = VERTEX_POINT ( 'NONE', #9092 ) ;
#10655 = PRESENTATION_STYLE_ASSIGNMENT (( #3094 ) ) ;
#10656 = DIRECTION ( 'NONE',  ( 1.000000000000000000, 0.0000000000000000000, 0.0000000000000000000 ) ) ;
#10657 = COLOUR_RGB ( '',0.2509803921568627400, 0.2509803921568627400, 0.2509803921568627400 ) ;
#10658 = ORIENTED_EDGE ( 'NONE', *, *, #10700, .F. ) ;
#10659 = DIRECTION ( 'NONE',  ( -1.000000000000000000, -8.202002250481362500E-017, 0.0000000000000000000 ) ) ;
#10660 = FILL_AREA_STYLE ('',( #3055 ) ) ;
#10661 = DIRECTION ( 'NONE',  ( 0.0000000000000000000, 0.0000000000000000000, 1.000000000000000000 ) ) ;
#10662 = ADVANCED_FACE ( 'NONE', ( #4329 ), #8323, .F. ) ;
#10663 = COLOUR_RGB ( '',0.2509803921568627400, 0.2509803921568627400, 0.2509803921568627400 ) ;
#10664 = PRESENTATION_LAYER_ASSIGNMENT (  '', '', ( #567 ) ) ;
#10665 = DIRECTION ( 'NONE',  ( 2.605923961437087100E-016, -1.000000000000000000, 0.0000000000000000000 ) ) ;
#10666 = EDGE_LOOP ( 'NONE', ( #3784, #7099, #7978, #2626 ) ) ;
#10668 = FACE_OUTER_BOUND ( 'NONE', #1859, .T. ) ;
#10667 = CARTESIAN_POINT ( 'NONE',  ( 2.799999999999999800, 0.0000000000000000000, 9.000000000000001800 ) ) ;
#10669 = EDGE_CURVE ( 'NONE', #3194, #4207, #9433, .T. ) ;
#10670 = DIRECTION ( 'NONE',  ( -0.0000000000000000000, 1.000000000000000000, -0.0000000000000000000 ) ) ;
#10671 = ORIENTED_EDGE ( 'NONE', *, *, #1662, .T. ) ;
#10672 = DIRECTION ( 'NONE',  ( 0.0000000000000000000, 0.0000000000000000000, 1.000000000000000000 ) ) ;
#10673 =( LENGTH_UNIT ( ) NAMED_UNIT ( * ) SI_UNIT ( .MILLI., .METRE. ) );
#10674 = CARTESIAN_POINT ( 'NONE',  ( 0.5999999999999992000, -39.15000000000002000, -12.65000000000000400 ) ) ;
#10675 = CARTESIAN_POINT ( 'NONE',  ( 13.32957238623955100, -21.15000000000000600, -3.499999999999996000 ) ) ;
#10676 = SURFACE_STYLE_FILL_AREA ( #9732 ) ;
#10677 = CARTESIAN_POINT ( 'NONE',  ( 15.96497596850902000, -16.74998035735574600, -9.499999999999998200 ) ) ;
#10678 = FACE_OUTER_BOUND ( 'NONE', #8717, .T. ) ;
#10679 = ORIENTED_EDGE ( 'NONE', *, *, #3981, .T. ) ;
#10680 = PRESENTATION_STYLE_ASSIGNMENT (( #1588 ) ) ;
#10681 = CARTESIAN_POINT ( 'NONE',  ( 0.0000000000000000000, -21.25000000000000700, -8.449999999999992200 ) ) ;
#10682 = DIRECTION ( 'NONE',  ( 0.0000000000000000000, -0.0000000000000000000, -1.000000000000000000 ) ) ;
#10683 = EDGE_CURVE ( 'NONE', #8239, #7984, #2494, .T. ) ;
#10684 =( GEOMETRIC_REPRESENTATION_CONTEXT ( 3 ) GLOBAL_UNCERTAINTY_ASSIGNED_CONTEXT ( ( #301 ) ) GLOBAL_UNIT_ASSIGNED_CONTEXT ( ( #3873, #4698, #1469 ) ) REPRESENTATION_CONTEXT ( 'NONE', 'WORKASPACE' ) );
#10685 = ORIENTED_EDGE ( 'NONE', *, *, #4203, .F. ) ;
#10686 =( LENGTH_UNIT ( ) NAMED_UNIT ( * ) SI_UNIT ( .MILLI., .METRE. ) );
#10687 = CARTESIAN_POINT ( 'NONE',  ( -21.14999999999999500, -21.15000000000000600, -11.49999999999999800 ) ) ;
#10688 = FILL_AREA_STYLE_COLOUR ( '', #8168 ) ;
#10689 = VERTEX_POINT ( 'NONE', #3275 ) ;
#10690 = CARTESIAN_POINT ( 'NONE',  ( -16.80716972541453200, 15.98624964825021900, -9.499999999999998200 ) ) ;
#10691 = LINE ( 'NONE', #1009, #8478 ) ;
#10693 = CARTESIAN_POINT ( 'NONE',  ( 16.75000000000000000, 15.50000000000000000, 10.00000000000000000 ) ) ;
#10692 = LINE ( 'NONE', #9070, #7947 ) ;
#10694 = ORIENTED_EDGE ( 'NONE', *, *, #961, .F. ) ;
#10695 = CARTESIAN_POINT ( 'NONE',  ( -16.80716972541453200, 15.98624964825021900, -9.499999999999998200 ) ) ;
#10696 = AXIS2_PLACEMENT_3D ( 'NONE', #8303, #3441, #2496 ) ;
#10697 = STYLED_ITEM ( 'NONE', ( #483 ), #4964 ) ;
#10698 =( LENGTH_UNIT ( ) NAMED_UNIT ( * ) SI_UNIT ( .MILLI., .METRE. ) );
#10699 = VERTEX_POINT ( 'NONE', #9131 ) ;
#10700 = EDGE_CURVE ( 'NONE', #8836, #9061, #6682, .T. ) ;
#10701 = MECHANICAL_DESIGN_GEOMETRIC_PRESENTATION_REPRESENTATION (  '', ( #3004 ), #9376 ) ;
#10702 =( NAMED_UNIT ( * ) PLANE_ANGLE_UNIT ( ) SI_UNIT ( $, .RADIAN. ) );
#10703 = DIRECTION ( 'NONE',  ( 0.0000000000000000000, 0.0000000000000000000, 1.000000000000000000 ) ) ;
#10704 = CIRCLE ( 'NONE', #2735, 25.00000000000000000 ) ;
#10705 = ORIENTED_EDGE ( 'NONE', *, *, #8485, .T. ) ;
#10706 = ORIENTED_EDGE ( 'NONE', *, *, #10640, .T. ) ;
#10707 = CONICAL_SURFACE ( 'NONE', #9707, 1.249999999999997600, 1.029744258676653200 ) ;
#10708 = DIRECTION ( 'NONE',  ( 1.000000000000000000, 0.0000000000000000000, -0.0000000000000000000 ) ) ;
#10709 = CARTESIAN_POINT ( 'NONE',  ( -1.371348881391340800, -39.15000000000000600, -5.626831209128898300 ) ) ;
#10710 = VECTOR ( 'NONE', #1017, 1000.000000000000000 ) ;
#10711 = FILL_AREA_STYLE_COLOUR ( '', #5691 ) ;
#10712 = ORIENTED_EDGE ( 'NONE', *, *, #7744, .T. ) ;
#10714 = STYLED_ITEM ( 'NONE', ( #7224 ), #1692 ) ;
#10713 = DIRECTION ( 'NONE',  ( 1.000000000000000000, 0.0000000000000000000, 0.0000000000000000000 ) ) ;
#10715 = DIRECTION ( 'NONE',  ( 1.000000000000000000, 0.0000000000000000000, 0.0000000000000000000 ) ) ;
#10716 = AXIS2_PLACEMENT_3D ( 'NONE', #2309, #657, #4029 ) ;
#10717 = DIRECTION ( 'NONE',  ( -0.0000000000000000000, 1.000000000000000000, 0.0000000000000000000 ) ) ;
#10718 = ORIENTED_EDGE ( 'NONE', *, *, #3281, .T. ) ;
#10719 = EDGE_CURVE ( 'NONE', #4234, #7836, #8903, .T. ) ;
#10720 = ADVANCED_FACE ( 'NONE', ( #10730 ), #2360, .T. ) ;
#10721 = FILL_AREA_STYLE ('',( #9078 ) ) ;
#10722 = CIRCLE ( 'NONE', #10181, 0.5000000000000004400 ) ;
#10723 = ORIENTED_EDGE ( 'NONE', *, *, #4617, .T. ) ;
#10724 = VERTEX_POINT ( 'NONE', #2478 ) ;
#10725 =( NAMED_UNIT ( * ) SI_UNIT ( $, .STERADIAN. ) SOLID_ANGLE_UNIT ( ) );
#10726 = DIRECTION ( 'NONE',  ( 1.000000000000000000, 3.861347820635129200E-013, 0.0000000000000000000 ) ) ;
#10727 = CARTESIAN_POINT ( 'NONE',  ( 1.799999999999998900, -18.15000000000000600, -13.85000000000000300 ) ) ;
#10728 = EDGE_LOOP ( 'NONE', ( #4772, #10480, #5178 ) ) ;
#10729 = MECHANICAL_DESIGN_GEOMETRIC_PRESENTATION_REPRESENTATION (  '', ( #10165 ), #5134 ) ;
#10730 = FACE_OUTER_BOUND ( 'NONE', #1477, .T. ) ;
#10731 = ORIENTED_EDGE ( 'NONE', *, *, #7483, .F. ) ;
#10732 = PRESENTATION_LAYER_ASSIGNMENT (  '', '', ( #10167 ) ) ;
#10733 = ORIENTED_EDGE ( 'NONE', *, *, #6994, .T. ) ;
#10734 = CARTESIAN_POINT ( 'NONE',  ( 0.0000000000000000000, 0.0000000000000000000, 2.000000000000000000 ) ) ;
#10735 = EDGE_LOOP ( 'NONE', ( #2878, #3801, #403, #326 ) ) ;
#10736 = EDGE_CURVE ( 'NONE', #8687, #6815, #5633, .T. ) ;
#10737 = DIRECTION ( 'NONE',  ( 1.000000000000000000, 0.0000000000000000000, 0.0000000000000000000 ) ) ;
#10738 = DIRECTION ( 'NONE',  ( -1.000000000000000000, 1.427022914853926000E-014, 0.0000000000000000000 ) ) ;
#10739 = CARTESIAN_POINT ( 'NONE',  ( 15.79874071779740400, 12.26375928220259400, -11.49999999999999800 ) ) ;
#10740 = ORIENTED_EDGE ( 'NONE', *, *, #6037, .T. ) ;
#10741 = CARTESIAN_POINT ( 'NONE',  ( 1.799999999999999400, -18.15000000000000600, -12.65000000000000400 ) ) ;
#10742 = LINE ( 'NONE', #4746, #9942 ) ;
#10743 = VECTOR ( 'NONE', #4452, 1000.000000000000000 ) ;
#10744 = DIRECTION ( 'NONE',  ( 0.0000000000000000000, 0.0000000000000000000, -1.000000000000000000 ) ) ;
#10745 = PRODUCT ( '17HS08-1504-ME1K', '17HS08-1504-ME1K', '', ( #8477 ) ) ;
#10746 = ORIENTED_EDGE ( 'NONE', *, *, #3406, .F. ) ;
#10747 = EDGE_CURVE ( 'NONE', #4207, #5467, #1066, .T. ) ;
#10748 = STYLED_ITEM ( 'NONE', ( #5743 ), #4242 ) ;
#10749 = DIRECTION ( 'NONE',  ( 1.000000000000000000, -4.542762141924042900E-015, 0.0000000000000000000 ) ) ;
#10750 =( NAMED_UNIT ( * ) SI_UNIT ( $, .STERADIAN. ) SOLID_ANGLE_UNIT ( ) );
#10751 = ORIENTED_EDGE ( 'NONE', *, *, #2681, .F. ) ;
#10752 = CARTESIAN_POINT ( 'NONE',  ( 15.98624964824874800, 16.80716972541398100, -9.499999999999998200 ) ) ;
#10753 = ORIENTED_EDGE ( 'NONE', *, *, #9374, .F. ) ;
#10754 = VECTOR ( 'NONE', #5933, 1000.000000000000000 ) ;
#10755 = CARTESIAN_POINT ( 'NONE',  ( -12.25000000000087200, -15.49999999999912400, -10.99999999999999800 ) ) ;
#10757 = UNCERTAINTY_MEASURE_WITH_UNIT (LENGTH_MEASURE( 1.000000000000000100E-005 ), #5748, 'distance_accuracy_value', 'NONE');
#10756 = DIRECTION ( 'NONE',  ( -1.000000000000000000, 0.0000000000000000000, 0.0000000000000000000 ) ) ;
#10758 = VECTOR ( 'NONE', #1637, 1000.000000000000000 ) ;
#10759 = MECHANICAL_DESIGN_GEOMETRIC_PRESENTATION_REPRESENTATION (  '', ( #9566 ), #2281 ) ;
#10760 = CARTESIAN_POINT ( 'NONE',  ( 1.799999999999999400, -39.15000000000002000, -13.15000000000000400 ) ) ;
#10761 = VERTEX_POINT ( 'NONE', #5012 ) ;
#10762 = ORIENTED_EDGE ( 'NONE', *, *, #7660, .T. ) ;
#10763 = DIRECTION ( 'NONE',  ( 0.0000000000000000000, 0.0000000000000000000, 1.000000000000000000 ) ) ;
#10764 = CIRCLE ( 'NONE', #6510, 11.00000000000000000 ) ;
#10765 = SURFACE_SIDE_STYLE ('',( #9912 ) ) ;
#10766 = LINE ( 'NONE', #8830, #6573 ) ;
#10767 = PLANE ( 'NONE',  #2810 ) ;
#10768 = UNCERTAINTY_MEASURE_WITH_UNIT (LENGTH_MEASURE( 1.000000000000000100E-005 ), #4167, 'distance_accuracy_value', 'NONE');
#10769 =( NAMED_UNIT ( * ) SI_UNIT ( $, .STERADIAN. ) SOLID_ANGLE_UNIT ( ) );
#10770 = EDGE_CURVE ( 'NONE', #5485, #8542, #9813, .T. ) ;
#10771 = AXIS2_PLACEMENT_3D ( 'NONE', #6265, #4440, #5294 ) ;
#10772 = AXIS2_PLACEMENT_3D ( 'NONE', #1317, #1168, #6260 ) ;
#10773 = FILL_AREA_STYLE ('',( #7365 ) ) ;
#10774 = ORIENTED_EDGE ( 'NONE', *, *, #2506, .T. ) ;
#10775 = DIRECTION ( 'NONE',  ( -0.0000000000000000000, 1.000000000000000000, -0.0000000000000000000 ) ) ;
#10776 = CIRCLE ( 'NONE', #5317, 0.5000000000000004400 ) ;
#10777 = ADVANCED_FACE ( 'NONE', ( #5503 ), #1733, .T. ) ;
#10778 = DIRECTION ( 'NONE',  ( -0.0000000000000000000, 1.000000000000000000, -0.0000000000000000000 ) ) ;
#10779 = PRESENTATION_STYLE_ASSIGNMENT (( #3727 ) ) ;
#10780 = SURFACE_STYLE_USAGE ( .BOTH. , #9241 ) ;
#10781 = EDGE_CURVE ( 'NONE', #604, #5369, #7989, .T. ) ;
#10782 = AXIS2_PLACEMENT_3D ( 'NONE', #5949, #8555, #2835 ) ;
#10783 = ORIENTED_EDGE ( 'NONE', *, *, #9956, .F. ) ;
#10784 = AXIS2_PLACEMENT_3D ( 'NONE', #6765, #9254, #5886 ) ;
#10785 =( LENGTH_UNIT ( ) NAMED_UNIT ( * ) SI_UNIT ( .MILLI., .METRE. ) );
#10786 = FILL_AREA_STYLE_COLOUR ( '', #7640 ) ;
#10787 = ORIENTED_EDGE ( 'NONE', *, *, #10811, .F. ) ;
#10788 = EDGE_CURVE ( 'NONE', #4569, #5005, #4318, .T. ) ;
#10789 = SURFACE_STYLE_USAGE ( .BOTH. , #5015 ) ;
#10790 = PRODUCT_RELATED_PRODUCT_CATEGORY ( 'part', '', ( #10745 ) ) ;
#10791 = DIRECTION ( 'NONE',  ( 0.0000000000000000000, -1.000000000000000000, 0.0000000000000000000 ) ) ;
#10792 = SURFACE_STYLE_FILL_AREA ( #9941 ) ;
#10793 = DIRECTION ( 'NONE',  ( -0.0000000000000000000, 1.000000000000000000, -0.0000000000000000000 ) ) ;
#10794 = PLANE ( 'NONE',  #795 ) ;
#10795 = STYLED_ITEM ( 'NONE', ( #10504 ), #2069 ) ;
#10796 = SURFACE_SIDE_STYLE ('',( #8436 ) ) ;
#10797 = FACE_OUTER_BOUND ( 'NONE', #6195, .T. ) ;
#10798 = FILL_AREA_STYLE_COLOUR ( '', #9367 ) ;
#10799 = CARTESIAN_POINT ( 'NONE',  ( -15.96497596851090600, 14.25001964264614300, -10.99999999999999800 ) ) ;
#10800 = ORIENTED_EDGE ( 'NONE', *, *, #7391, .F. ) ;
#10801 = DIRECTION ( 'NONE',  ( -0.7071067811865460200, -0.7071067811865489100, 0.0000000000000000000 ) ) ;
#10802 = EDGE_CURVE ( 'NONE', #4442, #8815, #1594, .T. ) ;
#10803 = CARTESIAN_POINT ( 'NONE',  ( 0.0000000000000000000, 0.0000000000000000000, -3.499999999999997800 ) ) ;
#10804 = FACE_OUTER_BOUND ( 'NONE', #267, .T. ) ;
#10805 = EDGE_LOOP ( 'NONE', ( #8977, #4895, #362, #4582 ) ) ;
#10806 = CIRCLE ( 'NONE', #4889, 0.5000000000000004400 ) ;
#10807 = DIRECTION ( 'NONE',  ( -1.000000000000000000, 1.070267186140442600E-014, -0.0000000000000000000 ) ) ;
#10808 = CARTESIAN_POINT ( 'NONE',  ( 15.98624964824874800, 14.19283027458602200, -10.99999999999999800 ) ) ;
#10809 = DIRECTION ( 'NONE',  ( -1.427022914853926000E-014, -1.000000000000000000, 0.0000000000000000000 ) ) ;
#10810 = CARTESIAN_POINT ( 'NONE',  ( 13.32957238623955800, 21.14999999999999900, -1.500000000000001300 ) ) ;
#10811 = EDGE_CURVE ( 'NONE', #7848, #7001, #653, .T. ) ;
#10812 = AXIS2_PLACEMENT_3D ( 'NONE', #642, #3096, #4744 ) ;
#10813 = LINE ( 'NONE', #8627, #1287 ) ;
#10814 = DIRECTION ( 'NONE',  ( 1.000000000000000000, 0.0000000000000000000, 0.0000000000000000000 ) ) ;
#10815 = ORIENTED_EDGE ( 'NONE', *, *, #7448, .T. ) ;
#10816 = EDGE_CURVE ( 'NONE', #1752, #10112, #1464, .T. ) ;
#10817 = FILL_AREA_STYLE ('',( #1698 ) ) ;
#10818 = PRESENTATION_STYLE_ASSIGNMENT (( #365 ) ) ;
#10819 = DIRECTION ( 'NONE',  ( 1.000000000000000000, 0.0000000000000000000, 0.0000000000000000000 ) ) ;
#10820 = FILL_AREA_STYLE ('',( #4129 ) ) ;
#10821 = DIRECTION ( 'NONE',  ( 0.0000000000000000000, -1.000000000000000000, 0.0000000000000000000 ) ) ;
#10822 = FACE_OUTER_BOUND ( 'NONE', #7977, .T. ) ;
#10823 = LINE ( 'NONE', #8333, #1949 ) ;
#10824 = ORIENTED_EDGE ( 'NONE', *, *, #5432, .T. ) ;
#10825 = FACE_OUTER_BOUND ( 'NONE', #10097, .T. ) ;
#10826 = UNCERTAINTY_MEASURE_WITH_UNIT (LENGTH_MEASURE( 1.000000000000000100E-005 ), #8270, 'distance_accuracy_value', 'NONE');
#10827 = AXIS2_PLACEMENT_3D ( 'NONE', #9645, #385, #1361 ) ;
#10828 = PLANE ( 'NONE',  #4701 ) ;
#10829 = CIRCLE ( 'NONE', #722, 2.700000000000001100 ) ;
#10830 = ADVANCED_FACE ( 'NONE', ( #6277 ), #128, .T. ) ;
#10831 = ORIENTED_EDGE ( 'NONE', *, *, #9208, .T. ) ;
#10832 = DIRECTION ( 'NONE',  ( 1.000000000000000000, 0.0000000000000000000, 0.0000000000000000000 ) ) ;
#10833 = AXIS2_PLACEMENT_3D ( 'NONE', #5367, #9557, #7991 ) ;
#10834 = CARTESIAN_POINT ( 'NONE',  ( 1.339045298307557800, -19.15000000000000600, -6.183164675523829400 ) ) ;
#10835 = CIRCLE ( 'NONE', #9012, 3.500000000000000000 ) ;
#10837 = VERTEX_POINT ( 'NONE', #5979 ) ;
#10836 = CARTESIAN_POINT ( 'NONE',  ( 0.0000000000000000000, 0.0000000000000000000, 2.000000000000000000 ) ) ;
#10838 = EDGE_LOOP ( 'NONE', ( #1378, #3890 ) ) ;
#10839 = DIRECTION ( 'NONE',  ( -0.0000000000000000000, -0.0000000000000000000, 1.000000000000000000 ) ) ;
#10840 = FILL_AREA_STYLE_COLOUR ( '', #1405 ) ;
#10841 = TOROIDAL_SURFACE ( 'NONE', #5889, 11.50000000000000000, 0.5000000000000000000 ) ;
#10842 = CARTESIAN_POINT ( 'NONE',  ( 1.339045298307557800, -19.15000000000000600, -6.956617291317806800 ) ) ;
#10843 = DIRECTION ( 'NONE',  ( 0.7071067811865475700, -0.7071067811865475700, 0.0000000000000000000 ) ) ;
#10844 = MECHANICAL_DESIGN_GEOMETRIC_PRESENTATION_REPRESENTATION (  '', ( #4321 ), #5457 ) ;
#10845 = ORIENTED_EDGE ( 'NONE', *, *, #4860, .F. ) ;
#10846 = FACE_OUTER_BOUND ( 'NONE', #7233, .T. ) ;
#10847 = AXIS2_PLACEMENT_3D ( 'NONE', #1615, #3267, #5860 ) ;
#10848 = CARTESIAN_POINT ( 'NONE',  ( 16.74998035735527000, 15.03502403148956300, -9.499999999999998200 ) ) ;
#10849 = LINE ( 'NONE', #9592, #6530 ) ;
#10850 = EDGE_CURVE ( 'NONE', #5038, #8818, #390, .T. ) ;
#10851 = PRODUCT_DEFINITION_FORMATION_WITH_SPECIFIED_SOURCE ( '�κ�', '', #10745, .NOT_KNOWN. ) ;
#10852 = ORIENTED_EDGE ( 'NONE', *, *, #8822, .T. ) ;
#10853 = CARTESIAN_POINT ( 'NONE',  ( 17.29644660940670400, 21.00355339059327500, -1.499999999999997800 ) ) ;
#10854 = SURFACE_SIDE_STYLE ('',( #4270 ) ) ;
#10855 = DIRECTION ( 'NONE',  ( -0.0000000000000000000, 0.0000000000000000000, 1.000000000000000000 ) ) ;
#10856 = ORIENTED_EDGE ( 'NONE', *, *, #4246, .T. ) ;
#10857 = DIRECTION ( 'NONE',  ( -0.0000000000000000000, 1.000000000000000000, -0.0000000000000000000 ) ) ;
#10858 = CARTESIAN_POINT ( 'NONE',  ( 0.0000000000000000000, 0.0000000000000000000, -8.499999999999996400 ) ) ;
#10859 = LINE ( 'NONE', #2966, #2485 ) ;
#10860 = CARTESIAN_POINT ( 'NONE',  ( 21.15000000000000200, -16.94289321881343100, -1.499999999999997800 ) ) ;
#10861 = LINE ( 'NONE', #3445, #9930 ) ;
#10863 = AXIS2_PLACEMENT_3D ( 'NONE', #7245, #668, #5709 ) ;
#10862 = CARTESIAN_POINT ( 'NONE',  ( 2.799999999999999800, 3.429011037612588800E-016, -8.499999999999996400 ) ) ;
#10864 = ORIENTED_EDGE ( 'NONE', *, *, #10374, .F. ) ;
#10865 = AXIS2_PLACEMENT_3D ( 'NONE', #3126, #7326, #3162 ) ;
ENDSEC;
END-ISO-10303-21;
