
ISO-10303-21;
HEADER;
FILE_DESCRIPTION (( 'STEP AP214' ),
    '1' );
FILE_NAME ('17HS15-1504-ME1K.STEP',
    '2021-11-11T00:43:56',
    ( '' ),
    ( '' ),
    'SwSTEP 2.0',
    'SolidWorks 2016',
    '' );
FILE_SCHEMA (( 'AUTOMOTIVE_DESIGN' ));
ENDSEC;

DATA;
#1 = EDGE_LOOP ( 'NONE', ( #7064, #5700, #6206, #9070 ) ) ;
#2 = DIRECTION ( 'NONE',  ( 1.387778780781444300E-014, -1.000000000000000000, 0.0000000000000000000 ) ) ;
#3 = ORIENTED_EDGE ( 'NONE', *, *, #426, .F. ) ;
#4 = DIRECTION ( 'NONE',  ( 1.000000000000000000, 0.0000000000000000000, 0.0000000000000000000 ) ) ;
#5 = EDGE_CURVE ( 'NONE', #7065, #5949, #6254, .T. ) ;
#6 = ORIENTED_EDGE ( 'NONE', *, *, #4887, .T. ) ;
#7 = STYLED_ITEM ( 'NONE', ( #6371 ), #177 ) ;
#8 =( NAMED_UNIT ( * ) PLANE_ANGLE_UNIT ( ) SI_UNIT ( $, .RADIAN. ) );
#9 = DIRECTION ( 'NONE',  ( 0.0000000000000000000, 0.0000000000000000000, 1.000000000000000000 ) ) ;
#10 = ORIENTED_EDGE ( 'NONE', *, *, #10086, .T. ) ;
#11 = ADVANCED_FACE ( 'NONE', ( #2033 ), #10398, .T. ) ;
#12 = VERTEX_POINT ( 'NONE', #5301 ) ;
#13 =( LENGTH_UNIT ( ) NAMED_UNIT ( * ) SI_UNIT ( .MILLI., .METRE. ) );
#14 = LINE ( 'NONE', #5955, #5815 ) ;
#15 = ORIENTED_EDGE ( 'NONE', *, *, #4591, .T. ) ;
#16 = DIRECTION ( 'NONE',  ( -1.000000000000000000, -8.202002250481356300E-017, 0.0000000000000000000 ) ) ;
#17 = EDGE_LOOP ( 'NONE', ( #9456, #8163, #8444, #3957, #8165, #781 ) ) ;
#18 = EDGE_LOOP ( 'NONE', ( #9137, #10070, #10085, #2471 ) ) ;
#19 = DIRECTION ( 'NONE',  ( 0.0000000000000000000, 0.0000000000000000000, -1.000000000000000000 ) ) ;
#20 = ORIENTED_EDGE ( 'NONE', *, *, #7286, .F. ) ;
#21 = AXIS2_PLACEMENT_3D ( 'NONE', #4180, #857, #6711 ) ;
#22 = AXIS2_PLACEMENT_3D ( 'NONE', #8015, #7976, #10478 ) ;
#24 = STYLED_ITEM ( 'NONE', ( #3356 ), #1495 ) ;
#23 = FILL_AREA_STYLE_COLOUR ( '', #1646 ) ;
#25 = FACE_OUTER_BOUND ( 'NONE', #9981, .T. ) ;
#26 = DIRECTION ( 'NONE',  ( 9.085524283848065300E-015, 1.000000000000000000, 0.0000000000000000000 ) ) ;
#27 = ORIENTED_EDGE ( 'NONE', *, *, #7695, .T. ) ;
#28 = DIRECTION ( 'NONE',  ( -0.0000000000000000000, -1.000000000000000000, -0.0000000000000000000 ) ) ;
#29 = AXIS2_PLACEMENT_3D ( 'NONE', #10386, #7916, #1535 ) ;
#30 = ORIENTED_EDGE ( 'NONE', *, *, #5456, .T. ) ;
#31 = SURFACE_STYLE_USAGE ( .BOTH. , #3318 ) ;
#32 = FACE_OUTER_BOUND ( 'NONE', #9198, .T. ) ;
#33 = ORIENTED_EDGE ( 'NONE', *, *, #2804, .T. ) ;
#34 = EDGE_CURVE ( 'NONE', #1466, #4196, #6515, .T. ) ;
#35 = LINE ( 'NONE', #6401, #10114 ) ;
#36 = ORIENTED_EDGE ( 'NONE', *, *, #10217, .T. ) ;
#37 = LINE ( 'NONE', #2019, #6634 ) ;
#38 = CARTESIAN_POINT ( 'NONE',  ( -21.14999999999999500, 13.32957238623956400, -20.99999999999999600 ) ) ;
#39 = PRESENTATION_STYLE_ASSIGNMENT (( #3353 ) ) ;
#40 = AXIS2_PLACEMENT_3D ( 'NONE', #2124, #5494, #1348 ) ;
#41 = CIRCLE ( 'NONE', #9574, 0.5000000000000004400 ) ;
#42 = EDGE_CURVE ( 'NONE', #9200, #8427, #4953, .T. ) ;
#43 = CARTESIAN_POINT ( 'NONE',  ( 15.96497596850902500, -15.01375035175166400, -26.99999999999999600 ) ) ;
#44 = FILL_AREA_STYLE_COLOUR ( '', #5059 ) ;
#45 = FILL_AREA_STYLE_COLOUR ( '', #5200 ) ;
#46 = VERTEX_POINT ( 'NONE', #3525 ) ;
#47 = DIRECTION ( 'NONE',  ( -1.000000000000000000, 0.0000000000000000000, 0.0000000000000000000 ) ) ;
#48 = DIRECTION ( 'NONE',  ( 0.0000000000000000000, 1.000000000000000000, 0.0000000000000000000 ) ) ;
#49 = UNCERTAINTY_MEASURE_WITH_UNIT (LENGTH_MEASURE( 1.000000000000000100E-005 ), #1927, 'distance_accuracy_value', 'NONE');
#50 = AXIS2_PLACEMENT_3D ( 'NONE', #1094, #6979, #7813 ) ;
#51 =( NAMED_UNIT ( * ) SI_UNIT ( $, .STERADIAN. ) SOLID_ANGLE_UNIT ( ) );
#52 = LINE ( 'NONE', #8718, #4278 ) ;
#53 = PRESENTATION_LAYER_ASSIGNMENT (  '', '', ( #9263 ) ) ;
#54 = CARTESIAN_POINT ( 'NONE',  ( 16.94289321881343100, -21.15000000000000200, -28.49999999999999600 ) ) ;
#55 = SURFACE_SIDE_STYLE ('',( #10425 ) ) ;
#56 = COLOUR_RGB ( '',0.2509803921568627400, 0.2509803921568627400, 0.2509803921568627400 ) ;
#57 = DIRECTION ( 'NONE',  ( 0.0000000000000000000, 0.0000000000000000000, 1.000000000000000000 ) ) ;
#58 = CARTESIAN_POINT ( 'NONE',  ( -21.14999999999999500, -13.32957238623956400, -80.84951795962939500 ) ) ;
#59 = EDGE_CURVE ( 'NONE', #5661, #8306, #9002, .T. ) ;
#60 = CARTESIAN_POINT ( 'NONE',  ( 18.25000000000000000, 15.50000000000000000, -26.99999999999999600 ) ) ;
#61 = VECTOR ( 'NONE', #7164, 1000.000000000000000 ) ;
#63 = VECTOR ( 'NONE', #5587, 1000.000000000000000 ) ;
#62 =( LENGTH_UNIT ( ) NAMED_UNIT ( * ) SI_UNIT ( .MILLI., .METRE. ) );
#64 = LINE ( 'NONE', #8166, #10400 ) ;
#65 = ADVANCED_FACE ( 'NONE', ( #1238 ), #10165, .F. ) ;
#66 = ORIENTED_EDGE ( 'NONE', *, *, #5758, .T. ) ;
#67 = EDGE_CURVE ( 'NONE', #7604, #8526, #7165, .T. ) ;
#68 = LINE ( 'NONE', #1412, #6113 ) ;
#69 = PRESENTATION_LAYER_ASSIGNMENT (  '', '', ( #3459 ) ) ;
#70 = DIRECTION ( 'NONE',  ( -0.0000000000000000000, -0.0000000000000000000, 1.000000000000000000 ) ) ;
#71 = ORIENTED_EDGE ( 'NONE', *, *, #1894, .T. ) ;
#72 = LINE ( 'NONE', #4929, #8743 ) ;
#73 = VECTOR ( 'NONE', #1322, 1000.000000000000000 ) ;
#74 = CARTESIAN_POINT ( 'NONE',  ( -1.800000000000000300, -39.15000000000002000, -30.65000000000000200 ) ) ;
#75 = DIRECTION ( 'NONE',  ( -1.000000000000000000, 0.0000000000000000000, 0.0000000000000000000 ) ) ;
#76 = ORIENTED_EDGE ( 'NONE', *, *, #6521, .F. ) ;
#77 = CARTESIAN_POINT ( 'NONE',  ( 14.19283027458454100, -15.01375035175166400, -26.99999999999999600 ) ) ;
#78 = FACE_OUTER_BOUND ( 'NONE', #8265, .T. ) ;
#79 = CIRCLE ( 'NONE', #3195, 0.5000000000000004400 ) ;
#80 =( NAMED_UNIT ( * ) PLANE_ANGLE_UNIT ( ) SI_UNIT ( $, .RADIAN. ) );
#81 = SURFACE_STYLE_FILL_AREA ( #8680 ) ;
#82 = PRESENTATION_LAYER_ASSIGNMENT (  '', '', ( #1418 ) ) ;
#83 = CARTESIAN_POINT ( 'NONE',  ( -15.03502403149003900, 14.25001964264614400, -28.49999999999999600 ) ) ;
#84 = CARTESIAN_POINT ( 'NONE',  ( -15.49999999999999600, 15.50000000000087400, -28.49999999999999600 ) ) ;
#85 = COLOUR_RGB ( '',0.2509803921568627400, 0.2509803921568627400, 0.2509803921568627400 ) ;
#86 = DIRECTION ( 'NONE',  ( 0.0000000000000000000, 0.0000000000000000000, -1.000000000000000000 ) ) ;
#87 = FACE_OUTER_BOUND ( 'NONE', #2899, .T. ) ;
#88 = VERTEX_POINT ( 'NONE', #8612 ) ;
#89 = CARTESIAN_POINT ( 'NONE',  ( 13.32957238623955100, -21.15000000000000600, 2.000000000000001800 ) ) ;
#90 =( NAMED_UNIT ( * ) SI_UNIT ( $, .STERADIAN. ) SOLID_ANGLE_UNIT ( ) );
#91 = UNCERTAINTY_MEASURE_WITH_UNIT (LENGTH_MEASURE( 1.000000000000000100E-005 ), #4228, 'distance_accuracy_value', 'NONE');
#92 = ORIENTED_EDGE ( 'NONE', *, *, #2572, .F. ) ;
#93 = CARTESIAN_POINT ( 'NONE',  ( 0.0000000000000000000, 0.0000000000000000000, 11.50000000000000000 ) ) ;
#94 = EDGE_CURVE ( 'NONE', #9558, #8959, #6895, .T. ) ;
#95 = VERTEX_POINT ( 'NONE', #169 ) ;
#96 = CARTESIAN_POINT ( 'NONE',  ( -3.500000000000000000, 0.0000000000000000000, -26.99999999999999600 ) ) ;
#97 = VERTEX_POINT ( 'NONE', #4522 ) ;
#98 = EDGE_CURVE ( 'NONE', #10638, #7906, #8858, .T. ) ;
#99 = AXIS2_PLACEMENT_3D ( 'NONE', #1919, #2777, #8634 ) ;
#100 = ORIENTED_EDGE ( 'NONE', *, *, #3354, .T. ) ;
#101 = EDGE_CURVE ( 'NONE', #3962, #6624, #10143, .T. ) ;
#102 = ORIENTED_EDGE ( 'NONE', *, *, #5267, .T. ) ;
#103 = AXIS2_PLACEMENT_3D ( 'NONE', #5693, #9047, #10695 ) ;
#104 = VERTEX_POINT ( 'NONE', #9511 ) ;
#105 = AXIS2_PLACEMENT_3D ( 'NONE', #8574, #6928, #1888 ) ;
#106 = EDGE_LOOP ( 'NONE', ( #2622, #9976, #7349, #3314 ) ) ;
#107 = DIRECTION ( 'NONE',  ( -1.000000000000000000, 0.0000000000000000000, 0.0000000000000000000 ) ) ;
#108 = DIRECTION ( 'NONE',  ( -1.000000000000000000, 0.0000000000000000000, 0.0000000000000000000 ) ) ;
#109 = ORIENTED_EDGE ( 'NONE', *, *, #101, .T. ) ;
#110 = CARTESIAN_POINT ( 'NONE',  ( 0.0000000000000000000, 0.0000000000000000000, -19.00000000000000000 ) ) ;
#111 = ORIENTED_EDGE ( 'NONE', *, *, #3426, .T. ) ;
#112 =( NAMED_UNIT ( * ) PLANE_ANGLE_UNIT ( ) SI_UNIT ( $, .RADIAN. ) );
#113 = ADVANCED_FACE ( 'NONE', ( #9894 ), #8471, .T. ) ;
#114 = PRESENTATION_STYLE_ASSIGNMENT (( #5554 ) ) ;
#115 = ORIENTED_EDGE ( 'NONE', *, *, #9039, .F. ) ;
#116 = EDGE_CURVE ( 'NONE', #868, #7906, #7930, .T. ) ;
#117 = UNCERTAINTY_MEASURE_WITH_UNIT (LENGTH_MEASURE( 1.000000000000000100E-005 ), #615, 'distance_accuracy_value', 'NONE');
#118 = ORIENTED_EDGE ( 'NONE', *, *, #5478, .F. ) ;
#119 = EDGE_CURVE ( 'NONE', #5055, #9678, #3482, .T. ) ;
#120 = VERTEX_POINT ( 'NONE', #6418 ) ;
#121 = SURFACE_STYLE_USAGE ( .BOTH. , #9334 ) ;
#122 = ORIENTED_EDGE ( 'NONE', *, *, #6754, .T. ) ;
#123 = CARTESIAN_POINT ( 'NONE',  ( 0.0000000000000000000, 0.0000000000000000000, 63.84951795962940900 ) ) ;
#124 = DIRECTION ( 'NONE',  ( -1.000000000000000000, 0.0000000000000000000, 0.0000000000000000000 ) ) ;
#125 = ORIENTED_EDGE ( 'NONE', *, *, #2155, .F. ) ;
#126 = ADVANCED_FACE ( 'NONE', ( #4022 ), #718, .T. ) ;
#127 = CARTESIAN_POINT ( 'NONE',  ( -16.80716972541454600, 15.01375035175258400, -26.99999999999999600 ) ) ;
#128 = SURFACE_SIDE_STYLE ('',( #7158 ) ) ;
#129 = DIRECTION ( 'NONE',  ( -1.000000000000000000, 1.224646799147353500E-016, 0.0000000000000000000 ) ) ;
#130 = VERTEX_POINT ( 'NONE', #6460 ) ;
#131 = CARTESIAN_POINT ( 'NONE',  ( 12.79999999999999900, 15.50000000000000000, -26.99999999999999600 ) ) ;
#132 = LINE ( 'NONE', #4713, #8811 ) ;
#133 = VERTEX_POINT ( 'NONE', #10563 ) ;
#134 = CARTESIAN_POINT ( 'NONE',  ( 15.79874071779735100, -12.26375928220266900, -28.99999999999999600 ) ) ;
#135 = ADVANCED_FACE ( 'NONE', ( #587 ), #8588, .T. ) ;
#136 = EDGE_CURVE ( 'NONE', #1248, #6324, #4816, .T. ) ;
#137 = PRESENTATION_LAYER_ASSIGNMENT (  '', '', ( #3127 ) ) ;
#138 = ORIENTED_EDGE ( 'NONE', *, *, #7999, .T. ) ;
#139 = PRESENTATION_LAYER_ASSIGNMENT (  '', '', ( #4318 ) ) ;
#140 = EDGE_LOOP ( 'NONE', ( #544, #9943 ) ) ;
#141 = CARTESIAN_POINT ( 'NONE',  ( -13.09999999999999600, 15.50000000000087400, -26.99999999999999600 ) ) ;
#142 =( NAMED_UNIT ( * ) PLANE_ANGLE_UNIT ( ) SI_UNIT ( $, .RADIAN. ) );
#143 = VERTEX_POINT ( 'NONE', #1456 ) ;
#144 = ORIENTED_EDGE ( 'NONE', *, *, #4378, .F. ) ;
#145 = DIRECTION ( 'NONE',  ( 1.000000000000000000, 0.0000000000000000000, 0.0000000000000000000 ) ) ;
#146 = ORIENTED_EDGE ( 'NONE', *, *, #5267, .F. ) ;
#147 = DIRECTION ( 'NONE',  ( -1.000000000000000000, 0.0000000000000000000, 0.0000000000000000000 ) ) ;
#148 = DIRECTION ( 'NONE',  ( -1.000000000000000000, 4.542762141924073600E-015, 0.0000000000000000000 ) ) ;
#149 = ORIENTED_EDGE ( 'NONE', *, *, #5560, .F. ) ;
#150 = CARTESIAN_POINT ( 'NONE',  ( 1.799999999999999800, -39.15000000000002000, -30.65000000000000200 ) ) ;
#151 = VECTOR ( 'NONE', #7204, 1000.000000000000000 ) ;
#152 = VERTEX_POINT ( 'NONE', #7267 ) ;
#153 = AXIS2_PLACEMENT_3D ( 'NONE', #4384, #2, #4446 ) ;
#154 = VECTOR ( 'NONE', #324, 1000.000000000000000 ) ;
#155 = AXIS2_PLACEMENT_3D ( 'NONE', #8537, #8573, #7726 ) ;
#156 = DIRECTION ( 'NONE',  ( -0.0000000000000000000, -0.0000000000000000000, 1.000000000000000000 ) ) ;
#157 = DIRECTION ( 'NONE',  ( 0.0000000000000000000, -0.0000000000000000000, 1.000000000000000000 ) ) ;
#158 = DIRECTION ( 'NONE',  ( 1.000000000000000000, 0.0000000000000000000, 0.0000000000000000000 ) ) ;
#159 = CARTESIAN_POINT ( 'NONE',  ( -16.94289321881344200, -20.65000000000000600, -28.99999999999999600 ) ) ;
#160 = AXIS2_PLACEMENT_3D ( 'NONE', #4900, #5606, #1389 ) ;
#161 = FACE_OUTER_BOUND ( 'NONE', #9037, .T. ) ;
#162 = EDGE_CURVE ( 'NONE', #2922, #9678, #2560, .T. ) ;
#163 = ADVANCED_FACE ( 'NONE', ( #10265 ), #7338, .T. ) ;
#164 = CARTESIAN_POINT ( 'NONE',  ( 21.15000000000000200, -21.15000000000000200, -19.00000000000000000 ) ) ;
#165 = CIRCLE ( 'NONE', #2720, 3.500000000000000000 ) ;
#166 = AXIS2_PLACEMENT_3D ( 'NONE', #1227, #3703, #5451 ) ;
#167 = EDGE_CURVE ( 'NONE', #2877, #8155, #3358, .T. ) ;
#168 = SURFACE_STYLE_FILL_AREA ( #8994 ) ;
#169 = CARTESIAN_POINT ( 'NONE',  ( -1.371348881391340800, -19.15000000000000600, -23.90028382492288000 ) ) ;
#170 = AXIS2_PLACEMENT_3D ( 'NONE', #5244, #4392, #2554 ) ;
#171 = LINE ( 'NONE', #8737, #7541 ) ;
#172 = VECTOR ( 'NONE', #10227, 999.9999999999998900 ) ;
#173 = DIRECTION ( 'NONE',  ( 0.0000000000000000000, 0.0000000000000000000, 1.000000000000000000 ) ) ;
#174 = CARTESIAN_POINT ( 'NONE',  ( -15.50000000000087200, -15.49999999999912400, -27.99999999999999600 ) ) ;
#175 = EDGE_LOOP ( 'NONE', ( #2890, #8297, #10360 ) ) ;
#176 = PRESENTATION_LAYER_ASSIGNMENT (  '', '', ( #6025 ) ) ;
#177 = ADVANCED_FACE ( 'NONE', ( #5088 ), #9761, .T. ) ;
#178 = EDGE_CURVE ( 'NONE', #9563, #1849, #7550, .T. ) ;
#179 = CARTESIAN_POINT ( 'NONE',  ( -12.47004919909368500, -21.25000000000000700, -13.57034765783714500 ) ) ;
#180 = CARTESIAN_POINT ( 'NONE',  ( -14.25001964264661500, -15.96497596850949400, -28.49999999999999600 ) ) ;
#181 = DIRECTION ( 'NONE',  ( -0.0000000000000000000, -0.0000000000000000000, 1.000000000000000000 ) ) ;
#182 =( LENGTH_UNIT ( ) NAMED_UNIT ( * ) SI_UNIT ( .MILLI., .METRE. ) );
#183 = PRESENTATION_LAYER_ASSIGNMENT (  '', '', ( #1168 ) ) ;
#184 = AXIS2_PLACEMENT_3D ( 'NONE', #3392, #919, #5175 ) ;
#185 = FACE_OUTER_BOUND ( 'NONE', #402, .T. ) ;
#186 = CARTESIAN_POINT ( 'NONE',  ( -11.00000000000000000, 1.347111479062088400E-015, 11.50000000000000000 ) ) ;
#187 =( LENGTH_UNIT ( ) NAMED_UNIT ( * ) SI_UNIT ( .MILLI., .METRE. ) );
#188 = ORIENTED_EDGE ( 'NONE', *, *, #4701, .T. ) ;
#189 = CIRCLE ( 'NONE', #10134, 0.5000000000000004400 ) ;
#190 = ADVANCED_FACE ( 'NONE', ( #5336 ), #8489, .T. ) ;
#191 =( LENGTH_UNIT ( ) NAMED_UNIT ( * ) SI_UNIT ( .MILLI., .METRE. ) );
#192 = DIRECTION ( 'NONE',  ( -1.000000000000000000, 0.0000000000000000000, -0.0000000000000000000 ) ) ;
#193 = LINE ( 'NONE', #3410, #3892 ) ;
#194 = ORIENTED_EDGE ( 'NONE', *, *, #7029, .T. ) ;
#195 = DIRECTION ( 'NONE',  ( -0.0000000000000000000, 1.000000000000000000, -0.0000000000000000000 ) ) ;
#196 = SURFACE_STYLE_FILL_AREA ( #7677 ) ;
#197 = EDGE_CURVE ( 'NONE', #2216, #2655, #7058, .T. ) ;
#198 = EDGE_CURVE ( 'NONE', #6439, #247, #6404, .T. ) ;
#199 = CIRCLE ( 'NONE', #2837, 0.5000000000000004400 ) ;
#200 = CARTESIAN_POINT ( 'NONE',  ( 15.01375035175125200, 15.96497596851013900, -26.99999999999999600 ) ) ;
#201 = CARTESIAN_POINT ( 'NONE',  ( 16.80716972541264600, -15.01375035175166400, -26.99999999999999600 ) ) ;
#202 = SHAPE_DEFINITION_REPRESENTATION ( #7316, #1091 ) ;
#203 = LINE ( 'NONE', #10798, #994 ) ;
#204 = LINE ( 'NONE', #8967, #8887 ) ;
#205 = VECTOR ( 'NONE', #6386, 1000.000000000000000 ) ;
#206 = ORIENTED_EDGE ( 'NONE', *, *, #7147, .F. ) ;
#207 = SURFACE_STYLE_USAGE ( .BOTH. , #2052 ) ;
#208 = CARTESIAN_POINT ( 'NONE',  ( 15.50000000000000000, 0.0000000000000000000, 10.00000000000000000 ) ) ;
#209 = CARTESIAN_POINT ( 'NONE',  ( -16.94289321881344200, 21.14999999999999900, 2.000000000000000000 ) ) ;
#210 = PRESENTATION_LAYER_ASSIGNMENT (  '', '', ( #2353 ) ) ;
#211 = DIRECTION ( 'NONE',  ( 0.0000000000000000000, 0.0000000000000000000, -1.000000000000000000 ) ) ;
#212 = FACE_OUTER_BOUND ( 'NONE', #2704, .T. ) ;
#213 = AXIS2_PLACEMENT_3D ( 'NONE', #8080, #559, #592 ) ;
#214 = ORIENTED_EDGE ( 'NONE', *, *, #8411, .T. ) ;
#215 = SURFACE_SIDE_STYLE ('',( #9138 ) ) ;
#216 = CARTESIAN_POINT ( 'NONE',  ( -12.31064338817349400, -19.15000000000000600, -13.63826179277981000 ) ) ;
#217 = ADVANCED_FACE ( 'NONE', ( #10045 ), #3124, .F. ) ;
#218 = DIRECTION ( 'NONE',  ( -1.000000000000000000, 3.730780929461923600E-015, 0.0000000000000000000 ) ) ;
#219 = ORIENTED_EDGE ( 'NONE', *, *, #10481, .T. ) ;
#220 = AXIS2_PLACEMENT_3D ( 'NONE', #4906, #2408, #9107 ) ;
#221 = SURFACE_STYLE_USAGE ( .BOTH. , #938 ) ;
#222 = EDGE_CURVE ( 'NONE', #5943, #8508, #7828, .T. ) ;
#223 = EDGE_LOOP ( 'NONE', ( #10621, #6743, #1161 ) ) ;
#224 = VERTEX_POINT ( 'NONE', #5664 ) ;
#225 =( GEOMETRIC_REPRESENTATION_CONTEXT ( 3 ) GLOBAL_UNCERTAINTY_ASSIGNED_CONTEXT ( ( #3361 ) ) GLOBAL_UNIT_ASSIGNED_CONTEXT ( ( #2985, #3900, #8885 ) ) REPRESENTATION_CONTEXT ( 'NONE', 'WORKASPACE' ) );
#226 = UNCERTAINTY_MEASURE_WITH_UNIT (LENGTH_MEASURE( 1.000000000000000100E-005 ), #2424, 'distance_accuracy_value', 'NONE');
#227 = EDGE_LOOP ( 'NONE', ( #2747, #3966, #7521, #8568 ) ) ;
#228 = CARTESIAN_POINT ( 'NONE',  ( 0.0000000000000000000, 0.0000000000000000000, 10.00000000000000000 ) ) ;
#229 = EDGE_LOOP ( 'NONE', ( #8622, #7212, #3858, #350, #8258 ) ) ;
#230 =( GEOMETRIC_REPRESENTATION_CONTEXT ( 3 ) GLOBAL_UNCERTAINTY_ASSIGNED_CONTEXT ( ( #1261 ) ) GLOBAL_UNIT_ASSIGNED_CONTEXT ( ( #10489, #9887, #9919 ) ) REPRESENTATION_CONTEXT ( 'NONE', 'WORKASPACE' ) );
#231 = EDGE_CURVE ( 'NONE', #7479, #1863, #7580, .T. ) ;
#232 = CARTESIAN_POINT ( 'NONE',  ( 16.94289321881341700, -20.65000000000000200, 9.500000000000000000 ) ) ;
#233 = ORIENTED_EDGE ( 'NONE', *, *, #8780, .T. ) ;
#234 = VERTEX_POINT ( 'NONE', #8058 ) ;
#235 = VERTEX_POINT ( 'NONE', #6540 ) ;
#236 = DIRECTION ( 'NONE',  ( 1.000000000000000000, 0.0000000000000000000, 0.0000000000000000000 ) ) ;
#237 = VERTEX_POINT ( 'NONE', #8984 ) ;
#238 = PLANE ( 'NONE',  #10715 ) ;
#239 = EDGE_LOOP ( 'NONE', ( #9448, #10761, #10808, #2619 ) ) ;
#240 = ORIENTED_EDGE ( 'NONE', *, *, #2335, .F. ) ;
#241 = ADVANCED_FACE ( 'NONE', ( #1920 ), #5635, .T. ) ;
#242 = AXIS2_PLACEMENT_3D ( 'NONE', #8970, #3226, #5727 ) ;
#243 = UNCERTAINTY_MEASURE_WITH_UNIT (LENGTH_MEASURE( 1.000000000000000100E-005 ), #355, 'distance_accuracy_value', 'NONE');
#244 = ORIENTED_EDGE ( 'NONE', *, *, #7357, .T. ) ;
#245 = DIRECTION ( 'NONE',  ( 0.0000000000000000000, 0.0000000000000000000, 1.000000000000000000 ) ) ;
#246 = CARTESIAN_POINT ( 'NONE',  ( 21.14999999999999900, -13.32957238623955700, -80.84951795962939500 ) ) ;
#247 = VERTEX_POINT ( 'NONE', #4894 ) ;
#248 = DIRECTION ( 'NONE',  ( 0.0000000000000000000, 0.0000000000000000000, 1.000000000000000000 ) ) ;
#249 = EDGE_CURVE ( 'NONE', #5774, #5818, #7321, .T. ) ;
#250 = VERTEX_POINT ( 'NONE', #2234 ) ;
#251 = CARTESIAN_POINT ( 'NONE',  ( -2.616151791541896400, -21.25000000000000700, -25.10661729131781100 ) ) ;
#252 = CARTESIAN_POINT ( 'NONE',  ( -15.96497596851090600, 15.98624964825022900, -28.49999999999999600 ) ) ;
#253 = CARTESIAN_POINT ( 'NONE',  ( 0.5999999999999992000, -18.15000000000000600, -31.35000000000000100 ) ) ;
#254 = VERTEX_POINT ( 'NONE', #1486 ) ;
#255 = DIRECTION ( 'NONE',  ( -0.0000000000000000000, 1.000000000000000000, -0.0000000000000000000 ) ) ;
#256 = DIRECTION ( 'NONE',  ( 0.0000000000000000000, 1.000000000000000000, 0.0000000000000000000 ) ) ;
#257 = ORIENTED_EDGE ( 'NONE', *, *, #3007, .T. ) ;
#258 = CARTESIAN_POINT ( 'NONE',  ( -0.6000000000000003100, -18.15000000000000600, -30.15000000000000200 ) ) ;
#259 = DIRECTION ( 'NONE',  ( 8.202002250481357500E-017, -1.000000000000000000, -0.0000000000000000000 ) ) ;
#260 = CARTESIAN_POINT ( 'NONE',  ( 15.50000000000000000, 15.50000000000000000, 10.00000000000000000 ) ) ;
#261 = ORIENTED_EDGE ( 'NONE', *, *, #3791, .T. ) ;
#262 = DIRECTION ( 'NONE',  ( 0.0000000000000000000, 0.0000000000000000000, 1.000000000000000000 ) ) ;
#263 = ORIENTED_EDGE ( 'NONE', *, *, #6390, .F. ) ;
#264 = ORIENTED_EDGE ( 'NONE', *, *, #178, .F. ) ;
#265 = CARTESIAN_POINT ( 'NONE',  ( -15.49999999999999600, 15.50000000000087400, -28.49999999999999600 ) ) ;
#266 =( LENGTH_UNIT ( ) NAMED_UNIT ( * ) SI_UNIT ( .MILLI., .METRE. ) );
#267 = LINE ( 'NONE', #7964, #6742 ) ;
#268 =( LENGTH_UNIT ( ) NAMED_UNIT ( * ) SI_UNIT ( .MILLI., .METRE. ) );
#269 = CARTESIAN_POINT ( 'NONE',  ( -17.29644660940671500, -21.00355339059328200, 10.00000000000000000 ) ) ;
#270 = ORIENTED_EDGE ( 'NONE', *, *, #8918, .F. ) ;
#271 = ORIENTED_EDGE ( 'NONE', *, *, #3357, .F. ) ;
#272 = DIRECTION ( 'NONE',  ( 1.224646799147353200E-016, 1.000000000000000000, -0.0000000000000000000 ) ) ;
#273 = COLOUR_RGB ( '',0.2509803921568627400, 0.2509803921568627400, 0.2509803921568627400 ) ;
#274 = ORIENTED_EDGE ( 'NONE', *, *, #7501, .T. ) ;
#275 = AXIS2_PLACEMENT_3D ( 'NONE', #1107, #5368, #2926 ) ;
#276 = UNCERTAINTY_MEASURE_WITH_UNIT (LENGTH_MEASURE( 1.000000000000000100E-005 ), #491, 'distance_accuracy_value', 'NONE');
#277 = ADVANCED_FACE ( 'NONE', ( #2049 ), #336, .T. ) ;
#278 = STYLED_ITEM ( 'NONE', ( #3386 ), #845 ) ;
#279 = PLANE ( 'NONE',  #2096 ) ;
#280 = PLANE ( 'NONE',  #10639 ) ;
#281 = SURFACE_STYLE_FILL_AREA ( #5081 ) ;
#282 = DIRECTION ( 'NONE',  ( -1.000000000000000000, 0.0000000000000000000, 0.0000000000000000000 ) ) ;
#283 = CYLINDRICAL_SURFACE ( 'NONE', #613, 0.5000000000000004400 ) ;
#284 = DIRECTION ( 'NONE',  ( 0.0000000000000000000, 0.0000000000000000000, 1.000000000000000000 ) ) ;
#285 = ORIENTED_EDGE ( 'NONE', *, *, #3357, .T. ) ;
#286 = DIRECTION ( 'NONE',  ( 1.000000000000000000, -4.542762141924042900E-015, 0.0000000000000000000 ) ) ;
#287 = LINE ( 'NONE', #1192, #4935 ) ;
#288 = LINE ( 'NONE', #5570, #2154 ) ;
#289 = SURFACE_STYLE_USAGE ( .BOTH. , #215 ) ;
#290 = DIRECTION ( 'NONE',  ( 1.000000000000000000, 0.0000000000000000000, 0.0000000000000000000 ) ) ;
#291 = DIRECTION ( 'NONE',  ( 0.0000000000000000000, 0.0000000000000000000, -1.000000000000000000 ) ) ;
#292 = PRESENTATION_STYLE_ASSIGNMENT (( #3519 ) ) ;
#293 = PRESENTATION_LAYER_ASSIGNMENT (  '', '', ( #5552 ) ) ;
#294 = ORIENTED_EDGE ( 'NONE', *, *, #9589, .F. ) ;
#295 = ADVANCED_FACE ( 'NONE', ( #10426 ), #5111, .T. ) ;
#296 = CARTESIAN_POINT ( 'NONE',  ( 3.599999999999998800, -21.15000000000000600, -26.49999999999999600 ) ) ;
#297 = DIRECTION ( 'NONE',  ( -1.000000000000000000, 0.0000000000000000000, 0.0000000000000000000 ) ) ;
#298 = CARTESIAN_POINT ( 'NONE',  ( 10.49999999999999800, 0.0000000000000000000, 12.00000000000000000 ) ) ;
#299 = LINE ( 'NONE', #8798, #8715 ) ;
#300 = DIRECTION ( 'NONE',  ( -0.0000000000000000000, 1.000000000000000000, -0.0000000000000000000 ) ) ;
#301 = AXIS2_PLACEMENT_3D ( 'NONE', #6078, #995, #7723 ) ;
#303 = CYLINDRICAL_SURFACE ( 'NONE', #4330, 0.5563334663949287600 ) ;
#302 = CARTESIAN_POINT ( 'NONE',  ( -20.64999999999999500, 16.94289321881343100, -28.49999999999999600 ) ) ;
#304 = EDGE_CURVE ( 'NONE', #5949, #8581, #79, .T. ) ;
#305 = ORIENTED_EDGE ( 'NONE', *, *, #10790, .T. ) ;
#306 =( NAMED_UNIT ( * ) PLANE_ANGLE_UNIT ( ) SI_UNIT ( $, .RADIAN. ) );
#307 = PLANE ( 'NONE',  #4691 ) ;
#308 = DIRECTION ( 'NONE',  ( 1.865390464730965300E-015, -1.000000000000000000, -0.0000000000000000000 ) ) ;
#309 = AXIS2_PLACEMENT_3D ( 'NONE', #7032, #6176, #7860 ) ;
#310 = FACE_OUTER_BOUND ( 'NONE', #3051, .T. ) ;
#311 = CARTESIAN_POINT ( 'NONE',  ( 4.000000000000000000, 0.0000000000000000000, -28.49999999999999600 ) ) ;
#312 = CARTESIAN_POINT ( 'NONE',  ( 15.01375035175125200, 15.03502403148986100, -26.99999999999999600 ) ) ;
#313 = STYLED_ITEM ( 'NONE', ( #292 ), #8570 ) ;
#314 = CYLINDRICAL_SURFACE ( 'NONE', #5876, 0.5000000000000004400 ) ;
#315 = CARTESIAN_POINT ( 'NONE',  ( 13.32957238623955100, -21.15000000000000600, -80.84951795962939500 ) ) ;
#316 = CIRCLE ( 'NONE', #1593, 3.249999999999999600 ) ;
#317 = FACE_BOUND ( 'NONE', #6975, .T. ) ;
#318 = VERTEX_POINT ( 'NONE', #1382 ) ;
#319 = AXIS2_PLACEMENT_3D ( 'NONE', #5502, #9711, #8849 ) ;
#320 = EDGE_CURVE ( 'NONE', #2499, #1513, #3126, .T. ) ;
#321 = EDGE_CURVE ( 'NONE', #3010, #8789, #2332, .T. ) ;
#322 = LINE ( 'NONE', #4743, #3377 ) ;
#323 = FILL_AREA_STYLE_COLOUR ( '', #7664 ) ;
#324 = DIRECTION ( 'NONE',  ( -1.000000000000000000, -1.235860604586716300E-014, -0.0000000000000000000 ) ) ;
#325 = FACE_OUTER_BOUND ( 'NONE', #6736, .T. ) ;
#326 = ORIENTED_EDGE ( 'NONE', *, *, #3173, .F. ) ;
#327 = CARTESIAN_POINT ( 'NONE',  ( 15.96497596850902500, -15.01375035175166400, -28.49999999999999600 ) ) ;
#328 = FACE_OUTER_BOUND ( 'NONE', #5398, .T. ) ;
#329 = CIRCLE ( 'NONE', #7366, 1.899999999999999000 ) ;
#330 = CARTESIAN_POINT ( 'NONE',  ( -0.6000000000000006400, -18.15000000000000600, -31.85000000000000500 ) ) ;
#331 = DIRECTION ( 'NONE',  ( 0.0000000000000000000, 0.0000000000000000000, -1.000000000000000000 ) ) ;
#332 = CYLINDRICAL_SURFACE ( 'NONE', #4360, 1.249999999999999300 ) ;
#333 = VECTOR ( 'NONE', #5595, 1000.000000000000000 ) ;
#334 = VECTOR ( 'NONE', #7410, 1000.000000000000000 ) ;
#335 = VECTOR ( 'NONE', #7208, 1000.000000000000100 ) ;
#336 = SPHERICAL_SURFACE ( 'NONE', #501, 0.5000000000000000000 ) ;
#337 = SURFACE_SIDE_STYLE ('',( #8072 ) ) ;
#338 = LINE ( 'NONE', #2082, #8100 ) ;
#339 = DIRECTION ( 'NONE',  ( -0.0000000000000000000, 0.0000000000000000000, -1.000000000000000000 ) ) ;
#340 = FACE_OUTER_BOUND ( 'NONE', #3831, .T. ) ;
#341 = CARTESIAN_POINT ( 'NONE',  ( 0.0000000000000000000, 21.14999999999999900, 2.000000000000000000 ) ) ;
#342 = ADVANCED_FACE ( 'NONE', ( #9277 ), #6263, .T. ) ;
#343 = DIRECTION ( 'NONE',  ( 0.0000000000000000000, 0.0000000000000000000, 1.000000000000000000 ) ) ;
#344 = CARTESIAN_POINT ( 'NONE',  ( 16.94289321881343800, 20.64999999999999900, 9.500000000000000000 ) ) ;
#345 =( LENGTH_UNIT ( ) NAMED_UNIT ( * ) SI_UNIT ( .MILLI., .METRE. ) );
#346 = FILL_AREA_STYLE ('',( #8801 ) ) ;
#347 = DIRECTION ( 'NONE',  ( -1.000000000000000000, 0.0000000000000000000, 0.0000000000000000000 ) ) ;
#348 = LINE ( 'NONE', #9999, #10699 ) ;
#349 = FACE_OUTER_BOUND ( 'NONE', #2377, .T. ) ;
#350 = ORIENTED_EDGE ( 'NONE', *, *, #5303, .F. ) ;
#351 = CARTESIAN_POINT ( 'NONE',  ( -1.999999999999994900, 2.755455298081541300E-016, -26.99999999999999600 ) ) ;
#352 = EDGE_CURVE ( 'NONE', #3701, #5060, #8888, .T. ) ;
#353 = LINE ( 'NONE', #8565, #10703 ) ;
#354 = ORIENTED_EDGE ( 'NONE', *, *, #8674, .T. ) ;
#355 =( LENGTH_UNIT ( ) NAMED_UNIT ( * ) SI_UNIT ( .MILLI., .METRE. ) );
#356 = COLOUR_RGB ( '',0.2509803921568627400, 0.2509803921568627400, 0.2509803921568627400 ) ;
#357 = SURFACE_SIDE_STYLE ('',( #2310 ) ) ;
#358 = CARTESIAN_POINT ( 'NONE',  ( 11.50000000000000000, 0.0000000000000000000, 10.00000000000000000 ) ) ;
#359 = STYLED_ITEM ( 'NONE', ( #850 ), #190 ) ;
#360 = ORIENTED_EDGE ( 'NONE', *, *, #10688, .F. ) ;
#361 =( NAMED_UNIT ( * ) PLANE_ANGLE_UNIT ( ) SI_UNIT ( $, .RADIAN. ) );
#362 = ADVANCED_FACE ( 'NONE', ( #6678 ), #2314, .F. ) ;
#363 = CIRCLE ( 'NONE', #10081, 0.5000000000000004400 ) ;
#364 = ORIENTED_EDGE ( 'NONE', *, *, #4796, .F. ) ;
#365 =( NAMED_UNIT ( * ) PLANE_ANGLE_UNIT ( ) SI_UNIT ( $, .RADIAN. ) );
#366 = EDGE_LOOP ( 'NONE', ( #7502, #8217, #10593, #6307 ) ) ;
#367 = CARTESIAN_POINT ( 'NONE',  ( 2.500000000000000000, 3.061616997868383100E-016, -25.99999999999999600 ) ) ;
#368 = CIRCLE ( 'NONE', #4625, 0.5000000000000004400 ) ;
#369 = ORIENTED_EDGE ( 'NONE', *, *, #6472, .F. ) ;
#370 = AXIS2_PLACEMENT_3D ( 'NONE', #7015, #1122, #5063 ) ;
#371 = DIRECTION ( 'NONE',  ( -1.577021341797098100E-016, 0.0000000000000000000, 1.000000000000000000 ) ) ;
#372 = AXIS2_PLACEMENT_3D ( 'NONE', #1997, #3738, #3620 ) ;
#373 = ORIENTED_EDGE ( 'NONE', *, *, #10408, .F. ) ;
#374 = AXIS2_PLACEMENT_3D ( 'NONE', #708, #6642, #9901 ) ;
#375 = CARTESIAN_POINT ( 'NONE',  ( -16.80716972541453200, 15.98624964825021900, -26.99999999999999600 ) ) ;
#376 = ORIENTED_EDGE ( 'NONE', *, *, #7184, .F. ) ;
#377 = AXIS2_PLACEMENT_3D ( 'NONE', #8067, #4791, #8952 ) ;
#378 = DIRECTION ( 'NONE',  ( -0.0000000000000000000, 1.000000000000000000, -0.0000000000000000000 ) ) ;
#379 = ORIENTED_EDGE ( 'NONE', *, *, #8778, .T. ) ;
#380 = EDGE_CURVE ( 'NONE', #9072, #5290, #3523, .T. ) ;
#381 = ORIENTED_EDGE ( 'NONE', *, *, #6823, .F. ) ;
#382 = VERTEX_POINT ( 'NONE', #3059 ) ;
#383 = UNCERTAINTY_MEASURE_WITH_UNIT (LENGTH_MEASURE( 1.000000000000000100E-005 ), #8615, 'distance_accuracy_value', 'NONE');
#384 = CIRCLE ( 'NONE', #5948, 0.5000000000000004400 ) ;
#385 = ORIENTED_EDGE ( 'NONE', *, *, #525, .T. ) ;
#386 = CARTESIAN_POINT ( 'NONE',  ( 17.69999999999999900, 15.50000000000000000, -27.99999999999999600 ) ) ;
#387 = ORIENTED_EDGE ( 'NONE', *, *, #9932, .T. ) ;
#388 = AXIS2_PLACEMENT_3D ( 'NONE', #9495, #5361, #7046 ) ;
#389 = DIRECTION ( 'NONE',  ( -0.0000000000000000000, -0.0000000000000000000, 1.000000000000000000 ) ) ;
#390 = EDGE_CURVE ( 'NONE', #10199, #10491, #4860, .T. ) ;
#391 =( NAMED_UNIT ( * ) PLANE_ANGLE_UNIT ( ) SI_UNIT ( $, .RADIAN. ) );
#392 = ORIENTED_EDGE ( 'NONE', *, *, #941, .T. ) ;
#393 = AXIS2_PLACEMENT_3D ( 'NONE', #2174, #5504, #2141 ) ;
#394 = CARTESIAN_POINT ( 'NONE',  ( -2.616151791541900800, -19.15000000000000600, -4.341649960993328200E-016 ) ) ;
#395 = DIRECTION ( 'NONE',  ( 0.8571673007021116700, 0.0000000000000000000, 0.5150380749100552700 ) ) ;
#396 = PRESENTATION_LAYER_ASSIGNMENT (  '', '', ( #10770 ) ) ;
#397 = FACE_OUTER_BOUND ( 'NONE', #4498, .T. ) ;
#398 = ORIENTED_EDGE ( 'NONE', *, *, #2325, .T. ) ;
#399 = EDGE_CURVE ( 'NONE', #10033, #7604, #5130, .T. ) ;
#400 = DIRECTION ( 'NONE',  ( 1.000000000000000000, 0.0000000000000000000, 0.0000000000000000000 ) ) ;
#401 = CARTESIAN_POINT ( 'NONE',  ( -2.616151791541900800, -21.25000000000000700, -4.341649960993328200E-016 ) ) ;
#402 = EDGE_LOOP ( 'NONE', ( #622, #9955, #9950, #10325 ) ) ;
#403 = CARTESIAN_POINT ( 'NONE',  ( 15.98624964824874800, 15.03502403148986100, -26.99999999999999600 ) ) ;
#404 = STYLED_ITEM ( 'NONE', ( #5963 ), #5278 ) ;
#405 = AXIS2_PLACEMENT_3D ( 'NONE', #6900, #9407, #10455 ) ;
#406 = VECTOR ( 'NONE', #3565, 1000.000000000000000 ) ;
#408 = VERTEX_POINT ( 'NONE', #5673 ) ;
#407 =( LENGTH_UNIT ( ) NAMED_UNIT ( * ) SI_UNIT ( .MILLI., .METRE. ) );
#409 = DIRECTION ( 'NONE',  ( 0.0000000000000000000, 0.0000000000000000000, 1.000000000000000000 ) ) ;
#410 =( NAMED_UNIT ( * ) SI_UNIT ( $, .STERADIAN. ) SOLID_ANGLE_UNIT ( ) );
#411 = CARTESIAN_POINT ( 'NONE',  ( 21.14999999999999900, 13.32957238623956000, -80.84951795962939500 ) ) ;
#412 = SURFACE_STYLE_USAGE ( .BOTH. , #2915 ) ;
#413 = CARTESIAN_POINT ( 'NONE',  ( 15.03502403148815200, -15.98624964824929200, -26.99999999999999600 ) ) ;
#414 = EDGE_CURVE ( 'NONE', #1683, #4274, #627, .T. ) ;
#415 = CARTESIAN_POINT ( 'NONE',  ( -21.14999999999999500, -21.15000000000000600, -19.00000000000000000 ) ) ;
#416 = VERTEX_POINT ( 'NONE', #2040 ) ;
#418 = VERTEX_POINT ( 'NONE', #577 ) ;
#417 = DIRECTION ( 'NONE',  ( 0.0000000000000000000, 0.0000000000000000000, 1.000000000000000000 ) ) ;
#419 = ORIENTED_EDGE ( 'NONE', *, *, #4779, .F. ) ;
#420 = ORIENTED_EDGE ( 'NONE', *, *, #390, .T. ) ;
#421 = ADVANCED_FACE ( 'NONE', ( #7974 ), #6287, .T. ) ;
#422 = VERTEX_POINT ( 'NONE', #8724 ) ;
#423 = DIRECTION ( 'NONE',  ( -1.000000000000000000, 0.0000000000000000000, -0.0000000000000000000 ) ) ;
#424 = DIRECTION ( 'NONE',  ( 1.000000000000000000, 1.235860604586721200E-014, -0.0000000000000000000 ) ) ;
#425 = CARTESIAN_POINT ( 'NONE',  ( 1.799999999999999400, -18.15000000000000600, -31.35000000000000100 ) ) ;
#426 = EDGE_CURVE ( 'NONE', #7617, #5182, #2734, .T. ) ;
#427 = DIRECTION ( 'NONE',  ( -0.0000000000000000000, 1.000000000000000000, -0.0000000000000000000 ) ) ;
#428 = DIRECTION ( 'NONE',  ( 0.0000000000000000000, -1.000000000000000000, 0.0000000000000000000 ) ) ;
#429 = ORIENTED_EDGE ( 'NONE', *, *, #8234, .T. ) ;
#430 =( GEOMETRIC_REPRESENTATION_CONTEXT ( 3 ) GLOBAL_UNCERTAINTY_ASSIGNED_CONTEXT ( ( #1870 ) ) GLOBAL_UNIT_ASSIGNED_CONTEXT ( ( #268, #9404, #9443 ) ) REPRESENTATION_CONTEXT ( 'NONE', 'WORKASPACE' ) );
#431 = FACE_OUTER_BOUND ( 'NONE', #8390, .T. ) ;
#432 = ORIENTED_EDGE ( 'NONE', *, *, #8470, .F. ) ;
#433 = CARTESIAN_POINT ( 'NONE',  ( 1.033852198464325900, 2.000000000000000000, 33.76082040583162300 ) ) ;
#434 = DIRECTION ( 'NONE',  ( 0.0000000000000000000, 1.000000000000000000, 0.0000000000000000000 ) ) ;
#435 = CARTESIAN_POINT ( 'NONE',  ( 2.999999999999979600, -18.15000000000000600, -28.99999999999999600 ) ) ;
#436 = UNCERTAINTY_MEASURE_WITH_UNIT (LENGTH_MEASURE( 1.000000000000000100E-005 ), #1323, 'distance_accuracy_value', 'NONE');
#437 = DIRECTION ( 'NONE',  ( -1.000000000000000000, -8.202002250481362500E-017, 0.0000000000000000000 ) ) ;
#438 = FACE_OUTER_BOUND ( 'NONE', #6157, .T. ) ;
#439 = DIRECTION ( 'NONE',  ( -4.542762141924042900E-015, -1.000000000000000000, 0.0000000000000000000 ) ) ;
#440 = AXIS2_PLACEMENT_3D ( 'NONE', #7061, #6253, #7923 ) ;
#441 = FACE_BOUND ( 'NONE', #1149, .T. ) ;
#442 = LINE ( 'NONE', #6272, #6635 ) ;
#443 =( GEOMETRIC_REPRESENTATION_CONTEXT ( 3 ) GLOBAL_UNCERTAINTY_ASSIGNED_CONTEXT ( ( #6111 ) ) GLOBAL_UNIT_ASSIGNED_CONTEXT ( ( #3734, #8821, #1327 ) ) REPRESENTATION_CONTEXT ( 'NONE', 'WORKASPACE' ) );
#444 =( LENGTH_UNIT ( ) NAMED_UNIT ( * ) SI_UNIT ( .MILLI., .METRE. ) );
#445 =( NAMED_UNIT ( * ) PLANE_ANGLE_UNIT ( ) SI_UNIT ( $, .RADIAN. ) );
#446 = FACE_OUTER_BOUND ( 'NONE', #8452, .T. ) ;
#447 = CARTESIAN_POINT ( 'NONE',  ( 15.50000000000000000, 0.0000000000000000000, 9.500000000000000000 ) ) ;
#448 = VECTOR ( 'NONE', #4335, 1000.000000000000000 ) ;
#449 = PLANE ( 'NONE',  #10349 ) ;
#450 = EDGE_LOOP ( 'NONE', ( #6171, #4363, #4186, #3080 ) ) ;
#451 = AXIS2_PLACEMENT_3D ( 'NONE', #3853, #9738, #2121 ) ;
#452 = EDGE_CURVE ( 'NONE', #8789, #9945, #6933, .T. ) ;
#453 = DIRECTION ( 'NONE',  ( 0.0000000000000000000, 0.0000000000000000000, -1.000000000000000000 ) ) ;
#454 = AXIS2_PLACEMENT_3D ( 'NONE', #9259, #984, #9357 ) ;
#455 = VECTOR ( 'NONE', #9187, 1000.000000000000000 ) ;
#456 = DIRECTION ( 'NONE',  ( 0.0000000000000000000, -1.000000000000000000, 0.0000000000000000000 ) ) ;
#457 = CARTESIAN_POINT ( 'NONE',  ( -16.80716972541453200, 15.98624964825021900, -26.99999999999999600 ) ) ;
#458 = ADVANCED_FACE ( 'NONE', ( #212 ), #10607, .F. ) ;
#459 = DIRECTION ( 'NONE',  ( 0.7071067811865441300, 0.7071067811865510100, 0.0000000000000000000 ) ) ;
#460 = FILL_AREA_STYLE_COLOUR ( '', #5720 ) ;
#461 = AXIS2_PLACEMENT_3D ( 'NONE', #8249, #6354, #437 ) ;
#462 = LINE ( 'NONE', #3476, #10150 ) ;
#463 = FILL_AREA_STYLE ('',( #7185 ) ) ;
#464 = EDGE_CURVE ( 'NONE', #4235, #4569, #6686, .T. ) ;
#465 = VERTEX_POINT ( 'NONE', #2243 ) ;
#467 = DIRECTION ( 'NONE',  ( 0.0000000000000000000, 0.0000000000000000000, 1.000000000000000000 ) ) ;
#466 = LINE ( 'NONE', #10220, #5349 ) ;
#468 = VECTOR ( 'NONE', #9675, 1000.000000000000000 ) ;
#469 = STYLED_ITEM ( 'NONE', ( #10801 ), #5002 ) ;
#470 = DIRECTION ( 'NONE',  ( 0.0000000000000000000, -1.000000000000000000, 0.0000000000000000000 ) ) ;
#471 =( GEOMETRIC_REPRESENTATION_CONTEXT ( 3 ) GLOBAL_UNCERTAINTY_ASSIGNED_CONTEXT ( ( #1713 ) ) GLOBAL_UNIT_ASSIGNED_CONTEXT ( ( #2529, #2625, #10845 ) ) REPRESENTATION_CONTEXT ( 'NONE', 'WORKASPACE' ) );
#472 = CARTESIAN_POINT ( 'NONE',  ( -1.800000000000000700, -39.15000000000002000, -31.35000000000000100 ) ) ;
#473 = CARTESIAN_POINT ( 'NONE',  ( 17.89999999999912100, -15.50000000000000200, -27.99999999999999600 ) ) ;
#474 = ADVANCED_FACE ( 'NONE', ( #9538 ), #7313, .T. ) ;
#475 = ORIENTED_EDGE ( 'NONE', *, *, #3492, .T. ) ;
#476 = EDGE_CURVE ( 'NONE', #7268, #10100, #10714, .T. ) ;
#477 =( NAMED_UNIT ( * ) SI_UNIT ( $, .STERADIAN. ) SOLID_ANGLE_UNIT ( ) );
#478 = CARTESIAN_POINT ( 'NONE',  ( 17.29644660940669000, -21.00355339059327900, 9.500000000000000000 ) ) ;
#479 = SURFACE_STYLE_USAGE ( .BOTH. , #7203 ) ;
#480 = VECTOR ( 'NONE', #8651, 1000.000000000000000 ) ;
#481 = CARTESIAN_POINT ( 'NONE',  ( 0.0000000000000000000, 0.0000000000000000000, -20.99999999999999600 ) ) ;
#482 = DIRECTION ( 'NONE',  ( -0.0000000000000000000, 0.0000000000000000000, 1.000000000000000000 ) ) ;
#483 = TOROIDAL_SURFACE ( 'NONE', #8177, 1.900000000000002800, 0.5000000000000000000 ) ;
#484 = FACE_OUTER_BOUND ( 'NONE', #515, .T. ) ;
#485 = EDGE_LOOP ( 'NONE', ( #9762, #9411, #2363, #1829 ) ) ;
#486 = CARTESIAN_POINT ( 'NONE',  ( 0.0000000000000000000, 0.0000000000000000000, -19.00000000000000000 ) ) ;
#487 = PLANE ( 'NONE',  #9352 ) ;
#488 = CARTESIAN_POINT ( 'NONE',  ( 15.98624964824874800, 16.80716972541398100, -28.49999999999999600 ) ) ;
#489 = DIRECTION ( 'NONE',  ( -0.0000000000000000000, 0.0000000000000000000, -1.000000000000000000 ) ) ;
#490 = DIRECTION ( 'NONE',  ( -0.7071067811865475700, 0.7071067811865475700, 0.0000000000000000000 ) ) ;
#491 =( LENGTH_UNIT ( ) NAMED_UNIT ( * ) SI_UNIT ( .MILLI., .METRE. ) );
#492 = ORIENTED_EDGE ( 'NONE', *, *, #9866, .T. ) ;
#493 =( LENGTH_UNIT ( ) NAMED_UNIT ( * ) SI_UNIT ( .MILLI., .METRE. ) );
#494 = CIRCLE ( 'NONE', #3841, 0.5000000000000004400 ) ;
#495 =( NAMED_UNIT ( * ) SI_UNIT ( $, .STERADIAN. ) SOLID_ANGLE_UNIT ( ) );
#496 = DIRECTION ( 'NONE',  ( 0.0000000000000000000, -1.000000000000000000, 0.0000000000000000000 ) ) ;
#497 = SURFACE_STYLE_USAGE ( .BOTH. , #10561 ) ;
#498 = DIRECTION ( 'NONE',  ( 0.7071067811865441300, 0.7071067811865510100, 0.0000000000000000000 ) ) ;
#499 = FACE_OUTER_BOUND ( 'NONE', #3027, .T. ) ;
#500 =( NAMED_UNIT ( * ) PLANE_ANGLE_UNIT ( ) SI_UNIT ( $, .RADIAN. ) );
#501 = AXIS2_PLACEMENT_3D ( 'NONE', #7304, #607, #3048 ) ;
#502 = ORIENTED_EDGE ( 'NONE', *, *, #198, .F. ) ;
#503 = EDGE_LOOP ( 'NONE', ( #8167, #4586, #506, #15 ) ) ;
#504 = CIRCLE ( 'NONE', #9716, 0.5563334663949287600 ) ;
#505 = CARTESIAN_POINT ( 'NONE',  ( 0.0000000000000000000, 0.0000000000000000000, -25.99999999999999600 ) ) ;
#506 = ORIENTED_EDGE ( 'NONE', *, *, #34, .F. ) ;
#507 = CARTESIAN_POINT ( 'NONE',  ( 15.50000000000000400, -15.50000000000000000, 5.500000000000000000 ) ) ;
#508 = EDGE_LOOP ( 'NONE', ( #6806, #3313, #6839, #4214 ) ) ;
#509 = VERTEX_POINT ( 'NONE', #2403 ) ;
#510 = ADVANCED_FACE ( 'NONE', ( #2200, #10836 ), #5745, .T. ) ;
#511 = EDGE_LOOP ( 'NONE', ( #1064, #1955, #2661, #6680 ) ) ;
#512 = CARTESIAN_POINT ( 'NONE',  ( 16.75000000000000000, -15.50000000000000000, 5.500000000000000000 ) ) ;
#513 = CARTESIAN_POINT ( 'NONE',  ( -15.01375035175306900, -15.96497596850950100, -26.99999999999999600 ) ) ;
#514 = ORIENTED_EDGE ( 'NONE', *, *, #6472, .T. ) ;
#515 = EDGE_LOOP ( 'NONE', ( #8268, #9092, #7527, #9217, #2755, #9117, #3603, #7069, #4877, #2259, #8668, #9832 ) ) ;
#516 = ORIENTED_EDGE ( 'NONE', *, *, #476, .F. ) ;
#517 =( NAMED_UNIT ( * ) PLANE_ANGLE_UNIT ( ) SI_UNIT ( $, .RADIAN. ) );
#518 = ORIENTED_EDGE ( 'NONE', *, *, #4917, .F. ) ;
#519 = ORIENTED_EDGE ( 'NONE', *, *, #7927, .F. ) ;
#520 =( GEOMETRIC_REPRESENTATION_CONTEXT ( 3 ) GLOBAL_UNCERTAINTY_ASSIGNED_CONTEXT ( ( #2678 ) ) GLOBAL_UNIT_ASSIGNED_CONTEXT ( ( #8729, #361, #7914 ) ) REPRESENTATION_CONTEXT ( 'NONE', 'WORKASPACE' ) );
#521 = ORIENTED_EDGE ( 'NONE', *, *, #3039, .F. ) ;
#522 = FACE_OUTER_BOUND ( 'NONE', #511, .T. ) ;
#523 = EDGE_LOOP ( 'NONE', ( #1592, #6347, #6009, #2788 ) ) ;
#524 = AXIS2_PLACEMENT_3D ( 'NONE', #5367, #2847, #1991 ) ;
#525 = EDGE_CURVE ( 'NONE', #10277, #7356, #10442, .T. ) ;
#526 = EDGE_LOOP ( 'NONE', ( #5489, #5177, #4624 ) ) ;
#527 = ADVANCED_FACE ( 'NONE', ( #4058 ), #8374, .T. ) ;
#528 = CARTESIAN_POINT ( 'NONE',  ( -15.03502403149003500, 15.01375035175260000, -26.99999999999999600 ) ) ;
#529 = DIRECTION ( 'NONE',  ( 0.0000000000000000000, 0.0000000000000000000, 1.000000000000000000 ) ) ;
#530 = PRESENTATION_LAYER_ASSIGNMENT (  '', '', ( #9729 ) ) ;
#531 = VECTOR ( 'NONE', #7419, 1000.000000000000000 ) ;
#532 = EDGE_CURVE ( 'NONE', #1061, #8805, #10700, .T. ) ;
#533 = ORIENTED_EDGE ( 'NONE', *, *, #880, .T. ) ;
#534 = AXIS2_PLACEMENT_3D ( 'NONE', #344, #10409, #7833 ) ;
#535 = CARTESIAN_POINT ( 'NONE',  ( -15.98624964825069300, -16.80716972541312200, -26.99999999999999600 ) ) ;
#536 = ORIENTED_EDGE ( 'NONE', *, *, #4997, .T. ) ;
#537 = CARTESIAN_POINT ( 'NONE',  ( 13.29999999999999900, 15.50000000000000000, -28.49999999999999600 ) ) ;
#538 = DIRECTION ( 'NONE',  ( 1.000000000000000000, 1.865390464730965300E-015, -0.0000000000000000000 ) ) ;
#539 = CARTESIAN_POINT ( 'NONE',  ( 0.0000000000000000000, 0.0000000000000000000, 33.49999999999999300 ) ) ;
#540 = ORIENTED_EDGE ( 'NONE', *, *, #8759, .F. ) ;
#541 = AXIS2_PLACEMENT_3D ( 'NONE', #9286, #5928, #891 ) ;
#542 = EDGE_CURVE ( 'NONE', #5357, #5826, #2341, .T. ) ;
#543 = LINE ( 'NONE', #9515, #5046 ) ;
#544 = ORIENTED_EDGE ( 'NONE', *, *, #7163, .T. ) ;
#545 = CARTESIAN_POINT ( 'NONE',  ( -15.98624964825069700, -15.03502403148862900, -28.49999999999999600 ) ) ;
#546 = ORIENTED_EDGE ( 'NONE', *, *, #6627, .T. ) ;
#547 = ORIENTED_EDGE ( 'NONE', *, *, #3925, .T. ) ;
#548 =( NAMED_UNIT ( * ) SI_UNIT ( $, .STERADIAN. ) SOLID_ANGLE_UNIT ( ) );
#549 = CARTESIAN_POINT ( 'NONE',  ( 17.14999999999997700, -21.15000000000000200, -28.99999999999999600 ) ) ;
#550 =( GEOMETRIC_REPRESENTATION_CONTEXT ( 3 ) GLOBAL_UNCERTAINTY_ASSIGNED_CONTEXT ( ( #3072 ) ) GLOBAL_UNIT_ASSIGNED_CONTEXT ( ( #3671, #4526, #3602 ) ) REPRESENTATION_CONTEXT ( 'NONE', 'WORKASPACE' ) );
#551 = FILL_AREA_STYLE_COLOUR ( '', #5230 ) ;
#552 =( NAMED_UNIT ( * ) PLANE_ANGLE_UNIT ( ) SI_UNIT ( $, .RADIAN. ) );
#553 = CARTESIAN_POINT ( 'NONE',  ( 16.94289321881343800, 20.64999999999999900, 10.00000000000000000 ) ) ;
#554 = EDGE_LOOP ( 'NONE', ( #420, #6297 ) ) ;
#555 = CARTESIAN_POINT ( 'NONE',  ( -16.94289321881344200, 20.64999999999999900, 9.500000000000000000 ) ) ;
#556 = ORIENTED_EDGE ( 'NONE', *, *, #7153, .T. ) ;
#557 =( NAMED_UNIT ( * ) SI_UNIT ( $, .STERADIAN. ) SOLID_ANGLE_UNIT ( ) );
#558 = ORIENTED_EDGE ( 'NONE', *, *, #2681, .T. ) ;
#559 = DIRECTION ( 'NONE',  ( 0.7071067811865510100, -0.7071067811865440200, 0.0000000000000000000 ) ) ;
#560 = LINE ( 'NONE', #4965, #688 ) ;
#561 = CARTESIAN_POINT ( 'NONE',  ( 0.0000000000000000000, 0.0000000000000000000, -28.99999999999999600 ) ) ;
#562 = ORIENTED_EDGE ( 'NONE', *, *, #8411, .F. ) ;
#563 = EDGE_CURVE ( 'NONE', #10083, #10578, #8495, .T. ) ;
#564 = VECTOR ( 'NONE', #2686, 1000.000000000000000 ) ;
#565 = CARTESIAN_POINT ( 'NONE',  ( 3.483848208458105100, -21.25000000000000700, -21.79825338369560600 ) ) ;
#566 = PRESENTATION_LAYER_ASSIGNMENT (  '', '', ( #7 ) ) ;
#567 = SURFACE_SIDE_STYLE ('',( #1785 ) ) ;
#568 = CARTESIAN_POINT ( 'NONE',  ( 0.0000000000000000000, 2.000000000000000000, 34.00000000000000000 ) ) ;
#569 = ORIENTED_EDGE ( 'NONE', *, *, #7912, .F. ) ;
#570 = FILL_AREA_STYLE ('',( #6500 ) ) ;
#571 = DIRECTION ( 'NONE',  ( 0.0000000000000000000, -1.000000000000000000, 0.0000000000000000000 ) ) ;
#572 = DIRECTION ( 'NONE',  ( -8.202002250481356300E-017, 1.000000000000000000, 0.0000000000000000000 ) ) ;
#573 = COLOUR_RGB ( '',0.2509803921568627400, 0.2509803921568627400, 0.2509803921568627400 ) ;
#574 = CIRCLE ( 'NONE', #2061, 0.5000000000000004400 ) ;
#575 = CARTESIAN_POINT ( 'NONE',  ( 3.500000000000000000, 4.286263797015736600E-016, -26.99999999999999600 ) ) ;
#576 =( NAMED_UNIT ( * ) PLANE_ANGLE_UNIT ( ) SI_UNIT ( $, .RADIAN. ) );
#577 = CARTESIAN_POINT ( 'NONE',  ( -10.49999999999999800, 1.316495309083404400E-015, 12.00000000000000000 ) ) ;
#578 = ADVANCED_FACE ( 'NONE', ( #8765 ), #9281, .F. ) ;
#579 = MECHANICAL_DESIGN_GEOMETRIC_PRESENTATION_REPRESENTATION (  '', ( #5740 ), #2698 ) ;
#580 = AXIS2_PLACEMENT_3D ( 'NONE', #6290, #4612, #7241 ) ;
#581 = PLANE ( 'NONE',  #1570 ) ;
#582 = DIRECTION ( 'NONE',  ( -0.7423134210256131500, 0.0000000000000000000, -0.6700528225186809200 ) ) ;
#583 = CARTESIAN_POINT ( 'NONE',  ( 21.14999999999999900, 21.14999999999999900, 10.00000000000000000 ) ) ;
#584 = VECTOR ( 'NONE', #9622, 1000.000000000000100 ) ;
#585 = AXIS2_PLACEMENT_3D ( 'NONE', #6549, #6583, #9780 ) ;
#586 = DIRECTION ( 'NONE',  ( 0.0000000000000000000, -1.000000000000000000, 0.0000000000000000000 ) ) ;
#587 = FACE_OUTER_BOUND ( 'NONE', #5929, .T. ) ;
#588 = FACE_BOUND ( 'NONE', #4760, .T. ) ;
#589 = UNCERTAINTY_MEASURE_WITH_UNIT (LENGTH_MEASURE( 1.000000000000000100E-005 ), #10778, 'distance_accuracy_value', 'NONE');
#590 = PRESENTATION_LAYER_ASSIGNMENT (  '', '', ( #8118 ) ) ;
#591 = EDGE_CURVE ( 'NONE', #10677, #7653, #4046, .T. ) ;
#592 = DIRECTION ( 'NONE',  ( 0.7071067811865441300, 0.7071067811865510100, 0.0000000000000000000 ) ) ;
#593 = PRESENTATION_STYLE_ASSIGNMENT (( #2636 ) ) ;
#594 = STYLED_ITEM ( 'NONE', ( #2969 ), #8011 ) ;
#595 = EDGE_LOOP ( 'NONE', ( #5325, #631, #4754, #4780 ) ) ;
#596 =( LENGTH_UNIT ( ) NAMED_UNIT ( * ) SI_UNIT ( .MILLI., .METRE. ) );
#597 = PRESENTATION_STYLE_ASSIGNMENT (( #6218 ) ) ;
#598 = DIRECTION ( 'NONE',  ( 1.235860604586721200E-014, -1.000000000000000000, -0.0000000000000000000 ) ) ;
#599 = DIRECTION ( 'NONE',  ( 1.000000000000000000, 0.0000000000000000000, 0.0000000000000000000 ) ) ;
#600 = DIRECTION ( 'NONE',  ( -0.0000000000000000000, -0.0000000000000000000, 1.000000000000000000 ) ) ;
#601 = CARTESIAN_POINT ( 'NONE',  ( 3.483848208458107300, -19.15000000000000600, -3.513670508111640900E-016 ) ) ;
#602 = MECHANICAL_DESIGN_GEOMETRIC_PRESENTATION_REPRESENTATION (  '', ( #6453 ), #1932 ) ;
#603 = EDGE_CURVE ( 'NONE', #6592, #5055, #1135, .T. ) ;
#604 = CIRCLE ( 'NONE', #3578, 0.5000000000000004400 ) ;
#605 = VECTOR ( 'NONE', #395, 1000.000000000000000 ) ;
#606 = PRESENTATION_STYLE_ASSIGNMENT (( #9640 ) ) ;
#607 = DIRECTION ( 'NONE',  ( 0.0000000000000000000, 1.000000000000000000, 0.0000000000000000000 ) ) ;
#608 =( LENGTH_UNIT ( ) NAMED_UNIT ( * ) SI_UNIT ( .MILLI., .METRE. ) );
#609 = COLOUR_RGB ( '',0.2509803921568627400, 0.2509803921568627400, 0.2509803921568627400 ) ;
#610 = AXIS2_PLACEMENT_3D ( 'NONE', #9753, #409, #7958 ) ;
#611 = COLOUR_RGB ( '',0.2509803921568627400, 0.2509803921568627400, 0.2509803921568627400 ) ;
#612 = SURFACE_STYLE_FILL_AREA ( #3263 ) ;
#613 = AXIS2_PLACEMENT_3D ( 'NONE', #775, #6636, #6599 ) ;
#614 = CARTESIAN_POINT ( 'NONE',  ( -16.94289321881344500, -20.65000000000000900, 10.00000000000000000 ) ) ;
#615 =( LENGTH_UNIT ( ) NAMED_UNIT ( * ) SI_UNIT ( .MILLI., .METRE. ) );
#616 = CYLINDRICAL_SURFACE ( 'NONE', #5057, 0.4999999999999982200 ) ;
#617 = CIRCLE ( 'NONE', #2991, 0.5000000000000004400 ) ;
#618 = ADVANCED_FACE ( 'NONE', ( #8108 ), #10433, .T. ) ;
#619 = EDGE_CURVE ( 'NONE', #6438, #4605, #10052, .T. ) ;
#620 = VECTOR ( 'NONE', #9980, 1000.000000000000000 ) ;
#621 = CARTESIAN_POINT ( 'NONE',  ( 0.5999999999999997600, -39.15000000000002000, -30.65000000000000200 ) ) ;
#622 = ORIENTED_EDGE ( 'NONE', *, *, #5486, .F. ) ;
#623 = CARTESIAN_POINT ( 'NONE',  ( 14.19283027458454600, -15.98624964824929200, -28.49999999999999600 ) ) ;
#624 = VECTOR ( 'NONE', #8974, 1000.000000000000000 ) ;
#625 = FILL_AREA_STYLE_COLOUR ( '', #7778 ) ;
#626 = DIRECTION ( 'NONE',  ( -0.0000000000000000000, 0.0000000000000000000, -1.000000000000000000 ) ) ;
#627 = LINE ( 'NONE', #6470, #4992 ) ;
#628 = EDGE_CURVE ( 'NONE', #6405, #6345, #1797, .T. ) ;
#629 = EDGE_LOOP ( 'NONE', ( #9662, #4728, #8303, #381 ) ) ;
#630 = FACE_BOUND ( 'NONE', #1113, .T. ) ;
#631 = ORIENTED_EDGE ( 'NONE', *, *, #1311, .F. ) ;
#632 = AXIS2_PLACEMENT_3D ( 'NONE', #1896, #7701, #1862 ) ;
#633 = CARTESIAN_POINT ( 'NONE',  ( 18.74999999999912600, -15.50000000000000200, -28.99999999999999600 ) ) ;
#634 =( NAMED_UNIT ( * ) PLANE_ANGLE_UNIT ( ) SI_UNIT ( $, .RADIAN. ) );
#635 = DIRECTION ( 'NONE',  ( 1.224646799147353200E-016, 1.000000000000000000, -0.0000000000000000000 ) ) ;
#636 = ORIENTED_EDGE ( 'NONE', *, *, #9799, .T. ) ;
#637 = PLANE ( 'NONE',  #2163 ) ;
#638 = ORIENTED_EDGE ( 'NONE', *, *, #8831, .T. ) ;
#639 = ORIENTED_EDGE ( 'NONE', *, *, #8759, .T. ) ;
#640 = DIRECTION ( 'NONE',  ( 1.000000000000000000, 0.0000000000000000000, 0.0000000000000000000 ) ) ;
#641 = ORIENTED_EDGE ( 'NONE', *, *, #8986, .T. ) ;
#642 = FILL_AREA_STYLE_COLOUR ( '', #1917 ) ;
#643 = ORIENTED_EDGE ( 'NONE', *, *, #10099, .T. ) ;
#644 = DIRECTION ( 'NONE',  ( 2.605923961437087100E-016, -1.000000000000000000, 0.0000000000000000000 ) ) ;
#645 = DIRECTION ( 'NONE',  ( 1.000000000000000000, 0.0000000000000000000, 0.0000000000000000000 ) ) ;
#646 = CARTESIAN_POINT ( 'NONE',  ( 1.339045298307557800, -39.15000000000000600, -23.12683120912890200 ) ) ;
#647 = ORIENTED_EDGE ( 'NONE', *, *, #9836, .T. ) ;
#648 = AXIS2_PLACEMENT_3D ( 'NONE', #10144, #5312, #6909 ) ;
#649 = CIRCLE ( 'NONE', #4689, 1.999999999999994900 ) ;
#650 = ORIENTED_EDGE ( 'NONE', *, *, #7941, .F. ) ;
#651 = VERTEX_POINT ( 'NONE', #4504 ) ;
#652 = VERTEX_POINT ( 'NONE', #7793 ) ;
#653 = MECHANICAL_DESIGN_GEOMETRIC_PRESENTATION_REPRESENTATION (  '', ( #2700 ), #3274 ) ;
#654 = CARTESIAN_POINT ( 'NONE',  ( 21.16000000000000700, -13.31369220013741200, 63.84951795962940900 ) ) ;
#655 = ORIENTED_EDGE ( 'NONE', *, *, #2215, .T. ) ;
#656 = PLANE ( 'NONE',  #6041 ) ;
#657 = DIRECTION ( 'NONE',  ( -0.0000000000000000000, 1.000000000000000000, -0.0000000000000000000 ) ) ;
#658 = VERTEX_POINT ( 'NONE', #3545 ) ;
#659 = PLANE ( 'NONE',  #1068 ) ;
#660 = EDGE_CURVE ( 'NONE', #2316, #2789, #9922, .T. ) ;
#661 = DIRECTION ( 'NONE',  ( 1.000000000000000000, 0.0000000000000000000, 0.0000000000000000000 ) ) ;
#662 = ORIENTED_EDGE ( 'NONE', *, *, #3623, .F. ) ;
#663 = AXIS2_PLACEMENT_3D ( 'NONE', #2470, #4081, #4895 ) ;
#664 = AXIS2_PLACEMENT_3D ( 'NONE', #9287, #48, #4290 ) ;
#665 = AXIS2_PLACEMENT_3D ( 'NONE', #3652, #10365, #7036 ) ;
#666 = CYLINDRICAL_SURFACE ( 'NONE', #2059, 2.400000000000003000 ) ;
#667 = ORIENTED_EDGE ( 'NONE', *, *, #2712, .T. ) ;
#668 = EDGE_CURVE ( 'NONE', #2356, #2612, #5507, .T. ) ;
#669 = CARTESIAN_POINT ( 'NONE',  ( -16.94289321881344200, -20.65000000000000600, -19.00000000000000000 ) ) ;
#670 = DIRECTION ( 'NONE',  ( -0.0000000000000000000, 1.000000000000000000, -0.0000000000000000000 ) ) ;
#671 = DIRECTION ( 'NONE',  ( 1.000000000000000000, 0.0000000000000000000, 0.0000000000000000000 ) ) ;
#672 = ADVANCED_FACE ( 'NONE', ( #349 ), #3685, .T. ) ;
#673 = CARTESIAN_POINT ( 'NONE',  ( 20.00000000000000000, 0.0000000000000000000, -33.49999999999999300 ) ) ;
#674 = STYLED_ITEM ( 'NONE', ( #6884 ), #5235 ) ;
#675 = DIRECTION ( 'NONE',  ( -0.0000000000000000000, -0.0000000000000000000, -1.000000000000000000 ) ) ;
#676 = ORIENTED_EDGE ( 'NONE', *, *, #5993, .T. ) ;
#677 = AXIS2_PLACEMENT_3D ( 'NONE', #6051, #6892, #6826 ) ;
#678 = VECTOR ( 'NONE', #7807, 1000.000000000000000 ) ;
#679 = ORIENTED_EDGE ( 'NONE', *, *, #6103, .T. ) ;
#680 = ORIENTED_EDGE ( 'NONE', *, *, #352, .T. ) ;
#681 = CARTESIAN_POINT ( 'NONE',  ( 15.01375035175125200, 15.03502403148986100, -26.99999999999999600 ) ) ;
#682 = ORIENTED_EDGE ( 'NONE', *, *, #10665, .F. ) ;
#683 =( NAMED_UNIT ( * ) SI_UNIT ( $, .STERADIAN. ) SOLID_ANGLE_UNIT ( ) );
#684 =( LENGTH_UNIT ( ) NAMED_UNIT ( * ) SI_UNIT ( .MILLI., .METRE. ) );
#685 = VERTEX_POINT ( 'NONE', #10505 ) ;
#686 = EDGE_CURVE ( 'NONE', #2112, #6603, #7587, .T. ) ;
#687 = EDGE_CURVE ( 'NONE', #9962, #2501, #10171, .T. ) ;
#688 = VECTOR ( 'NONE', #4260, 1000.000000000000000 ) ;
#689 = ORIENTED_EDGE ( 'NONE', *, *, #9668, .T. ) ;
#690 = FILL_AREA_STYLE ('',( #10526 ) ) ;
#691 = SURFACE_STYLE_FILL_AREA ( #1549 ) ;
#693 = ORIENTED_EDGE ( 'NONE', *, *, #8482, .F. ) ;
#692 = SURFACE_SIDE_STYLE ('',( #8246 ) ) ;
#694 = VECTOR ( 'NONE', #1765, 1000.000000000000000 ) ;
#695 =( NAMED_UNIT ( * ) PLANE_ANGLE_UNIT ( ) SI_UNIT ( $, .RADIAN. ) );
#696 = CARTESIAN_POINT ( 'NONE',  ( -0.6000000000000003100, -18.15000000000000600, -30.15000000000000200 ) ) ;
#697 = DIRECTION ( 'NONE',  ( 0.0000000000000000000, 6.938893903907222100E-015, 1.000000000000000000 ) ) ;
#698 = LINE ( 'NONE', #601, #8451 ) ;
#699 = LINE ( 'NONE', #1588, #8193 ) ;
#700 = VECTOR ( 'NONE', #1263, 1000.000000000000000 ) ;
#701 = FILL_AREA_STYLE_COLOUR ( '', #3208 ) ;
#702 = COLOUR_RGB ( '',0.2509803921568627400, 0.2509803921568627400, 0.2509803921568627400 ) ;
#703 = VECTOR ( 'NONE', #6064, 1000.000000000000000 ) ;
#704 =( NAMED_UNIT ( * ) SI_UNIT ( $, .STERADIAN. ) SOLID_ANGLE_UNIT ( ) );
#705 = DIRECTION ( 'NONE',  ( -1.000000000000000000, -6.938893903907221300E-015, -0.0000000000000000000 ) ) ;
#706 = DIRECTION ( 'NONE',  ( -0.0000000000000000000, 1.000000000000000000, -0.0000000000000000000 ) ) ;
#707 = ORIENTED_EDGE ( 'NONE', *, *, #7186, .T. ) ;
#708 = CARTESIAN_POINT ( 'NONE',  ( 0.0000000000000000000, 0.0000000000000000000, -26.99999999999999600 ) ) ;
#709 = DIRECTION ( 'NONE',  ( -0.0000000000000000000, -0.0000000000000000000, -1.000000000000000000 ) ) ;
#710 = DIRECTION ( 'NONE',  ( 0.7071067811865441300, -0.7071067811865510100, 0.0000000000000000000 ) ) ;
#711 = EDGE_CURVE ( 'NONE', #3538, #8774, #3512, .T. ) ;
#712 = AXIS2_PLACEMENT_3D ( 'NONE', #8792, #8671, #1141 ) ;
#713 = CARTESIAN_POINT ( 'NONE',  ( -20.64999999999999500, 0.0000000000000000000, 10.00000000000000000 ) ) ;
#714 = SURFACE_STYLE_FILL_AREA ( #4883 ) ;
#715 = LINE ( 'NONE', #1312, #1234 ) ;
#716 =( GEOMETRIC_REPRESENTATION_CONTEXT ( 3 ) GLOBAL_UNCERTAINTY_ASSIGNED_CONTEXT ( ( #795 ) ) GLOBAL_UNIT_ASSIGNED_CONTEXT ( ( #9551, #2277, #6507 ) ) REPRESENTATION_CONTEXT ( 'NONE', 'WORKASPACE' ) );
#717 = CIRCLE ( 'NONE', #374, 1.999999999999994900 ) ;
#718 = CYLINDRICAL_SURFACE ( 'NONE', #4958, 2.700000000000001100 ) ;
#719 = DIRECTION ( 'NONE',  ( -1.000000000000000000, 0.0000000000000000000, 0.0000000000000000000 ) ) ;
#720 = UNCERTAINTY_MEASURE_WITH_UNIT (LENGTH_MEASURE( 1.000000000000000100E-005 ), #6541, 'distance_accuracy_value', 'NONE');
#721 = DIRECTION ( 'NONE',  ( -1.000000000000000000, 0.0000000000000000000, 0.0000000000000000000 ) ) ;
#722 = CARTESIAN_POINT ( 'NONE',  ( -15.98624964825069700, -15.03502403148862900, -26.99999999999999600 ) ) ;
#723 = DIRECTION ( 'NONE',  ( -0.0000000000000000000, -0.0000000000000000000, -1.000000000000000000 ) ) ;
#724 = SURFACE_STYLE_USAGE ( .BOTH. , #7560 ) ;
#725 = LINE ( 'NONE', #8708, #9632 ) ;
#726 = CARTESIAN_POINT ( 'NONE',  ( -16.94289321881343100, 21.14999999999999900, -19.00000000000000000 ) ) ;
#727 = DIRECTION ( 'NONE',  ( -0.0000000000000000000, -0.0000000000000000000, 1.000000000000000000 ) ) ;
#728 = COLOUR_RGB ( '',0.5607843137254902000, 0.3098039215686274600, 0.0000000000000000000 ) ;
#729 = ORIENTED_EDGE ( 'NONE', *, *, #8839, .T. ) ;
#730 = PRESENTATION_LAYER_ASSIGNMENT (  '', '', ( #6987 ) ) ;
#731 = ADVANCED_FACE ( 'NONE', ( #9659 ), #10541, .F. ) ;
#732 = CARTESIAN_POINT ( 'NONE',  ( 3.000000000000023500, -19.77371993328518600, -32.49999999999999300 ) ) ;
#733 = DIRECTION ( 'NONE',  ( 1.000000000000000000, 0.0000000000000000000, 0.0000000000000000000 ) ) ;
#734 = DIRECTION ( 'NONE',  ( -0.0000000000000000000, -0.0000000000000000000, -1.000000000000000000 ) ) ;
#735 = STYLED_ITEM ( 'NONE', ( #10168 ), #1996 ) ;
#736 = EDGE_CURVE ( 'NONE', #1030, #2418, #4981, .T. ) ;
#737 = FACE_OUTER_BOUND ( 'NONE', #1968, .T. ) ;
#738 = ORIENTED_EDGE ( 'NONE', *, *, #34, .T. ) ;
#739 = SURFACE_STYLE_USAGE ( .BOTH. , #8375 ) ;
#740 = MECHANICAL_DESIGN_GEOMETRIC_PRESENTATION_REPRESENTATION (  '', ( #10131 ), #1508 ) ;
#741 = EDGE_CURVE ( 'NONE', #9231, #4911, #2988, .T. ) ;
#742 = PRESENTATION_LAYER_ASSIGNMENT (  '', '', ( #8476 ) ) ;
#743 = LINE ( 'NONE', #10422, #4703 ) ;
#744 = DIRECTION ( 'NONE',  ( 1.000000000000000000, 0.0000000000000000000, 0.0000000000000000000 ) ) ;
#745 = DIRECTION ( 'NONE',  ( -0.0000000000000000000, -0.0000000000000000000, 1.000000000000000000 ) ) ;
#746 = FACE_OUTER_BOUND ( 'NONE', #2759, .T. ) ;
#747 = DIRECTION ( 'NONE',  ( 1.000000000000000000, 0.0000000000000000000, 0.0000000000000000000 ) ) ;
#748 = DIRECTION ( 'NONE',  ( -1.000000000000000000, 0.0000000000000000000, 0.0000000000000000000 ) ) ;
#749 = SURFACE_STYLE_FILL_AREA ( #5041 ) ;
#750 = PRESENTATION_STYLE_ASSIGNMENT (( #6475 ) ) ;
#751 = CARTESIAN_POINT ( 'NONE',  ( -16.94289321881344200, 20.64999999999999900, 10.00000000000000000 ) ) ;
#752 = DIRECTION ( 'NONE',  ( 0.7071067811865475700, 0.7071067811865475700, 0.0000000000000000000 ) ) ;
#753 = CARTESIAN_POINT ( 'NONE',  ( 21.15000000000000200, -16.94289321881343800, 2.000000000000000000 ) ) ;
#755 = PRESENTATION_LAYER_ASSIGNMENT (  '', '', ( #4708 ) ) ;
#754 = CIRCLE ( 'NONE', #6853, 2.400000000000001200 ) ;
#756 = EDGE_LOOP ( 'NONE', ( #4668, #10592, #9424, #3938 ) ) ;
#757 = EDGE_CURVE ( 'NONE', #8959, #5661, #2845, .T. ) ;
#758 = DIRECTION ( 'NONE',  ( -1.000000000000000000, -0.0000000000000000000, -1.387778780781444300E-014 ) ) ;
#759 =( NAMED_UNIT ( * ) PLANE_ANGLE_UNIT ( ) SI_UNIT ( $, .RADIAN. ) );
#760 = PRESENTATION_LAYER_ASSIGNMENT (  '', '', ( #5901 ) ) ;
#761 = DIRECTION ( 'NONE',  ( 0.7071067811865440200, -0.7071067811865510100, -0.0000000000000000000 ) ) ;
#762 = ORIENTED_EDGE ( 'NONE', *, *, #9182, .F. ) ;
#763 = DIRECTION ( 'NONE',  ( 0.0000000000000000000, 0.0000000000000000000, -1.000000000000000000 ) ) ;
#764 = CARTESIAN_POINT ( 'NONE',  ( 20.64999999999999900, 16.94289321881343500, -28.99999999999999600 ) ) ;
#765 = DIRECTION ( 'NONE',  ( 0.8571673007021120000, 0.0000000000000000000, 0.5150380749100547100 ) ) ;
#766 = CARTESIAN_POINT ( 'NONE',  ( 20.65000000000000200, -16.94289321881343800, 9.500000000000000000 ) ) ;
#767 = COLOUR_RGB ( '',0.2509803921568627400, 0.2509803921568627400, 0.2509803921568627400 ) ;
#768 = CARTESIAN_POINT ( 'NONE',  ( 16.74998035735527000, 15.03502403148956300, -28.49999999999999600 ) ) ;
#769 = ORIENTED_EDGE ( 'NONE', *, *, #6665, .T. ) ;
#770 = ORIENTED_EDGE ( 'NONE', *, *, #3555, .F. ) ;
#771 = VECTOR ( 'NONE', #600, 1000.000000000000000 ) ;
#772 = ORIENTED_EDGE ( 'NONE', *, *, #6807, .F. ) ;
#773 = ORIENTED_EDGE ( 'NONE', *, *, #4474, .F. ) ;
#774 = ORIENTED_EDGE ( 'NONE', *, *, #6546, .F. ) ;
#775 = CARTESIAN_POINT ( 'NONE',  ( 16.94289321881343100, -20.65000000000000200, -28.99999999999999600 ) ) ;
#776 = ORIENTED_EDGE ( 'NONE', *, *, #10335, .T. ) ;
#777 = EDGE_CURVE ( 'NONE', #4639, #4869, #4306, .T. ) ;
#778 = MECHANICAL_DESIGN_GEOMETRIC_PRESENTATION_REPRESENTATION (  '', ( #2684 ), #4381 ) ;
#779 = ORIENTED_EDGE ( 'NONE', *, *, #5430, .F. ) ;
#780 = EDGE_LOOP ( 'NONE', ( #4607, #6572, #9179 ) ) ;
#781 = ORIENTED_EDGE ( 'NONE', *, *, #5688, .T. ) ;
#782 =( NAMED_UNIT ( * ) PLANE_ANGLE_UNIT ( ) SI_UNIT ( $, .RADIAN. ) );
#783 = ORIENTED_EDGE ( 'NONE', *, *, #810, .T. ) ;
#784 = VERTEX_POINT ( 'NONE', #6259 ) ;
#785 = ORIENTED_EDGE ( 'NONE', *, *, #1213, .F. ) ;
#786 = CARTESIAN_POINT ( 'NONE',  ( 0.0000000000000000000, 0.0000000000000000000, -26.99999999999999600 ) ) ;
#787 = ADVANCED_FACE ( 'NONE', ( #2048 ), #5632, .T. ) ;
#788 = DIRECTION ( 'NONE',  ( 0.0000000000000000000, 0.0000000000000000000, 1.000000000000000000 ) ) ;
#789 = CARTESIAN_POINT ( 'NONE',  ( -15.03502403149003500, 15.01375035175260000, -28.49999999999999600 ) ) ;
#790 = VECTOR ( 'NONE', #10407, 1000.000000000000000 ) ;
#791 = SURFACE_SIDE_STYLE ('',( #6783 ) ) ;
#792 = ORIENTED_EDGE ( 'NONE', *, *, #8153, .T. ) ;
#793 = DIRECTION ( 'NONE',  ( -1.000000000000000000, 0.0000000000000000000, 0.0000000000000000000 ) ) ;
#794 = STYLED_ITEM ( 'NONE', ( #9610 ), #6248 ) ;
#795 = UNCERTAINTY_MEASURE_WITH_UNIT (LENGTH_MEASURE( 1.000000000000000100E-005 ), #9551, 'distance_accuracy_value', 'NONE');
#797 = AXIS2_PLACEMENT_3D ( 'NONE', #1407, #10662, #10583 ) ;
#796 = DIRECTION ( 'NONE',  ( -0.0000000000000000000, 1.000000000000000000, -0.0000000000000000000 ) ) ;
#798 = FACE_OUTER_BOUND ( 'NONE', #4483, .T. ) ;
#799 = EDGE_LOOP ( 'NONE', ( #519, #1318, #650, #9096, #7249 ) ) ;
#800 =( LENGTH_UNIT ( ) NAMED_UNIT ( * ) SI_UNIT ( .MILLI., .METRE. ) );
#801 = CARTESIAN_POINT ( 'NONE',  ( 0.0000000000000000000, 0.0000000000000000000, 2.000000000000000000 ) ) ;
#802 = DIRECTION ( 'NONE',  ( -0.0000000000000000000, -0.0000000000000000000, 1.000000000000000000 ) ) ;
#803 = ORIENTED_EDGE ( 'NONE', *, *, #9250, .T. ) ;
#804 = ORIENTED_EDGE ( 'NONE', *, *, #4175, .F. ) ;
#805 = SURFACE_STYLE_USAGE ( .BOTH. , #7351 ) ;
#806 = DIRECTION ( 'NONE',  ( -0.0000000000000000000, -0.0000000000000000000, -1.000000000000000000 ) ) ;
#807 = CARTESIAN_POINT ( 'NONE',  ( -2.799999999999999800, 0.0000000000000000000, -25.99999999999999600 ) ) ;
#808 = AXIS2_PLACEMENT_3D ( 'NONE', #4667, #2231, #8942 ) ;
#809 = LINE ( 'NONE', #1728, #7391 ) ;
#810 = EDGE_CURVE ( 'NONE', #8650, #8774, #204, .T. ) ;
#811 = ORIENTED_EDGE ( 'NONE', *, *, #9731, .T. ) ;
#812 = ORIENTED_EDGE ( 'NONE', *, *, #1809, .T. ) ;
#813 = AXIS2_PLACEMENT_3D ( 'NONE', #5721, #9038, #7319 ) ;
#814 = ORIENTED_EDGE ( 'NONE', *, *, #5895, .F. ) ;
#815 = DIRECTION ( 'NONE',  ( -1.000000000000000000, -0.0000000000000000000, -0.0000000000000000000 ) ) ;
#816 = AXIS2_PLACEMENT_3D ( 'NONE', #6625, #1537, #8296 ) ;
#817 = CIRCLE ( 'NONE', #4419, 0.5000000000000004400 ) ;
#818 = EDGE_CURVE ( 'NONE', #6196, #4983, #9795, .T. ) ;
#819 = ORIENTED_EDGE ( 'NONE', *, *, #6379, .F. ) ;
#820 = ORIENTED_EDGE ( 'NONE', *, *, #1242, .F. ) ;
#821 = DIRECTION ( 'NONE',  ( 1.000000000000000000, 0.0000000000000000000, 0.0000000000000000000 ) ) ;
#822 = DIRECTION ( 'NONE',  ( 1.000000000000000000, 0.0000000000000000000, 0.0000000000000000000 ) ) ;
#823 = CARTESIAN_POINT ( 'NONE',  ( -20.00000000000000000, 2.449293598294706500E-015, -28.99999999999999600 ) ) ;
#824 = DIRECTION ( 'NONE',  ( 0.0000000000000000000, 0.0000000000000000000, 1.000000000000000000 ) ) ;
#825 = PRESENTATION_STYLE_ASSIGNMENT (( #10040 ) ) ;
#826 = ORIENTED_EDGE ( 'NONE', *, *, #6084, .F. ) ;
#827 = STYLED_ITEM ( 'NONE', ( #5616 ), #4716 ) ;
#828 = DIRECTION ( 'NONE',  ( 0.0000000000000000000, 1.000000000000000000, 0.0000000000000000000 ) ) ;
#829 = PRESENTATION_LAYER_ASSIGNMENT (  '', '', ( #3306 ) ) ;
#830 = VECTOR ( 'NONE', #7447, 1000.000000000000000 ) ;
#831 = DIRECTION ( 'NONE',  ( 1.000000000000000000, 0.0000000000000000000, 0.0000000000000000000 ) ) ;
#832 = SURFACE_STYLE_USAGE ( .BOTH. , #5975 ) ;
#833 = DIRECTION ( 'NONE',  ( 0.0000000000000000000, 0.0000000000000000000, -1.000000000000000000 ) ) ;
#834 = ORIENTED_EDGE ( 'NONE', *, *, #8344, .T. ) ;
#835 = PRESENTATION_STYLE_ASSIGNMENT (( #7748 ) ) ;
#836 = FACE_OUTER_BOUND ( 'NONE', #7818, .T. ) ;
#837 =( NAMED_UNIT ( * ) PLANE_ANGLE_UNIT ( ) SI_UNIT ( $, .RADIAN. ) );
#838 = EDGE_CURVE ( 'NONE', #12, #10626, #876, .T. ) ;
#839 = COLOUR_RGB ( '',0.2509803921568627400, 0.2509803921568627400, 0.2509803921568627400 ) ;
#840 = FACE_OUTER_BOUND ( 'NONE', #5527, .T. ) ;
#841 = PLANE ( 'NONE',  #3408 ) ;
#842 = SURFACE_STYLE_USAGE ( .BOTH. , #9208 ) ;
#843 =( NAMED_UNIT ( * ) PLANE_ANGLE_UNIT ( ) SI_UNIT ( $, .RADIAN. ) );
#844 = ORIENTED_EDGE ( 'NONE', *, *, #9520, .T. ) ;
#845 = ADVANCED_FACE ( 'NONE', ( #7056 ), #8618, .T. ) ;
#846 = FACE_OUTER_BOUND ( 'NONE', #3320, .T. ) ;
#847 = VECTOR ( 'NONE', #2204, 1000.000000000000000 ) ;
#848 = CARTESIAN_POINT ( 'NONE',  ( -2.999999999999976900, -18.15000000000000600, -32.50000000000000700 ) ) ;
#849 = LINE ( 'NONE', #4606, #2296 ) ;
#850 = PRESENTATION_STYLE_ASSIGNMENT (( #9911 ) ) ;
#851 = COLOUR_RGB ( '',0.2509803921568627400, 0.2509803921568627400, 0.2509803921568627400 ) ;
#852 = CARTESIAN_POINT ( 'NONE',  ( 0.0000000000000000000, 0.0000000000000000000, 9.000000000000001800 ) ) ;
#853 = FACE_OUTER_BOUND ( 'NONE', #2807, .T. ) ;
#854 = DIRECTION ( 'NONE',  ( 1.000000000000000000, 0.0000000000000000000, 0.0000000000000000000 ) ) ;
#855 = DIRECTION ( 'NONE',  ( -1.000000000000000000, -8.202002250481357500E-017, 0.0000000000000000000 ) ) ;
#856 = VECTOR ( 'NONE', #8897, 1000.000000000000000 ) ;
#857 = DIRECTION ( 'NONE',  ( -0.0000000000000000000, -1.000000000000000000, -0.0000000000000000000 ) ) ;
#858 = CIRCLE ( 'NONE', #7904, 0.5000000000000004400 ) ;
#859 = SURFACE_SIDE_STYLE ('',( #612 ) ) ;
#860 = CARTESIAN_POINT ( 'NONE',  ( 0.0000000000000000000, 0.0000000000000000000, -26.99999999999999600 ) ) ;
#861 = UNCERTAINTY_MEASURE_WITH_UNIT (LENGTH_MEASURE( 1.000000000000000100E-005 ), #9536, 'distance_accuracy_value', 'NONE');
#862 = AXIS2_PLACEMENT_3D ( 'NONE', #3775, #10291, #4627 ) ;
#863 = CARTESIAN_POINT ( 'NONE',  ( 3.306851934509033700, -19.15000000000000600, -21.64999999999999900 ) ) ;
#864 = STYLED_ITEM ( 'NONE', ( #8083 ), #985 ) ;
#865 = PRESENTATION_STYLE_ASSIGNMENT (( #9019 ) ) ;
#866 = CARTESIAN_POINT ( 'NONE',  ( 2.999999999999979600, -18.15000000000000600, -28.99999999999999600 ) ) ;
#867 = COLOUR_RGB ( '',0.2509803921568627400, 0.2509803921568627400, 0.2509803921568627400 ) ;
#868 = VERTEX_POINT ( 'NONE', #6445 ) ;
#869 = LINE ( 'NONE', #394, #3630 ) ;
#870 = CARTESIAN_POINT ( 'NONE',  ( 2.799999999999999800, 0.0000000000000000000, 9.000000000000001800 ) ) ;
#871 = CARTESIAN_POINT ( 'NONE',  ( -15.01375035175306900, -14.19283027458502200, -28.49999999999999600 ) ) ;
#872 =( LENGTH_UNIT ( ) NAMED_UNIT ( * ) SI_UNIT ( .MILLI., .METRE. ) );
#873 = AXIS2_PLACEMENT_3D ( 'NONE', #2960, #2073, #5516 ) ;
#874 = VECTOR ( 'NONE', #4189, 1000.000000000000000 ) ;
#875 = PRODUCT_RELATED_PRODUCT_CATEGORY ( 'part', '', ( #7236 ) ) ;
#876 = CIRCLE ( 'NONE', #5933, 0.5000000000000004400 ) ;
#877 = VECTOR ( 'NONE', #7264, 1000.000000000000000 ) ;
#878 = LINE ( 'NONE', #10461, #10282 ) ;
#879 = VECTOR ( 'NONE', #6643, 1000.000000000000100 ) ;
#880 = EDGE_CURVE ( 'NONE', #10578, #5037, #6261, .T. ) ;
#881 = EDGE_CURVE ( 'NONE', #9848, #9332, #4035, .T. ) ;
#882 = CIRCLE ( 'NONE', #153, 0.5000000000000004400 ) ;
#883 = CARTESIAN_POINT ( 'NONE',  ( 2.500000000000000000, 3.061616997868383100E-016, 33.49999999999999300 ) ) ;
#884 = PRESENTATION_STYLE_ASSIGNMENT (( #5263 ) ) ;
#885 = CIRCLE ( 'NONE', #451, 0.5000000000000004400 ) ;
#886 = AXIS2_PLACEMENT_3D ( 'NONE', #5242, #7671, #4355 ) ;
#887 = ORIENTED_EDGE ( 'NONE', *, *, #2920, .T. ) ;
#888 = FACE_OUTER_BOUND ( 'NONE', #6153, .T. ) ;
#889 = AXIS2_PLACEMENT_3D ( 'NONE', #159, #4441, #5332 ) ;
#890 = CARTESIAN_POINT ( 'NONE',  ( 14.25000000000000500, -15.50000000000000000, 5.500000000000000000 ) ) ;
#891 = DIRECTION ( 'NONE',  ( -1.000000000000000000, 0.0000000000000000000, 0.0000000000000000000 ) ) ;
#892 = CARTESIAN_POINT ( 'NONE',  ( -13.32957238623955800, 21.14999999999999900, -19.00000000000000400 ) ) ;
#893 = CARTESIAN_POINT ( 'NONE',  ( 13.59999999999912600, -15.50000000000000200, -27.99999999999999600 ) ) ;
#894 = ADVANCED_FACE ( 'NONE', ( #2192 ), #483, .T. ) ;
#895 = CARTESIAN_POINT ( 'NONE',  ( 16.74998035735527000, 15.96497596851043000, -26.99999999999999600 ) ) ;
#896 = DIRECTION ( 'NONE',  ( 1.000000000000000000, 0.0000000000000000000, 0.0000000000000000000 ) ) ;
#897 = EDGE_CURVE ( 'NONE', #3284, #7217, #1918, .T. ) ;
#898 = ORIENTED_EDGE ( 'NONE', *, *, #10622, .F. ) ;
#899 = EDGE_CURVE ( 'NONE', #9966, #254, #3123, .T. ) ;
#900 = ORIENTED_EDGE ( 'NONE', *, *, #5688, .F. ) ;
#901 = DIRECTION ( 'NONE',  ( -0.0000000000000000000, -0.0000000000000000000, -1.000000000000000000 ) ) ;
#902 = VERTEX_POINT ( 'NONE', #10683 ) ;
#903 = FILL_AREA_STYLE ('',( #2592 ) ) ;
#904 = CARTESIAN_POINT ( 'NONE',  ( 0.0000000000000000000, 0.0000000000000000000, -26.99999999999999600 ) ) ;
#905 = ORIENTED_EDGE ( 'NONE', *, *, #9314, .T. ) ;
#906 = SURFACE_STYLE_USAGE ( .BOTH. , #10121 ) ;
#907 = DIRECTION ( 'NONE',  ( -0.0000000000000000000, 1.000000000000000000, -0.0000000000000000000 ) ) ;
#908 = ORIENTED_EDGE ( 'NONE', *, *, #3292, .T. ) ;
#909 = DIRECTION ( 'NONE',  ( 0.0000000000000000000, 0.0000000000000000000, -1.000000000000000000 ) ) ;
#910 = EDGE_LOOP ( 'NONE', ( #5893, #2511, #5027, #432 ) ) ;
#911 = VERTEX_POINT ( 'NONE', #3216 ) ;
#912 = EDGE_LOOP ( 'NONE', ( #8356, #1974, #3018, #8183 ) ) ;
#913 = VECTOR ( 'NONE', #5291, 1000.000000000000000 ) ;
#914 = ORIENTED_EDGE ( 'NONE', *, *, #10132, .F. ) ;
#915 = ORIENTED_EDGE ( 'NONE', *, *, #9458, .F. ) ;
#916 = ORIENTED_EDGE ( 'NONE', *, *, #10241, .T. ) ;
#917 = ORIENTED_EDGE ( 'NONE', *, *, #3747, .F. ) ;
#918 = DIRECTION ( 'NONE',  ( 0.0000000000000000000, 0.0000000000000000000, 1.000000000000000000 ) ) ;
#919 = DIRECTION ( 'NONE',  ( 0.0000000000000000000, -1.000000000000000000, 0.0000000000000000000 ) ) ;
#920 = EDGE_CURVE ( 'NONE', #1594, #9563, #6403, .T. ) ;
#921 = ORIENTED_EDGE ( 'NONE', *, *, #7774, .F. ) ;
#922 = AXIS2_PLACEMENT_3D ( 'NONE', #8172, #10673, #7228 ) ;
#923 = FILL_AREA_STYLE_COLOUR ( '', #4528 ) ;
#924 = ORIENTED_EDGE ( 'NONE', *, *, #7120, .T. ) ;
#925 =( LENGTH_UNIT ( ) NAMED_UNIT ( * ) SI_UNIT ( .MILLI., .METRE. ) );
#926 = UNCERTAINTY_MEASURE_WITH_UNIT (LENGTH_MEASURE( 1.000000000000000100E-005 ), #2161, 'distance_accuracy_value', 'NONE');
#927 = ORIENTED_EDGE ( 'NONE', *, *, #777, .F. ) ;
#928 = PLANE ( 'NONE',  #2005 ) ;
#929 = ORIENTED_EDGE ( 'NONE', *, *, #3791, .F. ) ;
#930 =( NAMED_UNIT ( * ) SI_UNIT ( $, .STERADIAN. ) SOLID_ANGLE_UNIT ( ) );
#931 = AXIS2_PLACEMENT_3D ( 'NONE', #3564, #7741, #8579 ) ;
#932 = AXIS2_PLACEMENT_3D ( 'NONE', #4270, #6824, #158 ) ;
#934 = AXIS2_PLACEMENT_3D ( 'NONE', #7443, #4102, #5000 ) ;
#933 = SURFACE_SIDE_STYLE ('',( #2331 ) ) ;
#935 = CARTESIAN_POINT ( 'NONE',  ( -16.74999999999999300, -15.50000000000000400, 5.500000000000000000 ) ) ;
#936 = CARTESIAN_POINT ( 'NONE',  ( 15.98624964824874800, 16.80716972541398100, -26.99999999999999600 ) ) ;
#937 = ORIENTED_EDGE ( 'NONE', *, *, #67, .T. ) ;
#938 = SURFACE_SIDE_STYLE ('',( #4409 ) ) ;
#939 = PRESENTATION_LAYER_ASSIGNMENT (  '', '', ( #10320 ) ) ;
#940 = ORIENTED_EDGE ( 'NONE', *, *, #6390, .T. ) ;
#941 = EDGE_CURVE ( 'NONE', #8376, #4869, #6125, .T. ) ;
#942 = VERTEX_POINT ( 'NONE', #2283 ) ;
#943 = ORIENTED_EDGE ( 'NONE', *, *, #736, .T. ) ;
#944 = ADVANCED_FACE ( 'NONE', ( #9909 ), #3774, .T. ) ;
#945 = ORIENTED_EDGE ( 'NONE', *, *, #5637, .F. ) ;
#946 =( NAMED_UNIT ( * ) SI_UNIT ( $, .STERADIAN. ) SOLID_ANGLE_UNIT ( ) );
#947 = PRESENTATION_LAYER_ASSIGNMENT (  '', '', ( #10131 ) ) ;
#948 = EDGE_CURVE ( 'NONE', #5520, #10072, #6116, .T. ) ;
#949 = ORIENTED_EDGE ( 'NONE', *, *, #3508, .F. ) ;
#950 = AXIS2_PLACEMENT_3D ( 'NONE', #2806, #10249, #9457 ) ;
#951 = CARTESIAN_POINT ( 'NONE',  ( -3.599999999999998300, -19.15000000000000600, -20.99999999999999600 ) ) ;
#952 = LINE ( 'NONE', #7960, #2143 ) ;
#953 = LINE ( 'NONE', #512, #6685 ) ;
#954 = MECHANICAL_DESIGN_GEOMETRIC_PRESENTATION_REPRESENTATION (  '', ( #10770 ), #1008 ) ;
#955 = ADVANCED_FACE ( 'NONE', ( #1648 ), #581, .F. ) ;
#956 = EDGE_CURVE ( 'NONE', #10355, #7991, #9782, .T. ) ;
#957 = DIRECTION ( 'NONE',  ( -0.0000000000000000000, -0.0000000000000000000, -1.000000000000000000 ) ) ;
#958 = FACE_OUTER_BOUND ( 'NONE', #239, .T. ) ;
#959 = DIRECTION ( 'NONE',  ( 1.000000000000000000, 1.235860604586731400E-014, 0.0000000000000000000 ) ) ;
#960 =( NAMED_UNIT ( * ) PLANE_ANGLE_UNIT ( ) SI_UNIT ( $, .RADIAN. ) );
#961 = AXIS2_PLACEMENT_3D ( 'NONE', #1356, #5574, #10429 ) ;
#962 = CARTESIAN_POINT ( 'NONE',  ( -20.64999999999999500, 16.94289321881343100, -19.00000000000000000 ) ) ;
#963 = VECTOR ( 'NONE', #670, 1000.000000000000000 ) ;
#964 = PRESENTATION_LAYER_ASSIGNMENT (  '', '', ( #1880 ) ) ;
#965 = CARTESIAN_POINT ( 'NONE',  ( 2.583848208458104300, -19.15000000000000600, -25.10661729131781100 ) ) ;
#966 =( LENGTH_UNIT ( ) NAMED_UNIT ( * ) SI_UNIT ( .MILLI., .METRE. ) );
#967 = CYLINDRICAL_SURFACE ( 'NONE', #1230, 2.799999999999999800 ) ;
#968 = EDGE_CURVE ( 'NONE', #2499, #2112, #2181, .T. ) ;
#969 = FACE_OUTER_BOUND ( 'NONE', #7125, .T. ) ;
#970 =( LENGTH_UNIT ( ) NAMED_UNIT ( * ) SI_UNIT ( .MILLI., .METRE. ) );
#972 = CONICAL_SURFACE ( 'NONE', #9241, 1.999999999999994900, 0.7853981633974460600 ) ;
#971 = CARTESIAN_POINT ( 'NONE',  ( 0.0000000000000000000, 0.0000000000000000000, -28.99999999999999600 ) ) ;
#973 = TOROIDAL_SURFACE ( 'NONE', #242, 1.899999999999999000, 0.5000000000000000000 ) ;
#974 = EDGE_CURVE ( 'NONE', #8136, #4882, #1526, .T. ) ;
#975 = VECTOR ( 'NONE', #4568, 1000.000000000000000 ) ;
#976 = PRESENTATION_LAYER_ASSIGNMENT (  '', '', ( #6273 ) ) ;
#977 = COLOUR_RGB ( '',0.2509803921568627400, 0.2509803921568627400, 0.2509803921568627400 ) ;
#978 = SURFACE_SIDE_STYLE ('',( #9977 ) ) ;
#979 = ORIENTED_EDGE ( 'NONE', *, *, #9081, .F. ) ;
#980 = VECTOR ( 'NONE', #5246, 1000.000000000000000 ) ;
#981 = DIRECTION ( 'NONE',  ( -0.0000000000000000000, -1.000000000000000000, -0.0000000000000000000 ) ) ;
#982 = DIRECTION ( 'NONE',  ( 0.0000000000000000000, 0.0000000000000000000, 1.000000000000000000 ) ) ;
#983 = CIRCLE ( 'NONE', #2144, 0.5000000000000004400 ) ;
#984 = DIRECTION ( 'NONE',  ( 0.0000000000000000000, -0.0000000000000000000, 1.000000000000000000 ) ) ;
#985 = ADVANCED_FACE ( 'NONE', ( #7952 ), #2978, .T. ) ;
#986 = ORIENTED_EDGE ( 'NONE', *, *, #2516, .F. ) ;
#987 = DIRECTION ( 'NONE',  ( 0.0000000000000000000, 0.0000000000000000000, 1.000000000000000000 ) ) ;
#988 = SURFACE_STYLE_FILL_AREA ( #9461 ) ;
#989 = STYLED_ITEM ( 'NONE', ( #5755 ), #1000 ) ;
#990 = DIRECTION ( 'NONE',  ( -0.0000000000000000000, -0.0000000000000000000, 1.000000000000000000 ) ) ;
#991 = CARTESIAN_POINT ( 'NONE',  ( 17.29644660940669000, -21.00355339059327900, 2.000000000000000000 ) ) ;
#992 = COLOUR_RGB ( '',1.000000000000000000, 0.9058823529411764700, 0.1843137254901960900 ) ;
#993 = CYLINDRICAL_SURFACE ( 'NONE', #1851, 0.5000000000000004400 ) ;
#994 = VECTOR ( 'NONE', #9142, 1000.000000000000000 ) ;
#995 = DIRECTION ( 'NONE',  ( -0.0000000000000000000, -1.000000000000000000, -0.0000000000000000000 ) ) ;
#996 = CARTESIAN_POINT ( 'NONE',  ( -1.800000000000000700, -39.15000000000002000, -31.35000000000000100 ) ) ;
#997 = SURFACE_STYLE_FILL_AREA ( #6953 ) ;
#998 = ORIENTED_EDGE ( 'NONE', *, *, #7364, .F. ) ;
#999 = VECTOR ( 'NONE', #3993, 1000.000000000000000 ) ;
#1000 = ADVANCED_FACE ( 'NONE', ( #7452 ), #5355, .T. ) ;
#1001 = CARTESIAN_POINT ( 'NONE',  ( -1.854663769187156100E-014, -19.15000000000000600, -21.64999999999999500 ) ) ;
#1002 = STYLED_ITEM ( 'NONE', ( #8367 ), #3948 ) ;
#1003 = DIRECTION ( 'NONE',  ( 0.0000000000000000000, 0.0000000000000000000, 1.000000000000000000 ) ) ;
#1004 = EDGE_CURVE ( 'NONE', #4109, #5403, #8876, .T. ) ;
#1005 = STYLED_ITEM ( 'NONE', ( #5499 ), #7795 ) ;
#1006 = FACE_OUTER_BOUND ( 'NONE', #4263, .T. ) ;
#1007 = DIRECTION ( 'NONE',  ( 1.000000000000000000, 0.0000000000000000000, 0.0000000000000000000 ) ) ;
#1008 =( GEOMETRIC_REPRESENTATION_CONTEXT ( 3 ) GLOBAL_UNCERTAINTY_ASSIGNED_CONTEXT ( ( #8873 ) ) GLOBAL_UNIT_ASSIGNED_CONTEXT ( ( #345, #391, #9544 ) ) REPRESENTATION_CONTEXT ( 'NONE', 'WORKASPACE' ) );
#1009 = ORIENTED_EDGE ( 'NONE', *, *, #4591, .F. ) ;
#1010 = VECTOR ( 'NONE', #7266, 1000.000000000000000 ) ;
#1011 = DIRECTION ( 'NONE',  ( 1.000000000000000000, 0.0000000000000000000, 0.0000000000000000000 ) ) ;
#1012 = EDGE_CURVE ( 'NONE', #9563, #3641, #10035, .T. ) ;
#1013 = CARTESIAN_POINT ( 'NONE',  ( 13.59999999999912600, -15.50000000000000200, -28.49999999999999600 ) ) ;
#1014 = ADVANCED_FACE ( 'NONE', ( #5099 ), #8298, .F. ) ;
#1015 = AXIS2_PLACEMENT_3D ( 'NONE', #9423, #2738, #8594 ) ;
#1016 = VECTOR ( 'NONE', #4376, 1000.000000000000000 ) ;
#1017 = VERTEX_POINT ( 'NONE', #3350 ) ;
#1018 = AXIS2_PLACEMENT_3D ( 'NONE', #5766, #4108, #5044 ) ;
#1019 = ORIENTED_EDGE ( 'NONE', *, *, #7184, .T. ) ;
#1020 = DIRECTION ( 'NONE',  ( -1.000000000000000000, 0.0000000000000000000, 0.0000000000000000000 ) ) ;
#1021 = CARTESIAN_POINT ( 'NONE',  ( -21.14999999999999500, -16.94289321881344900, 9.500000000000000000 ) ) ;
#1022 = VECTOR ( 'NONE', #5900, 1000.000000000000000 ) ;
#1023 = ORIENTED_EDGE ( 'NONE', *, *, #5260, .T. ) ;
#1024 = CARTESIAN_POINT ( 'NONE',  ( 0.0000000000000000000, 0.0000000000000000000, -19.00000000000000000 ) ) ;
#1025 = ORIENTED_EDGE ( 'NONE', *, *, #10193, .T. ) ;
#1026 = CARTESIAN_POINT ( 'NONE',  ( 0.5999999999999992000, -39.15000000000002000, -31.35000000000000100 ) ) ;
#1027 = ORIENTED_EDGE ( 'NONE', *, *, #8164, .T. ) ;
#1028 = EDGE_LOOP ( 'NONE', ( #1156, #9066, #9598, #770 ) ) ;
#1029 = EDGE_CURVE ( 'NONE', #3291, #6837, #1778, .T. ) ;
#1030 = VERTEX_POINT ( 'NONE', #732 ) ;
#1031 = CARTESIAN_POINT ( 'NONE',  ( -1.500000000000000200, 2.000000000000000000, 33.49999999999999300 ) ) ;
#1032 = ORIENTED_EDGE ( 'NONE', *, *, #1395, .T. ) ;
#1033 = ORIENTED_EDGE ( 'NONE', *, *, #4025, .F. ) ;
#1034 = VERTEX_POINT ( 'NONE', #5029 ) ;
#1035 = EDGE_LOOP ( 'NONE', ( #2129, #2180, #2750 ) ) ;
#1036 = DIRECTION ( 'NONE',  ( -0.0000000000000000000, -0.0000000000000000000, -1.000000000000000000 ) ) ;
#1037 = DIRECTION ( 'NONE',  ( -0.0000000000000000000, -0.0000000000000000000, 1.000000000000000000 ) ) ;
#1038 = VECTOR ( 'NONE', #1372, 1000.000000000000000 ) ;
#1039 = FILL_AREA_STYLE_COLOUR ( '', #8929 ) ;
#1040 = CARTESIAN_POINT ( 'NONE',  ( 13.31369220013741900, -21.15999999999999700, -20.99999999999999600 ) ) ;
#1041 = DIRECTION ( 'NONE',  ( -1.000000000000000000, 0.0000000000000000000, 0.0000000000000000000 ) ) ;
#1042 = EDGE_LOOP ( 'NONE', ( #9219, #7865, #2140, #3293 ) ) ;
#1043 = UNCERTAINTY_MEASURE_WITH_UNIT (LENGTH_MEASURE( 1.000000000000000100E-005 ), #5183, 'distance_accuracy_value', 'NONE');
#1044 = FILL_AREA_STYLE_COLOUR ( '', #9801 ) ;
#1045 = ORIENTED_EDGE ( 'NONE', *, *, #1809, .F. ) ;
#1046 = ORIENTED_EDGE ( 'NONE', *, *, #399, .F. ) ;
#1047 = CARTESIAN_POINT ( 'NONE',  ( 0.0000000000000000000, 0.0000000000000000000, 10.00000000000000000 ) ) ;
#1048 = DIRECTION ( 'NONE',  ( 0.0000000000000000000, 0.0000000000000000000, -1.000000000000000000 ) ) ;
#1049 = ORIENTED_EDGE ( 'NONE', *, *, #3150, .F. ) ;
#1050 = ORIENTED_EDGE ( 'NONE', *, *, #2238, .F. ) ;
#1051 = PRESENTATION_LAYER_ASSIGNMENT (  '', '', ( #10599 ) ) ;
#1052 = ADVANCED_FACE ( 'NONE', ( #5222 ), #8216, .T. ) ;
#1053 = UNCERTAINTY_MEASURE_WITH_UNIT (LENGTH_MEASURE( 1.000000000000000100E-005 ), #7983, 'distance_accuracy_value', 'NONE');
#1054 = AXIS2_PLACEMENT_3D ( 'NONE', #9781, #3894, #4827 ) ;
#1055 = CIRCLE ( 'NONE', #3383, 0.5000000000000004400 ) ;
#1056 = EDGE_LOOP ( 'NONE', ( #7980, #9724, #2630, #6827 ) ) ;
#1057 = CARTESIAN_POINT ( 'NONE',  ( 15.01375035175125200, 16.80716972541398100, -26.99999999999999600 ) ) ;
#1058 = PLANE ( 'NONE',  #319 ) ;
#1059 = CARTESIAN_POINT ( 'NONE',  ( 0.0000000000000000000, 0.0000000000000000000, 9.500000000000000000 ) ) ;
#1060 = VERTEX_POINT ( 'NONE', #2478 ) ;
#1061 = VERTEX_POINT ( 'NONE', #8781 ) ;
#1062 = CARTESIAN_POINT ( 'NONE',  ( 15.01375035175125200, 14.19283027458602200, -26.99999999999999600 ) ) ;
#1063 = COLOUR_RGB ( '',0.0000000000000000000, 0.5019607843137254800, 0.2509803921568627400 ) ;
#1064 = ORIENTED_EDGE ( 'NONE', *, *, #6546, .T. ) ;
#1065 = PLANE ( 'NONE',  #2645 ) ;
#1066 = CIRCLE ( 'NONE', #4361, 3.250000000000001300 ) ;
#1067 = ORIENTED_EDGE ( 'NONE', *, *, #6798, .F. ) ;
#1068 = AXIS2_PLACEMENT_3D ( 'NONE', #10001, #8221, #4095 ) ;
#1069 = ADVANCED_FACE ( 'NONE', ( #10807 ), #6381, .T. ) ;
#1070 = CARTESIAN_POINT ( 'NONE',  ( 21.00355339059328200, -17.29644660940669000, -19.00000000000000000 ) ) ;
#1071 = ORIENTED_EDGE ( 'NONE', *, *, #3106, .F. ) ;
#1072 = DIRECTION ( 'NONE',  ( 0.0000000000000000000, 0.0000000000000000000, 1.000000000000000000 ) ) ;
#1073 = PLANE ( 'NONE',  #873 ) ;
#1074 = CARTESIAN_POINT ( 'NONE',  ( -2.999999999999976900, -18.15000000000000600, -28.99999999999999600 ) ) ;
#1075 = DIRECTION ( 'NONE',  ( -0.0000000000000000000, -0.0000000000000000000, -1.000000000000000000 ) ) ;
#1076 = STYLED_ITEM ( 'NONE', ( #1400 ), #2131 ) ;
#1077 = SURFACE_STYLE_FILL_AREA ( #1807 ) ;
#1078 = EDGE_CURVE ( 'NONE', #6327, #3924, #5990, .T. ) ;
#1079 = SURFACE_STYLE_FILL_AREA ( #5437 ) ;
#1080 = SURFACE_STYLE_USAGE ( .BOTH. , #4516 ) ;
#1081 = FILL_AREA_STYLE ('',( #1044 ) ) ;
#1082 = VECTOR ( 'NONE', #959, 1000.000000000000000 ) ;
#1083 = MECHANICAL_DESIGN_GEOMETRIC_PRESENTATION_REPRESENTATION (  '', ( #7699 ), #6741 ) ;
#1084 = EDGE_CURVE ( 'NONE', #7596, #7599, #7044, .T. ) ;
#1085 = VECTOR ( 'NONE', #1425, 1000.000000000000000 ) ;
#1086 = AXIS2_PLACEMENT_3D ( 'NONE', #8722, #2159, #3005 ) ;
#1087 = DIRECTION ( 'NONE',  ( 0.0000000000000000000, 1.000000000000000000, -0.0000000000000000000 ) ) ;
#1088 = CARTESIAN_POINT ( 'NONE',  ( -20.64999999999999500, -16.94289321881344900, 9.500000000000000000 ) ) ;
#1089 = EDGE_LOOP ( 'NONE', ( #8036, #6828 ) ) ;
#1090 = AXIS2_PLACEMENT_3D ( 'NONE', #10105, #982, #6840 ) ;
#1091 = ADVANCED_BREP_SHAPE_REPRESENTATION ( '17HS15-1504-ME1K', ( #6330, #6308 ), #1788 ) ;
#1092 = EDGE_CURVE ( 'NONE', #9460, #10626, #4415, .T. ) ;
#1093 = SURFACE_STYLE_FILL_AREA ( #3418 ) ;
#1094 = CARTESIAN_POINT ( 'NONE',  ( -15.03502403149003500, 15.01375035175260000, -26.99999999999999600 ) ) ;
#1095 = DIRECTION ( 'NONE',  ( 0.0000000000000000000, 0.0000000000000000000, -1.000000000000000000 ) ) ;
#1096 = DIRECTION ( 'NONE',  ( -1.000000000000000000, 0.0000000000000000000, 0.0000000000000000000 ) ) ;
#1097 = CIRCLE ( 'NONE', #5563, 1.249999999999999300 ) ;
#1098 = VECTOR ( 'NONE', #2475, 1000.000000000000000 ) ;
#1099 = MECHANICAL_DESIGN_GEOMETRIC_PRESENTATION_REPRESENTATION (  '', ( #8432 ), #8997 ) ;
#1100 = LINE ( 'NONE', #2887, #5741 ) ;
#1101 = FACE_OUTER_BOUND ( 'NONE', #6688, .T. ) ;
#1102 = CARTESIAN_POINT ( 'NONE',  ( -21.00355339059326800, 17.29644660940672200, 2.000000000000000000 ) ) ;
#1103 = LINE ( 'NONE', #8919, #10669 ) ;
#1104 = VERTEX_POINT ( 'NONE', #7957 ) ;
#1105 = PRESENTATION_STYLE_ASSIGNMENT (( #289 ) ) ;
#1106 = SURFACE_SIDE_STYLE ('',( #3378 ) ) ;
#1107 = CARTESIAN_POINT ( 'NONE',  ( -16.94289321881344200, 20.64999999999999900, 9.500000000000000000 ) ) ;
#1108 = DIRECTION ( 'NONE',  ( 0.0000000000000000000, 0.0000000000000000000, -1.000000000000000000 ) ) ;
#1109 = ADVANCED_FACE ( 'NONE', ( #325 ), #7920, .F. ) ;
#1110 = DIRECTION ( 'NONE',  ( -0.0000000000000000000, -0.0000000000000000000, -1.000000000000000000 ) ) ;
#1111 = DIRECTION ( 'NONE',  ( -1.000000000000000000, 0.0000000000000000000, 0.0000000000000000000 ) ) ;
#1112 = LINE ( 'NONE', #8903, #4420 ) ;
#1113 = EDGE_LOOP ( 'NONE', ( #6158, #2999 ) ) ;
#1114 = CARTESIAN_POINT ( 'NONE',  ( 1.339045298307557800, -39.15000000000000600, -24.45661729131780900 ) ) ;
#1116 = CARTESIAN_POINT ( 'NONE',  ( -15.01375035175306900, -15.96497596850950100, -28.49999999999999600 ) ) ;
#1115 = COLOUR_RGB ( '',1.000000000000000000, 0.0000000000000000000, 0.0000000000000000000 ) ;
#1117 = CIRCLE ( 'NONE', #454, 25.00000000000000000 ) ;
#1118 = EDGE_CURVE ( 'NONE', #3964, #8548, #1899, .T. ) ;
#1119 = CARTESIAN_POINT ( 'NONE',  ( -1.800000000000000300, -39.15000000000002000, -30.65000000000000200 ) ) ;
#1120 = MECHANICAL_DESIGN_GEOMETRIC_PRESENTATION_REPRESENTATION (  '', ( #359 ), #8585 ) ;
#1121 = CIRCLE ( 'NONE', #6247, 2.200000000000000600 ) ;
#1122 = DIRECTION ( 'NONE',  ( -0.0000000000000000000, -0.0000000000000000000, -1.000000000000000000 ) ) ;
#1123 = DIRECTION ( 'NONE',  ( 0.0000000000000000000, 0.0000000000000000000, -1.000000000000000000 ) ) ;
#1124 = PRESENTATION_STYLE_ASSIGNMENT (( #9204 ) ) ;
#1125 = LINE ( 'NONE', #6683, #4835 ) ;
#1126 = COLOUR_RGB ( '',1.000000000000000000, 0.9058823529411764700, 0.1843137254901960900 ) ;
#1127 = ADVANCED_FACE ( 'NONE', ( #9634 ), #6241, .T. ) ;
#1128 = FACE_BOUND ( 'NONE', #6094, .T. ) ;
#1129 = PLANE ( 'NONE',  #2937 ) ;
#1130 = DIRECTION ( 'NONE',  ( 1.000000000000000000, 0.0000000000000000000, 0.0000000000000000000 ) ) ;
#1131 = CARTESIAN_POINT ( 'NONE',  ( 0.0000000000000000000, 0.0000000000000000000, -26.99999999999999600 ) ) ;
#1132 =( GEOMETRIC_REPRESENTATION_CONTEXT ( 3 ) GLOBAL_UNCERTAINTY_ASSIGNED_CONTEXT ( ( #6246 ) ) GLOBAL_UNIT_ASSIGNED_CONTEXT ( ( #4288, #5148, #5965 ) ) REPRESENTATION_CONTEXT ( 'NONE', 'WORKASPACE' ) );
#1133 =( LENGTH_UNIT ( ) NAMED_UNIT ( * ) SI_UNIT ( .MILLI., .METRE. ) );
#1134 = AXIS2_PLACEMENT_3D ( 'NONE', #4554, #6963, #4472 ) ;
#1135 = CIRCLE ( 'NONE', #10101, 1.999999999999994900 ) ;
#1136 = PRESENTATION_LAYER_ASSIGNMENT (  '', '', ( #24 ) ) ;
#1137 = VERTEX_POINT ( 'NONE', #3868 ) ;
#1138 = VECTOR ( 'NONE', #5978, 1000.000000000000000 ) ;
#1139 =( LENGTH_UNIT ( ) NAMED_UNIT ( * ) SI_UNIT ( .MILLI., .METRE. ) );
#1140 = AXIS2_PLACEMENT_3D ( 'NONE', #8365, #763, #6656 ) ;
#1141 = DIRECTION ( 'NONE',  ( 0.0000000000000000000, 0.0000000000000000000, 1.000000000000000000 ) ) ;
#1142 = LINE ( 'NONE', #2718, #1285 ) ;
#1143 = CARTESIAN_POINT ( 'NONE',  ( 1.339045298307557800, -39.15000000000000600, -23.68316467552383400 ) ) ;
#1144 = CARTESIAN_POINT ( 'NONE',  ( 3.483848208458105100, -21.25000000000000700, -21.79825338369560600 ) ) ;
#1145 = ORIENTED_EDGE ( 'NONE', *, *, #414, .F. ) ;
#1146 = MECHANICAL_DESIGN_GEOMETRIC_PRESENTATION_REPRESENTATION (  '', ( #8118 ), #7900 ) ;
#1147 = PLANE ( 'NONE',  #5425 ) ;
#1148 = EDGE_CURVE ( 'NONE', #2175, #9218, #1103, .T. ) ;
#1149 = EDGE_LOOP ( 'NONE', ( #5443, #518 ) ) ;
#1150 = CARTESIAN_POINT ( 'NONE',  ( -13.31369220013742600, 21.15999999999999700, 4.000000000000003600 ) ) ;
#1151 = ORIENTED_EDGE ( 'NONE', *, *, #10396, .F. ) ;
#1152 = AXIS2_PLACEMENT_3D ( 'NONE', #481, #8037, #2107 ) ;
#1153 = SURFACE_SIDE_STYLE ('',( #81 ) ) ;
#1154 = SURFACE_STYLE_USAGE ( .BOTH. , #3786 ) ;
#1155 = CARTESIAN_POINT ( 'NONE',  ( -1.371348881391340800, -39.15000000000000600, -24.45661729131780900 ) ) ;
#1156 = ORIENTED_EDGE ( 'NONE', *, *, #2380, .F. ) ;
#1157 = AXIS2_PLACEMENT_3D ( 'NONE', #7081, #9504, #3624 ) ;
#1158 = FILL_AREA_STYLE_COLOUR ( '', #10670 ) ;
#1159 = EDGE_CURVE ( 'NONE', #10103, #8178, #5861, .T. ) ;
#1160 = SURFACE_SIDE_STYLE ('',( #2171 ) ) ;
#1161 = ORIENTED_EDGE ( 'NONE', *, *, #10641, .F. ) ;
#1162 = ORIENTED_EDGE ( 'NONE', *, *, #5572, .F. ) ;
#1163 = ORIENTED_EDGE ( 'NONE', *, *, #4137, .T. ) ;
#1164 = SURFACE_SIDE_STYLE ('',( #8884 ) ) ;
#1165 = DIRECTION ( 'NONE',  ( -0.0000000000000000000, -0.0000000000000000000, -1.000000000000000000 ) ) ;
#1166 = ORIENTED_EDGE ( 'NONE', *, *, #222, .T. ) ;
#1167 = ORIENTED_EDGE ( 'NONE', *, *, #7039, .F. ) ;
#1168 = STYLED_ITEM ( 'NONE', ( #6495 ), #5405 ) ;
#1169 = LINE ( 'NONE', #9471, #3550 ) ;
#1170 = ORIENTED_EDGE ( 'NONE', *, *, #7290, .F. ) ;
#1171 = ADVANCED_FACE ( 'NONE', ( #4020 ), #5613, .T. ) ;
#1172 = ORIENTED_EDGE ( 'NONE', *, *, #5910, .T. ) ;
#1173 = AXIS2_PLACEMENT_3D ( 'NONE', #5820, #7471, #2452 ) ;
#1174 = CARTESIAN_POINT ( 'NONE',  ( 0.0000000000000000000, 0.0000000000000000000, -26.99999999999999600 ) ) ;
#1175 = ORIENTED_EDGE ( 'NONE', *, *, #2038, .F. ) ;
#1176 = CARTESIAN_POINT ( 'NONE',  ( 15.50000000000000000, 15.50000000000000000, -28.99999999999999600 ) ) ;
#1177 = DIRECTION ( 'NONE',  ( 0.0000000000000000000, 0.0000000000000000000, -1.000000000000000000 ) ) ;
#1178 = EDGE_CURVE ( 'NONE', #6701, #9246, #10142, .T. ) ;
#1179 = PRESENTATION_STYLE_ASSIGNMENT (( #724 ) ) ;
#1180 = ORIENTED_EDGE ( 'NONE', *, *, #4567, .T. ) ;
#1181 =( NAMED_UNIT ( * ) SI_UNIT ( $, .STERADIAN. ) SOLID_ANGLE_UNIT ( ) );
#1182 = ORIENTED_EDGE ( 'NONE', *, *, #1029, .F. ) ;
#1183 = ADVANCED_FACE ( 'NONE', ( #10032 ), #3949, .F. ) ;
#1184 = UNCERTAINTY_MEASURE_WITH_UNIT (LENGTH_MEASURE( 1.000000000000000100E-005 ), #4856, 'distance_accuracy_value', 'NONE');
#1185 =( NAMED_UNIT ( * ) PLANE_ANGLE_UNIT ( ) SI_UNIT ( $, .RADIAN. ) );
#1186 = CARTESIAN_POINT ( 'NONE',  ( 14.25000000000000200, 15.50000000000000000, 5.500000000000000000 ) ) ;
#1187 = DIRECTION ( 'NONE',  ( 1.000000000000000000, 0.0000000000000000000, 0.0000000000000000000 ) ) ;
#1188 = EDGE_CURVE ( 'NONE', #4444, #4642, #8207, .T. ) ;
#1189 = CARTESIAN_POINT ( 'NONE',  ( 15.49999999999912400, -15.50000000000000200, -26.99999999999999600 ) ) ;
#1190 = LINE ( 'NONE', #315, #1722 ) ;
#1191 = ORIENTED_EDGE ( 'NONE', *, *, #1792, .F. ) ;
#1192 = CARTESIAN_POINT ( 'NONE',  ( 15.01375035175125200, 16.80716972541398100, -28.49999999999999600 ) ) ;
#1193 = ORIENTED_EDGE ( 'NONE', *, *, #2078, .F. ) ;
#1194 = CARTESIAN_POINT ( 'NONE',  ( -13.31369220013742600, 21.15999999999999700, 63.84951795962940900 ) ) ;
#1195 = CARTESIAN_POINT ( 'NONE',  ( 20.64999999999999900, 16.94289321881343500, -19.00000000000000000 ) ) ;
#1196 = CARTESIAN_POINT ( 'NONE',  ( 14.25000000000000200, 15.50000000000000000, 5.500000000000000000 ) ) ;
#1197 = ORIENTED_EDGE ( 'NONE', *, *, #2574, .T. ) ;
#1198 = EDGE_LOOP ( 'NONE', ( #6956, #10498, #36, #5134, #8146, #8042 ) ) ;
#1199 = DIRECTION ( 'NONE',  ( -0.0000000000000000000, 0.0000000000000000000, -1.000000000000000000 ) ) ;
#1200 = CARTESIAN_POINT ( 'NONE',  ( 2.999999999999979600, -18.15000000000000600, -28.99999999999999600 ) ) ;
#1201 = DIRECTION ( 'NONE',  ( -0.0000000000000000000, -0.0000000000000000000, 1.000000000000000000 ) ) ;
#1202 = ORIENTED_EDGE ( 'NONE', *, *, #9823, .F. ) ;
#1203 = AXIS2_PLACEMENT_3D ( 'NONE', #2774, #1985, #331 ) ;
#1204 = DIRECTION ( 'NONE',  ( -8.202002250481362500E-017, 1.000000000000000000, 0.0000000000000000000 ) ) ;
#1205 = PLANE ( 'NONE',  #10348 ) ;
#1206 = ORIENTED_EDGE ( 'NONE', *, *, #231, .T. ) ;
#1207 = CARTESIAN_POINT ( 'NONE',  ( -1.999999999999994900, 0.0000000000000000000, 34.00000000000000000 ) ) ;
#1208 = CIRCLE ( 'NONE', #1173, 0.5000000000000004400 ) ;
#1209 = CARTESIAN_POINT ( 'NONE',  ( 15.50000000000000000, 15.50000000000000000, -28.49999999999999600 ) ) ;
#1210 = DIRECTION ( 'NONE',  ( 0.0000000000000000000, 0.0000000000000000000, -1.000000000000000000 ) ) ;
#1211 = LINE ( 'NONE', #8999, #10118 ) ;
#1212 = FILL_AREA_STYLE_COLOUR ( '', #2166 ) ;
#1213 = EDGE_CURVE ( 'NONE', #10048, #237, #7562, .T. ) ;
#1214 = DIRECTION ( 'NONE',  ( 0.0000000000000000000, 0.0000000000000000000, 1.000000000000000000 ) ) ;
#1215 = AXIS2_PLACEMENT_3D ( 'NONE', #2218, #10627, #9013 ) ;
#1216 = MECHANICAL_DESIGN_GEOMETRIC_PRESENTATION_REPRESENTATION (  '', ( #5404 ), #7284 ) ;
#1217 = DIRECTION ( 'NONE',  ( -0.0000000000000000000, -0.0000000000000000000, -1.000000000000000000 ) ) ;
#1218 = CARTESIAN_POINT ( 'NONE',  ( 15.50000000000000000, 15.50000000000000000, 10.00000000000000000 ) ) ;
#1219 = ADVANCED_FACE ( 'NONE', ( #5477 ), #1236, .T. ) ;
#1220 = DIRECTION ( 'NONE',  ( 0.7071067811865510100, -0.7071067811865441300, 0.0000000000000000000 ) ) ;
#1221 = EDGE_CURVE ( 'NONE', #3326, #5392, #3615, .T. ) ;
#1222 = CARTESIAN_POINT ( 'NONE',  ( 15.96497596850902000, -16.74998035735574600, -26.99999999999999600 ) ) ;
#1223 = AXIS2_PLACEMENT_3D ( 'NONE', #123, #1036, #7689 ) ;
#1224 = EDGE_CURVE ( 'NONE', #2501, #6324, #7806, .T. ) ;
#1225 = LINE ( 'NONE', #2621, #2823 ) ;
#1226 = LINE ( 'NONE', #7800, #172 ) ;
#1227 = CARTESIAN_POINT ( 'NONE',  ( 15.50000000000000000, 15.50000000000000000, -28.49999999999999600 ) ) ;
#1228 =( NAMED_UNIT ( * ) PLANE_ANGLE_UNIT ( ) SI_UNIT ( $, .RADIAN. ) );
#1229 =( NAMED_UNIT ( * ) PLANE_ANGLE_UNIT ( ) SI_UNIT ( $, .RADIAN. ) );
#1230 = AXIS2_PLACEMENT_3D ( 'NONE', #9285, #957, #1020 ) ;
#1231 = UNCERTAINTY_MEASURE_WITH_UNIT (LENGTH_MEASURE( 1.000000000000000100E-005 ), #9377, 'distance_accuracy_value', 'NONE');
#1232 = VECTOR ( 'NONE', #1255, 1000.000000000000000 ) ;
#1233 = CARTESIAN_POINT ( 'NONE',  ( 20.65000000000000200, -16.94289321881341300, -28.49999999999999600 ) ) ;
#1234 = VECTOR ( 'NONE', #7423, 999.9999999999998900 ) ;
#1235 =( GEOMETRIC_REPRESENTATION_CONTEXT ( 3 ) GLOBAL_UNCERTAINTY_ASSIGNED_CONTEXT ( ( #49 ) ) GLOBAL_UNIT_ASSIGNED_CONTEXT ( ( #1927, #7040, #3781 ) ) REPRESENTATION_CONTEXT ( 'NONE', 'WORKASPACE' ) );
#1236 = TOROIDAL_SURFACE ( 'NONE', #6008, 1.899999999999999000, 0.5000000000000000000 ) ;
#1237 = FILL_AREA_STYLE ('',( #7949 ) ) ;
#1238 = FACE_OUTER_BOUND ( 'NONE', #7647, .T. ) ;
#1239 = DIRECTION ( 'NONE',  ( -0.0000000000000000000, -0.0000000000000000000, -1.000000000000000000 ) ) ;
#1240 = ADVANCED_FACE ( 'NONE', ( #9770 ), #972, .T. ) ;
#1241 = EDGE_CURVE ( 'NONE', #6222, #4911, #4286, .T. ) ;
#1242 = EDGE_CURVE ( 'NONE', #3712, #2657, #3369, .T. ) ;
#1243 = SURFACE_STYLE_USAGE ( .BOTH. , #5573 ) ;
#1244 = DIRECTION ( 'NONE',  ( -1.000000000000000000, -0.0000000000000000000, 0.0000000000000000000 ) ) ;
#1245 = DIRECTION ( 'NONE',  ( -1.000000000000000000, 0.0000000000000000000, 0.0000000000000000000 ) ) ;
#1246 = CARTESIAN_POINT ( 'NONE',  ( -15.49999999999999600, 15.50000000000087400, -28.99999999999999600 ) ) ;
#1247 = CARTESIAN_POINT ( 'NONE',  ( 16.74998035735527000, 15.96497596851043000, -28.49999999999999600 ) ) ;
#1248 = VERTEX_POINT ( 'NONE', #8128 ) ;
#1249 = CARTESIAN_POINT ( 'NONE',  ( -15.96497596851089900, 16.74998035735668000, -26.99999999999999600 ) ) ;
#1250 = PRESENTATION_STYLE_ASSIGNMENT (( #2666 ) ) ;
#1251 = FACE_BOUND ( 'NONE', #10015, .T. ) ;
#1252 = CARTESIAN_POINT ( 'NONE',  ( -15.03502403149003500, 16.74998035735667700, -26.99999999999999600 ) ) ;
#1253 = LINE ( 'NONE', #6923, #6908 ) ;
#1254 = ORIENTED_EDGE ( 'NONE', *, *, #4354, .T. ) ;
#1255 = DIRECTION ( 'NONE',  ( -0.0000000000000000000, 1.000000000000000000, -0.0000000000000000000 ) ) ;
#1256 = PRESENTATION_STYLE_ASSIGNMENT (( #121 ) ) ;
#1257 = CARTESIAN_POINT ( 'NONE',  ( 15.50000000000000000, 15.50000000000000000, -28.99999999999999600 ) ) ;
#1258 = SURFACE_STYLE_FILL_AREA ( #3467 ) ;
#1259 = DIRECTION ( 'NONE',  ( -1.000000000000000000, -5.211847922874174100E-016, 0.0000000000000000000 ) ) ;
#1260 = DIRECTION ( 'NONE',  ( -1.224646799147353200E-016, 1.000000000000000000, 0.0000000000000000000 ) ) ;
#1261 = UNCERTAINTY_MEASURE_WITH_UNIT (LENGTH_MEASURE( 1.000000000000000100E-005 ), #10489, 'distance_accuracy_value', 'NONE');
#1262 = CARTESIAN_POINT ( 'NONE',  ( -11.50000000000000000, 1.408343819019456400E-015, 9.500000000000000000 ) ) ;
#1263 = DIRECTION ( 'NONE',  ( 1.000000000000000000, 0.0000000000000000000, 0.0000000000000000000 ) ) ;
#1264 = FACE_OUTER_BOUND ( 'NONE', #7863, .T. ) ;
#1265 = CARTESIAN_POINT ( 'NONE',  ( -15.96497596851090600, 14.25001964264614300, -28.49999999999999600 ) ) ;
#1266 = SURFACE_STYLE_FILL_AREA ( #3808 ) ;
#1267 = DIRECTION ( 'NONE',  ( -1.000000000000000000, 0.0000000000000000000, 0.0000000000000000000 ) ) ;
#1268 = EDGE_CURVE ( 'NONE', #4350, #4444, #9497, .T. ) ;
#1269 = AXIS2_PLACEMENT_3D ( 'NONE', #5407, #10327, #7896 ) ;
#1270 = VERTEX_POINT ( 'NONE', #5553 ) ;
#1271 = VECTOR ( 'NONE', #10406, 1000.000000000000000 ) ;
#1272 = FILL_AREA_STYLE_COLOUR ( '', #5474 ) ;
#1273 = DIRECTION ( 'NONE',  ( -0.0000000000000000000, 1.000000000000000000, 0.0000000000000000000 ) ) ;
#1274 = CARTESIAN_POINT ( 'NONE',  ( 15.03502403148815600, -14.25001964264521200, -28.49999999999999600 ) ) ;
#1275 = COLOUR_RGB ( '',0.2509803921568627400, 0.2509803921568627400, 0.2509803921568627400 ) ;
#1276 = CARTESIAN_POINT ( 'NONE',  ( 1.339045298307557800, -39.15000000000000600, -24.45661729131780900 ) ) ;
#1277 = VERTEX_POINT ( 'NONE', #2303 ) ;
#1278 = SURFACE_STYLE_USAGE ( .BOTH. , #4682 ) ;
#1279 = FILL_AREA_STYLE_COLOUR ( '', #1275 ) ;
#1280 = CARTESIAN_POINT ( 'NONE',  ( 15.49999999999912400, -15.50000000000000200, -28.49999999999999600 ) ) ;
#1281 = CARTESIAN_POINT ( 'NONE',  ( -1.640400450096271500E-016, -19.15000000000000600, 0.0000000000000000000 ) ) ;
#1282 = PRESENTATION_LAYER_ASSIGNMENT (  '', '', ( #10826 ) ) ;
#1283 = DIRECTION ( 'NONE',  ( 7.885106708985490300E-017, 0.0000000000000000000, 1.000000000000000000 ) ) ;
#1284 = AXIS2_PLACEMENT_3D ( 'NONE', #3891, #4825, #5670 ) ;
#1285 = VECTOR ( 'NONE', #5298, 1000.000000000000000 ) ;
#1286 = ORIENTED_EDGE ( 'NONE', *, *, #7595, .F. ) ;
#1287 = MECHANICAL_DESIGN_GEOMETRIC_PRESENTATION_REPRESENTATION (  '', ( #735 ), #3977 ) ;
#1288 =( NAMED_UNIT ( * ) SI_UNIT ( $, .STERADIAN. ) SOLID_ANGLE_UNIT ( ) );
#1289 = ORIENTED_EDGE ( 'NONE', *, *, #3719, .F. ) ;
#1290 = CIRCLE ( 'NONE', #4056, 2.799999999999999800 ) ;
#1291 = EDGE_CURVE ( 'NONE', #254, #9966, #3751, .T. ) ;
#1292 = ORIENTED_EDGE ( 'NONE', *, *, #9312, .F. ) ;
#1293 = ADVANCED_FACE ( 'NONE', ( #2957 ), #7213, .F. ) ;
#1294 = FILL_AREA_STYLE ('',( #5586 ) ) ;
#1295 = VERTEX_POINT ( 'NONE', #4734 ) ;
#1296 = CARTESIAN_POINT ( 'NONE',  ( 13.29999999999999900, 15.50000000000000000, -27.99999999999999600 ) ) ;
#1297 = ORIENTED_EDGE ( 'NONE', *, *, #7364, .T. ) ;
#1298 = CARTESIAN_POINT ( 'NONE',  ( -15.98624964825069300, -16.80716972541312200, -26.99999999999999600 ) ) ;
#1299 = CARTESIAN_POINT ( 'NONE',  ( -15.49999999999999600, 15.50000000000087400, -28.99999999999999600 ) ) ;
#1300 = VERTEX_POINT ( 'NONE', #6566 ) ;
#1301 = MECHANICAL_DESIGN_GEOMETRIC_PRESENTATION_REPRESENTATION (  '', ( #9729 ), #7231 ) ;
#1302 = DIRECTION ( 'NONE',  ( 9.085524283848147300E-015, 1.000000000000000000, -0.0000000000000000000 ) ) ;
#1303 = EDGE_CURVE ( 'NONE', #3196, #5403, #3236, .T. ) ;
#1304 = DIRECTION ( 'NONE',  ( 1.000000000000000000, 0.0000000000000000000, 0.0000000000000000000 ) ) ;
#1305 = ORIENTED_EDGE ( 'NONE', *, *, #7982, .F. ) ;
#1306 = PRESENTATION_LAYER_ASSIGNMENT (  '', '', ( #2008 ) ) ;
#1307 = ORIENTED_EDGE ( 'NONE', *, *, #6545, .T. ) ;
#1308 = VERTEX_POINT ( 'NONE', #3228 ) ;
#1309 = DIRECTION ( 'NONE',  ( 0.7363275207553905400, 0.0000000000000000000, 0.6766252893427940900 ) ) ;
#1310 = MECHANICAL_DESIGN_GEOMETRIC_PRESENTATION_REPRESENTATION (  '', ( #9743 ), #3921 ) ;
#1311 = EDGE_CURVE ( 'NONE', #4096, #8238, #717, .T. ) ;
#1312 = CARTESIAN_POINT ( 'NONE',  ( -21.14999999999999500, -17.14999999999999500, 9.500000000000000000 ) ) ;
#1313 = CARTESIAN_POINT ( 'NONE',  ( -13.32957238623954800, -21.15000000000000600, -80.84951795962939500 ) ) ;
#1314 = EDGE_LOOP ( 'NONE', ( #3187, #1162, #8263, #8005 ) ) ;
#1315 = AXIS2_PLACEMENT_3D ( 'NONE', #3063, #6358, #1396 ) ;
#1316 = LINE ( 'NONE', #2905, #4097 ) ;
#1318 = ORIENTED_EDGE ( 'NONE', *, *, #7240, .T. ) ;
#1317 = DIRECTION ( 'NONE',  ( 0.0000000000000000000, 0.0000000000000000000, 1.000000000000000000 ) ) ;
#1319 = ORIENTED_EDGE ( 'NONE', *, *, #532, .T. ) ;
#1320 = DIRECTION ( 'NONE',  ( 0.0000000000000000000, 0.0000000000000000000, 1.000000000000000000 ) ) ;
#1321 = DIRECTION ( 'NONE',  ( -1.000000000000000000, -1.865390464730955100E-015, -0.0000000000000000000 ) ) ;
#1322 = DIRECTION ( 'NONE',  ( -0.0000000000000000000, -0.0000000000000000000, -1.000000000000000000 ) ) ;
#1323 =( LENGTH_UNIT ( ) NAMED_UNIT ( * ) SI_UNIT ( .MILLI., .METRE. ) );
#1324 = ORIENTED_EDGE ( 'NONE', *, *, #10084, .F. ) ;
#1325 = ORIENTED_EDGE ( 'NONE', *, *, #3634, .T. ) ;
#1326 = FACE_OUTER_BOUND ( 'NONE', #223, .T. ) ;
#1328 = ORIENTED_EDGE ( 'NONE', *, *, #10139, .T. ) ;
#1327 =( NAMED_UNIT ( * ) SI_UNIT ( $, .STERADIAN. ) SOLID_ANGLE_UNIT ( ) );
#1329 = ORIENTED_EDGE ( 'NONE', *, *, #4989, .T. ) ;
#1330 = ORIENTED_EDGE ( 'NONE', *, *, #3816, .T. ) ;
#1331 = DIRECTION ( 'NONE',  ( -1.000000000000000000, 0.0000000000000000000, 6.938893903907221300E-015 ) ) ;
#1332 = CARTESIAN_POINT ( 'NONE',  ( 21.14999999999999900, 13.32957238623956000, -80.84951795962939500 ) ) ;
#1333 = ADVANCED_FACE ( 'NONE', ( #5347 ), #314, .T. ) ;
#1334 = DIRECTION ( 'NONE',  ( 0.0000000000000000000, 0.0000000000000000000, 1.000000000000000000 ) ) ;
#1335 = EDGE_CURVE ( 'NONE', #4620, #9843, #4545, .T. ) ;
#1336 = CARTESIAN_POINT ( 'NONE',  ( -1.800000000000000300, -18.15000000000000600, -30.15000000000000200 ) ) ;
#1337 = ORIENTED_EDGE ( 'NONE', *, *, #2735, .F. ) ;
#1338 = AXIS2_PLACEMENT_3D ( 'NONE', #10637, #8060, #3168 ) ;
#1339 = SURFACE_STYLE_FILL_AREA ( #2360 ) ;
#1340 = VERTEX_POINT ( 'NONE', #10742 ) ;
#1341 = CARTESIAN_POINT ( 'NONE',  ( 0.0000000000000000000, 0.0000000000000000000, -26.99999999999999600 ) ) ;
#1342 = CARTESIAN_POINT ( 'NONE',  ( 3.000000000000023100, -18.15000000000000600, -32.50000000000000000 ) ) ;
#1343 = LINE ( 'NONE', #6478, #5582 ) ;
#1344 = FACE_OUTER_BOUND ( 'NONE', #5154, .T. ) ;
#1345 = CARTESIAN_POINT ( 'NONE',  ( -15.49999999999999600, -15.50000000000000400, 5.500000000000000000 ) ) ;
#1346 = DIRECTION ( 'NONE',  ( 1.000000000000000000, 0.0000000000000000000, 0.0000000000000000000 ) ) ;
#1347 = ORIENTED_EDGE ( 'NONE', *, *, #9182, .T. ) ;
#1348 = DIRECTION ( 'NONE',  ( 1.000000000000000000, 0.0000000000000000000, 0.0000000000000000000 ) ) ;
#1349 = VECTOR ( 'NONE', #6378, 1000.000000000000000 ) ;
#1350 = CARTESIAN_POINT ( 'NONE',  ( 16.94289321881343800, 21.14999999999999900, 2.000000000000000000 ) ) ;
#1351 = VECTOR ( 'NONE', #4618, 1000.000000000000000 ) ;
#1352 = ADVANCED_FACE ( 'NONE', ( #6774 ), #6505, .T. ) ;
#1353 = AXIS2_PLACEMENT_3D ( 'NONE', #1280, #2984, #8003 ) ;
#1354 = CIRCLE ( 'NONE', #7370, 1.999999999999994900 ) ;
#1355 =( LENGTH_UNIT ( ) NAMED_UNIT ( * ) SI_UNIT ( .MILLI., .METRE. ) );
#1356 = CARTESIAN_POINT ( 'NONE',  ( 0.0000000000000000000, 0.0000000000000000000, -26.99999999999999600 ) ) ;
#1357 = PLANE ( 'NONE',  #3233 ) ;
#1358 = DIRECTION ( 'NONE',  ( 0.0000000000000000000, -1.000000000000000000, 0.0000000000000000000 ) ) ;
#1359 = FACE_BOUND ( 'NONE', #10546, .T. ) ;
#1360 = VECTOR ( 'NONE', #6083, 1000.000000000000100 ) ;
#1361 = FILL_AREA_STYLE ('',( #7854 ) ) ;
#1362 = CARTESIAN_POINT ( 'NONE',  ( 21.00355339059327200, 17.29644660940670100, 2.000000000000000000 ) ) ;
#1363 = ORIENTED_EDGE ( 'NONE', *, *, #3150, .T. ) ;
#1364 = CIRCLE ( 'NONE', #9807, 25.00000000000000000 ) ;
#1365 = MECHANICAL_DESIGN_GEOMETRIC_PRESENTATION_REPRESENTATION (  '', ( #1002 ), #6443 ) ;
#1366 = EDGE_CURVE ( 'NONE', #465, #7242, #4008, .T. ) ;
#1367 = CARTESIAN_POINT ( 'NONE',  ( 21.00355339059327200, 17.29644660940670100, 2.000000000000000000 ) ) ;
#1368 = AXIS2_PLACEMENT_3D ( 'NONE', #10613, #626, #661 ) ;
#1369 = SPHERICAL_SURFACE ( 'NONE', #7087, 0.5000000000000000000 ) ;
#1370 = LINE ( 'NONE', #5912, #5977 ) ;
#1371 =( NAMED_UNIT ( * ) PLANE_ANGLE_UNIT ( ) SI_UNIT ( $, .RADIAN. ) );
#1372 = DIRECTION ( 'NONE',  ( -0.0000000000000000000, -0.0000000000000000000, 1.000000000000000000 ) ) ;
#1373 = CARTESIAN_POINT ( 'NONE',  ( -13.31369220013742600, 21.15999999999999700, 63.84951795962940900 ) ) ;
#1374 = MECHANICAL_DESIGN_GEOMETRIC_PRESENTATION_REPRESENTATION (  '', ( #10704 ), #5343 ) ;
#1375 = EDGE_CURVE ( 'NONE', #7643, #7209, #8857, .T. ) ;
#1376 = PRESENTATION_STYLE_ASSIGNMENT (( #8806 ) ) ;
#1377 = FILL_AREA_STYLE ('',( #10591 ) ) ;
#1378 = ORIENTED_EDGE ( 'NONE', *, *, #5359, .F. ) ;
#1379 = CARTESIAN_POINT ( 'NONE',  ( -12.26375928220251400, 15.79874071779746300, -28.99999999999999600 ) ) ;
#1380 = DIRECTION ( 'NONE',  ( -1.000000000000000000, 0.0000000000000000000, 0.0000000000000000000 ) ) ;
#1381 = CIRCLE ( 'NONE', #6023, 3.250000000000001300 ) ;
#1382 = CARTESIAN_POINT ( 'NONE',  ( -18.25000000000087400, -15.49999999999912400, -28.49999999999999600 ) ) ;
#1383 = CARTESIAN_POINT ( 'NONE',  ( 1.339045298307557800, -19.15000000000000600, -25.01295075771274100 ) ) ;
#1384 = SURFACE_SIDE_STYLE ('',( #5096 ) ) ;
#1385 = AXIS2_PLACEMENT_3D ( 'NONE', #6258, #6486, #4807 ) ;
#1386 = MECHANICAL_DESIGN_GEOMETRIC_PRESENTATION_REPRESENTATION (  '', ( #3306 ), #3860 ) ;
#1387 = DIRECTION ( 'NONE',  ( 2.605923961437087100E-016, -1.000000000000000000, 0.0000000000000000000 ) ) ;
#1388 = VERTEX_POINT ( 'NONE', #2113 ) ;
#1389 = DIRECTION ( 'NONE',  ( 1.000000000000000000, 0.0000000000000000000, 0.0000000000000000000 ) ) ;
#1390 = SURFACE_SIDE_STYLE ('',( #9401 ) ) ;
#1391 = UNCERTAINTY_MEASURE_WITH_UNIT (LENGTH_MEASURE( 1.000000000000000100E-005 ), #10404, 'distance_accuracy_value', 'NONE');
#1392 = ORIENTED_EDGE ( 'NONE', *, *, #9444, .T. ) ;
#1393 = SURFACE_STYLE_FILL_AREA ( #8284 ) ;
#1394 = COLOUR_RGB ( '',0.2509803921568627400, 0.2509803921568627400, 0.2509803921568627400 ) ;
#1395 = EDGE_CURVE ( 'NONE', #8650, #8433, #8989, .T. ) ;
#1396 = DIRECTION ( 'NONE',  ( -1.000000000000000000, 0.0000000000000000000, 0.0000000000000000000 ) ) ;
#1397 = DIRECTION ( 'NONE',  ( -6.938893903907222100E-015, 1.000000000000000000, 0.0000000000000000000 ) ) ;
#1398 = CARTESIAN_POINT ( 'NONE',  ( -15.96497596851090600, 14.25001964264614300, -26.99999999999999600 ) ) ;
#1399 = LINE ( 'NONE', #4948, #10556 ) ;
#1400 = PRESENTATION_STYLE_ASSIGNMENT (( #7262 ) ) ;
#1401 =( NAMED_UNIT ( * ) PLANE_ANGLE_UNIT ( ) SI_UNIT ( $, .RADIAN. ) );
#1402 = ORIENTED_EDGE ( 'NONE', *, *, #4492, .F. ) ;
#1403 = UNCERTAINTY_MEASURE_WITH_UNIT (LENGTH_MEASURE( 1.000000000000000100E-005 ), #3959, 'distance_accuracy_value', 'NONE');
#1404 = ADVANCED_FACE ( 'NONE', ( #6099 ), #7289, .T. ) ;
#1405 = SPHERICAL_SURFACE ( 'NONE', #6789, 0.5000000000000000000 ) ;
#1406 = DIRECTION ( 'NONE',  ( -1.000000000000000000, 0.0000000000000000000, 0.0000000000000000000 ) ) ;
#1407 = CARTESIAN_POINT ( 'NONE',  ( 1.799999999999999800, -18.15000000000000600, -30.15000000000000200 ) ) ;
#1408 = DIRECTION ( 'NONE',  ( 0.0000000000000000000, 0.0000000000000000000, 1.000000000000000000 ) ) ;
#1409 = DIRECTION ( 'NONE',  ( -0.0000000000000000000, -0.0000000000000000000, -1.000000000000000000 ) ) ;
#1410 = VERTEX_POINT ( 'NONE', #9682 ) ;
#1411 = CIRCLE ( 'NONE', #1215, 0.4999999999999982200 ) ;
#1412 = CARTESIAN_POINT ( 'NONE',  ( -21.14999999999999500, -21.15000000000000600, 2.000000000000000000 ) ) ;
#1413 = DIRECTION ( 'NONE',  ( -1.000000000000000000, -6.938893903907222100E-015, 0.0000000000000000000 ) ) ;
#1414 = DIRECTION ( 'NONE',  ( -1.000000000000000000, 0.0000000000000000000, 4.956352788505164300E-016 ) ) ;
#1415 = SURFACE_SIDE_STYLE ('',( #2822 ) ) ;
#1416 = STYLED_ITEM ( 'NONE', ( #6646 ), #6141 ) ;
#1417 = VECTOR ( 'NONE', #3522, 1000.000000000000000 ) ;
#1418 = STYLED_ITEM ( 'NONE', ( #606 ), #787 ) ;
#1419 = ORIENTED_EDGE ( 'NONE', *, *, #948, .F. ) ;
#1420 = ORIENTED_EDGE ( 'NONE', *, *, #390, .F. ) ;
#1421 = LINE ( 'NONE', #4030, #10311 ) ;
#1422 = DIRECTION ( 'NONE',  ( 1.000000000000000000, 0.0000000000000000000, 0.0000000000000000000 ) ) ;
#1423 = ORIENTED_EDGE ( 'NONE', *, *, #6027, .F. ) ;
#1424 = CARTESIAN_POINT ( 'NONE',  ( -15.98624964825070400, -15.96497596850949400, -28.49999999999999600 ) ) ;
#1425 = DIRECTION ( 'NONE',  ( -1.000000000000000000, -9.085524283848126800E-015, -0.0000000000000000000 ) ) ;
#1426 = CARTESIAN_POINT ( 'NONE',  ( 3.500000000000000000, 4.286263797015736600E-016, -26.99999999999999600 ) ) ;
#1427 = EDGE_LOOP ( 'NONE', ( #3812, #8564, #8401, #3544 ) ) ;
#1428 = CARTESIAN_POINT ( 'NONE',  ( -15.98624964825069700, -14.19283027458502200, -26.99999999999999600 ) ) ;
#1429 = DIRECTION ( 'NONE',  ( 0.0000000000000000000, 0.0000000000000000000, -1.000000000000000000 ) ) ;
#1430 = CARTESIAN_POINT ( 'NONE',  ( -3.599999999999998300, -21.15000000000000600, -20.99999999999999600 ) ) ;
#1431 = ORIENTED_EDGE ( 'NONE', *, *, #5430, .T. ) ;
#1432 = VERTEX_POINT ( 'NONE', #298 ) ;
#1433 = ORIENTED_EDGE ( 'NONE', *, *, #628, .F. ) ;
#1434 = CARTESIAN_POINT ( 'NONE',  ( -3.599999999999998300, -19.15000000000000600, -20.99999999999999600 ) ) ;
#1435 = ORIENTED_EDGE ( 'NONE', *, *, #5993, .F. ) ;
#1436 = PRESENTATION_LAYER_ASSIGNMENT (  '', '', ( #8964 ) ) ;
#1437 = VERTEX_POINT ( 'NONE', #2889 ) ;
#1438 = VERTEX_POINT ( 'NONE', #6180 ) ;
#1439 = ORIENTED_EDGE ( 'NONE', *, *, #7219, .T. ) ;
#1440 = EDGE_CURVE ( 'NONE', #10857, #8435, #4406, .T. ) ;
#1441 = AXIS2_PLACEMENT_3D ( 'NONE', #2269, #9129, #1309 ) ;
#1442 = EDGE_CURVE ( 'NONE', #7653, #5390, #5086, .T. ) ;
#1443 = ORIENTED_EDGE ( 'NONE', *, *, #6807, .T. ) ;
#1444 = DIRECTION ( 'NONE',  ( 1.000000000000000000, 0.0000000000000000000, 0.0000000000000000000 ) ) ;
#1445 = CARTESIAN_POINT ( 'NONE',  ( 1.693713464724400800E-015, -20.65000000000000600, -28.99999999999999600 ) ) ;
#1446 = CARTESIAN_POINT ( 'NONE',  ( -1.800000000000000300, -39.15000000000002000, -30.15000000000000200 ) ) ;
#1447 = FILL_AREA_STYLE_COLOUR ( '', #2494 ) ;
#1448 = AXIS2_PLACEMENT_3D ( 'NONE', #4421, #6772, #5214 ) ;
#1449 = CARTESIAN_POINT ( 'NONE',  ( 13.32957238623955100, -21.15000000000000600, -19.00000000000000400 ) ) ;
#1450 = ORIENTED_EDGE ( 'NONE', *, *, #7901, .F. ) ;
#1451 = STYLED_ITEM ( 'NONE', ( #1492 ), #8488 ) ;
#1452 = DIRECTION ( 'NONE',  ( 1.000000000000000000, 0.0000000000000000000, 0.0000000000000000000 ) ) ;
#1453 = DIRECTION ( 'NONE',  ( 0.0000000000000000000, 0.0000000000000000000, -1.000000000000000000 ) ) ;
#1454 =( NAMED_UNIT ( * ) SI_UNIT ( $, .STERADIAN. ) SOLID_ANGLE_UNIT ( ) );
#1455 = CARTESIAN_POINT ( 'NONE',  ( -1.371348881391340800, -39.15000000000000600, -23.12683120912890200 ) ) ;
#1456 = CARTESIAN_POINT ( 'NONE',  ( -16.74999999999999300, 15.50000000000000000, 10.00000000000000000 ) ) ;
#1457 =( GEOMETRIC_REPRESENTATION_CONTEXT ( 3 ) GLOBAL_UNCERTAINTY_ASSIGNED_CONTEXT ( ( #5668 ) ) GLOBAL_UNIT_ASSIGNED_CONTEXT ( ( #9936, #10806, #9970 ) ) REPRESENTATION_CONTEXT ( 'NONE', 'WORKASPACE' ) );
#1458 = EDGE_CURVE ( 'NONE', #10626, #12, #574, .T. ) ;
#1459 = EDGE_CURVE ( 'NONE', #4090, #3941, #2164, .T. ) ;
#1460 = SURFACE_STYLE_FILL_AREA ( #4040 ) ;
#1461 = ORIENTED_EDGE ( 'NONE', *, *, #1479, .F. ) ;
#1462 = CARTESIAN_POINT ( 'NONE',  ( 16.75000000000000000, -15.50000000000000000, 10.00000000000000000 ) ) ;
#1463 = VERTEX_POINT ( 'NONE', #3776 ) ;
#1464 =( LENGTH_UNIT ( ) NAMED_UNIT ( * ) SI_UNIT ( .MILLI., .METRE. ) );
#1465 = ADVANCED_FACE ( 'NONE', ( #5852 ), #6266, .T. ) ;
#1466 = VERTEX_POINT ( 'NONE', #7897 ) ;
#1467 = CARTESIAN_POINT ( 'NONE',  ( -15.50000000000087200, -15.49999999999912400, -28.99999999999999600 ) ) ;
#1468 = ORIENTED_EDGE ( 'NONE', *, *, #7308, .T. ) ;
#1469 =( LENGTH_UNIT ( ) NAMED_UNIT ( * ) SI_UNIT ( .MILLI., .METRE. ) );
#1470 = ORIENTED_EDGE ( 'NONE', *, *, #10514, .F. ) ;
#1471 = DIRECTION ( 'NONE',  ( -0.0000000000000000000, 1.000000000000000000, -0.0000000000000000000 ) ) ;
#1472 = ORIENTED_EDGE ( 'NONE', *, *, #1605, .F. ) ;
#1473 = VERTEX_POINT ( 'NONE', #10476 ) ;
#1474 = CARTESIAN_POINT ( 'NONE',  ( 1.339045298307557800, -39.15000000000000600, -24.45661729131780900 ) ) ;
#1475 = ORIENTED_EDGE ( 'NONE', *, *, #5431, .T. ) ;
#1476 = DIRECTION ( 'NONE',  ( 0.0000000000000000000, 0.0000000000000000000, -1.000000000000000000 ) ) ;
#1477 =( LENGTH_UNIT ( ) NAMED_UNIT ( * ) SI_UNIT ( .MILLI., .METRE. ) );
#1478 = VECTOR ( 'NONE', #3332, 1000.000000000000000 ) ;
#1479 = EDGE_CURVE ( 'NONE', #8741, #8512, #8195, .T. ) ;
#1480 = CYLINDRICAL_SURFACE ( 'NONE', #370, 2.750000000000000900 ) ;
#1481 = DIRECTION ( 'NONE',  ( 0.0000000000000000000, 0.0000000000000000000, -1.000000000000000000 ) ) ;
#1482 =( GEOMETRIC_REPRESENTATION_CONTEXT ( 3 ) GLOBAL_UNCERTAINTY_ASSIGNED_CONTEXT ( ( #4187 ) ) GLOBAL_UNIT_ASSIGNED_CONTEXT ( ( #608, #3960, #3050 ) ) REPRESENTATION_CONTEXT ( 'NONE', 'WORKASPACE' ) );
#1483 = COLOUR_RGB ( '',0.2509803921568627400, 0.2509803921568627400, 0.2509803921568627400 ) ;
#1484 = FILL_AREA_STYLE ('',( #3162 ) ) ;
#1485 = ORIENTED_EDGE ( 'NONE', *, *, #3456, .F. ) ;
#1486 = CARTESIAN_POINT ( 'NONE',  ( 14.25000000000000500, -15.50000000000000000, 10.00000000000000000 ) ) ;
#1487 = DIRECTION ( 'NONE',  ( -0.0000000000000000000, 1.000000000000000000, -0.0000000000000000000 ) ) ;
#1488 = LINE ( 'NONE', #7096, #1760 ) ;
#1489 = DIRECTION ( 'NONE',  ( -0.0000000000000000000, -0.0000000000000000000, 1.000000000000000000 ) ) ;
#1490 = SURFACE_SIDE_STYLE ('',( #1339 ) ) ;
#1491 = SURFACE_STYLE_USAGE ( .BOTH. , #8104 ) ;
#1492 = PRESENTATION_STYLE_ASSIGNMENT (( #842 ) ) ;
#1493 = AXIS2_PLACEMENT_3D ( 'NONE', #9812, #4819, #5703 ) ;
#1494 = AXIS2_PLACEMENT_3D ( 'NONE', #2011, #3011, #10525 ) ;
#1495 = ADVANCED_FACE ( 'NONE', ( #6369 ), #303, .T. ) ;
#1496 = AXIS2_PLACEMENT_3D ( 'NONE', #6527, #3036, #9803 ) ;
#1497 =( LENGTH_UNIT ( ) NAMED_UNIT ( * ) SI_UNIT ( .MILLI., .METRE. ) );
#1498 = FACE_OUTER_BOUND ( 'NONE', #5906, .T. ) ;
#1499 = CARTESIAN_POINT ( 'NONE',  ( -16.94289321881343500, 20.64999999999999900, -28.49999999999999600 ) ) ;
#1500 = CARTESIAN_POINT ( 'NONE',  ( -15.98624964825069300, -16.80716972541312200, -26.99999999999999600 ) ) ;
#1501 = SURFACE_STYLE_FILL_AREA ( #10093 ) ;
#1502 = PLANE ( 'NONE',  #8816 ) ;
#1503 =( GEOMETRIC_REPRESENTATION_CONTEXT ( 3 ) GLOBAL_UNCERTAINTY_ASSIGNED_CONTEXT ( ( #9215 ) ) GLOBAL_UNIT_ASSIGNED_CONTEXT ( ( #2402, #9102, #4941 ) ) REPRESENTATION_CONTEXT ( 'NONE', 'WORKASPACE' ) );
#1504 = SURFACE_STYLE_FILL_AREA ( #10750 ) ;
#1505 = CARTESIAN_POINT ( 'NONE',  ( -21.15999999999998900, 13.31369220013744400, 63.84951795962940900 ) ) ;
#1506 = EDGE_CURVE ( 'NONE', #9992, #7859, #3608, .T. ) ;
#1507 = VECTOR ( 'NONE', #10285, 1000.000000000000000 ) ;
#1508 =( GEOMETRIC_REPRESENTATION_CONTEXT ( 3 ) GLOBAL_UNCERTAINTY_ASSIGNED_CONTEXT ( ( #6102 ) ) GLOBAL_UNIT_ASSIGNED_CONTEXT ( ( #3268, #8354, #4188 ) ) REPRESENTATION_CONTEXT ( 'NONE', 'WORKASPACE' ) );
#1509 = EDGE_CURVE ( 'NONE', #8788, #4593, #1488, .T. ) ;
#1510 = LINE ( 'NONE', #312, #3884 ) ;
#1511 = AXIS2_PLACEMENT_3D ( 'NONE', #2952, #7172, #6436 ) ;
#1512 = CARTESIAN_POINT ( 'NONE',  ( -15.03502403149003500, 16.74998035735667700, -28.49999999999999600 ) ) ;
#1513 = VERTEX_POINT ( 'NONE', #473 ) ;
#1514 = DIRECTION ( 'NONE',  ( -1.000000000000000000, -8.202002250481357500E-017, 0.0000000000000000000 ) ) ;
#1515 = LINE ( 'NONE', #251, #2705 ) ;
#1516 = DIRECTION ( 'NONE',  ( 0.0000000000000000000, 0.0000000000000000000, -1.000000000000000000 ) ) ;
#1517 = PRESENTATION_STYLE_ASSIGNMENT (( #6335 ) ) ;
#1518 = CARTESIAN_POINT ( 'NONE',  ( 21.00355339059327900, -17.29644660940671100, 9.500000000000000000 ) ) ;
#1519 = DIRECTION ( 'NONE',  ( -1.000000000000000000, 0.0000000000000000000, 0.0000000000000000000 ) ) ;
#1520 =( GEOMETRIC_REPRESENTATION_CONTEXT ( 3 ) GLOBAL_UNCERTAINTY_ASSIGNED_CONTEXT ( ( #926 ) ) GLOBAL_UNIT_ASSIGNED_CONTEXT ( ( #2161, #500, #6391 ) ) REPRESENTATION_CONTEXT ( 'NONE', 'WORKASPACE' ) );
#1521 = EDGE_CURVE ( 'NONE', #5520, #7646, #10133, .T. ) ;
#1522 = VECTOR ( 'NONE', #3388, 1000.000000000000000 ) ;
#1523 = DIRECTION ( 'NONE',  ( 1.000000000000000000, 0.0000000000000000000, 0.0000000000000000000 ) ) ;
#1524 = DIRECTION ( 'NONE',  ( 1.000000000000000000, 3.861347820635129200E-013, 0.0000000000000000000 ) ) ;
#1525 = FACE_OUTER_BOUND ( 'NONE', #6079, .T. ) ;
#1526 = CIRCLE ( 'NONE', #3828, 0.5000000000000004400 ) ;
#1527 = UNCERTAINTY_MEASURE_WITH_UNIT (LENGTH_MEASURE( 1.000000000000000100E-005 ), #7105, 'distance_accuracy_value', 'NONE');
#1528 = DIRECTION ( 'NONE',  ( 1.224646799147353200E-016, 1.000000000000000000, -0.0000000000000000000 ) ) ;
#1529 = SURFACE_SIDE_STYLE ('',( #3102 ) ) ;
#1530 = MECHANICAL_DESIGN_GEOMETRIC_PRESENTATION_REPRESENTATION (  '', ( #5351 ), #7917 ) ;
#1531 = COLOUR_RGB ( '',0.2509803921568627400, 0.2509803921568627400, 0.2509803921568627400 ) ;
#1532 = AXIS2_PLACEMENT_3D ( 'NONE', #6201, #9481, #6869 ) ;
#1533 = DIRECTION ( 'NONE',  ( 0.0000000000000000000, -0.0000000000000000000, -1.000000000000000000 ) ) ;
#1534 = DIRECTION ( 'NONE',  ( 0.7071067811865475700, -0.7071067811865475700, -4.906538933386793300E-015 ) ) ;
#1535 = DIRECTION ( 'NONE',  ( 0.0000000000000000000, 0.0000000000000000000, -1.000000000000000000 ) ) ;
#1536 =( NAMED_UNIT ( * ) PLANE_ANGLE_UNIT ( ) SI_UNIT ( $, .RADIAN. ) );
#1537 = DIRECTION ( 'NONE',  ( 0.0000000000000000000, 0.0000000000000000000, 1.000000000000000000 ) ) ;
#1538 = FACE_OUTER_BOUND ( 'NONE', #10323, .T. ) ;
#1539 = VECTOR ( 'NONE', #6630, 1000.000000000000000 ) ;
#1540 = EDGE_CURVE ( 'NONE', #4247, #7493, #10263, .T. ) ;
#1541 = CYLINDRICAL_SURFACE ( 'NONE', #4988, 0.5563334663949287600 ) ;
#1542 = CARTESIAN_POINT ( 'NONE',  ( -20.64999999999999500, -16.94289321881345600, -28.49999999999999600 ) ) ;
#1543 = ORIENTED_EDGE ( 'NONE', *, *, #5858, .T. ) ;
#1544 = CARTESIAN_POINT ( 'NONE',  ( 1.799999999999999800, -18.15000000000000600, -29.65000000000000200 ) ) ;
#1545 = PRESENTATION_STYLE_ASSIGNMENT (( #3846 ) ) ;
#1546 = CARTESIAN_POINT ( 'NONE',  ( 1.799999999999999400, -39.15000000000002000, -30.85000000000000100 ) ) ;
#1547 = COLOUR_RGB ( '',0.0000000000000000000, 0.5019607843137254800, 0.2509803921568627400 ) ;
#1548 = PRESENTATION_STYLE_ASSIGNMENT (( #10758 ) ) ;
#1549 = FILL_AREA_STYLE ('',( #7398 ) ) ;
#1550 = EDGE_CURVE ( 'NONE', #4961, #6456, #9760, .T. ) ;
#1551 = ORIENTED_EDGE ( 'NONE', *, *, #8363, .T. ) ;
#1552 = AXIS2_PLACEMENT_3D ( 'NONE', #311, #7050, #6238 ) ;
#1553 = DIRECTION ( 'NONE',  ( -0.0000000000000000000, -0.0000000000000000000, 1.000000000000000000 ) ) ;
#1554 = CARTESIAN_POINT ( 'NONE',  ( -21.14999999999999500, -21.15000000000000600, -28.49999999999999600 ) ) ;
#1555 = CARTESIAN_POINT ( 'NONE',  ( -17.14999999999998400, -21.15000000000000600, -28.49999999999999600 ) ) ;
#1556 = ADVANCED_FACE ( 'NONE', ( #10023 ), #9490, .F. ) ;
#1557 = DIRECTION ( 'NONE',  ( 0.0000000000000000000, 0.0000000000000000000, 1.000000000000000000 ) ) ;
#1558 = LINE ( 'NONE', #8544, #4727 ) ;
#1559 = EDGE_LOOP ( 'NONE', ( #149, #10363, #8439, #7597, #6861, #10624 ) ) ;
#1560 = EDGE_LOOP ( 'NONE', ( #6028, #6751, #2268, #9451 ) ) ;
#1561 = LINE ( 'NONE', #1591, #1022 ) ;
#1562 = PLANE ( 'NONE',  #10479 ) ;
#1563 = ORIENTED_EDGE ( 'NONE', *, *, #956, .T. ) ;
#1564 = CARTESIAN_POINT ( 'NONE',  ( -12.25000000000087200, -15.49999999999912400, -28.49999999999999600 ) ) ;
#1565 =( LENGTH_UNIT ( ) NAMED_UNIT ( * ) SI_UNIT ( .MILLI., .METRE. ) );
#1566 = FILL_AREA_STYLE_COLOUR ( '', #3276 ) ;
#1567 = ORIENTED_EDGE ( 'NONE', *, *, #10540, .T. ) ;
#1568 = ORIENTED_EDGE ( 'NONE', *, *, #7307, .F. ) ;
#1569 = ORIENTED_EDGE ( 'NONE', *, *, #8540, .T. ) ;
#1570 = AXIS2_PLACEMENT_3D ( 'NONE', #7387, #2326, #8185 ) ;
#1571 =( LENGTH_UNIT ( ) NAMED_UNIT ( * ) SI_UNIT ( .MILLI., .METRE. ) );
#1572 = EDGE_LOOP ( 'NONE', ( #4765, #2627, #3256, #7136 ) ) ;
#1573 = CARTESIAN_POINT ( 'NONE',  ( -3.500000000000000000, 4.286263797015736600E-016, 10.00000000000000000 ) ) ;
#1574 = SURFACE_STYLE_USAGE ( .BOTH. , #8329 ) ;
#1575 = ORIENTED_EDGE ( 'NONE', *, *, #9458, .T. ) ;
#1576 = FACE_OUTER_BOUND ( 'NONE', #2545, .T. ) ;
#1577 = SURFACE_STYLE_USAGE ( .BOTH. , #2327 ) ;
#1578 = DIRECTION ( 'NONE',  ( 0.0000000000000000000, -1.000000000000000000, 0.0000000000000000000 ) ) ;
#1579 = AXIS2_PLACEMENT_3D ( 'NONE', #9060, #2349, #6498 ) ;
#1580 = EDGE_CURVE ( 'NONE', #2079, #9447, #7548, .T. ) ;
#1581 = ORIENTED_EDGE ( 'NONE', *, *, #10266, .F. ) ;
#1582 = MECHANICAL_DESIGN_GEOMETRIC_PRESENTATION_REPRESENTATION (  '', ( #4273 ), #7768 ) ;
#1583 = AXIS2_PLACEMENT_3D ( 'NONE', #6344, #9653, #5559 ) ;
#1584 = VECTOR ( 'NONE', #6547, 1000.000000000000000 ) ;
#1585 = EDGE_LOOP ( 'NONE', ( #689, #6536 ) ) ;
#1586 = EDGE_CURVE ( 'NONE', #4450, #10270, #849, .T. ) ;
#1587 = CARTESIAN_POINT ( 'NONE',  ( -15.49999999999999600, 15.50000000000000000, 5.500000000000000000 ) ) ;
#1588 = CARTESIAN_POINT ( 'NONE',  ( 2.583848208458099800, -19.15000000000000600, 4.288040361317512800E-016 ) ) ;
#1589 =( NAMED_UNIT ( * ) PLANE_ANGLE_UNIT ( ) SI_UNIT ( $, .RADIAN. ) );
#1590 = DIRECTION ( 'NONE',  ( 0.7071067811865482400, -0.7071067811865469100, -0.0000000000000000000 ) ) ;
#1591 = CARTESIAN_POINT ( 'NONE',  ( 3.483848208458105100, -21.25000000000000700, -25.94999999999999600 ) ) ;
#1592 = ORIENTED_EDGE ( 'NONE', *, *, #2240, .F. ) ;
#1593 = AXIS2_PLACEMENT_3D ( 'NONE', #8703, #9531, #6073 ) ;
#1594 = VERTEX_POINT ( 'NONE', #403 ) ;
#1595 = PRESENTATION_LAYER_ASSIGNMENT (  '', '', ( #2317 ) ) ;
#1596 = CYLINDRICAL_SURFACE ( 'NONE', #6619, 0.5000000000000004400 ) ;
#1597 = ORIENTED_EDGE ( 'NONE', *, *, #4413, .T. ) ;
#1598 = DIRECTION ( 'NONE',  ( -1.387778780781444400E-014, 0.0000000000000000000, 1.000000000000000000 ) ) ;
#1599 = ORIENTED_EDGE ( 'NONE', *, *, #3981, .T. ) ;
#1600 = DIRECTION ( 'NONE',  ( -1.000000000000000000, 0.0000000000000000000, 0.0000000000000000000 ) ) ;
#1601 = ORIENTED_EDGE ( 'NONE', *, *, #9502, .T. ) ;
#1602 = DIRECTION ( 'NONE',  ( 0.0000000000000000000, 0.0000000000000000000, -1.000000000000000000 ) ) ;
#1603 = UNCERTAINTY_MEASURE_WITH_UNIT (LENGTH_MEASURE( 1.000000000000000100E-005 ), #4443, 'distance_accuracy_value', 'NONE');
#1604 = PLANE ( 'NONE',  #2573 ) ;
#1605 = EDGE_CURVE ( 'NONE', #8117, #7604, #2448, .T. ) ;
#1606 = CIRCLE ( 'NONE', #2530, 2.749999999999997300 ) ;
#1607 =( NAMED_UNIT ( * ) SI_UNIT ( $, .STERADIAN. ) SOLID_ANGLE_UNIT ( ) );
#1608 = ORIENTED_EDGE ( 'NONE', *, *, #9329, .T. ) ;
#1609 = CARTESIAN_POINT ( 'NONE',  ( 16.74998035735527000, 15.03502403148956300, -26.99999999999999600 ) ) ;
#1610 = DIRECTION ( 'NONE',  ( 0.0000000000000000000, 0.0000000000000000000, -1.000000000000000000 ) ) ;
#1611 = LINE ( 'NONE', #74, #3452 ) ;
#1612 = VERTEX_POINT ( 'NONE', #7239 ) ;
#1613 = ADVANCED_FACE ( 'NONE', ( #6894 ), #9616, .F. ) ;
#1614 = LINE ( 'NONE', #9149, #8445 ) ;
#1615 = VERTEX_POINT ( 'NONE', #1274 ) ;
#1616 = DIRECTION ( 'NONE',  ( 0.0000000000000000000, -1.000000000000000000, -0.0000000000000000000 ) ) ;
#1617 = CARTESIAN_POINT ( 'NONE',  ( 15.03502403148815200, -16.74998035735574600, -26.99999999999999600 ) ) ;
#1618 =( NAMED_UNIT ( * ) SI_UNIT ( $, .STERADIAN. ) SOLID_ANGLE_UNIT ( ) );
#1619 = CIRCLE ( 'NONE', #5628, 0.5000000000000004400 ) ;
#1620 = CYLINDRICAL_SURFACE ( 'NONE', #8148, 1.249999999999999300 ) ;
#1621 = CIRCLE ( 'NONE', #8661, 3.249999999999999600 ) ;
#1622 =( NAMED_UNIT ( * ) SI_UNIT ( $, .STERADIAN. ) SOLID_ANGLE_UNIT ( ) );
#1623 = PRESENTATION_STYLE_ASSIGNMENT (( #8337 ) ) ;
#1624 = DIRECTION ( 'NONE',  ( -6.938893903907221300E-015, -1.000000000000000000, 0.0000000000000000000 ) ) ;
#1625 = FILL_AREA_STYLE ('',( #923 ) ) ;
#1626 = ORIENTED_EDGE ( 'NONE', *, *, #9942, .F. ) ;
#1627 = DIRECTION ( 'NONE',  ( 0.0000000000000000000, 0.0000000000000000000, 1.000000000000000000 ) ) ;
#1628 = DIRECTION ( 'NONE',  ( -0.0000000000000000000, -0.0000000000000000000, -1.000000000000000000 ) ) ;
#1629 = PRESENTATION_LAYER_ASSIGNMENT (  '', '', ( #5600 ) ) ;
#1630 = VECTOR ( 'NONE', #5598, 1000.000000000000000 ) ;
#1631 = AXIS2_PLACEMENT_3D ( 'NONE', #2235, #7413, #6617 ) ;
#1632 = CARTESIAN_POINT ( 'NONE',  ( 0.0000000000000000000, 0.0000000000000000000, -25.99999999999999600 ) ) ;
#1633 =( NAMED_UNIT ( * ) SI_UNIT ( $, .STERADIAN. ) SOLID_ANGLE_UNIT ( ) );
#1634 = COLOUR_RGB ( '',0.2509803921568627400, 0.2509803921568627400, 0.2509803921568627400 ) ;
#1635 = DIRECTION ( 'NONE',  ( -0.0000000000000000000, -0.0000000000000000000, -1.000000000000000000 ) ) ;
#1636 = CARTESIAN_POINT ( 'NONE',  ( 20.64999999999999900, 16.94289321881343100, 9.500000000000000000 ) ) ;
#1637 = DIRECTION ( 'NONE',  ( -0.0000000000000000000, 1.000000000000000000, -0.0000000000000000000 ) ) ;
#1638 = FILL_AREA_STYLE ('',( #5022 ) ) ;
#1639 = ORIENTED_EDGE ( 'NONE', *, *, #3508, .T. ) ;
#1640 = MECHANICAL_DESIGN_GEOMETRIC_PRESENTATION_REPRESENTATION (  '', ( #3902 ), #7139 ) ;
#1641 = CARTESIAN_POINT ( 'NONE',  ( 20.64999999999999900, 16.94289321881343500, -28.49999999999999600 ) ) ;
#1642 = CARTESIAN_POINT ( 'NONE',  ( -14.25001964264661500, -15.96497596850949400, -28.49999999999999600 ) ) ;
#1643 = AXIS2_PLACEMENT_3D ( 'NONE', #2083, #3663, #5342 ) ;
#1644 = CIRCLE ( 'NONE', #8176, 3.249999999999999600 ) ;
#1645 = EDGE_CURVE ( 'NONE', #4350, #5768, #8065, .T. ) ;
#1646 = COLOUR_RGB ( '',0.2509803921568627400, 0.2509803921568627400, 0.2509803921568627400 ) ;
#1647 = ORIENTED_EDGE ( 'NONE', *, *, #5773, .T. ) ;
#1648 = FACE_OUTER_BOUND ( 'NONE', #5401, .T. ) ;
#1649 = DIRECTION ( 'NONE',  ( -0.0000000000000000000, 0.0000000000000000000, -1.000000000000000000 ) ) ;
#1650 = EDGE_LOOP ( 'NONE', ( #3156, #5296, #8430 ) ) ;
#1651 = FACE_OUTER_BOUND ( 'NONE', #8028, .T. ) ;
#1652 = COLOUR_RGB ( '',0.2509803921568627400, 0.2509803921568627400, 0.2509803921568627400 ) ;
#1653 = DIRECTION ( 'NONE',  ( -1.000000000000000000, 0.0000000000000000000, 0.0000000000000000000 ) ) ;
#1654 = PRESENTATION_LAYER_ASSIGNMENT (  '', '', ( #3223 ) ) ;
#1655 = EDGE_CURVE ( 'NONE', #9310, #9996, #5592, .T. ) ;
#1656 = STYLED_ITEM ( 'NONE', ( #4658 ), #8669 ) ;
#1657 = LINE ( 'NONE', #9171, #4832 ) ;
#1658 = DIRECTION ( 'NONE',  ( -0.0000000000000000000, -1.000000000000000000, -0.0000000000000000000 ) ) ;
#1659 = CARTESIAN_POINT ( 'NONE',  ( -21.16000000000001100, -13.31369220013740300, -20.99999999999999600 ) ) ;
#1660 = VECTOR ( 'NONE', #8362, 1000.000000000000000 ) ;
#1661 = CARTESIAN_POINT ( 'NONE',  ( 3.599999999999999200, -21.15000000000000200, -20.99999999999999600 ) ) ;
#1662 = TOROIDAL_SURFACE ( 'NONE', #7206, 2.200000000000001100, 0.5000000000000000000 ) ;
#1663 = SURFACE_STYLE_FILL_AREA ( #6302 ) ;
#1664 = ADVANCED_FACE ( 'NONE', ( #7418 ), #2907, .F. ) ;
#1665 = PRESENTATION_STYLE_ASSIGNMENT (( #2313 ) ) ;
#1666 = FILL_AREA_STYLE ('',( #3504 ) ) ;
#1667 = FACE_OUTER_BOUND ( 'NONE', #5816, .T. ) ;
#1668 = ORIENTED_EDGE ( 'NONE', *, *, #1749, .F. ) ;
#1669 = EDGE_CURVE ( 'NONE', #2418, #3684, #2949, .T. ) ;
#1670 = EDGE_CURVE ( 'NONE', #6856, #2418, #288, .T. ) ;
#1671 = DIRECTION ( 'NONE',  ( 8.202002250481356300E-017, -1.000000000000000000, 0.0000000000000000000 ) ) ;
#1672 = DIRECTION ( 'NONE',  ( -1.000000000000000000, 0.0000000000000000000, 0.0000000000000000000 ) ) ;
#1673 = SURFACE_STYLE_USAGE ( .BOTH. , #10787 ) ;
#1674 = VECTOR ( 'NONE', #10392, 1000.000000000000000 ) ;
#1675 = VECTOR ( 'NONE', #10322, 1000.000000000000000 ) ;
#1676 = DIRECTION ( 'NONE',  ( -1.000000000000000000, 0.0000000000000000000, -0.0000000000000000000 ) ) ;
#1677 = AXIS2_PLACEMENT_3D ( 'NONE', #5273, #10207, #2798 ) ;
#1678 = ORIENTED_EDGE ( 'NONE', *, *, #736, .F. ) ;
#1679 = DIRECTION ( 'NONE',  ( 1.000000000000000000, 0.0000000000000000000, 0.0000000000000000000 ) ) ;
#1680 = FILL_AREA_STYLE_COLOUR ( '', #573 ) ;
#1681 = DIRECTION ( 'NONE',  ( 0.0000000000000000000, 1.000000000000000000, 0.0000000000000000000 ) ) ;
#1682 = ORIENTED_EDGE ( 'NONE', *, *, #8540, .F. ) ;
#1683 = VERTEX_POINT ( 'NONE', #2130 ) ;
#1684 = CIRCLE ( 'NONE', #10401, 0.5000000000000004400 ) ;
#1685 = ORIENTED_EDGE ( 'NONE', *, *, #5083, .T. ) ;
#1686 = FILL_AREA_STYLE ('',( #10066 ) ) ;
#1687 = PLANE ( 'NONE',  #184 ) ;
#1688 = EDGE_LOOP ( 'NONE', ( #1682, #6289, #2384, #5545 ) ) ;
#1689 = EDGE_CURVE ( 'NONE', #4569, #6852, #9242, .T. ) ;
#1690 =( GEOMETRIC_REPRESENTATION_CONTEXT ( 3 ) GLOBAL_UNCERTAINTY_ASSIGNED_CONTEXT ( ( #9863 ) ) GLOBAL_UNIT_ASSIGNED_CONTEXT ( ( #9022, #4858, #4749 ) ) REPRESENTATION_CONTEXT ( 'NONE', 'WORKASPACE' ) );
#1691 = EDGE_LOOP ( 'NONE', ( #9301, #3581, #1719, #6944 ) ) ;
#1692 = ORIENTED_EDGE ( 'NONE', *, *, #5303, .T. ) ;
#1693 = ORIENTED_EDGE ( 'NONE', *, *, #249, .F. ) ;
#1694 = DIRECTION ( 'NONE',  ( 0.0000000000000000000, 0.0000000000000000000, 1.000000000000000000 ) ) ;
#1695 = EDGE_LOOP ( 'NONE', ( #1982, #2753, #6704, #10413 ) ) ;
#1696 = ORIENTED_EDGE ( 'NONE', *, *, #1291, .T. ) ;
#1697 = DIRECTION ( 'NONE',  ( 0.0000000000000000000, 0.0000000000000000000, -1.000000000000000000 ) ) ;
#1698 = ORIENTED_EDGE ( 'NONE', *, *, #3985, .F. ) ;
#1699 = CARTESIAN_POINT ( 'NONE',  ( -18.74999999999999600, 15.50000000000087400, -28.99999999999999600 ) ) ;
#1700 = DIRECTION ( 'NONE',  ( -0.0000000000000000000, -0.0000000000000000000, -1.000000000000000000 ) ) ;
#1701 = DIRECTION ( 'NONE',  ( -0.7071067811865481300, 0.7071067811865469100, 0.0000000000000000000 ) ) ;
#1702 = FACE_OUTER_BOUND ( 'NONE', #3576, .T. ) ;
#1703 = ORIENTED_EDGE ( 'NONE', *, *, #4701, .F. ) ;
#1704 = ORIENTED_EDGE ( 'NONE', *, *, #5064, .F. ) ;
#1705 = DIRECTION ( 'NONE',  ( -4.542762141924073600E-015, -1.000000000000000000, 0.0000000000000000000 ) ) ;
#1706 = EDGE_LOOP ( 'NONE', ( #1046, #662, #1180, #7530 ) ) ;
#1707 = CARTESIAN_POINT ( 'NONE',  ( -16.94289321881344200, -21.15000000000000600, -19.00000000000000000 ) ) ;
#1708 = AXIS2_PLACEMENT_3D ( 'NONE', #9415, #2768, #1804 ) ;
#1709 = AXIS2_PLACEMENT_3D ( 'NONE', #2220, #10552, #490 ) ;
#1711 = PRESENTATION_LAYER_ASSIGNMENT (  '', '', ( #7690 ) ) ;
#1710 = FILL_AREA_STYLE_COLOUR ( '', #10288 ) ;
#1712 = LINE ( 'NONE', #7474, #8282 ) ;
#1713 = UNCERTAINTY_MEASURE_WITH_UNIT (LENGTH_MEASURE( 1.000000000000000100E-005 ), #2529, 'distance_accuracy_value', 'NONE');
#1714 = ORIENTED_EDGE ( 'NONE', *, *, #2946, .T. ) ;
#1715 = CARTESIAN_POINT ( 'NONE',  ( 19.14999999999993500, 19.15000000000003400, -19.00000000000000000 ) ) ;
#1716 = CARTESIAN_POINT ( 'NONE',  ( -16.80716972541454600, 15.01375035175258400, -26.99999999999999600 ) ) ;
#1717 = MECHANICAL_DESIGN_GEOMETRIC_PRESENTATION_REPRESENTATION (  '', ( #2641 ), #4336 ) ;
#1718 = SURFACE_STYLE_USAGE ( .BOTH. , #6693 ) ;
#1719 = ORIENTED_EDGE ( 'NONE', *, *, #1950, .F. ) ;
#1720 = ADVANCED_FACE ( 'NONE', ( #446 ), #5845, .T. ) ;
#1721 =( GEOMETRIC_REPRESENTATION_CONTEXT ( 3 ) GLOBAL_UNCERTAINTY_ASSIGNED_CONTEXT ( ( #3033 ) ) GLOBAL_UNIT_ASSIGNED_CONTEXT ( ( #10611, #4799, #4051 ) ) REPRESENTATION_CONTEXT ( 'NONE', 'WORKASPACE' ) );
#1722 = VECTOR ( 'NONE', #1123, 1000.000000000000000 ) ;
#1723 = EDGE_CURVE ( 'NONE', #237, #2749, #6360, .T. ) ;
#1724 = EDGE_LOOP ( 'NONE', ( #1472, #10858, #10229, #10200 ) ) ;
#1725 = ORIENTED_EDGE ( 'NONE', *, *, #8270, .T. ) ;
#1726 = AXIS2_PLACEMENT_3D ( 'NONE', #751, #824, #145 ) ;
#1727 = ORIENTED_EDGE ( 'NONE', *, *, #4238, .F. ) ;
#1728 = CARTESIAN_POINT ( 'NONE',  ( 17.14999999999998100, 21.14999999999999900, 2.000000000000000000 ) ) ;
#1729 = ORIENTED_EDGE ( 'NONE', *, *, #3192, .T. ) ;
#1730 = DIRECTION ( 'NONE',  ( -0.0000000000000000000, -0.0000000000000000000, 1.000000000000000000 ) ) ;
#1731 =( GEOMETRIC_REPRESENTATION_CONTEXT ( 3 ) GLOBAL_UNCERTAINTY_ASSIGNED_CONTEXT ( ( #8266 ) ) GLOBAL_UNIT_ASSIGNED_CONTEXT ( ( #2119, #4558, #7902 ) ) REPRESENTATION_CONTEXT ( 'NONE', 'WORKASPACE' ) );
#1732 = EDGE_CURVE ( 'NONE', #651, #95, #5073, .T. ) ;
#1733 = ORIENTED_EDGE ( 'NONE', *, *, #8684, .T. ) ;
#1734 = VECTOR ( 'NONE', #3246, 1000.000000000000000 ) ;
#1735 = ORIENTED_EDGE ( 'NONE', *, *, #4238, .T. ) ;
#1736 =( NAMED_UNIT ( * ) SI_UNIT ( $, .STERADIAN. ) SOLID_ANGLE_UNIT ( ) );
#1737 = DIRECTION ( 'NONE',  ( -1.000000000000000000, 0.0000000000000000000, 0.0000000000000000000 ) ) ;
#1738 = VERTEX_POINT ( 'NONE', #5710 ) ;
#1739 =( GEOMETRIC_REPRESENTATION_CONTEXT ( 3 ) GLOBAL_UNCERTAINTY_ASSIGNED_CONTEXT ( ( #1527 ) ) GLOBAL_UNIT_ASSIGNED_CONTEXT ( ( #7105, #10275, #6251 ) ) REPRESENTATION_CONTEXT ( 'NONE', 'WORKASPACE' ) );
#1740 = UNCERTAINTY_MEASURE_WITH_UNIT (LENGTH_MEASURE( 1.000000000000000100E-005 ), #8087, 'distance_accuracy_value', 'NONE');
#1741 = MECHANICAL_DESIGN_GEOMETRIC_PRESENTATION_REPRESENTATION (  '', ( #9263 ), #4156 ) ;
#1742 = CARTESIAN_POINT ( 'NONE',  ( 17.29644660940668600, 21.00355339059327500, -28.49999999999999600 ) ) ;
#1743 = EDGE_LOOP ( 'NONE', ( #8923, #4073, #8597, #7729 ) ) ;
#1744 = LINE ( 'NONE', #3804, #4792 ) ;
#1745 = CARTESIAN_POINT ( 'NONE',  ( 1.339045298307557800, -19.15000000000000600, -24.45661729131780900 ) ) ;
#1746 = ORIENTED_EDGE ( 'NONE', *, *, #4649, .F. ) ;
#1747 = LINE ( 'NONE', #9323, #694 ) ;
#1748 =( NAMED_UNIT ( * ) PLANE_ANGLE_UNIT ( ) SI_UNIT ( $, .RADIAN. ) );
#1749 = EDGE_CURVE ( 'NONE', #5297, #8638, #2682, .T. ) ;
#1750 = VECTOR ( 'NONE', #7390, 1000.000000000000000 ) ;
#1751 = DIRECTION ( 'NONE',  ( 4.542762141924063400E-015, -1.000000000000000000, 0.0000000000000000000 ) ) ;
#1752 = FACE_OUTER_BOUND ( 'NONE', #6821, .T. ) ;
#1753 = CARTESIAN_POINT ( 'NONE',  ( 0.0000000000000000000, 20.64999999999999900, 9.500000000000000000 ) ) ;
#1754 = COLOUR_RGB ( '',0.2509803921568627400, 0.2509803921568627400, 0.2509803921568627400 ) ;
#1755 = DIRECTION ( 'NONE',  ( -0.0000000000000000000, -0.0000000000000000000, -1.000000000000000000 ) ) ;
#1756 = ORIENTED_EDGE ( 'NONE', *, *, #7240, .F. ) ;
#1757 = PRESENTATION_STYLE_ASSIGNMENT (( #7543 ) ) ;
#1758 = FACE_OUTER_BOUND ( 'NONE', #6167, .T. ) ;
#1759 = EDGE_CURVE ( 'NONE', #5966, #8139, #2810, .T. ) ;
#1760 = VECTOR ( 'NONE', #439, 1000.000000000000000 ) ;
#1761 = EDGE_CURVE ( 'NONE', #3370, #2090, #9883, .T. ) ;
#1762 = SURFACE_STYLE_FILL_AREA ( #4220 ) ;
#1763 = VECTOR ( 'NONE', #4564, 999.9999999999998900 ) ;
#1764 = CARTESIAN_POINT ( 'NONE',  ( 0.0000000000000000000, 0.0000000000000000000, -33.49999999999999300 ) ) ;
#1765 = DIRECTION ( 'NONE',  ( 0.0000000000000000000, -1.000000000000000000, 0.0000000000000000000 ) ) ;
#1766 = VECTOR ( 'NONE', #9552, 1000.000000000000000 ) ;
#1767 = SURFACE_SIDE_STYLE ('',( #8711 ) ) ;
#1768 = CIRCLE ( 'NONE', #1385, 2.749999999999999100 ) ;
#1769 = VECTOR ( 'NONE', #2250, 1000.000000000000000 ) ;
#1770 = CARTESIAN_POINT ( 'NONE',  ( 21.16000000000000000, 13.31369220013741700, -20.99999999999999600 ) ) ;
#1771 = ADVANCED_FACE ( 'NONE', ( #7155 ), #5672, .F. ) ;
#1772 = AXIS2_PLACEMENT_3D ( 'NONE', #5792, #4847, #7403 ) ;
#1773 =( GEOMETRIC_REPRESENTATION_CONTEXT ( 3 ) GLOBAL_UNCERTAINTY_ASSIGNED_CONTEXT ( ( #10657 ) ) GLOBAL_UNIT_ASSIGNED_CONTEXT ( ( #5550, #5585, #5513 ) ) REPRESENTATION_CONTEXT ( 'NONE', 'WORKASPACE' ) );
#1774 = FACE_OUTER_BOUND ( 'NONE', #4398, .T. ) ;
#1775 = SURFACE_SIDE_STYLE ('',( #10537 ) ) ;
#1776 = VECTOR ( 'NONE', #2041, 1000.000000000000000 ) ;
#1777 = DIRECTION ( 'NONE',  ( -0.0000000000000000000, 1.000000000000000000, -0.0000000000000000000 ) ) ;
#1778 = LINE ( 'NONE', #9959, #6781 ) ;
#1779 = PRESENTATION_STYLE_ASSIGNMENT (( #2754 ) ) ;
#1780 = VECTOR ( 'NONE', #7787, 1000.000000000000000 ) ;
#1781 = DIRECTION ( 'NONE',  ( 0.0000000000000000000, 0.0000000000000000000, -1.000000000000000000 ) ) ;
#1782 = ADVANCED_FACE ( 'NONE', ( #840 ), #6494, .T. ) ;
#1783 = PLANE ( 'NONE',  #3548 ) ;
#1784 = EDGE_CURVE ( 'NONE', #2412, #2877, #4521, .T. ) ;
#1785 = SURFACE_STYLE_FILL_AREA ( #1377 ) ;
#1786 = DIRECTION ( 'NONE',  ( 1.000000000000000000, 0.0000000000000000000, 0.0000000000000000000 ) ) ;
#1787 = AXIS2_PLACEMENT_3D ( 'NONE', #6713, #8349, #9939 ) ;
#1788 =( GEOMETRIC_REPRESENTATION_CONTEXT ( 3 ) GLOBAL_UNCERTAINTY_ASSIGNED_CONTEXT ( ( #10829 ) ) GLOBAL_UNIT_ASSIGNED_CONTEXT ( ( #9261, #4257, #4148 ) ) REPRESENTATION_CONTEXT ( 'NONE', 'WORKASPACE' ) );
#1789 = CARTESIAN_POINT ( 'NONE',  ( 21.16000000000000700, -13.31369220013741000, 4.000000000000003600 ) ) ;
#1790 = COLOUR_RGB ( '',0.2509803921568627400, 0.2509803921568627400, 0.2509803921568627400 ) ;
#1791 = AXIS2_PLACEMENT_3D ( 'NONE', #4549, #9168, #6695 ) ;
#1792 = EDGE_CURVE ( 'NONE', #8412, #1738, #8702, .T. ) ;
#1793 = VECTOR ( 'NONE', #4891, 1000.000000000000000 ) ;
#1794 = DIRECTION ( 'NONE',  ( -0.0000000000000000000, -0.0000000000000000000, 1.000000000000000000 ) ) ;
#1795 = VECTOR ( 'NONE', #5987, 1000.000000000000000 ) ;
#1796 = CIRCLE ( 'NONE', #2710, 0.5000000000000004400 ) ;
#1797 = LINE ( 'NONE', #10255, #1675 ) ;
#1798 = AXIS2_PLACEMENT_3D ( 'NONE', #5649, #9007, #8198 ) ;
#1799 = ORIENTED_EDGE ( 'NONE', *, *, #6352, .F. ) ;
#1800 = LINE ( 'NONE', #7623, #2868 ) ;
#1801 = AXIS2_PLACEMENT_3D ( 'NONE', #7561, #909, #4199 ) ;
#1802 = DIRECTION ( 'NONE',  ( -1.000000000000000000, 1.070267186140442600E-014, -0.0000000000000000000 ) ) ;
#1803 = CARTESIAN_POINT ( 'NONE',  ( 21.14999999999999900, 13.32957238623956000, -19.00000000000000400 ) ) ;
#1804 = DIRECTION ( 'NONE',  ( -1.000000000000000000, 0.0000000000000000000, 0.0000000000000000000 ) ) ;
#1805 =( NAMED_UNIT ( * ) PLANE_ANGLE_UNIT ( ) SI_UNIT ( $, .RADIAN. ) );
#1806 = CIRCLE ( 'NONE', #9195, 4.000000000000000000 ) ;
#1807 = FILL_AREA_STYLE ('',( #5112 ) ) ;
#1808 = COLOUR_RGB ( '',0.2509803921568627400, 0.2509803921568627400, 0.2509803921568627400 ) ;
#1809 = EDGE_CURVE ( 'NONE', #3019, #6698, #41, .T. ) ;
#1810 = ORIENTED_EDGE ( 'NONE', *, *, #5345, .T. ) ;
#1811 = EDGE_CURVE ( 'NONE', #6597, #143, #2286, .T. ) ;
#1812 = EDGE_LOOP ( 'NONE', ( #8403, #2769, #7895, #1678 ) ) ;
#1813 = LINE ( 'NONE', #5801, #4865 ) ;
#1814 = FILL_AREA_STYLE_COLOUR ( '', #4688 ) ;
#1815 = EDGE_LOOP ( 'NONE', ( #8679, #9783, #2874, #3724, #5131, #1443, #7392, #6039 ) ) ;
#1816 = PLANE ( 'NONE',  #2428 ) ;
#1817 = FACE_OUTER_BOUND ( 'NONE', #1559, .T. ) ;
#1818 = ORIENTED_EDGE ( 'NONE', *, *, #5620, .T. ) ;
#1819 = ORIENTED_EDGE ( 'NONE', *, *, #5085, .T. ) ;
#1820 = DIRECTION ( 'NONE',  ( -0.7071067811865510100, 0.7071067811865441300, 0.0000000000000000000 ) ) ;
#1821 = ORIENTED_EDGE ( 'NONE', *, *, #563, .F. ) ;
#1822 = EDGE_LOOP ( 'NONE', ( #8556, #5410, #6946, #1163 ) ) ;
#1823 = ADVANCED_FACE ( 'NONE', ( #1817 ), #4089, .F. ) ;
#1824 = ORIENTED_EDGE ( 'NONE', *, *, #9650, .T. ) ;
#1825 = DIRECTION ( 'NONE',  ( 0.0000000000000000000, 0.0000000000000000000, 1.000000000000000000 ) ) ;
#1826 = VERTEX_POINT ( 'NONE', #2476 ) ;
#1827 = ORIENTED_EDGE ( 'NONE', *, *, #6596, .T. ) ;
#1828 = ORIENTED_EDGE ( 'NONE', *, *, #8823, .T. ) ;
#1829 = ORIENTED_EDGE ( 'NONE', *, *, #7177, .F. ) ;
#1830 = DIRECTION ( 'NONE',  ( -1.000000000000000000, 0.0000000000000000000, 0.0000000000000000000 ) ) ;
#1831 = EDGE_CURVE ( 'NONE', #235, #6327, #2209, .T. ) ;
#1832 = AXIS2_PLACEMENT_3D ( 'NONE', #8054, #6497, #1452 ) ;
#1833 = ADVANCED_FACE ( 'NONE', ( #7477 ), #6941, .T. ) ;
#1834 = STYLED_ITEM ( 'NONE', ( #1548 ), #527 ) ;
#1835 = DIRECTION ( 'NONE',  ( 1.000000000000000000, 8.202002250481357500E-017, 0.0000000000000000000 ) ) ;
#1836 = DIRECTION ( 'NONE',  ( 0.0000000000000000000, -1.000000000000000000, 0.0000000000000000000 ) ) ;
#1837 = ORIENTED_EDGE ( 'NONE', *, *, #9114, .T. ) ;
#1838 = DIRECTION ( 'NONE',  ( -0.0000000000000000000, -0.0000000000000000000, 1.000000000000000000 ) ) ;
#1839 = CARTESIAN_POINT ( 'NONE',  ( 0.2763593381367829800, 2.000000000000000000, 19.00000000000000400 ) ) ;
#1840 = ORIENTED_EDGE ( 'NONE', *, *, #4023, .F. ) ;
#1841 = DIRECTION ( 'NONE',  ( 0.0000000000000000000, 0.0000000000000000000, 1.000000000000000000 ) ) ;
#1842 =( NAMED_UNIT ( * ) PLANE_ANGLE_UNIT ( ) SI_UNIT ( $, .RADIAN. ) );
#1843 = MECHANICAL_DESIGN_GEOMETRIC_PRESENTATION_REPRESENTATION (  '', ( #7684 ), #520 ) ;
#1844 = PRESENTATION_LAYER_ASSIGNMENT (  '', '', ( #6921 ) ) ;
#1845 = ADVANCED_FACE ( 'NONE', ( #499 ), #3529, .T. ) ;
#1846 =( NAMED_UNIT ( * ) SI_UNIT ( $, .STERADIAN. ) SOLID_ANGLE_UNIT ( ) );
#1847 = CARTESIAN_POINT ( 'NONE',  ( 17.29644660940669000, -21.00355339059327900, 2.000000000000000000 ) ) ;
#1848 = CARTESIAN_POINT ( 'NONE',  ( -0.6000000000000007500, -39.15000000000002000, -31.35000000000000100 ) ) ;
#1849 = VERTEX_POINT ( 'NONE', #8013 ) ;
#1850 = CARTESIAN_POINT ( 'NONE',  ( -21.14999999999999500, 16.94289321881343100, -28.49999999999999600 ) ) ;
#1851 = AXIS2_PLACEMENT_3D ( 'NONE', #8643, #9307, #347 ) ;
#1852 = CIRCLE ( 'NONE', #7919, 2.749999999999997300 ) ;
#1853 = VERTEX_POINT ( 'NONE', #5446 ) ;
#1854 = DIRECTION ( 'NONE',  ( 0.0000000000000000000, 0.0000000000000000000, -1.000000000000000000 ) ) ;
#1855 = EDGE_CURVE ( 'NONE', #4172, #5949, #9676, .T. ) ;
#1856 = EDGE_LOOP ( 'NONE', ( #1827, #9543, #2515, #8654 ) ) ;
#1857 = ORIENTED_EDGE ( 'NONE', *, *, #1689, .T. ) ;
#1858 = UNCERTAINTY_MEASURE_WITH_UNIT (LENGTH_MEASURE( 1.000000000000000100E-005 ), #4735, 'distance_accuracy_value', 'NONE');
#1859 = PLANE ( 'NONE',  #4200 ) ;
#1860 = AXIS2_PLACEMENT_3D ( 'NONE', #6612, #758, #1598 ) ;
#1861 = EDGE_CURVE ( 'NONE', #5966, #88, #10450, .T. ) ;
#1862 = DIRECTION ( 'NONE',  ( 0.7071067811865475700, 0.7071067811865475700, 0.0000000000000000000 ) ) ;
#1863 = VERTEX_POINT ( 'NONE', #1789 ) ;
#1864 = PRESENTATION_LAYER_ASSIGNMENT (  '', '', ( #10633 ) ) ;
#1865 = CYLINDRICAL_SURFACE ( 'NONE', #3020, 0.5000000000000004400 ) ;
#1866 = ORIENTED_EDGE ( 'NONE', *, *, #8549, .F. ) ;
#1867 =( NAMED_UNIT ( * ) SI_UNIT ( $, .STERADIAN. ) SOLID_ANGLE_UNIT ( ) );
#1868 = CYLINDRICAL_SURFACE ( 'NONE', #7306, 0.5563334663949322000 ) ;
#1869 = EDGE_CURVE ( 'NONE', #3840, #1030, #10727, .T. ) ;
#1870 = UNCERTAINTY_MEASURE_WITH_UNIT (LENGTH_MEASURE( 1.000000000000000100E-005 ), #268, 'distance_accuracy_value', 'NONE');
#1871 = DIRECTION ( 'NONE',  ( 0.0000000000000000000, -0.0000000000000000000, 1.000000000000000000 ) ) ;
#1872 = FACE_OUTER_BOUND ( 'NONE', #5153, .T. ) ;
#1873 = SURFACE_SIDE_STYLE ('',( #4266 ) ) ;
#1874 = CYLINDRICAL_SURFACE ( 'NONE', #1942, 0.5000000000000004400 ) ;
#1875 = FILL_AREA_STYLE ('',( #6842 ) ) ;
#1876 = APPLICATION_CONTEXT ( 'automotive_design' ) ;
#1877 =( GEOMETRIC_REPRESENTATION_CONTEXT ( 3 ) GLOBAL_UNCERTAINTY_ASSIGNED_CONTEXT ( ( #9327 ) ) GLOBAL_UNIT_ASSIGNED_CONTEXT ( ( #444, #10530, #7200 ) ) REPRESENTATION_CONTEXT ( 'NONE', 'WORKASPACE' ) );
#1878 = CARTESIAN_POINT ( 'NONE',  ( -15.49999999999999600, 15.50000000000000000, 10.00000000000000000 ) ) ;
#1879 = VECTOR ( 'NONE', #5521, 1000.000000000000000 ) ;
#1880 = STYLED_ITEM ( 'NONE', ( #4370 ), #9577 ) ;
#1881 = PRESENTATION_STYLE_ASSIGNMENT (( #3058 ) ) ;
#1882 = PLANE ( 'NONE',  #4071 ) ;
#1883 = SURFACE_SIDE_STYLE ('',( #9010 ) ) ;
#1884 = FACE_OUTER_BOUND ( 'NONE', #8541, .T. ) ;
#1885 = VERTEX_POINT ( 'NONE', #6089 ) ;
#1886 = DIRECTION ( 'NONE',  ( -0.0000000000000000000, 1.000000000000000000, -0.0000000000000000000 ) ) ;
#1887 = ADVANCED_FACE ( 'NONE', ( #2491 ), #1859, .T. ) ;
#1888 = DIRECTION ( 'NONE',  ( 1.000000000000000000, 0.0000000000000000000, 0.0000000000000000000 ) ) ;
#1890 = VECTOR ( 'NONE', #7193, 999.9999999999998900 ) ;
#1889 = DIRECTION ( 'NONE',  ( 0.0000000000000000000, 1.000000000000000000, -0.0000000000000000000 ) ) ;
#1891 = COLOUR_RGB ( '',0.2509803921568627400, 0.2509803921568627400, 0.2509803921568627400 ) ;
#1892 = CIRCLE ( 'NONE', #7091, 0.5000000000000004400 ) ;
#1893 =( LENGTH_UNIT ( ) NAMED_UNIT ( * ) SI_UNIT ( .MILLI., .METRE. ) );
#1894 = EDGE_CURVE ( 'NONE', #8512, #4505, #2087, .T. ) ;
#1895 = LINE ( 'NONE', #8754, #8343 ) ;
#1896 = CARTESIAN_POINT ( 'NONE',  ( -18.79644660940674300, -18.79644660940671100, 9.500000000000000000 ) ) ;
#1897 = CIRCLE ( 'NONE', #6863, 0.5000000000000004400 ) ;
#1898 = EDGE_CURVE ( 'NONE', #8766, #2517, #5005, .T. ) ;
#1899 = CIRCLE ( 'NONE', #7350, 25.00000000000000000 ) ;
#1900 = ORIENTED_EDGE ( 'NONE', *, *, #4429, .T. ) ;
#1901 = CIRCLE ( 'NONE', #950, 2.749999999999999100 ) ;
#1902 = ADVANCED_FACE ( 'NONE', ( #8384 ), #3654, .F. ) ;
#1903 = UNCERTAINTY_MEASURE_WITH_UNIT (LENGTH_MEASURE( 1.000000000000000100E-005 ), #3257, 'distance_accuracy_value', 'NONE');
#1904 = CARTESIAN_POINT ( 'NONE',  ( 15.01375035175125200, 16.80716972541398100, -26.99999999999999600 ) ) ;
#1905 = CARTESIAN_POINT ( 'NONE',  ( -15.50000000000087200, -15.49999999999912400, -28.49999999999999600 ) ) ;
#1906 = PRESENTATION_STYLE_ASSIGNMENT (( #3549 ) ) ;
#1907 = EDGE_LOOP ( 'NONE', ( #294, #10848, #6312, #7099 ) ) ;
#1908 = FILL_AREA_STYLE ('',( #6876 ) ) ;
#1909 = CARTESIAN_POINT ( 'NONE',  ( 0.0000000000000000000, 0.0000000000000000000, -26.99999999999999600 ) ) ;
#1910 = VERTEX_POINT ( 'NONE', #3488 ) ;
#1911 =( GEOMETRIC_REPRESENTATION_CONTEXT ( 3 ) GLOBAL_UNCERTAINTY_ASSIGNED_CONTEXT ( ( #6912 ) ) GLOBAL_UNIT_ASSIGNED_CONTEXT ( ( #9674, #10576, #3976 ) ) REPRESENTATION_CONTEXT ( 'NONE', 'WORKASPACE' ) );
#1912 = AXIS2_PLACEMENT_3D ( 'NONE', #7973, #9537, #6342 ) ;
#1913 = CARTESIAN_POINT ( 'NONE',  ( -0.6000000000000003100, -39.15000000000002000, -29.65000000000000200 ) ) ;
#1914 = CARTESIAN_POINT ( 'NONE',  ( 16.74998035735527000, 15.03502403148956300, -26.99999999999999600 ) ) ;
#1915 = SURFACE_STYLE_USAGE ( .BOTH. , #5248 ) ;
#1916 = LINE ( 'NONE', #58, #10041 ) ;
#1917 = COLOUR_RGB ( '',0.2509803921568627400, 0.2509803921568627400, 0.2509803921568627400 ) ;
#1918 = LINE ( 'NONE', #8931, #10560 ) ;
#1919 = CARTESIAN_POINT ( 'NONE',  ( 0.0000000000000000000, 0.0000000000000000000, 10.00000000000000000 ) ) ;
#1920 = FACE_OUTER_BOUND ( 'NONE', #106, .T. ) ;
#1921 = VECTOR ( 'NONE', #2773, 1000.000000000000000 ) ;
#1922 = ORIENTED_EDGE ( 'NONE', *, *, #4693, .T. ) ;
#1923 = COLOUR_RGB ( '',1.000000000000000000, 0.0000000000000000000, 0.0000000000000000000 ) ;
#1924 = DIRECTION ( 'NONE',  ( 1.000000000000000000, 0.0000000000000000000, 0.0000000000000000000 ) ) ;
#1925 = SURFACE_SIDE_STYLE ('',( #7616 ) ) ;
#1926 = AXIS2_PLACEMENT_3D ( 'NONE', #9826, #8187, #697 ) ;
#1927 =( LENGTH_UNIT ( ) NAMED_UNIT ( * ) SI_UNIT ( .MILLI., .METRE. ) );
#1928 = EDGE_CURVE ( 'NONE', #10153, #9558, #1142, .T. ) ;
#1929 = DIRECTION ( 'NONE',  ( 0.0000000000000000000, -0.0000000000000000000, 1.000000000000000000 ) ) ;
#1930 = AXIS2_PLACEMENT_3D ( 'NONE', #1909, #3682, #4499 ) ;
#1931 = CYLINDRICAL_SURFACE ( 'NONE', #5429, 0.5000000000000004400 ) ;
#1932 =( GEOMETRIC_REPRESENTATION_CONTEXT ( 3 ) GLOBAL_UNCERTAINTY_ASSIGNED_CONTEXT ( ( #10181 ) ) GLOBAL_UNIT_ASSIGNED_CONTEXT ( ( #10860, #4162, #2543 ) ) REPRESENTATION_CONTEXT ( 'NONE', 'WORKASPACE' ) );
#1933 = ORIENTED_EDGE ( 'NONE', *, *, #8902, .F. ) ;
#1934 = LINE ( 'NONE', #7296, #2601 ) ;
#1935 = DIRECTION ( 'NONE',  ( -1.000000000000000000, 0.0000000000000000000, 0.0000000000000000000 ) ) ;
#1936 = EDGE_CURVE ( 'NONE', #6706, #6658, #1558, .T. ) ;
#1937 =( NAMED_UNIT ( * ) PLANE_ANGLE_UNIT ( ) SI_UNIT ( $, .RADIAN. ) );
#1938 =( GEOMETRIC_REPRESENTATION_CONTEXT ( 3 ) GLOBAL_UNCERTAINTY_ASSIGNED_CONTEXT ( ( #7396 ) ) GLOBAL_UNIT_ASSIGNED_CONTEXT ( ( #6674, #9256, #704 ) ) REPRESENTATION_CONTEXT ( 'NONE', 'WORKASPACE' ) );
#1939 = SURFACE_STYLE_FILL_AREA ( #1638 ) ;
#1940 = ADVANCED_FACE ( 'NONE', ( #3922 ), #4846, .T. ) ;
#1941 = ORIENTED_EDGE ( 'NONE', *, *, #3258, .T. ) ;
#1942 = AXIS2_PLACEMENT_3D ( 'NONE', #4456, #6986, #2838 ) ;
#1943 = ORIENTED_EDGE ( 'NONE', *, *, #5725, .T. ) ;
#1944 =( NAMED_UNIT ( * ) PLANE_ANGLE_UNIT ( ) SI_UNIT ( $, .RADIAN. ) );
#1945 = DIRECTION ( 'NONE',  ( 0.0000000000000000000, 0.0000000000000000000, -1.000000000000000000 ) ) ;
#1946 = ORIENTED_EDGE ( 'NONE', *, *, #3171, .T. ) ;
#1947 = SURFACE_STYLE_USAGE ( .BOTH. , #7675 ) ;
#1948 = DIRECTION ( 'NONE',  ( -0.7423134210255906100, 0.0000000000000000000, 0.6700528225187056800 ) ) ;
#1949 = ORIENTED_EDGE ( 'NONE', *, *, #2931, .F. ) ;
#1950 = EDGE_CURVE ( 'NONE', #8316, #8690, #3511, .T. ) ;
#1951 = CARTESIAN_POINT ( 'NONE',  ( -16.94289321881344200, -21.15000000000000600, 9.500000000000000000 ) ) ;
#1952 = ORIENTED_EDGE ( 'NONE', *, *, #4085, .F. ) ;
#1953 = EDGE_LOOP ( 'NONE', ( #7871, #10747, #4737 ) ) ;
#1954 = EDGE_LOOP ( 'NONE', ( #6573, #5262 ) ) ;
#1955 = ORIENTED_EDGE ( 'NONE', *, *, #6055, .F. ) ;
#1956 = VERTEX_POINT ( 'NONE', #131 ) ;
#1957 = ORIENTED_EDGE ( 'NONE', *, *, #5973, .T. ) ;
#1958 = ADVANCED_FACE ( 'NONE', ( #1264 ), #2595, .T. ) ;
#1959 = VECTOR ( 'NONE', #2639, 1000.000000000000000 ) ;
#1960 = ORIENTED_EDGE ( 'NONE', *, *, #3555, .T. ) ;
#1961 = DIRECTION ( 'NONE',  ( -0.0000000000000000000, -0.0000000000000000000, -1.000000000000000000 ) ) ;
#1962 = DIRECTION ( 'NONE',  ( -1.235860604586726600E-014, 1.000000000000000000, 0.0000000000000000000 ) ) ;
#1963 = ORIENTED_EDGE ( 'NONE', *, *, #10735, .F. ) ;
#1964 = DIRECTION ( 'NONE',  ( -0.0000000000000000000, 1.000000000000000000, -0.0000000000000000000 ) ) ;
#1965 = ORIENTED_EDGE ( 'NONE', *, *, #6168, .T. ) ;
#1966 = DIRECTION ( 'NONE',  ( 0.0000000000000000000, -1.000000000000000000, 0.0000000000000000000 ) ) ;
#1967 = DIRECTION ( 'NONE',  ( -0.0000000000000000000, -1.000000000000000000, 0.0000000000000000000 ) ) ;
#1968 = EDGE_LOOP ( 'NONE', ( #8939, #233, #6162, #10385, #2359, #1439, #556, #10708, #214, #10754, #6189, #9967 ) ) ;
#1969 = CARTESIAN_POINT ( 'NONE',  ( 20.00000000000000000, 0.0000000000000000000, -33.49999999999999300 ) ) ;
#1970 = ORIENTED_EDGE ( 'NONE', *, *, #3747, .T. ) ;
#1971 = PRESENTATION_LAYER_ASSIGNMENT (  '', '', ( #1416 ) ) ;
#1972 = MECHANICAL_DESIGN_GEOMETRIC_PRESENTATION_REPRESENTATION (  '', ( #278 ), #7619 ) ;
#1973 = LINE ( 'NONE', #7016, #678 ) ;
#1974 = ORIENTED_EDGE ( 'NONE', *, *, #8213, .F. ) ;
#1975 = CARTESIAN_POINT ( 'NONE',  ( 0.0000000000000000000, 21.14999999999999900, 10.00000000000000000 ) ) ;
#1976 = DIRECTION ( 'NONE',  ( -0.0000000000000000000, -0.0000000000000000000, -1.000000000000000000 ) ) ;
#1977 = ORIENTED_EDGE ( 'NONE', *, *, #1440, .T. ) ;
#1978 = ORIENTED_EDGE ( 'NONE', *, *, #7386, .T. ) ;
#1979 = ORIENTED_EDGE ( 'NONE', *, *, #5973, .F. ) ;
#1980 = CARTESIAN_POINT ( 'NONE',  ( -18.24999999999999600, 15.50000000000087400, -26.99999999999999600 ) ) ;
#1981 = DIRECTION ( 'NONE',  ( 1.000000000000000000, 0.0000000000000000000, 0.0000000000000000000 ) ) ;
#1982 = ORIENTED_EDGE ( 'NONE', *, *, #2673, .F. ) ;
#1983 = CARTESIAN_POINT ( 'NONE',  ( -21.00355339059326800, -17.29644660940672900, -28.49999999999999600 ) ) ;
#1984 = LINE ( 'NONE', #5101, #8308 ) ;
#1986 = ORIENTED_EDGE ( 'NONE', *, *, #4670, .F. ) ;
#1985 = DIRECTION ( 'NONE',  ( 0.0000000000000000000, -1.000000000000000000, 0.0000000000000000000 ) ) ;
#1987 =( GEOMETRIC_REPRESENTATION_CONTEXT ( 3 ) GLOBAL_UNCERTAINTY_ASSIGNED_CONTEXT ( ( #5785 ) ) GLOBAL_UNIT_ASSIGNED_CONTEXT ( ( #10512, #7975, #5483 ) ) REPRESENTATION_CONTEXT ( 'NONE', 'WORKASPACE' ) );
#1988 = VECTOR ( 'NONE', #8300, 1000.000000000000000 ) ;
#1989 = AXIS2_PLACEMENT_3D ( 'NONE', #8168, #2263, #4105 ) ;
#1990 = UNCERTAINTY_MEASURE_WITH_UNIT (LENGTH_MEASURE( 1.000000000000000100E-005 ), #7785, 'distance_accuracy_value', 'NONE');
#1991 = DIRECTION ( 'NONE',  ( -1.000000000000000000, 0.0000000000000000000, 0.0000000000000000000 ) ) ;
#1992 = ORIENTED_EDGE ( 'NONE', *, *, #6270, .T. ) ;
#1993 = FILL_AREA_STYLE ('',( #7073 ) ) ;
#1994 = CARTESIAN_POINT ( 'NONE',  ( -1.800000000000000700, -18.15000000000000600, -31.35000000000000100 ) ) ;
#1995 = CARTESIAN_POINT ( 'NONE',  ( 14.25001964264473400, 15.96497596851043000, -28.49999999999999600 ) ) ;
#1996 = ADVANCED_FACE ( 'NONE', ( #5505 ), #993, .T. ) ;
#1997 = CARTESIAN_POINT ( 'NONE',  ( 3.000000000000023100, -18.15000000000000600, -32.50000000000000000 ) ) ;
#1998 = CARTESIAN_POINT ( 'NONE',  ( 0.0000000000000000000, -21.25000000000000700, -25.10661729131781100 ) ) ;
#1999 = AXIS2_PLACEMENT_3D ( 'NONE', #10027, #4155, #10855 ) ;
#2000 = EDGE_CURVE ( 'NONE', #6427, #6115, #9656, .T. ) ;
#2001 = EDGE_LOOP ( 'NONE', ( #4054, #2522, #4242, #7084 ) ) ;
#2002 = LINE ( 'NONE', #2057, #9235 ) ;
#2003 = EDGE_LOOP ( 'NONE', ( #1857, #5417, #6836, #10581 ) ) ;
#2004 =( LENGTH_UNIT ( ) NAMED_UNIT ( * ) SI_UNIT ( .MILLI., .METRE. ) );
#2005 = AXIS2_PLACEMENT_3D ( 'NONE', #7652, #8428, #10111 ) ;
#2006 = DIRECTION ( 'NONE',  ( -0.0000000000000000000, 1.000000000000000000, -0.0000000000000000000 ) ) ;
#2007 = DIRECTION ( 'NONE',  ( -0.0000000000000000000, 1.000000000000000000, -0.0000000000000000000 ) ) ;
#2008 = STYLED_ITEM ( 'NONE', ( #8980 ), #8619 ) ;
#2009 = PRESENTATION_STYLE_ASSIGNMENT (( #1278 ) ) ;
#2010 = FACE_OUTER_BOUND ( 'NONE', #5577, .T. ) ;
#2011 = CARTESIAN_POINT ( 'NONE',  ( -15.03502403149003500, 15.01375035175260000, -26.99999999999999600 ) ) ;
#2012 = EDGE_LOOP ( 'NONE', ( #2242, #10766, #1696, #6832 ) ) ;
#2013 = ADVANCED_FACE ( 'NONE', ( #2055 ), #307, .F. ) ;
#2014 = AXIS2_PLACEMENT_3D ( 'NONE', #9672, #3802, #10531 ) ;
#2015 = EDGE_CURVE ( 'NONE', #3186, #3299, #5234, .T. ) ;
#2016 = LINE ( 'NONE', #1150, #700 ) ;
#2017 = EDGE_CURVE ( 'NONE', #1826, #2717, #617, .T. ) ;
#2018 = CARTESIAN_POINT ( 'NONE',  ( 0.0000000000000000000, 2.000000000000000000, 0.0000000000000000000 ) ) ;
#2019 = CARTESIAN_POINT ( 'NONE',  ( 12.75000000000000200, 15.50000000000000000, -26.99999999999999600 ) ) ;
#2020 = VECTOR ( 'NONE', #4160, 1000.000000000000000 ) ;
#2021 = DIRECTION ( 'NONE',  ( -0.0000000000000000000, -0.0000000000000000000, 1.000000000000000000 ) ) ;
#2022 = CARTESIAN_POINT ( 'NONE',  ( 1.339045298307557800, -39.15000000000000600, -25.01295075771274100 ) ) ;
#2023 = COLOUR_RGB ( '',1.000000000000000000, 0.0000000000000000000, 0.0000000000000000000 ) ;
#2024 = DIRECTION ( 'NONE',  ( 8.202002250481357500E-017, -1.000000000000000000, -0.0000000000000000000 ) ) ;
#2025 = COLOUR_RGB ( '',0.2509803921568627400, 0.2509803921568627400, 0.2509803921568627400 ) ;
#2026 = VECTOR ( 'NONE', #2006, 1000.000000000000000 ) ;
#2027 = VECTOR ( 'NONE', #6136, 1000.000000000000000 ) ;
#2028 = LINE ( 'NONE', #2864, #2570 ) ;
#2029 = DIRECTION ( 'NONE',  ( -1.000000000000000000, 0.0000000000000000000, -0.0000000000000000000 ) ) ;
#2030 = DIRECTION ( 'NONE',  ( 0.0000000000000000000, 0.0000000000000000000, -1.000000000000000000 ) ) ;
#2031 = DIRECTION ( 'NONE',  ( -0.0000000000000000000, 1.000000000000000000, -0.0000000000000000000 ) ) ;
#2032 = FACE_OUTER_BOUND ( 'NONE', #2252, .T. ) ;
#2033 = FACE_OUTER_BOUND ( 'NONE', #910, .T. ) ;
#2034 = CARTESIAN_POINT ( 'NONE',  ( 21.14999999999999900, 21.14999999999999900, -28.99999999999999600 ) ) ;
#2035 =( LENGTH_UNIT ( ) NAMED_UNIT ( * ) SI_UNIT ( .MILLI., .METRE. ) );
#2036 = CIRCLE ( 'NONE', #393, 1.249999999999997600 ) ;
#2037 = DIRECTION ( 'NONE',  ( -1.000000000000000000, 0.0000000000000000000, 0.0000000000000000000 ) ) ;
#2038 = EDGE_CURVE ( 'NONE', #7479, #7868, #5377, .T. ) ;
#2039 = UNCERTAINTY_MEASURE_WITH_UNIT (LENGTH_MEASURE( 1.000000000000000100E-005 ), #7383, 'distance_accuracy_value', 'NONE');
#2040 = CARTESIAN_POINT ( 'NONE',  ( -21.14999999999999500, -16.94289321881344900, 2.000000000000000000 ) ) ;
#2041 = DIRECTION ( 'NONE',  ( -0.0000000000000000000, -0.0000000000000000000, -1.000000000000000000 ) ) ;
#2042 = PRESENTATION_LAYER_ASSIGNMENT (  '', '', ( #10452 ) ) ;
#2043 = LINE ( 'NONE', #1617, #3119 ) ;
#2044 = DIRECTION ( 'NONE',  ( 1.000000000000000000, 0.0000000000000000000, 0.0000000000000000000 ) ) ;
#2045 = DIRECTION ( 'NONE',  ( 1.000000000000000000, 0.0000000000000000000, 0.0000000000000000000 ) ) ;
#2046 = FACE_OUTER_BOUND ( 'NONE', #2146, .T. ) ;
#2047 = DIRECTION ( 'NONE',  ( 1.000000000000000000, 0.0000000000000000000, 0.0000000000000000000 ) ) ;
#2048 = FACE_OUTER_BOUND ( 'NONE', #5275, .T. ) ;
#2049 = FACE_OUTER_BOUND ( 'NONE', #8518, .T. ) ;
#2050 = FACE_OUTER_BOUND ( 'NONE', #9104, .T. ) ;
#2051 = ADVANCED_FACE ( 'NONE', ( #746 ), #1405, .T. ) ;
#2052 = SURFACE_SIDE_STYLE ('',( #3103 ) ) ;
#2053 = CARTESIAN_POINT ( 'NONE',  ( 13.32957238623955800, 21.14999999999999900, 2.000000000000001800 ) ) ;
#2054 = CARTESIAN_POINT ( 'NONE',  ( 2.583848208458102500, -21.25000000000000700, -22.62528041072263800 ) ) ;
#2055 = FACE_OUTER_BOUND ( 'NONE', #7223, .T. ) ;
#2056 = AXIS2_PLACEMENT_3D ( 'NONE', #10562, #10521, #9776 ) ;
#2057 = CARTESIAN_POINT ( 'NONE',  ( 3.599999999999998800, -19.15000000000000600, -26.49999999999999600 ) ) ;
#2058 = LINE ( 'NONE', #5490, #6920 ) ;
#2059 = AXIS2_PLACEMENT_3D ( 'NONE', #7237, #1489, #1422 ) ;
#2060 = VECTOR ( 'NONE', #6108, 1000.000000000000000 ) ;
#2061 = AXIS2_PLACEMENT_3D ( 'NONE', #1994, #9647, #10368 ) ;
#2062 = LINE ( 'NONE', #5247, #4437 ) ;
#2063 = ORIENTED_EDGE ( 'NONE', *, *, #4053, .F. ) ;
#2064 = CIRCLE ( 'NONE', #6088, 1.250000000000001100 ) ;
#2065 = CARTESIAN_POINT ( 'NONE',  ( 0.5999999999999997600, -18.15000000000000600, -30.65000000000000200 ) ) ;
#2066 = AXIS2_PLACEMENT_3D ( 'NONE', #228, #6054, #1007 ) ;
#2067 = SURFACE_STYLE_USAGE ( .BOTH. , #8009 ) ;
#2068 = ORIENTED_EDGE ( 'NONE', *, *, #6221, .F. ) ;
#2069 = EDGE_CURVE ( 'NONE', #2090, #6994, #7836, .T. ) ;
#2070 = ADVANCED_FACE ( 'NONE', ( #1538 ), #10415, .F. ) ;
#2071 = FACE_OUTER_BOUND ( 'NONE', #10191, .T. ) ;
#2072 = CARTESIAN_POINT ( 'NONE',  ( 1.799999999999999400, -39.15000000000002000, -31.35000000000000100 ) ) ;
#2073 = DIRECTION ( 'NONE',  ( -0.7071067811865482400, -0.7071067811865469100, -0.0000000000000000000 ) ) ;
#2074 = DIRECTION ( 'NONE',  ( -0.0000000000000000000, -0.0000000000000000000, -1.000000000000000000 ) ) ;
#2075 = UNCERTAINTY_MEASURE_WITH_UNIT (LENGTH_MEASURE( 1.000000000000000100E-005 ), #3207, 'distance_accuracy_value', 'NONE');
#2076 = ORIENTED_EDGE ( 'NONE', *, *, #2264, .F. ) ;
#2077 = AXIS2_PLACEMENT_3D ( 'NONE', #6107, #9393, #7757 ) ;
#2078 = EDGE_CURVE ( 'NONE', #2479, #7596, #6918, .T. ) ;
#2079 = VERTEX_POINT ( 'NONE', #9474 ) ;
#2080 = FILL_AREA_STYLE_COLOUR ( '', #4267 ) ;
#2081 = PRESENTATION_LAYER_ASSIGNMENT (  '', '', ( #4919 ) ) ;
#2082 = CARTESIAN_POINT ( 'NONE',  ( 21.14999999999999900, -13.32957238623955700, -80.84951795962939500 ) ) ;
#2083 = CARTESIAN_POINT ( 'NONE',  ( 21.15000000000000200, -21.15000000000000200, -28.99999999999999600 ) ) ;
#2084 = DIRECTION ( 'NONE',  ( 0.0000000000000000000, -1.000000000000000000, 0.0000000000000000000 ) ) ;
#2085 = ORIENTED_EDGE ( 'NONE', *, *, #6568, .T. ) ;
#2086 = AXIS2_PLACEMENT_3D ( 'NONE', #3783, #2857, #9583 ) ;
#2087 = CIRCLE ( 'NONE', #8259, 2.750000000000000900 ) ;
#2088 = EDGE_CURVE ( 'NONE', #6658, #2527, #10160, .T. ) ;
#2089 = DIRECTION ( 'NONE',  ( -0.0000000000000000000, 1.000000000000000000, -0.0000000000000000000 ) ) ;
#2090 = VERTEX_POINT ( 'NONE', #1116 ) ;
#2091 = ORIENTED_EDGE ( 'NONE', *, *, #1928, .T. ) ;
#2092 = PLANE ( 'NONE',  #7686 ) ;
#2093 = ORIENTED_EDGE ( 'NONE', *, *, #6969, .F. ) ;
#2094 = DIRECTION ( 'NONE',  ( -0.0000000000000000000, -0.0000000000000000000, -1.000000000000000000 ) ) ;
#2095 = ORIENTED_EDGE ( 'NONE', *, *, #6673, .T. ) ;
#2096 = AXIS2_PLACEMENT_3D ( 'NONE', #1975, #3606, #6098 ) ;
#2097 = COLOUR_RGB ( '',0.2509803921568627400, 0.2509803921568627400, 0.2509803921568627400 ) ;
#2098 = EDGE_LOOP ( 'NONE', ( #3160, #1597 ) ) ;
#2099 = ORIENTED_EDGE ( 'NONE', *, *, #7501, .F. ) ;
#2100 = AXIS2_PLACEMENT_3D ( 'NONE', #7503, #4213, #5581 ) ;
#2101 = DIRECTION ( 'NONE',  ( -1.000000000000000000, -8.202002250481357500E-017, 0.0000000000000000000 ) ) ;
#2102 = CARTESIAN_POINT ( 'NONE',  ( -13.59999999999999600, 15.50000000000087400, -27.99999999999999600 ) ) ;
#2103 = FILL_AREA_STYLE ('',( #1279 ) ) ;
#2104 = DIRECTION ( 'NONE',  ( 0.0000000000000000000, 0.0000000000000000000, -1.000000000000000000 ) ) ;
#2105 = ORIENTED_EDGE ( 'NONE', *, *, #2398, .F. ) ;
#2106 = VERTEX_POINT ( 'NONE', #8056 ) ;
#2107 = DIRECTION ( 'NONE',  ( 1.000000000000000000, 0.0000000000000000000, 0.0000000000000000000 ) ) ;
#2108 = EDGE_CURVE ( 'NONE', #1885, #4505, #8485, .T. ) ;
#2109 = SURFACE_STYLE_FILL_AREA ( #7342 ) ;
#2110 = VERTEX_POINT ( 'NONE', #4705 ) ;
#2111 =( NAMED_UNIT ( * ) PLANE_ANGLE_UNIT ( ) SI_UNIT ( $, .RADIAN. ) );
#2112 = VERTEX_POINT ( 'NONE', #8943 ) ;
#2113 = CARTESIAN_POINT ( 'NONE',  ( 15.03502403148815200, -15.01375035175166400, -28.49999999999999600 ) ) ;
#2114 = ADVANCED_FACE ( 'NONE', ( #2581 ), #4572, .F. ) ;
#2115 = CARTESIAN_POINT ( 'NONE',  ( 1.693713464724400800E-015, -20.65000000000000600, 10.00000000000000000 ) ) ;
#2116 = EDGE_CURVE ( 'NONE', #10302, #2563, #6260, .T. ) ;
#2117 = VECTOR ( 'NONE', #7192, 1000.000000000000100 ) ;
#2118 = ORIENTED_EDGE ( 'NONE', *, *, #741, .F. ) ;
#2119 =( LENGTH_UNIT ( ) NAMED_UNIT ( * ) SI_UNIT ( .MILLI., .METRE. ) );
#2120 = AXIS2_PLACEMENT_3D ( 'NONE', #8098, #9777, #4787 ) ;
#2121 = DIRECTION ( 'NONE',  ( 1.000000000000000000, 0.0000000000000000000, 0.0000000000000000000 ) ) ;
#2122 = SURFACE_STYLE_USAGE ( .BOTH. , #6277 ) ;
#2123 = CARTESIAN_POINT ( 'NONE',  ( 15.96497596850902000, -16.74998035735574600, -28.49999999999999600 ) ) ;
#2124 = CARTESIAN_POINT ( 'NONE',  ( 15.50000000000000000, 15.50000000000000000, 5.500000000000000000 ) ) ;
#2125 = ORIENTED_EDGE ( 'NONE', *, *, #7977, .F. ) ;
#2126 = ORIENTED_EDGE ( 'NONE', *, *, #10448, .F. ) ;
#2127 = DIRECTION ( 'NONE',  ( 0.0000000000000000000, 0.0000000000000000000, 1.000000000000000000 ) ) ;
#2128 = EDGE_LOOP ( 'NONE', ( #3567, #1714, #7122, #5800 ) ) ;
#2129 = ORIENTED_EDGE ( 'NONE', *, *, #2398, .T. ) ;
#2130 = CARTESIAN_POINT ( 'NONE',  ( 2.583848208458102500, -19.15000000000000600, -22.62528041072263800 ) ) ;
#2131 = ADVANCED_FACE ( 'NONE', ( #2046 ), #4117, .F. ) ;
#2132 = STYLED_ITEM ( 'NONE', ( #3070 ), #6694 ) ;
#2133 = MECHANICAL_DESIGN_GEOMETRIC_PRESENTATION_REPRESENTATION (  '', ( #989 ), #9289 ) ;
#2134 = DIRECTION ( 'NONE',  ( -1.000000000000000000, 0.0000000000000000000, 0.0000000000000000000 ) ) ;
#2135 = CARTESIAN_POINT ( 'NONE',  ( -1.371348881391340800, -39.15000000000000600, -24.45661729131780900 ) ) ;
#2136 = PLANE ( 'NONE',  #2014 ) ;
#2137 = ORIENTED_EDGE ( 'NONE', *, *, #116, .F. ) ;
#2138 = CARTESIAN_POINT ( 'NONE',  ( 0.0000000000000000000, 0.0000000000000000000, 10.00000000000000000 ) ) ;
#2139 = FACE_OUTER_BOUND ( 'NONE', #3677, .T. ) ;
#2140 = ORIENTED_EDGE ( 'NONE', *, *, #4630, .F. ) ;
#2141 = DIRECTION ( 'NONE',  ( 1.000000000000000000, 0.0000000000000000000, 0.0000000000000000000 ) ) ;
#2142 = DIRECTION ( 'NONE',  ( 1.000000000000000000, -0.0000000000000000000, -0.0000000000000000000 ) ) ;
#2143 = VECTOR ( 'NONE', #2950, 1000.000000000000000 ) ;
#2144 = AXIS2_PLACEMENT_3D ( 'NONE', #8093, #6320, #1413 ) ;
#2145 = EDGE_CURVE ( 'NONE', #868, #7643, #9020, .T. ) ;
#2146 = EDGE_LOOP ( 'NONE', ( #9828, #5009, #7358, #115 ) ) ;
#2147 = SURFACE_STYLE_FILL_AREA ( #2188 ) ;
#2148 = AXIS2_PLACEMENT_3D ( 'NONE', #6999, #5091, #5908 ) ;
#2149 = CARTESIAN_POINT ( 'NONE',  ( 20.65000000000000200, -16.94289321881341700, -28.99999999999999600 ) ) ;
#2150 = DIRECTION ( 'NONE',  ( 1.000000000000000000, 0.0000000000000000000, 0.0000000000000000000 ) ) ;
#2151 = CIRCLE ( 'NONE', #3717, 15.50000000000000000 ) ;
#2152 = AXIS2_PLACEMENT_3D ( 'NONE', #1233, #10759, #2404 ) ;
#2154 = VECTOR ( 'NONE', #8731, 1000.000000000000000 ) ;
#2153 = DIRECTION ( 'NONE',  ( 0.0000000000000000000, 0.0000000000000000000, 1.000000000000000000 ) ) ;
#2155 = EDGE_CURVE ( 'NONE', #9338, #6597, #4179, .T. ) ;
#2156 = FILL_AREA_STYLE ('',( #7117 ) ) ;
#2157 = DIRECTION ( 'NONE',  ( 0.0000000000000000000, 0.0000000000000000000, -1.000000000000000000 ) ) ;
#2158 = ORIENTED_EDGE ( 'NONE', *, *, #8212, .F. ) ;
#2159 = DIRECTION ( 'NONE',  ( 0.0000000000000000000, 0.0000000000000000000, -1.000000000000000000 ) ) ;
#2160 = MECHANICAL_DESIGN_GEOMETRIC_PRESENTATION_REPRESENTATION (  '', ( #469 ), #2726 ) ;
#2161 =( LENGTH_UNIT ( ) NAMED_UNIT ( * ) SI_UNIT ( .MILLI., .METRE. ) );
#2162 = FACE_OUTER_BOUND ( 'NONE', #9346, .T. ) ;
#2163 = AXIS2_PLACEMENT_3D ( 'NONE', #8280, #3340, #2388 ) ;
#2164 = CIRCLE ( 'NONE', #3767, 0.5000000000000004400 ) ;
#2165 = DIRECTION ( 'NONE',  ( -0.0000000000000000000, -0.0000000000000000000, 1.000000000000000000 ) ) ;
#2166 = COLOUR_RGB ( '',0.2509803921568627400, 0.2509803921568627400, 0.2509803921568627400 ) ;
#2167 = EDGE_CURVE ( 'NONE', #8117, #6482, #3901, .T. ) ;
#2168 = FILL_AREA_STYLE ('',( #8071 ) ) ;
#2169 = DIRECTION ( 'NONE',  ( 0.0000000000000000000, 0.0000000000000000000, 1.000000000000000000 ) ) ;
#2170 =( NAMED_UNIT ( * ) SI_UNIT ( $, .STERADIAN. ) SOLID_ANGLE_UNIT ( ) );
#2171 = SURFACE_STYLE_FILL_AREA ( #9590 ) ;
#2172 = DIRECTION ( 'NONE',  ( -0.7071067811865475700, -0.7071067811865475700, -4.906538933386793300E-015 ) ) ;
#2173 = PRESENTATION_STYLE_ASSIGNMENT (( #1243 ) ) ;
#2174 = CARTESIAN_POINT ( 'NONE',  ( 15.50000000000000400, -15.50000000000000000, 5.500000000000000000 ) ) ;
#2175 = VERTEX_POINT ( 'NONE', #6457 ) ;
#2176 = DIRECTION ( 'NONE',  ( 1.000000000000000000, 0.0000000000000000000, 0.0000000000000000000 ) ) ;
#2177 = CIRCLE ( 'NONE', #3859, 2.799999999999999800 ) ;
#2178 = SPHERICAL_SURFACE ( 'NONE', #9934, 0.5000000000000000000 ) ;
#2179 = SURFACE_STYLE_FILL_AREA ( #2948 ) ;
#2180 = ORIENTED_EDGE ( 'NONE', *, *, #5888, .T. ) ;
#2181 = LINE ( 'NONE', #8110, #5497 ) ;
#2182 = ADVANCED_FACE ( 'NONE', ( #4433 ), #7303, .T. ) ;
#2183 = ORIENTED_EDGE ( 'NONE', *, *, #2881, .F. ) ;
#2184 = DIRECTION ( 'NONE',  ( 1.000000000000000000, 8.202002250481357500E-017, 0.0000000000000000000 ) ) ;
#2185 = LINE ( 'NONE', #10851, #10679 ) ;
#2186 = DIRECTION ( 'NONE',  ( -1.000000000000000000, 0.0000000000000000000, 0.0000000000000000000 ) ) ;
#2187 = SURFACE_SIDE_STYLE ('',( #9284 ) ) ;
#2188 = FILL_AREA_STYLE ('',( #460 ) ) ;
#2189 = VECTOR ( 'NONE', #8097, 1000.000000000000000 ) ;
#2190 = CARTESIAN_POINT ( 'NONE',  ( 0.0000000000000000000, 0.0000000000000000000, 2.000000000000001800 ) ) ;
#2191 = CARTESIAN_POINT ( 'NONE',  ( -16.74999999999999300, 15.50000000000000000, 5.500000000000000000 ) ) ;
#2192 = FACE_OUTER_BOUND ( 'NONE', #9455, .T. ) ;
#2193 = CARTESIAN_POINT ( 'NONE',  ( -15.50000000000000000, 1.898202538678397600E-015, 10.00000000000000000 ) ) ;
#2194 =( GEOMETRIC_REPRESENTATION_CONTEXT ( 3 ) GLOBAL_UNCERTAINTY_ASSIGNED_CONTEXT ( ( #10108 ) ) GLOBAL_UNIT_ASSIGNED_CONTEXT ( ( #6526, #634, #4962 ) ) REPRESENTATION_CONTEXT ( 'NONE', 'WORKASPACE' ) );
#2195 = ORIENTED_EDGE ( 'NONE', *, *, #2856, .F. ) ;
#2196 = SURFACE_SIDE_STYLE ('',( #2690 ) ) ;
#2197 = DIRECTION ( 'NONE',  ( 1.000000000000000000, 0.0000000000000000000, 0.0000000000000000000 ) ) ;
#2198 = DIRECTION ( 'NONE',  ( 1.865390464730955100E-015, -1.000000000000000000, 0.0000000000000000000 ) ) ;
#2199 = UNCERTAINTY_MEASURE_WITH_UNIT (LENGTH_MEASURE( 1.000000000000000100E-005 ), #7053, 'distance_accuracy_value', 'NONE');
#2200 = FACE_OUTER_BOUND ( 'NONE', #554, .T. ) ;
#2201 = CARTESIAN_POINT ( 'NONE',  ( 0.0000000000000000000, 0.0000000000000000000, -28.99999999999999600 ) ) ;
#2202 = ORIENTED_EDGE ( 'NONE', *, *, #4137, .F. ) ;
#2203 = CARTESIAN_POINT ( 'NONE',  ( 0.0000000000000000000, 21.14999999999999900, -19.00000000000000000 ) ) ;
#2204 = DIRECTION ( 'NONE',  ( 1.659555831213623100E-016, 0.0000000000000000000, -1.000000000000000000 ) ) ;
#2205 = VECTOR ( 'NONE', #7798, 1000.000000000000000 ) ;
#2206 = DIRECTION ( 'NONE',  ( -0.7071067811865475700, 0.7071067811865475700, 3.469446951953626400E-015 ) ) ;
#2207 = DIRECTION ( 'NONE',  ( -1.000000000000000000, 0.0000000000000000000, 0.0000000000000000000 ) ) ;
#2208 =( GEOMETRIC_REPRESENTATION_CONTEXT ( 3 ) GLOBAL_UNCERTAINTY_ASSIGNED_CONTEXT ( ( #2350 ) ) GLOBAL_UNIT_ASSIGNED_CONTEXT ( ( #7535, #8257, #1618 ) ) REPRESENTATION_CONTEXT ( 'NONE', 'WORKASPACE' ) );
#2209 = CIRCLE ( 'NONE', #10126, 3.249999999999997800 ) ;
#2210 = UNCERTAINTY_MEASURE_WITH_UNIT (LENGTH_MEASURE( 1.000000000000000100E-005 ), #10830, 'distance_accuracy_value', 'NONE');
#2211 = ORIENTED_EDGE ( 'NONE', *, *, #968, .F. ) ;
#2212 = PRESENTATION_LAYER_ASSIGNMENT (  '', '', ( #1076 ) ) ;
#2213 = DIRECTION ( 'NONE',  ( -1.000000000000000000, 0.0000000000000000000, 0.0000000000000000000 ) ) ;
#2214 = ORIENTED_EDGE ( 'NONE', *, *, #1459, .T. ) ;
#2215 = EDGE_CURVE ( 'NONE', #4328, #4882, #10424, .T. ) ;
#2216 = VERTEX_POINT ( 'NONE', #10789 ) ;
#2217 = CARTESIAN_POINT ( 'NONE',  ( 0.0000000000000000000, 0.0000000000000000000, -33.49999999999999300 ) ) ;
#2218 = CARTESIAN_POINT ( 'NONE',  ( -20.64999999999999500, 16.94289321881343100, -28.49999999999999600 ) ) ;
#2219 = ADVANCED_FACE ( 'NONE', ( #5997 ), #1604, .F. ) ;
#2220 = CARTESIAN_POINT ( 'NONE',  ( -16.94289321881343500, 20.64999999999999900, -28.49999999999999600 ) ) ;
#2221 = ORIENTED_EDGE ( 'NONE', *, *, #2078, .T. ) ;
#2222 = MECHANICAL_DESIGN_GEOMETRIC_PRESENTATION_REPRESENTATION (  '', ( #3223 ), #3559 ) ;
#2223 =( NAMED_UNIT ( * ) PLANE_ANGLE_UNIT ( ) SI_UNIT ( $, .RADIAN. ) );
#2224 = ORIENTED_EDGE ( 'NONE', *, *, #7329, .F. ) ;
#2225 = AXIS2_PLACEMENT_3D ( 'NONE', #7257, #8016, #9730 ) ;
#2226 = ORIENTED_EDGE ( 'NONE', *, *, #8892, .T. ) ;
#2227 = VERTEX_POINT ( 'NONE', #3047 ) ;
#2228 = DIRECTION ( 'NONE',  ( -1.000000000000000000, 0.0000000000000000000, -0.0000000000000000000 ) ) ;
#2229 = ORIENTED_EDGE ( 'NONE', *, *, #9650, .F. ) ;
#2230 = ORIENTED_EDGE ( 'NONE', *, *, #4622, .T. ) ;
#2231 = DIRECTION ( 'NONE',  ( 0.0000000000000000000, 0.0000000000000000000, -1.000000000000000000 ) ) ;
#2232 = DIRECTION ( 'NONE',  ( 0.0000000000000000000, 0.0000000000000000000, -1.000000000000000000 ) ) ;
#2233 = ORIENTED_EDGE ( 'NONE', *, *, #4739, .F. ) ;
#2234 = CARTESIAN_POINT ( 'NONE',  ( 17.69999999999999900, 15.50000000000000000, -28.49999999999999600 ) ) ;
#2235 = CARTESIAN_POINT ( 'NONE',  ( 15.50000000000000000, 15.50000000000000000, -28.49999999999999600 ) ) ;
#2236 = AXIS2_PLACEMENT_3D ( 'NONE', #5353, #9489, #9453 ) ;
#2237 = LINE ( 'NONE', #3656, #913 ) ;
#2238 = EDGE_CURVE ( 'NONE', #6439, #6621, #4833, .T. ) ;
#2239 = ORIENTED_EDGE ( 'NONE', *, *, #7700, .T. ) ;
#2240 = EDGE_CURVE ( 'NONE', #3019, #2316, #8886, .T. ) ;
#2241 = FILL_AREA_STYLE_COLOUR ( '', #3041 ) ;
#2242 = ORIENTED_EDGE ( 'NONE', *, *, #8119, .F. ) ;
#2243 = CARTESIAN_POINT ( 'NONE',  ( 16.94289321881341300, 21.14999999999999900, -28.49999999999999600 ) ) ;
#2244 = ADVANCED_FACE ( 'NONE', ( #3772 ), #7624, .F. ) ;
#2245 = CIRCLE ( 'NONE', #2443, 3.250000000000001300 ) ;
#2246 = SURFACE_STYLE_USAGE ( .BOTH. , #8154 ) ;
#2247 = ORIENTED_EDGE ( 'NONE', *, *, #3985, .T. ) ;
#2248 = FILL_AREA_STYLE_COLOUR ( '', #6648 ) ;
#2249 = FILL_AREA_STYLE_COLOUR ( '', #2799 ) ;
#2250 = DIRECTION ( 'NONE',  ( -0.0000000000000000000, -0.0000000000000000000, 1.000000000000000000 ) ) ;
#2251 = ORIENTED_EDGE ( 'NONE', *, *, #1761, .T. ) ;
#2252 = EDGE_LOOP ( 'NONE', ( #2757, #536, #6291, #3071 ) ) ;
#2253 = UNCERTAINTY_MEASURE_WITH_UNIT (LENGTH_MEASURE( 1.000000000000000100E-005 ), #9851, 'distance_accuracy_value', 'NONE');
#2254 = FACE_OUTER_BOUND ( 'NONE', #6109, .T. ) ;
#2256 = ORIENTED_EDGE ( 'NONE', *, *, #6331, .F. ) ;
#2255 = CARTESIAN_POINT ( 'NONE',  ( -1.800000000000000300, -39.15000000000002000, -30.15000000000000200 ) ) ;
#2257 = ORIENTED_EDGE ( 'NONE', *, *, #1375, .T. ) ;
#2258 = ORIENTED_EDGE ( 'NONE', *, *, #7573, .T. ) ;
#2259 = ORIENTED_EDGE ( 'NONE', *, *, #8746, .T. ) ;
#2260 = DIRECTION ( 'NONE',  ( 0.0000000000000000000, -0.0000000000000000000, -1.000000000000000000 ) ) ;
#2261 = DIRECTION ( 'NONE',  ( 0.0000000000000000000, -1.000000000000000000, 0.0000000000000000000 ) ) ;
#2262 = CARTESIAN_POINT ( 'NONE',  ( -15.01375035175306900, -14.19283027458502200, -26.99999999999999600 ) ) ;
#2263 = DIRECTION ( 'NONE',  ( -5.211847922874174100E-016, 1.000000000000000000, 0.0000000000000000000 ) ) ;
#2264 = EDGE_CURVE ( 'NONE', #7599, #1738, #8617, .T. ) ;
#2265 = CARTESIAN_POINT ( 'NONE',  ( -1.371348881391340800, -39.15000000000000600, -23.90028382492288000 ) ) ;
#2266 = EDGE_LOOP ( 'NONE', ( #10737, #379 ) ) ;
#2267 =( GEOMETRIC_REPRESENTATION_CONTEXT ( 3 ) GLOBAL_UNCERTAINTY_ASSIGNED_CONTEXT ( ( #243 ) ) GLOBAL_UNIT_ASSIGNED_CONTEXT ( ( #355, #3706, #3968 ) ) REPRESENTATION_CONTEXT ( 'NONE', 'WORKASPACE' ) );
#2268 = ORIENTED_EDGE ( 'NONE', *, *, #249, .T. ) ;
#2269 = CARTESIAN_POINT ( 'NONE',  ( 12.45525991511551000, -21.25000000000000700, -13.55425343703741200 ) ) ;
#2270 = CARTESIAN_POINT ( 'NONE',  ( -1.286173548617090100E-014, -21.25000000000000700, -25.94999999999999600 ) ) ;
#2271 = CARTESIAN_POINT ( 'NONE',  ( -14.25001964264661500, -15.96497596850949400, -26.99999999999999600 ) ) ;
#2272 = SURFACE_STYLE_USAGE ( .BOTH. , #1415 ) ;
#2273 = ORIENTED_EDGE ( 'NONE', *, *, #9614, .F. ) ;
#2274 = SURFACE_STYLE_USAGE ( .BOTH. , #4898 ) ;
#2275 = DIRECTION ( 'NONE',  ( 1.000000000000000000, 0.0000000000000000000, -0.0000000000000000000 ) ) ;
#2276 = PRESENTATION_STYLE_ASSIGNMENT (( #9146 ) ) ;
#2277 =( NAMED_UNIT ( * ) PLANE_ANGLE_UNIT ( ) SI_UNIT ( $, .RADIAN. ) );
#2278 = ORIENTED_EDGE ( 'NONE', *, *, #9222, .T. ) ;
#2279 = CIRCLE ( 'NONE', #3611, 3.249999999999997800 ) ;
#2280 = AXIS2_PLACEMENT_3D ( 'NONE', #6422, #3131, #9025 ) ;
#2281 = AXIS2_PLACEMENT_3D ( 'NONE', #1276, #7104, #1317 ) ;
#2282 = FACE_OUTER_BOUND ( 'NONE', #3542, .T. ) ;
#2283 = CARTESIAN_POINT ( 'NONE',  ( 15.01375035175125200, 15.96497596851013900, -28.49999999999999600 ) ) ;
#2284 = DIRECTION ( 'NONE',  ( 0.0000000000000000000, -1.000000000000000000, 0.0000000000000000000 ) ) ;
#2285 = DIRECTION ( 'NONE',  ( -1.000000000000000000, -8.202002250481356300E-017, 0.0000000000000000000 ) ) ;
#2286 = LINE ( 'NONE', #4120, #9814 ) ;
#2287 = CARTESIAN_POINT ( 'NONE',  ( -1.371348881391340800, -19.15000000000000600, -23.68316467552383000 ) ) ;
#2288 = PRESENTATION_LAYER_ASSIGNMENT (  '', '', ( #2641 ) ) ;
#2289 = DIRECTION ( 'NONE',  ( 1.000000000000000000, 0.0000000000000000000, 0.0000000000000000000 ) ) ;
#2290 = EDGE_CURVE ( 'NONE', #1060, #7610, #1916, .T. ) ;
#2291 = ORIENTED_EDGE ( 'NONE', *, *, #7845, .T. ) ;
#2292 = VECTOR ( 'NONE', #6186, 1000.000000000000000 ) ;
#2293 = AXIS2_PLACEMENT_3D ( 'NONE', #4968, #5770, #8286 ) ;
#2294 = EDGE_CURVE ( 'NONE', #6060, #7744, #3639, .T. ) ;
#2295 = CARTESIAN_POINT ( 'NONE',  ( -0.6000000000000007500, -39.15000000000002000, -30.85000000000000100 ) ) ;
#2296 = VECTOR ( 'NONE', #1239, 1000.000000000000000 ) ;
#2297 = AXIS2_PLACEMENT_3D ( 'NONE', #5930, #1838, #2697 ) ;
#2298 = FACE_OUTER_BOUND ( 'NONE', #4876, .T. ) ;
#2299 = DIRECTION ( 'NONE',  ( 0.0000000000000000000, 0.0000000000000000000, -1.000000000000000000 ) ) ;
#2300 = FACE_OUTER_BOUND ( 'NONE', #3698, .T. ) ;
#2301 = ADVANCED_FACE ( 'NONE', ( #5364 ), #3311, .F. ) ;
#2302 = DIRECTION ( 'NONE',  ( -0.0000000000000000000, -0.0000000000000000000, 1.000000000000000000 ) ) ;
#2303 = CARTESIAN_POINT ( 'NONE',  ( -13.10000000000087000, -15.49999999999912400, -26.99999999999999600 ) ) ;
#2304 =( NAMED_UNIT ( * ) SI_UNIT ( $, .STERADIAN. ) SOLID_ANGLE_UNIT ( ) );
#2305 = CARTESIAN_POINT ( 'NONE',  ( 14.25001964264473400, 15.96497596851043000, -26.99999999999999600 ) ) ;
#2306 = STYLED_ITEM ( 'NONE', ( #2955 ), #2660 ) ;
#2307 = PRESENTATION_STYLE_ASSIGNMENT (( #8012 ) ) ;
#2308 = EDGE_CURVE ( 'NONE', #2925, #3874, #4967, .T. ) ;
#2309 = LINE ( 'NONE', #8063, #9368 ) ;
#2310 = SURFACE_STYLE_FILL_AREA ( #3707 ) ;
#2311 =( NAMED_UNIT ( * ) PLANE_ANGLE_UNIT ( ) SI_UNIT ( $, .RADIAN. ) );
#2312 = LINE ( 'NONE', #6951, #2027 ) ;
#2313 = SURFACE_STYLE_USAGE ( .BOTH. , #8144 ) ;
#2314 = PLANE ( 'NONE',  #5241 ) ;
#2315 =( GEOMETRIC_REPRESENTATION_CONTEXT ( 3 ) GLOBAL_UNCERTAINTY_ASSIGNED_CONTEXT ( ( #8391 ) ) GLOBAL_UNIT_ASSIGNED_CONTEXT ( ( #4761, #552, #6430 ) ) REPRESENTATION_CONTEXT ( 'NONE', 'WORKASPACE' ) );
#2316 = VERTEX_POINT ( 'NONE', #10090 ) ;
#2317 = STYLED_ITEM ( 'NONE', ( #5311 ), #9008 ) ;
#2318 = CARTESIAN_POINT ( 'NONE',  ( 1.339045298307557800, -39.15000000000000600, -22.57049774273397000 ) ) ;
#2319 = CIRCLE ( 'NONE', #9718, 0.5000000000000004400 ) ;
#2320 = CARTESIAN_POINT ( 'NONE',  ( 15.49999999999912400, -15.50000000000000200, -28.99999999999999600 ) ) ;
#2321 = FILL_AREA_STYLE ('',( #6469 ) ) ;
#2322 = SURFACE_STYLE_FILL_AREA ( #9213 ) ;
#2323 = ORIENTED_EDGE ( 'NONE', *, *, #59, .T. ) ;
#2324 = VECTOR ( 'NONE', #3762, 1000.000000000000000 ) ;
#2325 = EDGE_CURVE ( 'NONE', #9005, #6856, #193, .T. ) ;
#2326 = DIRECTION ( 'NONE',  ( 3.815920199215883900E-013, 1.000000000000000000, -0.0000000000000000000 ) ) ;
#2327 = SURFACE_SIDE_STYLE ('',( #9017 ) ) ;
#2328 = CARTESIAN_POINT ( 'NONE',  ( -21.15999999999998900, 13.31369220013744000, -20.99999999999999600 ) ) ;
#2329 = CIRCLE ( 'NONE', #9948, 2.399999999999999500 ) ;
#2330 = ORIENTED_EDGE ( 'NONE', *, *, #8803, .T. ) ;
#2331 = SURFACE_STYLE_FILL_AREA ( #3346 ) ;
#2332 = LINE ( 'NONE', #5597, #877 ) ;
#2333 = TOROIDAL_SURFACE ( 'NONE', #309, 1.900000000000000600, 0.5000000000000000000 ) ;
#2334 = EDGE_CURVE ( 'NONE', #9561, #9843, #10819, .T. ) ;
#2335 = EDGE_CURVE ( 'NONE', #4090, #1956, #2976, .T. ) ;
#2336 = FACE_OUTER_BOUND ( 'NONE', #6866, .T. ) ;
#2337 = DIRECTION ( 'NONE',  ( -1.000000000000000000, 0.0000000000000000000, 4.956352788505164300E-016 ) ) ;
#2338 = DIRECTION ( 'NONE',  ( 0.0000000000000000000, 0.0000000000000000000, 1.000000000000000000 ) ) ;
#2339 = CARTESIAN_POINT ( 'NONE',  ( 0.0000000000000000000, -21.25000000000000700, -25.10661729131781100 ) ) ;
#2340 = CIRCLE ( 'NONE', #6797, 0.5000000000000004400 ) ;
#2341 = LINE ( 'NONE', #991, #2060 ) ;
#2342 = CARTESIAN_POINT ( 'NONE',  ( 18.74999999999999600, 15.50000000000000000, -28.99999999999999600 ) ) ;
#2343 = ADVANCED_FACE ( 'NONE', ( #7043, #6393 ), #10823, .T. ) ;
#2344 = ORIENTED_EDGE ( 'NONE', *, *, #7308, .F. ) ;
#2345 = DIRECTION ( 'NONE',  ( 0.0000000000000000000, -0.0000000000000000000, -1.000000000000000000 ) ) ;
#2346 = VECTOR ( 'NONE', #10152, 1000.000000000000000 ) ;
#2347 = ORIENTED_EDGE ( 'NONE', *, *, #7649, .F. ) ;
#2348 = ORIENTED_EDGE ( 'NONE', *, *, #9929, .F. ) ;
#2349 = DIRECTION ( 'NONE',  ( 0.7071067811865481300, 0.7071067811865469100, 0.0000000000000000000 ) ) ;
#2350 = UNCERTAINTY_MEASURE_WITH_UNIT (LENGTH_MEASURE( 1.000000000000000100E-005 ), #7535, 'distance_accuracy_value', 'NONE');
#2351 = CARTESIAN_POINT ( 'NONE',  ( -11.50000000000000000, 1.408343819019456200E-015, 10.00000000000000000 ) ) ;
#2352 = CARTESIAN_POINT ( 'NONE',  ( 1.999999999999994900, 2.449293598294700000E-016, 34.00000000000000000 ) ) ;
#2353 = STYLED_ITEM ( 'NONE', ( #835 ), #6373 ) ;
#2354 = AXIS2_PLACEMENT_3D ( 'NONE', #4585, #8893, #4692 ) ;
#2355 = ORIENTED_EDGE ( 'NONE', *, *, #9014, .F. ) ;
#2356 = VERTEX_POINT ( 'NONE', #9467 ) ;
#2357 = CIRCLE ( 'NONE', #10257, 11.50000000000000000 ) ;
#2358 = DIRECTION ( 'NONE',  ( 0.0000000000000000000, 0.0000000000000000000, 1.000000000000000000 ) ) ;
#2359 = ORIENTED_EDGE ( 'NONE', *, *, #4630, .T. ) ;
#2360 = FILL_AREA_STYLE ('',( #9885 ) ) ;
#2361 = DIRECTION ( 'NONE',  ( 0.0000000000000000000, 0.0000000000000000000, -1.000000000000000000 ) ) ;
#2362 = ADVANCED_FACE ( 'NONE', ( #7815 ), #8875, .T. ) ;
#2363 = ORIENTED_EDGE ( 'NONE', *, *, #231, .F. ) ;
#2364 =( NAMED_UNIT ( * ) SI_UNIT ( $, .STERADIAN. ) SOLID_ANGLE_UNIT ( ) );
#2365 = PLANE ( 'NONE',  #4005 ) ;
#2366 = DIRECTION ( 'NONE',  ( 0.0000000000000000000, 0.0000000000000000000, -1.000000000000000000 ) ) ;
#2367 = CARTESIAN_POINT ( 'NONE',  ( 1.500000000000000200, 2.000000000000000000, 34.00000000000000000 ) ) ;
#2368 = ORIENTED_EDGE ( 'NONE', *, *, #6734, .T. ) ;
#2369 = EDGE_CURVE ( 'NONE', #9944, #6394, #9006, .T. ) ;
#2370 = ORIENTED_EDGE ( 'NONE', *, *, #3449, .F. ) ;
#2371 = CARTESIAN_POINT ( 'NONE',  ( -0.6000000000000003100, -39.15000000000002000, -30.15000000000000200 ) ) ;
#2372 = ORIENTED_EDGE ( 'NONE', *, *, #4711, .F. ) ;
#2373 = MECHANICAL_DESIGN_GEOMETRIC_PRESENTATION_REPRESENTATION (  '', ( #8964 ), #10059 ) ;
#2374 = VERTEX_POINT ( 'NONE', #4329 ) ;
#2375 = PRESENTATION_LAYER_ASSIGNMENT (  '', '', ( #7632 ) ) ;
#2376 = FACE_OUTER_BOUND ( 'NONE', #229, .T. ) ;
#2377 = EDGE_LOOP ( 'NONE', ( #5712, #1941, #2535, #6340, #10623, #945 ) ) ;
#2378 = DIRECTION ( 'NONE',  ( 0.0000000000000000000, 0.0000000000000000000, -1.000000000000000000 ) ) ;
#2379 = ORIENTED_EDGE ( 'NONE', *, *, #7067, .T. ) ;
#2380 = EDGE_CURVE ( 'NONE', #6597, #509, #10543, .T. ) ;
#2381 = MECHANICAL_DESIGN_GEOMETRIC_PRESENTATION_REPRESENTATION (  '', ( #7079 ), #4476 ) ;
#2382 = EDGE_CURVE ( 'NONE', #2106, #3450, #5621, .T. ) ;
#2383 = ORIENTED_EDGE ( 'NONE', *, *, #476, .T. ) ;
#2384 = ORIENTED_EDGE ( 'NONE', *, *, #8020, .F. ) ;
#2385 = DIRECTION ( 'NONE',  ( 0.0000000000000000000, 0.0000000000000000000, 1.000000000000000000 ) ) ;
#2386 =( NAMED_UNIT ( * ) PLANE_ANGLE_UNIT ( ) SI_UNIT ( $, .RADIAN. ) );
#2387 = CARTESIAN_POINT ( 'NONE',  ( -20.64999999999999500, -16.94289321881344900, 9.500000000000000000 ) ) ;
#2388 = DIRECTION ( 'NONE',  ( -1.000000000000000000, 0.0000000000000000000, -0.0000000000000000000 ) ) ;
#2389 = ORIENTED_EDGE ( 'NONE', *, *, #7835, .F. ) ;
#2390 = PRESENTATION_LAYER_ASSIGNMENT (  '', '', ( #9876 ) ) ;
#2391 = CARTESIAN_POINT ( 'NONE',  ( -18.75000000000087400, -15.49999999999912400, -28.99999999999999600 ) ) ;
#2392 = EDGE_LOOP ( 'NONE', ( #2202, #915 ) ) ;
#2393 = FILL_AREA_STYLE ('',( #7375 ) ) ;
#2394 = SURFACE_STYLE_USAGE ( .BOTH. , #6615 ) ;
#2395 =( LENGTH_UNIT ( ) NAMED_UNIT ( * ) SI_UNIT ( .MILLI., .METRE. ) );
#2396 =( NAMED_UNIT ( * ) PLANE_ANGLE_UNIT ( ) SI_UNIT ( $, .RADIAN. ) );
#2397 = EDGE_CURVE ( 'NONE', #7744, #2412, #1253, .T. ) ;
#2398 = EDGE_CURVE ( 'NONE', #382, #6115, #7310, .T. ) ;
#2399 = ORIENTED_EDGE ( 'NONE', *, *, #7435, .F. ) ;
#2400 = DIRECTION ( 'NONE',  ( 0.0000000000000000000, 0.0000000000000000000, 1.000000000000000000 ) ) ;
#2401 = CARTESIAN_POINT ( 'NONE',  ( -1.800000000000000700, -39.15000000000002000, -31.35000000000000100 ) ) ;
#2402 =( LENGTH_UNIT ( ) NAMED_UNIT ( * ) SI_UNIT ( .MILLI., .METRE. ) );
#2403 = CARTESIAN_POINT ( 'NONE',  ( -14.24999999999999600, 15.50000000000000000, 5.500000000000000000 ) ) ;
#2404 = DIRECTION ( 'NONE',  ( 1.000000000000000000, 0.0000000000000000000, 0.0000000000000000000 ) ) ;
#2405 = ADVANCED_FACE ( 'NONE', ( #4422 ), #7805, .T. ) ;
#2406 = SURFACE_STYLE_USAGE ( .BOTH. , #6429 ) ;
#2407 = PLANE ( 'NONE',  #10713 ) ;
#2408 = DIRECTION ( 'NONE',  ( -0.0000000000000000000, -0.0000000000000000000, 1.000000000000000000 ) ) ;
#2409 = EDGE_LOOP ( 'NONE', ( #6204, #111, #5562, #5438 ) ) ;
#2410 = DIRECTION ( 'NONE',  ( -0.0000000000000000000, 0.0000000000000000000, 1.000000000000000000 ) ) ;
#2411 = ORIENTED_EDGE ( 'NONE', *, *, #3782, .F. ) ;
#2412 = VERTEX_POINT ( 'NONE', #1070 ) ;
#2413 = VERTEX_POINT ( 'NONE', #4435 ) ;
#2414 = ORIENTED_EDGE ( 'NONE', *, *, #2145, .T. ) ;
#2415 = DIRECTION ( 'NONE',  ( 1.000000000000000000, 3.383959779057477100E-012, 0.0000000000000000000 ) ) ;
#2416 = ORIENTED_EDGE ( 'NONE', *, *, #2516, .T. ) ;
#2417 = FACE_OUTER_BOUND ( 'NONE', #8247, .T. ) ;
#2418 = VERTEX_POINT ( 'NONE', #7827 ) ;
#2419 = CARTESIAN_POINT ( 'NONE',  ( 15.98624964824874800, 16.80716972541398100, -26.99999999999999600 ) ) ;
#2420 = CARTESIAN_POINT ( 'NONE',  ( -21.14999999999999500, 16.94289321881343100, -19.00000000000000000 ) ) ;
#2421 = DIRECTION ( 'NONE',  ( -0.0000000000000000000, -0.0000000000000000000, -1.000000000000000000 ) ) ;
#2422 = SURFACE_STYLE_USAGE ( .BOTH. , #8276 ) ;
#2423 = LINE ( 'NONE', #5612, #6077 ) ;
#2424 =( LENGTH_UNIT ( ) NAMED_UNIT ( * ) SI_UNIT ( .MILLI., .METRE. ) );
#2425 = DIRECTION ( 'NONE',  ( 1.000000000000000000, 0.0000000000000000000, -0.0000000000000000000 ) ) ;
#2426 = LINE ( 'NONE', #2456, #1478 ) ;
#2427 = EDGE_CURVE ( 'NONE', #4049, #9529, #2965, .T. ) ;
#2428 = AXIS2_PLACEMENT_3D ( 'NONE', #3515, #157, #7656 ) ;
#2429 = PRESENTATION_LAYER_ASSIGNMENT (  '', '', ( #9162 ) ) ;
#2430 = VECTOR ( 'NONE', #2464, 1000.000000000000000 ) ;
#2431 =( LENGTH_UNIT ( ) NAMED_UNIT ( * ) SI_UNIT ( .MILLI., .METRE. ) );
#2432 = DIRECTION ( 'NONE',  ( 0.0000000000000000000, -1.000000000000000000, 0.0000000000000000000 ) ) ;
#2433 =( NAMED_UNIT ( * ) PLANE_ANGLE_UNIT ( ) SI_UNIT ( $, .RADIAN. ) );
#2434 = SURFACE_STYLE_USAGE ( .BOTH. , #2536 ) ;
#2435 = UNCERTAINTY_MEASURE_WITH_UNIT (LENGTH_MEASURE( 1.000000000000000100E-005 ), #5077, 'distance_accuracy_value', 'NONE');
#2436 = CIRCLE ( 'NONE', #1583, 0.5000000000000004400 ) ;
#2437 =( NAMED_UNIT ( * ) PLANE_ANGLE_UNIT ( ) SI_UNIT ( $, .RADIAN. ) );
#2438 = COLOUR_RGB ( '',0.2509803921568627400, 0.2509803921568627400, 0.2509803921568627400 ) ;
#2439 = DIRECTION ( 'NONE',  ( 0.0000000000000000000, -1.000000000000000000, 0.0000000000000000000 ) ) ;
#2440 = CARTESIAN_POINT ( 'NONE',  ( 2.799999999999999800, 3.429011037612588800E-016, -25.99999999999999600 ) ) ;
#2441 = PRESENTATION_LAYER_ASSIGNMENT (  '', '', ( #3547 ) ) ;
#2442 = ORIENTED_EDGE ( 'NONE', *, *, #7874, .T. ) ;
#2443 = AXIS2_PLACEMENT_3D ( 'NONE', #9207, #2400, #4938 ) ;
#2444 = DIRECTION ( 'NONE',  ( -1.000000000000000000, 0.0000000000000000000, 0.0000000000000000000 ) ) ;
#2445 =( LENGTH_UNIT ( ) NAMED_UNIT ( * ) SI_UNIT ( .MILLI., .METRE. ) );
#2446 = FACE_OUTER_BOUND ( 'NONE', #3068, .T. ) ;
#2447 = CARTESIAN_POINT ( 'NONE',  ( -15.98624964825069700, -14.19283027458502200, -26.99999999999999600 ) ) ;
#2448 = CIRCLE ( 'NONE', #4903, 3.500000000000000000 ) ;
#2449 = EDGE_CURVE ( 'NONE', #8779, #5026, #8739, .T. ) ;
#2450 = FACE_OUTER_BOUND ( 'NONE', #6395, .T. ) ;
#2451 = CYLINDRICAL_SURFACE ( 'NONE', #9321, 0.5000000000000004400 ) ;
#2452 = DIRECTION ( 'NONE',  ( 0.0000000000000000000, 0.0000000000000000000, -1.000000000000000000 ) ) ;
#2453 = AXIS2_PLACEMENT_3D ( 'NONE', #4325, #148, #1705 ) ;
#2454 = EDGE_CURVE ( 'NONE', #10638, #4119, #5742, .T. ) ;
#2455 = CARTESIAN_POINT ( 'NONE',  ( -3.516151791541895800, -19.15000000000000600, -21.79825338369560200 ) ) ;
#2456 = CARTESIAN_POINT ( 'NONE',  ( -15.03502403149003500, 16.74998035735667700, -26.99999999999999600 ) ) ;
#2457 = ORIENTED_EDGE ( 'NONE', *, *, #9373, .T. ) ;
#2458 =( NAMED_UNIT ( * ) PLANE_ANGLE_UNIT ( ) SI_UNIT ( $, .RADIAN. ) );
#2459 = FACE_OUTER_BOUND ( 'NONE', #5903, .T. ) ;
#2460 = FACE_BOUND ( 'NONE', #3649, .T. ) ;
#2461 = CARTESIAN_POINT ( 'NONE',  ( -4.000000000000000000, 4.898587196589412800E-016, 11.50000000000000000 ) ) ;
#2462 = ADVANCED_FACE ( 'NONE', ( #6522 ), #4159, .F. ) ;
#2463 = CARTESIAN_POINT ( 'NONE',  ( 15.49999999999912400, -15.50000000000000200, -26.99999999999999600 ) ) ;
#2464 = DIRECTION ( 'NONE',  ( -1.865390464730961800E-015, 1.000000000000000000, -0.0000000000000000000 ) ) ;
#2465 = MECHANICAL_DESIGN_GEOMETRIC_PRESENTATION_REPRESENTATION (  '', ( #10487 ), #6940 ) ;
#2466 = EDGE_CURVE ( 'NONE', #10319, #10491, #4296, .T. ) ;
#2467 = COLOUR_RGB ( '',0.2509803921568627400, 0.2509803921568627400, 0.2509803921568627400 ) ;
#2468 = DIRECTION ( 'NONE',  ( -4.542762141924063400E-015, 1.000000000000000000, -0.0000000000000000000 ) ) ;
#2469 = CARTESIAN_POINT ( 'NONE',  ( 1.339045298307557800, -19.15000000000000600, -23.68316467552383400 ) ) ;
#2470 = CARTESIAN_POINT ( 'NONE',  ( -21.14999999999999500, 17.14999999999999500, 10.00000000000000000 ) ) ;
#2471 = ORIENTED_EDGE ( 'NONE', *, *, #881, .T. ) ;
#2472 =( GEOMETRIC_REPRESENTATION_CONTEXT ( 3 ) GLOBAL_UNCERTAINTY_ASSIGNED_CONTEXT ( ( #4647 ) ) GLOBAL_UNIT_ASSIGNED_CONTEXT ( ( #4530, #1944, #7783 ) ) REPRESENTATION_CONTEXT ( 'NONE', 'WORKASPACE' ) );
#2473 = DIRECTION ( 'NONE',  ( 0.0000000000000000000, 0.0000000000000000000, 1.000000000000000000 ) ) ;
#2474 = AXIS2_PLACEMENT_3D ( 'NONE', #3362, #9220, #4212 ) ;
#2475 = DIRECTION ( 'NONE',  ( -1.000000000000000000, 3.906775442054348700E-013, 0.0000000000000000000 ) ) ;
#2476 = CARTESIAN_POINT ( 'NONE',  ( 21.14999999999999900, 16.94289321881343500, -19.00000000000000000 ) ) ;
#2477 =( NAMED_UNIT ( * ) PLANE_ANGLE_UNIT ( ) SI_UNIT ( $, .RADIAN. ) );
#2478 = CARTESIAN_POINT ( 'NONE',  ( -21.14999999999999500, -13.32957238623956400, -19.00000000000000400 ) ) ;
#2479 = VERTEX_POINT ( 'NONE', #2817 ) ;
#2480 = SURFACE_STYLE_USAGE ( .BOTH. , #8406 ) ;
#2481 =( NAMED_UNIT ( * ) PLANE_ANGLE_UNIT ( ) SI_UNIT ( $, .RADIAN. ) );
#2482 = SURFACE_SIDE_STYLE ('',( #9751 ) ) ;
#2483 = DIRECTION ( 'NONE',  ( -0.7071067811865469100, -0.7071067811865482400, 0.0000000000000000000 ) ) ;
#2484 = EDGE_CURVE ( 'NONE', #9180, #7217, #5857, .T. ) ;
#2485 = ORIENTED_EDGE ( 'NONE', *, *, #9929, .T. ) ;
#2486 = SURFACE_STYLE_FILL_AREA ( #10710 ) ;
#2487 = EDGE_CURVE ( 'NONE', #1438, #9180, #725, .T. ) ;
#2488 = CARTESIAN_POINT ( 'NONE',  ( -21.00355339059326800, 17.29644660940672200, 9.500000000000000000 ) ) ;
#2489 = CARTESIAN_POINT ( 'NONE',  ( 15.01375035175125200, 14.19283027458602200, -28.49999999999999600 ) ) ;
#2490 = CARTESIAN_POINT ( 'NONE',  ( -16.94289321881343100, 20.64999999999999900, -19.00000000000000000 ) ) ;
#2491 = FACE_OUTER_BOUND ( 'NONE', #780, .T. ) ;
#2492 = ORIENTED_EDGE ( 'NONE', *, *, #686, .T. ) ;
#2493 = EDGE_LOOP ( 'NONE', ( #4305, #285, #6728, #4752, #10861, #7720 ) ) ;
#2494 = COLOUR_RGB ( '',0.2509803921568627400, 0.2509803921568627400, 0.2509803921568627400 ) ;
#2495 = SURFACE_STYLE_USAGE ( .BOTH. , #791 ) ;
#2496 = EDGE_LOOP ( 'NONE', ( #9144, #10474, #3664 ) ) ;
#2497 = DIRECTION ( 'NONE',  ( -0.0000000000000000000, -0.0000000000000000000, -1.000000000000000000 ) ) ;
#2498 = DIRECTION ( 'NONE',  ( -1.000000000000000000, 0.0000000000000000000, 0.0000000000000000000 ) ) ;
#2499 = VERTEX_POINT ( 'NONE', #9535 ) ;
#2500 = STYLED_ITEM ( 'NONE', ( #3334 ), #6750 ) ;
#2501 = VERTEX_POINT ( 'NONE', #296 ) ;
#2502 = PRESENTATION_LAYER_ASSIGNMENT (  '', '', ( #10317 ) ) ;
#2503 =( NAMED_UNIT ( * ) SI_UNIT ( $, .STERADIAN. ) SOLID_ANGLE_UNIT ( ) );
#2504 = VERTEX_POINT ( 'NONE', #89 ) ;
#2505 = CARTESIAN_POINT ( 'NONE',  ( -15.49999999999999600, 15.50000000000087400, -28.99999999999999600 ) ) ;
#2506 = ORIENTED_EDGE ( 'NONE', *, *, #6019, .F. ) ;
#2507 = VERTEX_POINT ( 'NONE', #3689 ) ;
#2508 = FILL_AREA_STYLE ('',( #1680 ) ) ;
#2509 = EDGE_LOOP ( 'NONE', ( #9426, #9345, #979, #5254 ) ) ;
#2510 = EDGE_LOOP ( 'NONE', ( #8169, #3672, #4913, #826 ) ) ;
#2511 = ORIENTED_EDGE ( 'NONE', *, *, #2647, .F. ) ;
#2512 = ADVANCED_FACE ( 'NONE', ( #7438 ), #4684, .F. ) ;
#2513 = DIRECTION ( 'NONE',  ( 1.000000000000000000, 0.0000000000000000000, 0.0000000000000000000 ) ) ;
#2514 = CARTESIAN_POINT ( 'NONE',  ( -13.32957238623955800, 21.14999999999999900, -20.99999999999999600 ) ) ;
#2515 = ORIENTED_EDGE ( 'NONE', *, *, #7428, .F. ) ;
#2516 = EDGE_CURVE ( 'NONE', #4882, #6435, #6252, .T. ) ;
#2517 = VERTEX_POINT ( 'NONE', #4484 ) ;
#2518 = MECHANICAL_DESIGN_GEOMETRIC_PRESENTATION_REPRESENTATION (  '', ( #8677 ), #9251 ) ;
#2519 = CARTESIAN_POINT ( 'NONE',  ( 15.96497596850902500, -15.01375035175166400, -28.49999999999999600 ) ) ;
#2520 = FILL_AREA_STYLE ('',( #701 ) ) ;
#2521 = AXIS2_PLACEMENT_3D ( 'NONE', #764, #7531, #8468 ) ;
#2522 = ORIENTED_EDGE ( 'NONE', *, *, #5794, .F. ) ;
#2523 = EDGE_CURVE ( 'NONE', #9992, #8178, #4957, .T. ) ;
#2524 = CARTESIAN_POINT ( 'NONE',  ( 16.94289321881343800, 21.14999999999999900, 9.500000000000000000 ) ) ;
#2525 = DIRECTION ( 'NONE',  ( -1.000000000000000000, 0.0000000000000000000, -0.0000000000000000000 ) ) ;
#2526 = VERTEX_POINT ( 'NONE', #4445 ) ;
#2527 = VERTEX_POINT ( 'NONE', #10419 ) ;
#2528 = AXIS2_PLACEMENT_3D ( 'NONE', #10660, #1658, #9935 ) ;
#2529 =( LENGTH_UNIT ( ) NAMED_UNIT ( * ) SI_UNIT ( .MILLI., .METRE. ) );
#2530 = AXIS2_PLACEMENT_3D ( 'NONE', #8699, #9527, #9419 ) ;
#2531 = EDGE_LOOP ( 'NONE', ( #2355, #5007, #1799, #3054 ) ) ;
#2532 = FILL_AREA_STYLE_COLOUR ( '', #1115 ) ;
#2533 = EDGE_LOOP ( 'NONE', ( #502, #9090, #9089, #9185 ) ) ;
#2534 = CARTESIAN_POINT ( 'NONE',  ( -16.74998035735715300, -15.96497596850949400, -26.99999999999999600 ) ) ;
#2535 = ORIENTED_EDGE ( 'NONE', *, *, #3376, .T. ) ;
#2536 = SURFACE_SIDE_STYLE ('',( #2486 ) ) ;
#2537 = DIRECTION ( 'NONE',  ( -0.0000000000000000000, -0.0000000000000000000, -1.000000000000000000 ) ) ;
#2538 = EDGE_CURVE ( 'NONE', #3641, #120, #1510, .T. ) ;
#2539 = FACE_OUTER_BOUND ( 'NONE', #7138, .T. ) ;
#2540 = EDGE_LOOP ( 'NONE', ( #8877, #9387, #9679, #8431 ) ) ;
#2541 = PLANE ( 'NONE',  #2578 ) ;
#2542 = VERTEX_POINT ( 'NONE', #6281 ) ;
#2543 =( NAMED_UNIT ( * ) SI_UNIT ( $, .STERADIAN. ) SOLID_ANGLE_UNIT ( ) );
#2544 = SURFACE_STYLE_FILL_AREA ( #6513 ) ;
#2545 = EDGE_LOOP ( 'NONE', ( #7996, #9689, #71, #5579 ) ) ;
#2546 = LINE ( 'NONE', #5004, #9865 ) ;
#2547 = UNCERTAINTY_MEASURE_WITH_UNIT (LENGTH_MEASURE( 1.000000000000000100E-005 ), #182, 'distance_accuracy_value', 'NONE');
#2548 = ORIENTED_EDGE ( 'NONE', *, *, #8447, .T. ) ;
#2549 = CIRCLE ( 'NONE', #648, 2.700000000000001100 ) ;
#2550 = FACE_OUTER_BOUND ( 'NONE', #7989, .T. ) ;
#2551 = SURFACE_STYLE_FILL_AREA ( #8112 ) ;
#2552 = CARTESIAN_POINT ( 'NONE',  ( -16.94289321881344500, -20.65000000000000600, -28.49999999999999600 ) ) ;
#2553 = ORIENTED_EDGE ( 'NONE', *, *, #5359, .T. ) ;
#2554 = DIRECTION ( 'NONE',  ( -1.000000000000000000, 0.0000000000000000000, 0.0000000000000000000 ) ) ;
#2555 = ADVANCED_FACE ( 'NONE', ( #2032 ), #9132, .T. ) ;
#2556 = AXIS2_PLACEMENT_3D ( 'NONE', #996, #5226, #6889 ) ;
#2557 = DIRECTION ( 'NONE',  ( 0.0000000000000000000, 0.0000000000000000000, -1.000000000000000000 ) ) ;
#2558 = UNCERTAINTY_MEASURE_WITH_UNIT (LENGTH_MEASURE( 1.000000000000000100E-005 ), #5346, 'distance_accuracy_value', 'NONE');
#2559 = STYLED_ITEM ( 'NONE', ( #6803 ), #672 ) ;
#2560 = CIRCLE ( 'NONE', #5523, 2.500000000000000000 ) ;
#2561 = FILL_AREA_STYLE_COLOUR ( '', #3385 ) ;
#2562 = PRESENTATION_STYLE_ASSIGNMENT (( #10039 ) ) ;
#2563 = VERTEX_POINT ( 'NONE', #7948 ) ;
#2564 = CIRCLE ( 'NONE', #8613, 3.500000000000000000 ) ;
#2565 = LINE ( 'NONE', #528, #8723 ) ;
#2566 = DIRECTION ( 'NONE',  ( 0.0000000000000000000, -1.000000000000000000, 0.0000000000000000000 ) ) ;
#2567 = CARTESIAN_POINT ( 'NONE',  ( 15.98624964824874800, 15.96497596851013900, -28.49999999999999600 ) ) ;
#2568 = MECHANICAL_DESIGN_GEOMETRIC_PRESENTATION_REPRESENTATION (  '', ( #5552 ), #1987 ) ;
#2569 = AXIS2_PLACEMENT_3D ( 'NONE', #425, #6269, #529 ) ;
#2570 = VECTOR ( 'NONE', #2901, 1000.000000000000000 ) ;
#2571 = EDGE_LOOP ( 'NONE', ( #729, #10493 ) ) ;
#2572 = EDGE_CURVE ( 'NONE', #6641, #5357, #1897, .T. ) ;
#2573 = AXIS2_PLACEMENT_3D ( 'NONE', #3822, #5525, #467 ) ;
#2574 = EDGE_CURVE ( 'NONE', #7743, #2413, #6898, .T. ) ;
#2575 = ORIENTED_EDGE ( 'NONE', *, *, #6230, .T. ) ;
#2576 = CIRCLE ( 'NONE', #5485, 2.499999999999999600 ) ;
#2577 = VECTOR ( 'NONE', #4655, 1000.000000000000000 ) ;
#2578 = AXIS2_PLACEMENT_3D ( 'NONE', #6726, #7628, #9299 ) ;
#2579 = CYLINDRICAL_SURFACE ( 'NONE', #8845, 1.249999999999999300 ) ;
#2580 = CARTESIAN_POINT ( 'NONE',  ( -14.25001964264661700, -15.03502403148863200, -28.49999999999999600 ) ) ;
#2581 = FACE_OUTER_BOUND ( 'NONE', #3979, .T. ) ;
#2582 =( NAMED_UNIT ( * ) SI_UNIT ( $, .STERADIAN. ) SOLID_ANGLE_UNIT ( ) );
#2583 = VECTOR ( 'NONE', #1600, 1000.000000000000000 ) ;
#2584 =( NAMED_UNIT ( * ) SI_UNIT ( $, .STERADIAN. ) SOLID_ANGLE_UNIT ( ) );
#2585 = COLOUR_RGB ( '',0.2509803921568627400, 0.2509803921568627400, 0.2509803921568627400 ) ;
#2586 = CARTESIAN_POINT ( 'NONE',  ( -1.999999999999994900, 2.449293598294700000E-016, -26.99999999999999600 ) ) ;
#2587 = PRESENTATION_LAYER_ASSIGNMENT (  '', '', ( #3006 ) ) ;
#2588 = UNCERTAINTY_MEASURE_WITH_UNIT (LENGTH_MEASURE( 1.000000000000000100E-005 ), #9875, 'distance_accuracy_value', 'NONE');
#2589 = CIRCLE ( 'NONE', #8750, 2.500000000000000000 ) ;
#2590 = EDGE_CURVE ( 'NONE', #1594, #234, #6106, .T. ) ;
#2591 = EDGE_CURVE ( 'NONE', #9529, #4049, #4414, .T. ) ;
#2592 = FILL_AREA_STYLE_COLOUR ( '', #10434 ) ;
#2593 = COLOUR_RGB ( '',0.2509803921568627400, 0.2509803921568627400, 0.2509803921568627400 ) ;
#2594 = PLANE ( 'NONE',  #10399 ) ;
#2595 = TOROIDAL_SURFACE ( 'NONE', #9928, 10.49999999999999800, 0.5000000000000000000 ) ;
#2596 = VECTOR ( 'NONE', #9790, 1000.000000000000000 ) ;
#2597 = DIRECTION ( 'NONE',  ( -0.7071067811865469100, 0.7071067811865482400, -0.0000000000000000000 ) ) ;
#2598 = DIRECTION ( 'NONE',  ( 1.000000000000000000, 0.0000000000000000000, 0.0000000000000000000 ) ) ;
#2599 = CIRCLE ( 'NONE', #3440, 0.5000000000000004400 ) ;
#2600 = ORIENTED_EDGE ( 'NONE', *, *, #2616, .F. ) ;
#2601 = VECTOR ( 'NONE', #9871, 1000.000000000000000 ) ;
#2602 = CARTESIAN_POINT ( 'NONE',  ( 15.01375035175125200, 15.96497596851013900, -26.99999999999999600 ) ) ;
#2603 = DIRECTION ( 'NONE',  ( 1.000000000000000000, 0.0000000000000000000, -0.0000000000000000000 ) ) ;
#2604 = ORIENTED_EDGE ( 'NONE', *, *, #9437, .F. ) ;
#2605 = DIRECTION ( 'NONE',  ( 0.0000000000000000000, 0.0000000000000000000, -1.000000000000000000 ) ) ;
#2606 = ADVANCED_FACE ( 'NONE', ( #185 ), #8214, .T. ) ;
#2607 = CIRCLE ( 'NONE', #6389, 0.5000000000000004400 ) ;
#2608 = PRESENTATION_STYLE_ASSIGNMENT (( #2867 ) ) ;
#2609 = ORIENTED_EDGE ( 'NONE', *, *, #2155, .T. ) ;
#2610 = EDGE_LOOP ( 'NONE', ( #5427, #5302, #10076 ) ) ;
#2611 = LINE ( 'NONE', #5372, #3650 ) ;
#2612 = VERTEX_POINT ( 'NONE', #1119 ) ;
#2613 = DIRECTION ( 'NONE',  ( 0.0000000000000000000, 0.0000000000000000000, 1.000000000000000000 ) ) ;
#2614 = CARTESIAN_POINT ( 'NONE',  ( 16.80716972541264600, -15.98624964824928800, -26.99999999999999600 ) ) ;
#2615 = EDGE_LOOP ( 'NONE', ( #1175, #1206, #9757, #10456 ) ) ;
#2616 = EDGE_CURVE ( 'NONE', #7065, #1034, #2319, .T. ) ;
#2617 = ADVANCED_FACE ( 'NONE', ( #4559 ), #7940, .T. ) ;
#2618 = MECHANICAL_DESIGN_GEOMETRIC_PRESENTATION_REPRESENTATION (  '', ( #10452 ), #7877 ) ;
#2619 = ORIENTED_EDGE ( 'NONE', *, *, #1855, .F. ) ;
#2620 = ORIENTED_EDGE ( 'NONE', *, *, #1335, .F. ) ;
#2621 = CARTESIAN_POINT ( 'NONE',  ( 15.96497596850902000, -16.74998035735574600, -28.49999999999999600 ) ) ;
#2622 = ORIENTED_EDGE ( 'NONE', *, *, #5685, .T. ) ;
#2623 =( NAMED_UNIT ( * ) PLANE_ANGLE_UNIT ( ) SI_UNIT ( $, .RADIAN. ) );
#2624 = EDGE_LOOP ( 'NONE', ( #6336, #5147, #3163 ) ) ;
#2625 =( NAMED_UNIT ( * ) PLANE_ANGLE_UNIT ( ) SI_UNIT ( $, .RADIAN. ) );
#2626 = FACE_OUTER_BOUND ( 'NONE', #8271, .T. ) ;
#2627 = ORIENTED_EDGE ( 'NONE', *, *, #5952, .F. ) ;
#2628 = ORIENTED_EDGE ( 'NONE', *, *, #4546, .F. ) ;
#2629 =( LENGTH_UNIT ( ) NAMED_UNIT ( * ) SI_UNIT ( .MILLI., .METRE. ) );
#2630 = ORIENTED_EDGE ( 'NONE', *, *, #8196, .T. ) ;
#2631 = CARTESIAN_POINT ( 'NONE',  ( -20.00000000000000000, 2.449293598294706500E-015, -33.49999999999999300 ) ) ;
#2632 = AXIS2_PLACEMENT_3D ( 'NONE', #3270, #833, #8358 ) ;
#2633 =( GEOMETRIC_REPRESENTATION_CONTEXT ( 3 ) GLOBAL_UNCERTAINTY_ASSIGNED_CONTEXT ( ( #2039 ) ) GLOBAL_UNIT_ASSIGNED_CONTEXT ( ( #7383, #8949, #3174 ) ) REPRESENTATION_CONTEXT ( 'NONE', 'WORKASPACE' ) );
#2635 = AXIS2_PLACEMENT_3D ( 'NONE', #4660, #339, #6224 ) ;
#2634 = DIRECTION ( 'NONE',  ( 1.000000000000000000, 0.0000000000000000000, 0.0000000000000000000 ) ) ;
#2636 = SURFACE_STYLE_USAGE ( .BOTH. , #4401 ) ;
#2637 = LINE ( 'NONE', #1001, #9074 ) ;
#2638 = ORIENTED_EDGE ( 'NONE', *, *, #6973, .F. ) ;
#2639 = DIRECTION ( 'NONE',  ( -0.0000000000000000000, -0.0000000000000000000, -1.000000000000000000 ) ) ;
#2640 = CARTESIAN_POINT ( 'NONE',  ( -16.74998035735715300, -15.96497596850949400, -26.99999999999999600 ) ) ;
#2641 = STYLED_ITEM ( 'NONE', ( #2743 ), #1940 ) ;
#2642 = EDGE_CURVE ( 'NONE', #2479, #7599, #3245, .T. ) ;
#2643 = ORIENTED_EDGE ( 'NONE', *, *, #525, .F. ) ;
#2644 =( NAMED_UNIT ( * ) SI_UNIT ( $, .STERADIAN. ) SOLID_ANGLE_UNIT ( ) );
#2645 = AXIS2_PLACEMENT_3D ( 'NONE', #8633, #4460, #8531 ) ;
#2646 = LINE ( 'NONE', #6059, #6845 ) ;
#2647 = EDGE_CURVE ( 'NONE', #8178, #104, #715, .T. ) ;
#2648 = ORIENTED_EDGE ( 'NONE', *, *, #10736, .F. ) ;
#2649 = PRESENTATION_LAYER_ASSIGNMENT (  '', '', ( #8677 ) ) ;
#2650 = CARTESIAN_POINT ( 'NONE',  ( 20.64999999999999900, 16.94289321881343100, 10.00000000000000000 ) ) ;
#2651 = AXIS2_PLACEMENT_3D ( 'NONE', #4201, #2605, #5946 ) ;
#2652 = EDGE_CURVE ( 'NONE', #8770, #9956, #3479, .T. ) ;
#2653 = ORIENTED_EDGE ( 'NONE', *, *, #7737, .T. ) ;
#2654 = LINE ( 'NONE', #5174, #10764 ) ;
#2655 = VERTEX_POINT ( 'NONE', #4672 ) ;
#2656 = CARTESIAN_POINT ( 'NONE',  ( 21.15000000000000200, -16.94289321881341000, -28.99999999999999600 ) ) ;
#2657 = VERTEX_POINT ( 'NONE', #7233 ) ;
#2658 = ORIENTED_EDGE ( 'NONE', *, *, #2484, .T. ) ;
#2659 =( LENGTH_UNIT ( ) NAMED_UNIT ( * ) SI_UNIT ( .MILLI., .METRE. ) );
#2660 = ADVANCED_FACE ( 'NONE', ( #7031 ), #9135, .F. ) ;
#2661 = ORIENTED_EDGE ( 'NONE', *, *, #1440, .F. ) ;
#2662 = STYLED_ITEM ( 'NONE', ( #3254 ), #5571 ) ;
#2663 = DIRECTION ( 'NONE',  ( -0.0000000000000000000, -0.0000000000000000000, -1.000000000000000000 ) ) ;
#2664 = AXIS2_PLACEMENT_3D ( 'NONE', #1764, #5925, #9316 ) ;
#2665 = VECTOR ( 'NONE', #2663, 1000.000000000000000 ) ;
#2666 = SURFACE_STYLE_USAGE ( .BOTH. , #1775 ) ;
#2667 = ORIENTED_EDGE ( 'NONE', *, *, #2652, .T. ) ;
#2668 = LINE ( 'NONE', #7140, #151 ) ;
#2669 = EDGE_LOOP ( 'NONE', ( #10863, #2323, #5851, #7129 ) ) ;
#2670 = LINE ( 'NONE', #5310, #7409 ) ;
#2671 = DIRECTION ( 'NONE',  ( -0.0000000000000000000, -0.0000000000000000000, 1.000000000000000000 ) ) ;
#2672 = CARTESIAN_POINT ( 'NONE',  ( 3.483848208458105100, -21.25000000000000700, -25.94999999999999600 ) ) ;
#2673 = EDGE_CURVE ( 'NONE', #9310, #3029, #6647, .T. ) ;
#2674 = ADVANCED_FACE ( 'NONE', ( #2446 ), #10395, .F. ) ;
#2675 = DIRECTION ( 'NONE',  ( 1.000000000000000000, 1.235860604586716300E-014, 0.0000000000000000000 ) ) ;
#2676 =( NAMED_UNIT ( * ) PLANE_ANGLE_UNIT ( ) SI_UNIT ( $, .RADIAN. ) );
#2677 = VECTOR ( 'NONE', #8051, 1000.000000000000000 ) ;
#2678 = UNCERTAINTY_MEASURE_WITH_UNIT (LENGTH_MEASURE( 1.000000000000000100E-005 ), #8729, 'distance_accuracy_value', 'NONE');
#2679 = DIRECTION ( 'NONE',  ( 1.000000000000000000, 8.202002250481357500E-017, 0.0000000000000000000 ) ) ;
#2680 = CYLINDRICAL_SURFACE ( 'NONE', #7844, 0.5563334663949287600 ) ;
#2681 = EDGE_CURVE ( 'NONE', #8022, #651, #2309, .T. ) ;
#2682 = LINE ( 'NONE', #4573, #10010 ) ;
#2683 = CARTESIAN_POINT ( 'NONE',  ( 15.03502403148815200, -15.01375035175166400, -26.99999999999999600 ) ) ;
#2684 = STYLED_ITEM ( 'NONE', ( #7563 ), #135 ) ;
#2685 = LINE ( 'NONE', #6112, #5849 ) ;
#2686 = DIRECTION ( 'NONE',  ( -0.0000000000000000000, -0.0000000000000000000, 1.000000000000000000 ) ) ;
#2687 = ORIENTED_EDGE ( 'NONE', *, *, #3597, .F. ) ;
#2688 = ADVANCED_FACE ( 'NONE', ( #1101 ), #10140, .T. ) ;
#2689 = LINE ( 'NONE', #7211, #6510 ) ;
#2690 = SURFACE_STYLE_FILL_AREA ( #4712 ) ;
#2691 = DIRECTION ( 'NONE',  ( -0.7071067811865496800, -0.7071067811865453500, -0.0000000000000000000 ) ) ;
#2692 = CARTESIAN_POINT ( 'NONE',  ( 0.0000000000000000000, 0.0000000000000000000, -33.49999999999999300 ) ) ;
#2693 = PRESENTATION_STYLE_ASSIGNMENT (( #2422 ) ) ;
#2694 = DIRECTION ( 'NONE',  ( -0.0000000000000000000, -0.0000000000000000000, -1.000000000000000000 ) ) ;
#2695 = LINE ( 'NONE', #415, #7431 ) ;
#2696 = VECTOR ( 'NONE', #7986, 1000.000000000000000 ) ;
#2697 = DIRECTION ( 'NONE',  ( -1.000000000000000000, 0.0000000000000000000, 0.0000000000000000000 ) ) ;
#2698 =( GEOMETRIC_REPRESENTATION_CONTEXT ( 3 ) GLOBAL_UNCERTAINTY_ASSIGNED_CONTEXT ( ( #7843 ) ) GLOBAL_UNIT_ASSIGNED_CONTEXT ( ( #3435, #5078, #5828 ) ) REPRESENTATION_CONTEXT ( 'NONE', 'WORKASPACE' ) );
#2699 = DIRECTION ( 'NONE',  ( 0.0000000000000000000, -1.000000000000000000, 0.0000000000000000000 ) ) ;
#2700 = STYLED_ITEM ( 'NONE', ( #4969 ), #1014 ) ;
#2701 = VECTOR ( 'NONE', #2184, 1000.000000000000000 ) ;
#2702 =( NAMED_UNIT ( * ) PLANE_ANGLE_UNIT ( ) SI_UNIT ( $, .RADIAN. ) );
#2703 = DIRECTION ( 'NONE',  ( 6.938893903907222100E-015, 0.0000000000000000000, -1.000000000000000000 ) ) ;
#2704 = EDGE_LOOP ( 'NONE', ( #8010, #1992, #546, #5911 ) ) ;
#2705 = VECTOR ( 'NONE', #3651, 1000.000000000000000 ) ;
#2706 = LINE ( 'NONE', #1247, #2577 ) ;
#2707 = DIRECTION ( 'NONE',  ( 0.0000000000000000000, 0.0000000000000000000, 1.000000000000000000 ) ) ;
#2708 = CARTESIAN_POINT ( 'NONE',  ( -3.516151791541894500, -21.25000000000000700, -25.94999999999999200 ) ) ;
#2709 = CARTESIAN_POINT ( 'NONE',  ( -19.14999999999998100, -19.15000000000001300, -19.00000000000000000 ) ) ;
#2710 = AXIS2_PLACEMENT_3D ( 'NONE', #3218, #9077, #1429 ) ;
#2711 = DIRECTION ( 'NONE',  ( -1.000000000000000000, 0.0000000000000000000, 0.0000000000000000000 ) ) ;
#2712 = EDGE_CURVE ( 'NONE', #1615, #3404, #4950, .T. ) ;
#2713 = SURFACE_STYLE_FILL_AREA ( #1484 ) ;
#2714 = CARTESIAN_POINT ( 'NONE',  ( -15.96497596851090600, 14.25001964264614300, -26.99999999999999600 ) ) ;
#2715 =( GEOMETRIC_REPRESENTATION_CONTEXT ( 3 ) GLOBAL_UNCERTAINTY_ASSIGNED_CONTEXT ( ( #4500 ) ) GLOBAL_UNIT_ASSIGNED_CONTEXT ( ( #2395, #5014, #683 ) ) REPRESENTATION_CONTEXT ( 'NONE', 'WORKASPACE' ) );
#2716 = ADVANCED_FACE ( 'NONE', ( #853 ), #4814, .F. ) ;
#2717 = VERTEX_POINT ( 'NONE', #7461 ) ;
#2718 = CARTESIAN_POINT ( 'NONE',  ( -1.854663769187156100E-014, -21.25000000000000700, -21.64999999999999500 ) ) ;
#2719 = CIRCLE ( 'NONE', #2297, 2.399999999999999500 ) ;
#2720 = AXIS2_PLACEMENT_3D ( 'NONE', #8019, #2153, #1304 ) ;
#2721 = DIRECTION ( 'NONE',  ( 1.000000000000000000, -0.0000000000000000000, -0.0000000000000000000 ) ) ;
#2722 = EDGE_CURVE ( 'NONE', #3196, #4610, #3365, .T. ) ;
#2723 = DIRECTION ( 'NONE',  ( -1.000000000000000000, 0.0000000000000000000, 0.0000000000000000000 ) ) ;
#2724 = FILL_AREA_STYLE ('',( #7742 ) ) ;
#2725 = CYLINDRICAL_SURFACE ( 'NONE', #220, 2.400000000000001200 ) ;
#2726 =( GEOMETRIC_REPRESENTATION_CONTEXT ( 3 ) GLOBAL_UNCERTAINTY_ASSIGNED_CONTEXT ( ( #3487 ) ) GLOBAL_UNIT_ASSIGNED_CONTEXT ( ( #9148, #782, #10012 ) ) REPRESENTATION_CONTEXT ( 'NONE', 'WORKASPACE' ) );
#2727 = ORIENTED_EDGE ( 'NONE', *, *, #3292, .F. ) ;
#2728 = ADVANCED_FACE ( 'NONE', ( #8727 ), #5464, .T. ) ;
#2729 = AXIS2_PLACEMENT_3D ( 'NONE', #3683, #7028, #147 ) ;
#2730 = CARTESIAN_POINT ( 'NONE',  ( 1.339045298307557800, -39.15000000000000600, -25.01295075771274100 ) ) ;
#2731 =( NAMED_UNIT ( * ) SI_UNIT ( $, .STERADIAN. ) SOLID_ANGLE_UNIT ( ) );
#2732 =( NAMED_UNIT ( * ) PLANE_ANGLE_UNIT ( ) SI_UNIT ( $, .RADIAN. ) );
#2733 = CARTESIAN_POINT ( 'NONE',  ( 14.19283027458454100, -15.01375035175166400, -28.49999999999999600 ) ) ;
#2734 = LINE ( 'NONE', #5607, #7075 ) ;
#2735 = EDGE_CURVE ( 'NONE', #1612, #5403, #4283, .T. ) ;
#2736 = ORIENTED_EDGE ( 'NONE', *, *, #3597, .T. ) ;
#2737 = FACE_OUTER_BOUND ( 'NONE', #9343, .T. ) ;
#2738 = DIRECTION ( 'NONE',  ( -0.0000000000000000000, -0.0000000000000000000, -1.000000000000000000 ) ) ;
#2739 = FILL_AREA_STYLE_COLOUR ( '', #1531 ) ;
#2740 = DIRECTION ( 'NONE',  ( 0.0000000000000000000, 0.0000000000000000000, 1.000000000000000000 ) ) ;
#2741 = ADVANCED_FACE ( 'NONE', ( #10667 ), #9486, .F. ) ;
#2742 = DIRECTION ( 'NONE',  ( -0.0000000000000000000, -0.0000000000000000000, -1.000000000000000000 ) ) ;
#2743 = PRESENTATION_STYLE_ASSIGNMENT (( #9439 ) ) ;
#2744 = CARTESIAN_POINT ( 'NONE',  ( 15.98624964824874800, 16.80716972541398100, -26.99999999999999600 ) ) ;
#2745 = ORIENTED_EDGE ( 'NONE', *, *, #10301, .F. ) ;
#2746 = DIRECTION ( 'NONE',  ( -0.0000000000000000000, -0.0000000000000000000, 1.000000000000000000 ) ) ;
#2747 = ORIENTED_EDGE ( 'NONE', *, *, #9312, .T. ) ;
#2748 = DIRECTION ( 'NONE',  ( 1.000000000000000000, 0.0000000000000000000, 0.0000000000000000000 ) ) ;
#2749 = VERTEX_POINT ( 'NONE', #2567 ) ;
#2750 = ORIENTED_EDGE ( 'NONE', *, *, #6638, .F. ) ;
#2751 = ORIENTED_EDGE ( 'NONE', *, *, #10264, .T. ) ;
#2752 = UNCERTAINTY_MEASURE_WITH_UNIT (LENGTH_MEASURE( 1.000000000000000100E-005 ), #10245, 'distance_accuracy_value', 'NONE');
#2753 = ORIENTED_EDGE ( 'NONE', *, *, #9279, .F. ) ;
#2754 = SURFACE_STYLE_USAGE ( .BOTH. , #7773 ) ;
#2755 = ORIENTED_EDGE ( 'NONE', *, *, #10412, .F. ) ;
#2756 = ORIENTED_EDGE ( 'NONE', *, *, #1459, .F. ) ;
#2757 = ORIENTED_EDGE ( 'NONE', *, *, #6754, .F. ) ;
#2758 = PLANE ( 'NONE',  #4465 ) ;
#2759 = EDGE_LOOP ( 'NONE', ( #3735, #8503, #4867 ) ) ;
#2760 = DIRECTION ( 'NONE',  ( 1.000000000000000000, 8.202002250481357500E-017, -0.0000000000000000000 ) ) ;
#2761 = ORIENTED_EDGE ( 'NONE', *, *, #5066, .T. ) ;
#2762 = VERTEX_POINT ( 'NONE', #9993 ) ;
#2763 = MECHANICAL_DESIGN_GEOMETRIC_PRESENTATION_REPRESENTATION (  '', ( #10599 ), #10046 ) ;
#2764 = LINE ( 'NONE', #7832, #7360 ) ;
#2765 = ORIENTED_EDGE ( 'NONE', *, *, #897, .F. ) ;
#2766 = FILL_AREA_STYLE ('',( #3643 ) ) ;
#2767 = DIRECTION ( 'NONE',  ( -0.0000000000000000000, -0.0000000000000000000, -1.000000000000000000 ) ) ;
#2768 = DIRECTION ( 'NONE',  ( 0.0000000000000000000, 0.0000000000000000000, -1.000000000000000000 ) ) ;
#2769 = ORIENTED_EDGE ( 'NONE', *, *, #6734, .F. ) ;
#2770 = CARTESIAN_POINT ( 'NONE',  ( 15.01375035175125200, 15.96497596851013900, -26.99999999999999600 ) ) ;
#2771 = LINE ( 'NONE', #2318, #6723 ) ;
#2772 = ORIENTED_EDGE ( 'NONE', *, *, #6301, .T. ) ;
#2773 = DIRECTION ( 'NONE',  ( -0.0000000000000000000, -0.0000000000000000000, -1.000000000000000000 ) ) ;
#2774 = CARTESIAN_POINT ( 'NONE',  ( -1.800000000000000300, -39.15000000000002000, -30.15000000000000200 ) ) ;
#2775 = ORIENTED_EDGE ( 'NONE', *, *, #6602, .F. ) ;
#2776 = PRESENTATION_LAYER_ASSIGNMENT (  '', '', ( #3688 ) ) ;
#2777 = DIRECTION ( 'NONE',  ( 0.0000000000000000000, 0.0000000000000000000, 1.000000000000000000 ) ) ;
#2778 = ORIENTED_EDGE ( 'NONE', *, *, #7700, .F. ) ;
#2779 = DIRECTION ( 'NONE',  ( 0.0000000000000000000, 0.0000000000000000000, -1.000000000000000000 ) ) ;
#2780 = ADVANCED_FACE ( 'NONE', ( #2821 ), #6792, .F. ) ;
#2781 = CARTESIAN_POINT ( 'NONE',  ( -12.25000000000087200, -15.49999999999912400, -28.99999999999999600 ) ) ;
#2782 = CARTESIAN_POINT ( 'NONE',  ( 4.000000000000000000, 0.0000000000000000000, -28.99999999999999600 ) ) ;
#2783 = AXIS2_PLACEMENT_3D ( 'NONE', #5941, #5052, #2634 ) ;
#2784 = COLOUR_RGB ( '',0.2509803921568627400, 0.2509803921568627400, 0.2509803921568627400 ) ;
#2785 = ORIENTED_EDGE ( 'NONE', *, *, #321, .T. ) ;
#2786 = DIRECTION ( 'NONE',  ( 0.0000000000000000000, 0.0000000000000000000, 1.000000000000000000 ) ) ;
#2787 = EDGE_CURVE ( 'NONE', #2413, #7743, #5723, .T. ) ;
#2788 = ORIENTED_EDGE ( 'NONE', *, *, #8499, .T. ) ;
#2789 = VERTEX_POINT ( 'NONE', #5095 ) ;
#2790 = CARTESIAN_POINT ( 'NONE',  ( 0.0000000000000000000, 0.0000000000000000000, -28.49999999999999600 ) ) ;
#2791 = CARTESIAN_POINT ( 'NONE',  ( -21.14999999999999500, -13.32957238623956400, -80.84951795962939500 ) ) ;
#2792 = AXIS2_PLACEMENT_3D ( 'NONE', #265, #7907, #6276 ) ;
#2793 = LINE ( 'NONE', #1980, #10005 ) ;
#2794 = CARTESIAN_POINT ( 'NONE',  ( 3.306851934509033700, -21.25000000000000700, -21.64999999999999900 ) ) ;
#2795 = VERTEX_POINT ( 'NONE', #5850 ) ;
#2796 = STYLED_ITEM ( 'NONE', ( #10003 ), #8733 ) ;
#2797 = ORIENTED_EDGE ( 'NONE', *, *, #3623, .T. ) ;
#2798 = DIRECTION ( 'NONE',  ( -1.000000000000000000, 0.0000000000000000000, 0.0000000000000000000 ) ) ;
#2799 = COLOUR_RGB ( '',0.2509803921568627400, 0.2509803921568627400, 0.2509803921568627400 ) ;
#2800 = ADVANCED_FACE ( 'NONE', ( #1758 ), #5330, .T. ) ;
#2801 = EDGE_LOOP ( 'NONE', ( #8983, #9953, #10095, #5786 ) ) ;
#2802 =( GEOMETRIC_REPRESENTATION_CONTEXT ( 3 ) GLOBAL_UNCERTAINTY_ASSIGNED_CONTEXT ( ( #9728 ) ) GLOBAL_UNIT_ASSIGNED_CONTEXT ( ( #3870, #5540, #4683 ) ) REPRESENTATION_CONTEXT ( 'NONE', 'WORKASPACE' ) );
#2803 = EDGE_CURVE ( 'NONE', #6045, #408, #6227, .T. ) ;
#2804 = EDGE_CURVE ( 'NONE', #6282, #3299, #1364, .T. ) ;
#2805 = SURFACE_SIDE_STYLE ('',( #9466 ) ) ;
#2806 = CARTESIAN_POINT ( 'NONE',  ( 15.50000000000000000, 15.50000000000000000, -28.49999999999999600 ) ) ;
#2807 = EDGE_LOOP ( 'NONE', ( #5261, #5659, #5039, #5914 ) ) ;
#2808 = CARTESIAN_POINT ( 'NONE',  ( -15.01375035175307500, -15.03502403148862900, -26.99999999999999600 ) ) ;
#2809 = LINE ( 'NONE', #6631, #1988 ) ;
#2810 = CIRCLE ( 'NONE', #585, 25.00000000000000000 ) ;
#2811 = DIRECTION ( 'NONE',  ( 1.000000000000000000, 0.0000000000000000000, 0.0000000000000000000 ) ) ;
#2812 = CARTESIAN_POINT ( 'NONE',  ( 15.49999999999912400, -15.50000000000000200, -28.49999999999999600 ) ) ;
#2813 = SURFACE_STYLE_FILL_AREA ( #2766 ) ;
#2814 = PRESENTATION_STYLE_ASSIGNMENT (( #3480 ) ) ;
#2815 = ORIENTED_EDGE ( 'NONE', *, *, #6239, .T. ) ;
#2816 = UNCERTAINTY_MEASURE_WITH_UNIT (LENGTH_MEASURE( 1.000000000000000100E-005 ), #800, 'distance_accuracy_value', 'NONE');
#2817 = CARTESIAN_POINT ( 'NONE',  ( 15.49999999999999800, 15.50000000000000000, 4.748924226215550000 ) ) ;
#2818 = DIRECTION ( 'NONE',  ( 1.000000000000000000, -0.0000000000000000000, -0.0000000000000000000 ) ) ;
#2819 = DIRECTION ( 'NONE',  ( -0.0000000000000000000, -0.0000000000000000000, 1.000000000000000000 ) ) ;
#2820 = CARTESIAN_POINT ( 'NONE',  ( 2.799999999999999800, 0.0000000000000000000, 9.000000000000001800 ) ) ;
#2821 = FACE_OUTER_BOUND ( 'NONE', #485, .T. ) ;
#2822 = SURFACE_STYLE_FILL_AREA ( #3888 ) ;
#2823 = VECTOR ( 'NONE', #10210, 1000.000000000000000 ) ;
#2824 = DIRECTION ( 'NONE',  ( 0.0000000000000000000, 0.0000000000000000000, 1.000000000000000000 ) ) ;
#2825 = DIRECTION ( 'NONE',  ( 1.235860604586721200E-014, -1.000000000000000000, -0.0000000000000000000 ) ) ;
#2826 = EDGE_CURVE ( 'NONE', #4610, #7242, #5972, .T. ) ;
#2827 = CARTESIAN_POINT ( 'NONE',  ( 15.03502403148815200, -15.98624964824929200, -26.99999999999999600 ) ) ;
#2828 = MECHANICAL_DESIGN_GEOMETRIC_PRESENTATION_REPRESENTATION (  '', ( #7123 ), #716 ) ;
#2829 = VECTOR ( 'NONE', #4262, 1000.000000000000000 ) ;
#2830 = FACE_BOUND ( 'NONE', #8004, .T. ) ;
#2831 = ADVANCED_FACE ( 'NONE', ( #10021 ), #3384, .F. ) ;
#2832 = CARTESIAN_POINT ( 'NONE',  ( 20.64999999999999900, 1.693713464724399800E-015, 10.00000000000000000 ) ) ;
#2833 = CARTESIAN_POINT ( 'NONE',  ( 17.39999999999912500, -15.50000000000000200, -27.99999999999999600 ) ) ;
#2834 = PRESENTATION_STYLE_ASSIGNMENT (( #906 ) ) ;
#2835 = CARTESIAN_POINT ( 'NONE',  ( 21.15000000000000200, -17.14999999999995900, -28.49999999999999600 ) ) ;
#2836 = ORIENTED_EDGE ( 'NONE', *, *, #7012, .T. ) ;
#2837 = AXIS2_PLACEMENT_3D ( 'NONE', #6283, #1199, #2044 ) ;
#2838 = DIRECTION ( 'NONE',  ( 0.0000000000000000000, 0.0000000000000000000, 1.000000000000000000 ) ) ;
#2839 = AXIS2_PLACEMENT_3D ( 'NONE', #9746, #4753, #10567 ) ;
#2840 = MECHANICAL_DESIGN_GEOMETRIC_PRESENTATION_REPRESENTATION (  '', ( #8463 ), #8818 ) ;
#2841 = DIRECTION ( 'NONE',  ( 0.0000000000000000000, -0.0000000000000000000, -1.000000000000000000 ) ) ;
#2842 = PRESENTATION_LAYER_ASSIGNMENT (  '', '', ( #4763 ) ) ;
#2843 = LINE ( 'NONE', #1642, #1522 ) ;
#2844 = EDGE_CURVE ( 'NONE', #3291, #6441, #7285, .T. ) ;
#2845 = LINE ( 'NONE', #10397, #335 ) ;
#2846 = ADVANCED_FACE ( 'NONE', ( #2162 ), #5229, .F. ) ;
#2847 = DIRECTION ( 'NONE',  ( 0.0000000000000000000, 0.0000000000000000000, -1.000000000000000000 ) ) ;
#2848 = VECTOR ( 'NONE', #9095, 1000.000000000000000 ) ;
#2849 = FACE_OUTER_BOUND ( 'NONE', #6471, .T. ) ;
#2850 = CARTESIAN_POINT ( 'NONE',  ( -1.371348881391340800, -39.15000000000000600, -24.45661729131780900 ) ) ;
#2851 = FACE_OUTER_BOUND ( 'NONE', #7602, .T. ) ;
#2852 = DIRECTION ( 'NONE',  ( -1.000000000000000000, 0.0000000000000000000, 0.0000000000000000000 ) ) ;
#2853 = PLANE ( 'NONE',  #9238 ) ;
#2854 = AXIS2_PLACEMENT_3D ( 'NONE', #4857, #3238, #9091 ) ;
#2855 = DIRECTION ( 'NONE',  ( 0.0000000000000000000, -0.0000000000000000000, 1.000000000000000000 ) ) ;
#2856 = EDGE_CURVE ( 'NONE', #7906, #9683, #3739, .T. ) ;
#2857 = DIRECTION ( 'NONE',  ( 0.0000000000000000000, 0.0000000000000000000, 1.000000000000000000 ) ) ;
#2858 = PRESENTATION_LAYER_ASSIGNMENT (  '', '', ( #1005 ) ) ;
#2859 = SURFACE_STYLE_FILL_AREA ( #1081 ) ;
#2860 = DIRECTION ( 'NONE',  ( 1.000000000000000000, 0.0000000000000000000, -0.0000000000000000000 ) ) ;
#2861 = CARTESIAN_POINT ( 'NONE',  ( 21.16000000000000000, 13.31369220013741700, 63.84951795962940900 ) ) ;
#2862 = CYLINDRICAL_SURFACE ( 'NONE', #5687, 0.5000000000000004400 ) ;
#2863 = VECTOR ( 'NONE', #7110, 1000.000000000000000 ) ;
#2864 = CARTESIAN_POINT ( 'NONE',  ( 3.599999999999999200, -19.15000000000000600, -20.99999999999999600 ) ) ;
#2865 = PRESENTATION_LAYER_ASSIGNMENT (  '', '', ( #2306 ) ) ;
#2866 = VERTEX_POINT ( 'NONE', #96 ) ;
#2867 = SURFACE_STYLE_USAGE ( .BOTH. , #1390 ) ;
#2868 = VECTOR ( 'NONE', #1961, 1000.000000000000000 ) ;
#2869 = EDGE_CURVE ( 'NONE', #88, #3763, #3098, .T. ) ;
#2870 = DIRECTION ( 'NONE',  ( 7.817771884311254300E-016, 1.000000000000000000, 0.0000000000000000000 ) ) ;
#2871 = AXIS2_PLACEMENT_3D ( 'NONE', #5466, #6292, #7133 ) ;
#2872 = VERTEX_POINT ( 'NONE', #6965 ) ;
#2873 = STYLED_ITEM ( 'NONE', ( #3204 ), #8954 ) ;
#2874 = ORIENTED_EDGE ( 'NONE', *, *, #5794, .T. ) ;
#2875 = CARTESIAN_POINT ( 'NONE',  ( -15.03502403149003500, 16.74998035735667700, -28.49999999999999600 ) ) ;
#2876 = DIRECTION ( 'NONE',  ( -0.0000000000000000000, -0.0000000000000000000, 1.000000000000000000 ) ) ;
#2877 = VERTEX_POINT ( 'NONE', #9342 ) ;
#2878 = CARTESIAN_POINT ( 'NONE',  ( -2.616151791541896400, -21.25000000000000700, -25.10661729131781100 ) ) ;
#2879 = DIRECTION ( 'NONE',  ( -1.000000000000000000, 0.0000000000000000000, 0.0000000000000000000 ) ) ;
#2880 = ORIENTED_EDGE ( 'NONE', *, *, #9731, .F. ) ;
#2881 = EDGE_CURVE ( 'NONE', #6165, #6641, #10130, .T. ) ;
#2882 = SURFACE_SIDE_STYLE ('',( #7809 ) ) ;
#2883 = ORIENTED_EDGE ( 'NONE', *, *, #8506, .T. ) ;
#2884 = ORIENTED_EDGE ( 'NONE', *, *, #6230, .F. ) ;
#2885 = ORIENTED_EDGE ( 'NONE', *, *, #1855, .T. ) ;
#2886 = ORIENTED_EDGE ( 'NONE', *, *, #4281, .T. ) ;
#2887 = CARTESIAN_POINT ( 'NONE',  ( 0.0000000000000000000, -21.25000000000000700, -22.49338270868220500 ) ) ;
#2888 = LINE ( 'NONE', #5328, #790 ) ;
#2889 = CARTESIAN_POINT ( 'NONE',  ( 16.74998035735527000, 15.96497596851043000, -28.49999999999999600 ) ) ;
#2890 = ORIENTED_EDGE ( 'NONE', *, *, #7901, .T. ) ;
#2891 = FILL_AREA_STYLE ('',( #10115 ) ) ;
#2892 = ORIENTED_EDGE ( 'NONE', *, *, #5416, .F. ) ;
#2893 = CARTESIAN_POINT ( 'NONE',  ( -15.96497596851089900, 16.74998035735668000, -26.99999999999999600 ) ) ;
#2894 = UNCERTAINTY_MEASURE_WITH_UNIT (LENGTH_MEASURE( 1.000000000000000100E-005 ), #7759, 'distance_accuracy_value', 'NONE');
#2895 = ORIENTED_EDGE ( 'NONE', *, *, #4340, .T. ) ;
#2896 = EDGE_CURVE ( 'NONE', #4172, #418, #8336, .T. ) ;
#2897 = DIRECTION ( 'NONE',  ( 0.0000000000000000000, 1.000000000000000000, 0.0000000000000000000 ) ) ;
#2898 = EDGE_CURVE ( 'NONE', #5060, #3701, #8584, .T. ) ;
#2899 = EDGE_LOOP ( 'NONE', ( #8822, #2751 ) ) ;
#2900 = CARTESIAN_POINT ( 'NONE',  ( -15.98624964825069700, -15.03502403148862900, -28.49999999999999600 ) ) ;
#2901 = DIRECTION ( 'NONE',  ( -1.000000000000000000, 0.0000000000000000000, 0.0000000000000000000 ) ) ;
#2902 = ORIENTED_EDGE ( 'NONE', *, *, #4474, .T. ) ;
#2903 = DIRECTION ( 'NONE',  ( 1.000000000000000000, 0.0000000000000000000, 0.0000000000000000000 ) ) ;
#2904 = SURFACE_SIDE_STYLE ('',( #5376 ) ) ;
#2905 = CARTESIAN_POINT ( 'NONE',  ( -16.74998035735715300, -15.03502403148862900, -26.99999999999999600 ) ) ;
#2906 = ORIENTED_EDGE ( 'NONE', *, *, #3700, .F. ) ;
#2907 = PLANE ( 'NONE',  #9986 ) ;
#2908 = ADVANCED_FACE ( 'NONE', ( #3605 ), #4529, .T. ) ;
#2909 = MECHANICAL_DESIGN_GEOMETRIC_PRESENTATION_REPRESENTATION (  '', ( #2353 ), #4036 ) ;
#2910 = PRESENTATION_LAYER_ASSIGNMENT (  '', '', ( #2559 ) ) ;
#2911 = FACE_OUTER_BOUND ( 'NONE', #3942, .T. ) ;
#2912 = ORIENTED_EDGE ( 'NONE', *, *, #7847, .T. ) ;
#2913 = CARTESIAN_POINT ( 'NONE',  ( 15.96497596850902500, -15.01375035175166400, -26.99999999999999600 ) ) ;
#2914 = DIRECTION ( 'NONE',  ( 0.0000000000000000000, 0.0000000000000000000, 1.000000000000000000 ) ) ;
#2915 = SURFACE_SIDE_STYLE ('',( #8744 ) ) ;
#2916 = DIRECTION ( 'NONE',  ( 0.0000000000000000000, 0.0000000000000000000, 1.000000000000000000 ) ) ;
#2917 = CARTESIAN_POINT ( 'NONE',  ( 15.01375035175125200, 15.96497596851013900, -28.49999999999999600 ) ) ;
#2918 = VERTEX_POINT ( 'NONE', #10159 ) ;
#2919 = CIRCLE ( 'NONE', #2474, 0.5000000000000004400 ) ;
#2920 = EDGE_CURVE ( 'NONE', #8526, #6482, #10800, .T. ) ;
#2921 = ORIENTED_EDGE ( 'NONE', *, *, #10448, .T. ) ;
#2922 = VERTEX_POINT ( 'NONE', #10262 ) ;
#2923 = ORIENTED_EDGE ( 'NONE', *, *, #3850, .T. ) ;
#2924 = AXIS2_PLACEMENT_3D ( 'NONE', #9727, #9767, #8937 ) ;
#2925 = VERTEX_POINT ( 'NONE', #2714 ) ;
#2926 = DIRECTION ( 'NONE',  ( 1.000000000000000000, 0.0000000000000000000, 0.0000000000000000000 ) ) ;
#2927 = CARTESIAN_POINT ( 'NONE',  ( 0.0000000000000000000, 0.0000000000000000000, -28.99999999999999600 ) ) ;
#2928 = DIRECTION ( 'NONE',  ( 0.0000000000000000000, 0.0000000000000000000, 1.000000000000000000 ) ) ;
#2929 = STYLED_ITEM ( 'NONE', ( #1376 ), #2555 ) ;
#2930 = FACE_OUTER_BOUND ( 'NONE', #7221, .T. ) ;
#2931 = EDGE_CURVE ( 'NONE', #7998, #5661, #5084, .T. ) ;
#2932 = ORIENTED_EDGE ( 'NONE', *, *, #920, .F. ) ;
#2933 = VECTOR ( 'NONE', #2483, 999.9999999999998900 ) ;
#2934 = ORIENTED_EDGE ( 'NONE', *, *, #5066, .F. ) ;
#2935 = SURFACE_STYLE_USAGE ( .BOTH. , #1153 ) ;
#2936 = CARTESIAN_POINT ( 'NONE',  ( -16.94289321881344200, 21.14999999999999900, 10.00000000000000000 ) ) ;
#2937 = AXIS2_PLACEMENT_3D ( 'NONE', #4613, #7849, #4452 ) ;
#2938 = DIRECTION ( 'NONE',  ( 0.0000000000000000000, -1.000000000000000000, 0.0000000000000000000 ) ) ;
#2939 = MECHANICAL_DESIGN_GEOMETRIC_PRESENTATION_REPRESENTATION (  '', ( #9876 ), #3159 ) ;
#2940 = DIRECTION ( 'NONE',  ( 1.000000000000000000, -7.817771884311254300E-016, 0.0000000000000000000 ) ) ;
#2941 = DIRECTION ( 'NONE',  ( -0.0000000000000000000, -0.0000000000000000000, -1.000000000000000000 ) ) ;
#2942 = LINE ( 'NONE', #5634, #1630 ) ;
#2943 = ADVANCED_FACE ( 'NONE', ( #6367 ), #6930, .F. ) ;
#2944 = EDGE_CURVE ( 'NONE', #3941, #250, #7799, .T. ) ;
#2945 = FACE_OUTER_BOUND ( 'NONE', #4652, .T. ) ;
#2946 = EDGE_CURVE ( 'NONE', #7465, #12, #6765, .T. ) ;
#2947 =( LENGTH_UNIT ( ) NAMED_UNIT ( * ) SI_UNIT ( .MILLI., .METRE. ) );
#2948 = FILL_AREA_STYLE ('',( #3044 ) ) ;
#2949 = LINE ( 'NONE', #3863, #5204 ) ;
#2950 = DIRECTION ( 'NONE',  ( -5.351335930702252500E-015, 1.000000000000000000, 0.0000000000000000000 ) ) ;
#2951 = SURFACE_STYLE_FILL_AREA ( #5519 ) ;
#2952 = CARTESIAN_POINT ( 'NONE',  ( 0.0000000000000000000, 0.0000000000000000000, -25.99999999999999600 ) ) ;
#2953 = DIRECTION ( 'NONE',  ( -1.000000000000000000, -8.202002250481357500E-017, -1.577021341797098100E-016 ) ) ;
#2954 = ORIENTED_EDGE ( 'NONE', *, *, #9351, .T. ) ;
#2955 = PRESENTATION_STYLE_ASSIGNMENT (( #5526 ) ) ;
#2956 = SURFACE_SIDE_STYLE ('',( #1663 ) ) ;
#2957 = FACE_OUTER_BOUND ( 'NONE', #2003, .T. ) ;
#2958 = CIRCLE ( 'NONE', #6322, 2.399999999999999500 ) ;
#2959 = PLANE ( 'NONE',  #5237 ) ;
#2960 = CARTESIAN_POINT ( 'NONE',  ( 17.14999999999998100, 21.14999999999999900, 10.00000000000000000 ) ) ;
#2961 = CARTESIAN_POINT ( 'NONE',  ( 0.0000000000000000000, 0.0000000000000000000, -26.99999999999999600 ) ) ;
#2962 = CARTESIAN_POINT ( 'NONE',  ( -15.03502403149003500, 15.98624964825022200, -26.99999999999999600 ) ) ;
#2963 = CIRCLE ( 'NONE', #5931, 2.750000000000000900 ) ;
#2964 = DIRECTION ( 'NONE',  ( -1.000000000000000000, 0.0000000000000000000, 0.0000000000000000000 ) ) ;
#2965 = CIRCLE ( 'NONE', #99, 3.500000000000000000 ) ;
#2966 = ORIENTED_EDGE ( 'NONE', *, *, #7666, .T. ) ;
#2967 = SURFACE_SIDE_STYLE ('',( #6551 ) ) ;
#2968 = FILL_AREA_STYLE ('',( #3745 ) ) ;
#2969 = PRESENTATION_STYLE_ASSIGNMENT (( #412 ) ) ;
#2970 = SURFACE_STYLE_USAGE ( .BOTH. , #10486 ) ;
#2971 = EDGE_CURVE ( 'NONE', #5926, #8306, #299, .T. ) ;
#2972 = PRESENTATION_LAYER_ASSIGNMENT (  '', '', ( #4259 ) ) ;
#2973 = FILL_AREA_STYLE_COLOUR ( '', #5094 ) ;
#2974 =( GEOMETRIC_REPRESENTATION_CONTEXT ( 3 ) GLOBAL_UNCERTAINTY_ASSIGNED_CONTEXT ( ( #3694 ) ) GLOBAL_UNIT_ASSIGNED_CONTEXT ( ( #6585, #1536, #7422 ) ) REPRESENTATION_CONTEXT ( 'NONE', 'WORKASPACE' ) );
#2975 = FACE_OUTER_BOUND ( 'NONE', #17, .T. ) ;
#2976 = LINE ( 'NONE', #10054, #6666 ) ;
#2977 = DIRECTION ( 'NONE',  ( 0.0000000000000000000, 0.0000000000000000000, -1.000000000000000000 ) ) ;
#2978 = CYLINDRICAL_SURFACE ( 'NONE', #7417, 0.4999999999999982200 ) ;
#2979 = ORIENTED_EDGE ( 'NONE', *, *, #3419, .T. ) ;
#2980 = SURFACE_STYLE_FILL_AREA ( #1875 ) ;
#2981 = DIRECTION ( 'NONE',  ( -0.0000000000000000000, 1.000000000000000000, -0.0000000000000000000 ) ) ;
#2982 = SURFACE_STYLE_USAGE ( .BOTH. , #3869 ) ;
#2983 = SURFACE_STYLE_USAGE ( .BOTH. , #10574 ) ;
#2984 = DIRECTION ( 'NONE',  ( -0.0000000000000000000, -0.0000000000000000000, 1.000000000000000000 ) ) ;
#2985 =( LENGTH_UNIT ( ) NAMED_UNIT ( * ) SI_UNIT ( .MILLI., .METRE. ) );
#2986 = SURFACE_STYLE_USAGE ( .BOTH. , #6296 ) ;
#2987 = LINE ( 'NONE', #8157, #5506 ) ;
#2988 = LINE ( 'NONE', #1252, #9517 ) ;
#2989 = VECTOR ( 'NONE', #5938, 1000.000000000000000 ) ;
#2990 = ORIENTED_EDGE ( 'NONE', *, *, #7506, .F. ) ;
#2991 = AXIS2_PLACEMENT_3D ( 'NONE', #1195, #7085, #8802 ) ;
#2992 = EDGE_CURVE ( 'NONE', #5403, #1826, #52, .T. ) ;
#2993 = DIRECTION ( 'NONE',  ( -0.0000000000000000000, -0.0000000000000000000, -1.000000000000000000 ) ) ;
#2994 = DIRECTION ( 'NONE',  ( -0.0000000000000000000, 1.000000000000000000, -0.0000000000000000000 ) ) ;
#2995 = VECTOR ( 'NONE', #5711, 1000.000000000000000 ) ;
#2996 = DIRECTION ( 'NONE',  ( -1.235860604586721200E-014, 1.000000000000000000, 0.0000000000000000000 ) ) ;
#2997 = SURFACE_SIDE_STYLE ('',( #2147 ) ) ;
#2998 = EDGE_CURVE ( 'NONE', #7727, #130, #2016, .T. ) ;
#2999 = ORIENTED_EDGE ( 'NONE', *, *, #686, .F. ) ;
#3000 = CARTESIAN_POINT ( 'NONE',  ( -1.371348881391340800, -39.15000000000000600, -23.12683120912890200 ) ) ;
#3001 = CYLINDRICAL_SURFACE ( 'NONE', #6139, 25.00000000000000000 ) ;
#3002 = AXIS2_PLACEMENT_3D ( 'NONE', #9587, #3705, #9509 ) ;
#3003 = PLANE ( 'NONE',  #5887 ) ;
#3004 = CARTESIAN_POINT ( 'NONE',  ( 0.0000000000000000000, 0.0000000000000000000, 4.000000000000000000 ) ) ;
#3005 = DIRECTION ( 'NONE',  ( -1.000000000000000000, 0.0000000000000000000, 0.0000000000000000000 ) ) ;
#3006 = STYLED_ITEM ( 'NONE', ( #6760 ), #3617 ) ;
#3007 = EDGE_CURVE ( 'NONE', #942, #10048, #287, .T. ) ;
#3008 = ORIENTED_EDGE ( 'NONE', *, *, #7540, .T. ) ;
#3009 = B_SPLINE_CURVE_WITH_KNOTS ( 'NONE', 3,
 ( #568, #8141, #3121, #433, #10518, #5561 ),
 .UNSPECIFIED., .F., .F.,
 ( 4, 2, 4 ),
 ( 3.668924217634067700E-032, 0.0007961420118602733000, 0.001592284023720546600 ),
 .UNSPECIFIED. ) ;
#3010 = VERTEX_POINT ( 'NONE', #4635 ) ;
#3011 = DIRECTION ( 'NONE',  ( 1.000000000000000000, -4.542762141924042900E-015, 0.0000000000000000000 ) ) ;
#3012 = ORIENTED_EDGE ( 'NONE', *, *, #4945, .T. ) ;
#3013 = CARTESIAN_POINT ( 'NONE',  ( -16.74999999999999300, -15.50000000000000400, 5.500000000000000000 ) ) ;
#3014 = ADVANCED_FACE ( 'NONE', ( #6492 ), #3596, .T. ) ;
#3015 = UNCERTAINTY_MEASURE_WITH_UNIT (LENGTH_MEASURE( 1.000000000000000100E-005 ), #6132, 'distance_accuracy_value', 'NONE');
#3016 = ORIENTED_EDGE ( 'NONE', *, *, #3599, .T. ) ;
#3017 = AXIS2_PLACEMENT_3D ( 'NONE', #8371, #4203, #10865 ) ;
#3018 = ORIENTED_EDGE ( 'NONE', *, *, #2538, .F. ) ;
#3019 = VERTEX_POINT ( 'NONE', #7003 ) ;
#3020 = AXIS2_PLACEMENT_3D ( 'NONE', #4899, #3277, #7384 ) ;
#3021 =( NAMED_UNIT ( * ) SI_UNIT ( $, .STERADIAN. ) SOLID_ANGLE_UNIT ( ) );
#3022 = FILL_AREA_STYLE_COLOUR ( '', #8705 ) ;
#3023 = CARTESIAN_POINT ( 'NONE',  ( 2.583848208458099800, -21.25000000000000700, 4.288040361317512800E-016 ) ) ;
#3024 = CARTESIAN_POINT ( 'NONE',  ( 0.0000000000000000000, 21.14999999999999900, -28.99999999999999600 ) ) ;
#3025 = ORIENTED_EDGE ( 'NONE', *, *, #3258, .F. ) ;
#3026 = ORIENTED_EDGE ( 'NONE', *, *, #1759, .F. ) ;
#3027 = EDGE_LOOP ( 'NONE', ( #3394, #3338, #2628, #7128 ) ) ;
#3028 =( LENGTH_UNIT ( ) NAMED_UNIT ( * ) SI_UNIT ( .MILLI., .METRE. ) );
#3029 = VERTEX_POINT ( 'NONE', #6231 ) ;
#3030 = FILL_AREA_STYLE_COLOUR ( '', #6867 ) ;
#3031 = EDGE_LOOP ( 'NONE', ( #680, #9572 ) ) ;
#3032 = LINE ( 'NONE', #1715, #9833 ) ;
#3033 = UNCERTAINTY_MEASURE_WITH_UNIT (LENGTH_MEASURE( 1.000000000000000100E-005 ), #10611, 'distance_accuracy_value', 'NONE');
#3034 = ORIENTED_EDGE ( 'NONE', *, *, #6862, .F. ) ;
#3035 = DIRECTION ( 'NONE',  ( 6.938893903907222100E-015, 0.0000000000000000000, 1.000000000000000000 ) ) ;
#3036 = DIRECTION ( 'NONE',  ( 1.000000000000000000, 8.202002250481357500E-017, -0.0000000000000000000 ) ) ;
#3037 = CARTESIAN_POINT ( 'NONE',  ( -15.49999999999999600, 15.50000000000000000, 10.00000000000000000 ) ) ;
#3038 =( NAMED_UNIT ( * ) PLANE_ANGLE_UNIT ( ) SI_UNIT ( $, .RADIAN. ) );
#3039 = EDGE_CURVE ( 'NONE', #8190, #318, #9475, .T. ) ;
#3040 = DIRECTION ( 'NONE',  ( -1.000000000000000000, 0.0000000000000000000, 0.0000000000000000000 ) ) ;
#3041 = COLOUR_RGB ( '',0.2509803921568627400, 0.2509803921568627400, 0.2509803921568627400 ) ;
#3042 = ORIENTED_EDGE ( 'NONE', *, *, #10301, .T. ) ;
#3043 = EDGE_CURVE ( 'NONE', #8346, #6592, #1354, .T. ) ;
#3044 = FILL_AREA_STYLE_COLOUR ( '', #9778 ) ;
#3045 = ORIENTED_EDGE ( 'NONE', *, *, #4151, .T. ) ;
#3046 = DIRECTION ( 'NONE',  ( 1.000000000000000000, 9.085524283848126800E-015, 0.0000000000000000000 ) ) ;
#3047 = CARTESIAN_POINT ( 'NONE',  ( 15.50000000000000200, -15.50000000000000000, 4.748924226215550000 ) ) ;
#3048 = DIRECTION ( 'NONE',  ( 1.000000000000000000, 0.0000000000000000000, 0.0000000000000000000 ) ) ;
#3049 = DIRECTION ( 'NONE',  ( -0.0000000000000000000, -0.0000000000000000000, -1.000000000000000000 ) ) ;
#3050 =( NAMED_UNIT ( * ) SI_UNIT ( $, .STERADIAN. ) SOLID_ANGLE_UNIT ( ) );
#3051 = EDGE_LOOP ( 'NONE', ( #3151, #9974, #10500, #1182 ) ) ;
#3052 = SURFACE_SIDE_STYLE ('',( #6891 ) ) ;
#3053 = VECTOR ( 'NONE', #1794, 1000.000000000000000 ) ;
#3054 = ORIENTED_EDGE ( 'NONE', *, *, #9964, .F. ) ;
#3055 = DIRECTION ( 'NONE',  ( 1.000000000000000000, -9.085524283848065300E-015, 0.0000000000000000000 ) ) ;
#3056 = ORIENTED_EDGE ( 'NONE', *, *, #116, .T. ) ;
#3057 = ORIENTED_EDGE ( 'NONE', *, *, #948, .T. ) ;
#3058 = SURFACE_STYLE_USAGE ( .BOTH. , #10568 ) ;
#3059 = CARTESIAN_POINT ( 'NONE',  ( -16.94289321881344500, 20.64999999999999900, 10.00000000000000000 ) ) ;
#3060 = AXIS2_PLACEMENT_3D ( 'NONE', #6399, #8115, #3936 ) ;
#3061 = AXIS2_PLACEMENT_3D ( 'NONE', #2201, #8000, #2134 ) ;
#3062 = DIRECTION ( 'NONE',  ( 1.000000000000000000, 0.0000000000000000000, 0.0000000000000000000 ) ) ;
#3063 = CARTESIAN_POINT ( 'NONE',  ( -15.50000000000087200, -15.49999999999912400, -28.49999999999999600 ) ) ;
#3064 = DIRECTION ( 'NONE',  ( 0.0000000000000000000, 0.0000000000000000000, 1.000000000000000000 ) ) ;
#3065 = LINE ( 'NONE', #1839, #1351 ) ;
#3066 = EDGE_LOOP ( 'NONE', ( #4462, #3444, #4218, #803 ) ) ;
#3067 = DIRECTION ( 'NONE',  ( -1.000000000000000000, 0.0000000000000000000, -0.0000000000000000000 ) ) ;
#3068 = EDGE_LOOP ( 'NONE', ( #9989, #2221, #8513 ) ) ;
#3069 = CARTESIAN_POINT ( 'NONE',  ( -15.03502403149003500, 15.01375035175260000, -26.99999999999999600 ) ) ;
#3070 = PRESENTATION_STYLE_ASSIGNMENT (( #9791 ) ) ;
#3071 = ORIENTED_EDGE ( 'NONE', *, *, #8611, .F. ) ;
#3072 = UNCERTAINTY_MEASURE_WITH_UNIT (LENGTH_MEASURE( 1.000000000000000100E-005 ), #3671, 'distance_accuracy_value', 'NONE');
#3073 = AXIS2_PLACEMENT_3D ( 'NONE', #583, #2285, #3139 ) ;
#3074 = EDGE_CURVE ( 'NONE', #1437, #8330, #442, .T. ) ;
#3075 =( NAMED_UNIT ( * ) PLANE_ANGLE_UNIT ( ) SI_UNIT ( $, .RADIAN. ) );
#3076 = CIRCLE ( 'NONE', #2729, 25.00000000000000000 ) ;
#3077 = PRESENTATION_LAYER_ASSIGNMENT (  '', '', ( #5137 ) ) ;
#3078 = ADVANCED_FACE ( 'NONE', ( #836 ), #8976, .T. ) ;
#3079 = CARTESIAN_POINT ( 'NONE',  ( 21.15000000000000200, -21.15000000000000200, 2.000000000000000000 ) ) ;
#3080 = ORIENTED_EDGE ( 'NONE', *, *, #9520, .F. ) ;
#3081 = CARTESIAN_POINT ( 'NONE',  ( 3.599999999999998800, -21.15000000000000600, -26.49999999999999600 ) ) ;
#3082 = VECTOR ( 'NONE', #2694, 1000.000000000000000 ) ;
#3083 = CARTESIAN_POINT ( 'NONE',  ( -15.49999999999999600, -15.50000000000000400, 10.00000000000000000 ) ) ;
#3084 = VECTOR ( 'NONE', #4019, 1000.000000000000000 ) ;
#3085 = DIRECTION ( 'NONE',  ( 0.0000000000000000000, 0.0000000000000000000, 1.000000000000000000 ) ) ;
#3086 = STYLED_ITEM ( 'NONE', ( #9749 ), #3014 ) ;
#3087 = VECTOR ( 'NONE', #5428, 1000.000000000000000 ) ;
#3088 = EDGE_CURVE ( 'NONE', #10588, #7643, #2436, .T. ) ;
#3089 = DIRECTION ( 'NONE',  ( 0.0000000000000000000, -0.0000000000000000000, 1.000000000000000000 ) ) ;
#3090 = DIRECTION ( 'NONE',  ( 0.0000000000000000000, 0.0000000000000000000, 1.000000000000000000 ) ) ;
#3091 = DIRECTION ( 'NONE',  ( 1.224646799147353200E-016, 1.000000000000000000, -0.0000000000000000000 ) ) ;
#3092 = ORIENTED_EDGE ( 'NONE', *, *, #897, .T. ) ;
#3093 = CARTESIAN_POINT ( 'NONE',  ( -16.80716972541453200, 15.98624964825021900, -26.99999999999999600 ) ) ;
#3094 =( NAMED_UNIT ( * ) PLANE_ANGLE_UNIT ( ) SI_UNIT ( $, .RADIAN. ) );
#3095 = CARTESIAN_POINT ( 'NONE',  ( 15.50000000000000000, 15.50000000000000000, -28.49999999999999600 ) ) ;
#3096 = AXIS2_PLACEMENT_3D ( 'NONE', #10775, #5759, #5827 ) ;
#3097 = CIRCLE ( 'NONE', #10751, 2.500000000000000000 ) ;
#3098 = CIRCLE ( 'NONE', #6091, 25.00000000000000000 ) ;
#3099 = STYLED_ITEM ( 'NONE', ( #3989 ), #9306 ) ;
#3100 = VECTOR ( 'NONE', #6328, 1000.000000000000000 ) ;
#3101 = DIRECTION ( 'NONE',  ( 0.0000000000000000000, -0.0000000000000000000, -1.000000000000000000 ) ) ;
#3102 = SURFACE_STYLE_FILL_AREA ( #8288 ) ;
#3103 = SURFACE_STYLE_FILL_AREA ( #8693 ) ;
#3104 = SURFACE_STYLE_USAGE ( .BOTH. , #6424 ) ;
#3105 = LINE ( 'NONE', #5021, #9763 ) ;
#3106 = EDGE_CURVE ( 'NONE', #685, #2762, #165, .T. ) ;
#3107 = LINE ( 'NONE', #10223, #10529 ) ;
#3108 = CARTESIAN_POINT ( 'NONE',  ( -2.999999999999976500, -19.77371993328518900, -28.99999999999999600 ) ) ;
#3109 = PRESENTATION_STYLE_ASSIGNMENT (( #10451 ) ) ;
#3110 = CARTESIAN_POINT ( 'NONE',  ( -2.616151791541897700, -19.15000000000000600, -22.62528041072263500 ) ) ;
#3111 =( NAMED_UNIT ( * ) PLANE_ANGLE_UNIT ( ) SI_UNIT ( $, .RADIAN. ) );
#3112 = VECTOR ( 'NONE', #8529, 1000.000000000000000 ) ;
#3113 = TOROIDAL_SURFACE ( 'NONE', #3784, 3.250000000000000000, 0.5000000000000000000 ) ;
#3114 = COLOUR_RGB ( '',0.2509803921568627400, 0.2509803921568627400, 0.2509803921568627400 ) ;
#3115 = EDGE_LOOP ( 'NONE', ( #3424, #10354, #10357, #5163 ) ) ;
#3116 = CARTESIAN_POINT ( 'NONE',  ( 15.50000000000000400, -15.50000000000000000, 10.00000000000000000 ) ) ;
#3117 = PLANE ( 'NONE',  #8191 ) ;
#3118 = CARTESIAN_POINT ( 'NONE',  ( 14.25001964264473600, 15.03502403148956600, -26.99999999999999600 ) ) ;
#3119 = VECTOR ( 'NONE', #1681, 1000.000000000000000 ) ;
#3120 =( NAMED_UNIT ( * ) PLANE_ANGLE_UNIT ( ) SI_UNIT ( $, .RADIAN. ) );
#3121 = CARTESIAN_POINT ( 'NONE',  ( 0.5305570004894381000, 2.000000000000000000, 33.94413871639186900 ) ) ;
#3122 = FACE_OUTER_BOUND ( 'NONE', #5789, .T. ) ;
#3123 = CIRCLE ( 'NONE', #3678, 1.249999999999997600 ) ;
#3124 = PLANE ( 'NONE',  #5994 ) ;
#3125 = CARTESIAN_POINT ( 'NONE',  ( 15.03502403148815200, -16.74998035735574600, -26.99999999999999600 ) ) ;
#3126 = CIRCLE ( 'NONE', #3530, 2.399999999999999500 ) ;
#3127 = STYLED_ITEM ( 'NONE', ( #8465 ), #6128 ) ;
#3128 = SURFACE_STYLE_FILL_AREA ( #346 ) ;
#3129 = CYLINDRICAL_SURFACE ( 'NONE', #8402, 0.5000000000000004400 ) ;
#3130 = PRESENTATION_LAYER_ASSIGNMENT (  '', '', ( #6288 ) ) ;
#3131 = DIRECTION ( 'NONE',  ( -0.0000000000000000000, -1.000000000000000000, -0.0000000000000000000 ) ) ;
#3132 = CARTESIAN_POINT ( 'NONE',  ( 0.0000000000000000000, 0.0000000000000000000, 2.000000000000000000 ) ) ;
#3133 = DIRECTION ( 'NONE',  ( -1.000000000000000000, 0.0000000000000000000, 0.0000000000000000000 ) ) ;
#3134 = PRESENTATION_STYLE_ASSIGNMENT (( #8211 ) ) ;
#3135 = ADVANCED_FACE ( 'NONE', ( #6090 ), #2680, .T. ) ;
#3136 = CIRCLE ( 'NONE', #10763, 3.500000000000000000 ) ;
#3137 = ORIENTED_EDGE ( 'NONE', *, *, #1869, .T. ) ;
#3138 = DIRECTION ( 'NONE',  ( 0.0000000000000000000, 0.0000000000000000000, -1.000000000000000000 ) ) ;
#3139 = DIRECTION ( 'NONE',  ( 8.202002250481356300E-017, -1.000000000000000000, 0.0000000000000000000 ) ) ;
#3140 = VECTOR ( 'NONE', #6961, 1000.000000000000000 ) ;
#3141 = DIRECTION ( 'NONE',  ( 1.000000000000000000, -0.0000000000000000000, 1.156482317317871300E-015 ) ) ;
#3142 = AXIS2_PLACEMENT_3D ( 'NONE', #1298, #10369, #4698 ) ;
#3143 = AXIS2_PLACEMENT_3D ( 'NONE', #9230, #10813, #752 ) ;
#3144 = COLOUR_RGB ( '',0.0000000000000000000, 0.0000000000000000000, 0.0000000000000000000 ) ;
#3145 = ORIENTED_EDGE ( 'NONE', *, *, #7101, .F. ) ;
#3146 = EDGE_CURVE ( 'NONE', #5024, #3673, #9613, .T. ) ;
#3147 = AXIS2_PLACEMENT_3D ( 'NONE', #3004, #2232, #8094 ) ;
#3148 =( NAMED_UNIT ( * ) SI_UNIT ( $, .STERADIAN. ) SOLID_ANGLE_UNIT ( ) );
#3149 = ORIENTED_EDGE ( 'NONE', *, *, #6969, .T. ) ;
#3150 = EDGE_CURVE ( 'NONE', #1853, #6701, #10788, .T. ) ;
#3151 = ORIENTED_EDGE ( 'NONE', *, *, #4413, .F. ) ;
#3152 = DIRECTION ( 'NONE',  ( -1.000000000000000000, 1.427022914853926000E-014, 0.0000000000000000000 ) ) ;
#3153 = FILL_AREA_STYLE ('',( #9116 ) ) ;
#3154 = DIRECTION ( 'NONE',  ( -0.0000000000000000000, -0.0000000000000000000, 1.000000000000000000 ) ) ;
#3155 = CARTESIAN_POINT ( 'NONE',  ( 21.00355339059327900, -17.29644660940671100, 2.000000000000000000 ) ) ;
#3156 = ORIENTED_EDGE ( 'NONE', *, *, #6931, .T. ) ;
#3157 =( GEOMETRIC_REPRESENTATION_CONTEXT ( 3 ) GLOBAL_UNCERTAINTY_ASSIGNED_CONTEXT ( ( #6598 ) ) GLOBAL_UNIT_ASSIGNED_CONTEXT ( ( #5319, #5360, #10359 ) ) REPRESENTATION_CONTEXT ( 'NONE', 'WORKASPACE' ) );
#3158 = ORIENTED_EDGE ( 'NONE', *, *, #8823, .F. ) ;
#3159 =( GEOMETRIC_REPRESENTATION_CONTEXT ( 3 ) GLOBAL_UNCERTAINTY_ASSIGNED_CONTEXT ( ( #5919 ) ) GLOBAL_UNIT_ASSIGNED_CONTEXT ( ( #970, #3553, #9339 ) ) REPRESENTATION_CONTEXT ( 'NONE', 'WORKASPACE' ) );
#3160 = ORIENTED_EDGE ( 'NONE', *, *, #2844, .T. ) ;
#3161 = ORIENTED_EDGE ( 'NONE', *, *, #899, .F. ) ;
#3162 = FILL_AREA_STYLE_COLOUR ( '', #2467 ) ;
#3163 = ORIENTED_EDGE ( 'NONE', *, *, #1004, .F. ) ;
#3164 = CARTESIAN_POINT ( 'NONE',  ( 0.0000000000000000000, 21.14999999999999900, -28.49999999999999600 ) ) ;
#3165 = ORIENTED_EDGE ( 'NONE', *, *, #7307, .T. ) ;
#3166 = UNCERTAINTY_MEASURE_WITH_UNIT (LENGTH_MEASURE( 1.000000000000000100E-005 ), #2629, 'distance_accuracy_value', 'NONE');
#3167 = PLANE ( 'NONE',  #9715 ) ;
#3168 = DIRECTION ( 'NONE',  ( 0.7071067811865510100, -0.7071067811865441300, 0.0000000000000000000 ) ) ;
#3169 = MECHANICAL_DESIGN_GEOMETRIC_PRESENTATION_REPRESENTATION (  '', ( #3788 ), #5276 ) ;
#3170 = ORIENTED_EDGE ( 'NONE', *, *, #9081, .T. ) ;
#3171 = EDGE_CURVE ( 'NONE', #6621, #6439, #2151, .T. ) ;
#3172 = ORIENTED_EDGE ( 'NONE', *, *, #1178, .F. ) ;
#3173 = EDGE_CURVE ( 'NONE', #9231, #9363, #2426, .T. ) ;
#3174 =( NAMED_UNIT ( * ) SI_UNIT ( $, .STERADIAN. ) SOLID_ANGLE_UNIT ( ) );
#3175 = VERTEX_POINT ( 'NONE', #3297 ) ;
#3176 =( NAMED_UNIT ( * ) SI_UNIT ( $, .STERADIAN. ) SOLID_ANGLE_UNIT ( ) );
#3177 = SURFACE_STYLE_USAGE ( .BOTH. , #4011 ) ;
#3178 = CARTESIAN_POINT ( 'NONE',  ( -15.50000000000087200, -15.49999999999912400, -28.49999999999999600 ) ) ;
#3179 = ADVANCED_FACE ( 'NONE', ( #2945 ), #6708, .F. ) ;
#3180 = CARTESIAN_POINT ( 'NONE',  ( 15.98624964824874800, 15.03502403148986100, -26.99999999999999600 ) ) ;
#3181 = ORIENTED_EDGE ( 'NONE', *, *, #10847, .F. ) ;
#3182 =( NAMED_UNIT ( * ) SI_UNIT ( $, .STERADIAN. ) SOLID_ANGLE_UNIT ( ) );
#3183 = FILL_AREA_STYLE_COLOUR ( '', #10402 ) ;
#3184 = ORIENTED_EDGE ( 'NONE', *, *, #5478, .T. ) ;
#3185 = LINE ( 'NONE', #5495, #2117 ) ;
#3186 = VERTEX_POINT ( 'NONE', #2420 ) ;
#3187 = ORIENTED_EDGE ( 'NONE', *, *, #8716, .T. ) ;
#3188 = DIRECTION ( 'NONE',  ( -0.0000000000000000000, -1.000000000000000000, 0.0000000000000000000 ) ) ;
#3189 = CARTESIAN_POINT ( 'NONE',  ( -20.64999999999999500, 16.94289321881345200, 10.00000000000000000 ) ) ;
#3190 = CARTESIAN_POINT ( 'NONE',  ( 14.25001964264473400, 15.96497596851043000, -26.99999999999999600 ) ) ;
#3191 = DIRECTION ( 'NONE',  ( -0.7071067811865475700, -0.7071067811865475700, 3.469446951953626400E-015 ) ) ;
#3192 = EDGE_CURVE ( 'NONE', #8427, #1388, #10504, .T. ) ;
#3193 = SURFACE_SIDE_STYLE ('',( #6633 ) ) ;
#3194 = ORIENTED_EDGE ( 'NONE', *, *, #9866, .F. ) ;
#3195 = AXIS2_PLACEMENT_3D ( 'NONE', #2351, #8210, #9062 ) ;
#3196 = VERTEX_POINT ( 'NONE', #7542 ) ;
#3197 = DIRECTION ( 'NONE',  ( 0.0000000000000000000, 0.0000000000000000000, -1.000000000000000000 ) ) ;
#3198 = ORIENTED_EDGE ( 'NONE', *, *, #6019, .T. ) ;
#3199 = ORIENTED_EDGE ( 'NONE', *, *, #2803, .T. ) ;
#3200 = DIRECTION ( 'NONE',  ( -0.0000000000000000000, -0.0000000000000000000, 1.000000000000000000 ) ) ;
#3201 = FILL_AREA_STYLE_COLOUR ( '', #992 ) ;
#3202 = DIRECTION ( 'NONE',  ( 0.0000000000000000000, 0.0000000000000000000, 1.000000000000000000 ) ) ;
#3203 = EDGE_LOOP ( 'NONE', ( #9061, #6432, #4232, #9057, #4319, #3012, #7776, #9183, #6829, #5679, #5433, #900 ) ) ;
#3204 = PRESENTATION_STYLE_ASSIGNMENT (( #9359 ) ) ;
#3205 = ORIENTED_EDGE ( 'NONE', *, *, #5654, .F. ) ;
#3206 = DIRECTION ( 'NONE',  ( 0.0000000000000000000, 0.0000000000000000000, 1.000000000000000000 ) ) ;
#3207 =( LENGTH_UNIT ( ) NAMED_UNIT ( * ) SI_UNIT ( .MILLI., .METRE. ) );
#3208 = COLOUR_RGB ( '',0.2509803921568627400, 0.2509803921568627400, 0.2509803921568627400 ) ;
#3209 = DIRECTION ( 'NONE',  ( 0.0000000000000000000, 0.0000000000000000000, -1.000000000000000000 ) ) ;
#3210 = AXIS2_PLACEMENT_3D ( 'NONE', #10762, #1578, #9143 ) ;
#3211 = VECTOR ( 'NONE', #282, 1000.000000000000000 ) ;
#3212 = AXIS2_PLACEMENT_3D ( 'NONE', #8328, #4086, #1533 ) ;
#3213 = FACE_OUTER_BOUND ( 'NONE', #10535, .T. ) ;
#3214 = MECHANICAL_DESIGN_GEOMETRIC_PRESENTATION_REPRESENTATION (  '', ( #7752 ), #6590 ) ;
#3215 = UNCERTAINTY_MEASURE_WITH_UNIT (LENGTH_MEASURE( 1.000000000000000100E-005 ), #13, 'distance_accuracy_value', 'NONE');
#3216 = CARTESIAN_POINT ( 'NONE',  ( -15.98624964825069300, -16.80716972541312200, -28.49999999999999600 ) ) ;
#3217 = DIRECTION ( 'NONE',  ( 0.0000000000000000000, 0.0000000000000000000, 1.000000000000000000 ) ) ;
#3218 = CARTESIAN_POINT ( 'NONE',  ( 1.799999999999999400, -39.15000000000002000, -31.35000000000000100 ) ) ;
#3219 = PRESENTATION_LAYER_ASSIGNMENT (  '', '', ( #9422 ) ) ;
#3220 = COLOUR_RGB ( '',0.2509803921568627400, 0.2509803921568627400, 0.2509803921568627400 ) ;
#3221 = EDGE_CURVE ( 'NONE', #6036, #10302, #8315, .T. ) ;
#3222 =( LENGTH_UNIT ( ) NAMED_UNIT ( * ) SI_UNIT ( .MILLI., .METRE. ) );
#3223 = STYLED_ITEM ( 'NONE', ( #6543 ), #4387 ) ;
#3224 = EDGE_CURVE ( 'NONE', #10605, #4084, #4657, .T. ) ;
#3225 = FACE_OUTER_BOUND ( 'NONE', #7569, .T. ) ;
#3226 = DIRECTION ( 'NONE',  ( 0.0000000000000000000, 0.0000000000000000000, -1.000000000000000000 ) ) ;
#3227 = VECTOR ( 'NONE', #300, 1000.000000000000000 ) ;
#3228 = CARTESIAN_POINT ( 'NONE',  ( -17.89999999999999500, 15.50000000000087400, -27.99999999999999600 ) ) ;
#3229 = DIRECTION ( 'NONE',  ( -1.000000000000000000, 0.0000000000000000000, 0.0000000000000000000 ) ) ;
#3230 = ADVANCED_FACE ( 'NONE', ( #7909 ), #4922, .F. ) ;
#3231 = CARTESIAN_POINT ( 'NONE',  ( -1.800000000000000700, -18.15000000000000600, -30.85000000000000100 ) ) ;
#3232 = CARTESIAN_POINT ( 'NONE',  ( -13.31369220013740100, -21.16000000000001100, -20.99999999999999600 ) ) ;
#3233 = AXIS2_PLACEMENT_3D ( 'NONE', #9754, #4762, #2914 ) ;
#3234 = EDGE_CURVE ( 'NONE', #9319, #3423, #9740, .T. ) ;
#3235 = PRESENTATION_STYLE_ASSIGNMENT (( #31 ) ) ;
#3236 = CIRCLE ( 'NONE', #10682, 0.5000000000000004400 ) ;
#3237 = DIRECTION ( 'NONE',  ( 0.0000000000000000000, 0.0000000000000000000, 1.000000000000000000 ) ) ;
#3238 = DIRECTION ( 'NONE',  ( 0.0000000000000000000, 1.000000000000000000, 0.0000000000000000000 ) ) ;
#3239 = FACE_BOUND ( 'NONE', #5568, .T. ) ;
#3240 = VECTOR ( 'NONE', #1471, 1000.000000000000000 ) ;
#3241 =( GEOMETRIC_REPRESENTATION_CONTEXT ( 3 ) GLOBAL_UNCERTAINTY_ASSIGNED_CONTEXT ( ( #9202 ) ) GLOBAL_UNIT_ASSIGNED_CONTEXT ( ( #8334, #9960, #4984 ) ) REPRESENTATION_CONTEXT ( 'NONE', 'WORKASPACE' ) );
#3242 = UNCERTAINTY_MEASURE_WITH_UNIT (LENGTH_MEASURE( 1.000000000000000100E-005 ), #5225, 'distance_accuracy_value', 'NONE');
#3243 = MECHANICAL_DESIGN_GEOMETRIC_PRESENTATION_REPRESENTATION (  '', ( #1880 ), #5284 ) ;
#3244 = DIRECTION ( 'NONE',  ( 0.0000000000000000000, 0.0000000000000000000, -1.000000000000000000 ) ) ;
#3245 = LINE ( 'NONE', #1196, #975 ) ;
#3246 = DIRECTION ( 'NONE',  ( -0.0000000000000000000, -0.0000000000000000000, -1.000000000000000000 ) ) ;
#3247 = DIRECTION ( 'NONE',  ( -1.000000000000000000, 0.0000000000000000000, -0.0000000000000000000 ) ) ;
#3248 = ORIENTED_EDGE ( 'NONE', *, *, #2397, .F. ) ;
#3249 = EDGE_CURVE ( 'NONE', #8386, #465, #1614, .T. ) ;
#3250 =( NAMED_UNIT ( * ) PLANE_ANGLE_UNIT ( ) SI_UNIT ( $, .RADIAN. ) );
#3251 = DIRECTION ( 'NONE',  ( 0.0000000000000000000, 0.0000000000000000000, 1.000000000000000000 ) ) ;
#3252 = CARTESIAN_POINT ( 'NONE',  ( -12.75000000000000000, 15.50000000000087400, -26.99999999999999600 ) ) ;
#3253 = PLANE ( 'NONE',  #6364 ) ;
#3254 = PRESENTATION_STYLE_ASSIGNMENT (( #2480 ) ) ;
#3255 = LINE ( 'NONE', #3164, #2583 ) ;
#3256 = ORIENTED_EDGE ( 'NONE', *, *, #10084, .T. ) ;
#3257 =( LENGTH_UNIT ( ) NAMED_UNIT ( * ) SI_UNIT ( .MILLI., .METRE. ) );
#3258 = EDGE_CURVE ( 'NONE', #2517, #4508, #5307, .T. ) ;
#3259 = AXIS2_PLACEMENT_3D ( 'NONE', #8725, #5423, #498 ) ;
#3260 = LINE ( 'NONE', #535, #1793 ) ;
#3261 = CARTESIAN_POINT ( 'NONE',  ( -16.94289321881343500, 20.64999999999999900, -28.49999999999999600 ) ) ;
#3262 = CARTESIAN_POINT ( 'NONE',  ( -3.599999999999998300, -21.15000000000000600, -20.99999999999999600 ) ) ;
#3263 = FILL_AREA_STYLE ('',( #5899 ) ) ;
#3264 = CARTESIAN_POINT ( 'NONE',  ( 15.49999999999912400, -15.50000000000000200, -28.49999999999999600 ) ) ;
#3265 = LINE ( 'NONE', #3344, #9032 ) ;
#3266 = ORIENTED_EDGE ( 'NONE', *, *, #2722, .F. ) ;
#3267 = LINE ( 'NONE', #3737, #10303 ) ;
#3268 =( LENGTH_UNIT ( ) NAMED_UNIT ( * ) SI_UNIT ( .MILLI., .METRE. ) );
#3269 = DIRECTION ( 'NONE',  ( 0.0000000000000000000, 0.0000000000000000000, -1.000000000000000000 ) ) ;
#3270 = CARTESIAN_POINT ( 'NONE',  ( 0.0000000000000000000, 0.0000000000000000000, 4.000000000000003600 ) ) ;
#3271 = MECHANICAL_DESIGN_GEOMETRIC_PRESENTATION_REPRESENTATION (  '', ( #1416 ), #9237 ) ;
#3272 = COLOUR_RGB ( '',0.2509803921568627400, 0.2509803921568627400, 0.2509803921568627400 ) ;
#3274 =( GEOMETRIC_REPRESENTATION_CONTEXT ( 3 ) GLOBAL_UNCERTAINTY_ASSIGNED_CONTEXT ( ( #2210 ) ) GLOBAL_UNIT_ASSIGNED_CONTEXT ( ( #10830, #9140, #9924 ) ) REPRESENTATION_CONTEXT ( 'NONE', 'WORKASPACE' ) );
#3273 = CARTESIAN_POINT ( 'NONE',  ( 15.49999999999912400, -15.50000000000000200, -26.99999999999999600 ) ) ;
#3275 = VERTEX_POINT ( 'NONE', #1659 ) ;
#3276 = COLOUR_RGB ( '',0.2509803921568627400, 0.2509803921568627400, 0.2509803921568627400 ) ;
#3277 = DIRECTION ( 'NONE',  ( -0.0000000000000000000, 1.000000000000000000, -0.0000000000000000000 ) ) ;
#3278 = ADVANCED_FACE ( 'NONE', ( #6214 ), #1868, .T. ) ;
#3279 = DIRECTION ( 'NONE',  ( -0.0000000000000000000, 1.000000000000000000, -0.0000000000000000000 ) ) ;
#3280 = DIRECTION ( 'NONE',  ( 0.0000000000000000000, -1.000000000000000000, -6.938893903907221300E-015 ) ) ;
#3281 = ORIENTED_EDGE ( 'NONE', *, *, #94, .F. ) ;
#3282 = AXIS2_PLACEMENT_3D ( 'NONE', #8171, #3309, #719 ) ;
#3283 = EDGE_CURVE ( 'NONE', #658, #1017, #3856, .T. ) ;
#3284 = VERTEX_POINT ( 'NONE', #4356 ) ;
#3285 = COLOUR_RGB ( '',0.2509803921568627400, 0.2509803921568627400, 0.2509803921568627400 ) ;
#3286 = ORIENTED_EDGE ( 'NONE', *, *, #5170, .T. ) ;
#3287 = PRESENTATION_LAYER_ASSIGNMENT (  '', '', ( #4273 ) ) ;
#3288 = EDGE_LOOP ( 'NONE', ( #2658, #2765, #6366, #8530 ) ) ;
#3289 = VERTEX_POINT ( 'NONE', #7747 ) ;
#3290 = CARTESIAN_POINT ( 'NONE',  ( -15.49999999999999800, 15.50000000000000000, 4.748924226215550000 ) ) ;
#3291 = VERTEX_POINT ( 'NONE', #5996 ) ;
#3292 = EDGE_CURVE ( 'NONE', #6299, #6327, #5714, .T. ) ;
#3293 = ORIENTED_EDGE ( 'NONE', *, *, #7539, .T. ) ;
#3294 = VERTEX_POINT ( 'NONE', #5215 ) ;
#3295 = EDGE_LOOP ( 'NONE', ( #1023, #7879, #8359, #844, #7354, #6712, #7626, #707 ) ) ;
#3296 = SURFACE_SIDE_STYLE ('',( #1762 ) ) ;
#3297 = CARTESIAN_POINT ( 'NONE',  ( 2.799999999999999800, 0.0000000000000000000, 10.00000000000000000 ) ) ;
#3298 = ORIENTED_EDGE ( 'NONE', *, *, #6150, .T. ) ;
#3299 = VERTEX_POINT ( 'NONE', #4285 ) ;
#3300 = FILL_AREA_STYLE_COLOUR ( '', #4986 ) ;
#3301 = CARTESIAN_POINT ( 'NONE',  ( -14.25001964264661500, -15.96497596850949400, -26.99999999999999600 ) ) ;
#3302 = UNCERTAINTY_MEASURE_WITH_UNIT (LENGTH_MEASURE( 1.000000000000000100E-005 ), #966, 'distance_accuracy_value', 'NONE');
#3303 = MECHANICAL_DESIGN_GEOMETRIC_PRESENTATION_REPRESENTATION (  '', ( #9874 ), #5003 ) ;
#3304 = DIRECTION ( 'NONE',  ( 0.0000000000000000000, -1.000000000000000000, 0.0000000000000000000 ) ) ;
#3305 = LINE ( 'NONE', #10157, #1959 ) ;
#3306 = STYLED_ITEM ( 'NONE', ( #10233 ), #9050 ) ;
#3307 = DIRECTION ( 'NONE',  ( -0.0000000000000000000, -0.0000000000000000000, 1.000000000000000000 ) ) ;
#3308 = ORIENTED_EDGE ( 'NONE', *, *, #6793, .F. ) ;
#3309 = DIRECTION ( 'NONE',  ( 1.224646799147353200E-016, 1.000000000000000000, -0.0000000000000000000 ) ) ;
#3310 = CARTESIAN_POINT ( 'NONE',  ( -3.599999999999997400, -21.15000000000000600, -26.49999999999999600 ) ) ;
#3311 = PLANE ( 'NONE',  #5618 ) ;
#3312 = EDGE_CURVE ( 'NONE', #247, #5558, #10240, .T. ) ;
#3313 = ORIENTED_EDGE ( 'NONE', *, *, #603, .F. ) ;
#3314 = ORIENTED_EDGE ( 'NONE', *, *, #7874, .F. ) ;
#3315 = CARTESIAN_POINT ( 'NONE',  ( 15.49999999999912400, -15.50000000000000200, -26.99999999999999600 ) ) ;
#3316 = FILL_AREA_STYLE ('',( #6762 ) ) ;
#3317 = CARTESIAN_POINT ( 'NONE',  ( 1.693713464724400800E-015, -20.65000000000000600, 9.500000000000000000 ) ) ;
#3318 = SURFACE_SIDE_STYLE ('',( #1501 ) ) ;
#3319 = EDGE_LOOP ( 'NONE', ( #514, #1563, #1033 ) ) ;
#3320 = EDGE_LOOP ( 'NONE', ( #10849, #9949, #9815, #9978 ) ) ;
#3321 = CARTESIAN_POINT ( 'NONE',  ( -15.49999999999999600, -15.50000000000000400, 10.00000000000000000 ) ) ;
#3322 = DIRECTION ( 'NONE',  ( 6.179303022933785000E-015, 1.000000000000000000, 0.0000000000000000000 ) ) ;
#3323 = VERTEX_POINT ( 'NONE', #141 ) ;
#3324 = ORIENTED_EDGE ( 'NONE', *, *, #10555, .T. ) ;
#3325 = ORIENTED_EDGE ( 'NONE', *, *, #4636, .T. ) ;
#3326 = VERTEX_POINT ( 'NONE', #1803 ) ;
#3327 =( NAMED_UNIT ( * ) SI_UNIT ( $, .STERADIAN. ) SOLID_ANGLE_UNIT ( ) );
#3328 = ORIENTED_EDGE ( 'NONE', *, *, #9905, .F. ) ;
#3329 = LINE ( 'NONE', #2614, #6479 ) ;
#3330 = ORIENTED_EDGE ( 'NONE', *, *, #10274, .T. ) ;
#3331 = CARTESIAN_POINT ( 'NONE',  ( -0.6000000000000007500, -18.15000000000000600, -30.85000000000000100 ) ) ;
#3332 = DIRECTION ( 'NONE',  ( 0.0000000000000000000, -1.000000000000000000, 0.0000000000000000000 ) ) ;
#3333 = DIRECTION ( 'NONE',  ( -1.000000000000000000, 0.0000000000000000000, 0.0000000000000000000 ) ) ;
#3334 = PRESENTATION_STYLE_ASSIGNMENT (( #479 ) ) ;
#3335 = DIRECTION ( 'NONE',  ( -0.0000000000000000000, 1.000000000000000000, -0.0000000000000000000 ) ) ;
#3336 = ADVANCED_FACE ( 'NONE', ( #1344 ), #7672, .T. ) ;
#3337 = APPLICATION_CONTEXT ( 'automotive_design' ) ;
#3338 = ORIENTED_EDGE ( 'NONE', *, *, #10488, .F. ) ;
#3339 = STYLED_ITEM ( 'NONE', ( #10817 ), #5763 ) ;
#3340 = DIRECTION ( 'NONE',  ( 0.0000000000000000000, 0.0000000000000000000, -1.000000000000000000 ) ) ;
#3341 = PRESENTATION_LAYER_ASSIGNMENT (  '', '', ( #10049 ) ) ;
#3342 = VECTOR ( 'NONE', #9328, 1000.000000000000000 ) ;
#3343 = DIRECTION ( 'NONE',  ( -0.0000000000000000000, -0.0000000000000000000, -1.000000000000000000 ) ) ;
#3344 = CARTESIAN_POINT ( 'NONE',  ( -3.500000000000000000, 4.286263797015736600E-016, 10.00000000000000000 ) ) ;
#3345 = DIRECTION ( 'NONE',  ( -1.000000000000000000, 0.0000000000000000000, 0.0000000000000000000 ) ) ;
#3346 = FILL_AREA_STYLE ('',( #1710 ) ) ;
#3347 = VECTOR ( 'NONE', #6594, 1000.000000000000000 ) ;
#3348 = DIRECTION ( 'NONE',  ( 1.427022914853926000E-014, 1.000000000000000000, -0.0000000000000000000 ) ) ;
#3349 = ORIENTED_EDGE ( 'NONE', *, *, #7428, .T. ) ;
#3350 = CARTESIAN_POINT ( 'NONE',  ( 15.03502403148815200, -16.74998035735574600, -26.99999999999999600 ) ) ;
#3351 = VECTOR ( 'NONE', #10077, 1000.000000000000000 ) ;
#3352 = DIRECTION ( 'NONE',  ( 1.000000000000000000, 0.0000000000000000000, 0.0000000000000000000 ) ) ;
#3353 = SURFACE_STYLE_USAGE ( .BOTH. , #5719 ) ;
#3354 = EDGE_CURVE ( 'NONE', #4450, #4602, #1747, .T. ) ;
#3355 =( GEOMETRIC_REPRESENTATION_CONTEXT ( 3 ) GLOBAL_UNCERTAINTY_ASSIGNED_CONTEXT ( ( #4862 ) ) GLOBAL_UNIT_ASSIGNED_CONTEXT ( ( #6786, #837, #6722 ) ) REPRESENTATION_CONTEXT ( 'NONE', 'WORKASPACE' ) );
#3356 = PRESENTATION_STYLE_ASSIGNMENT (( #4697 ) ) ;
#3357 = EDGE_CURVE ( 'NONE', #5826, #6165, #5454, .T. ) ;
#3358 = LINE ( 'NONE', #4896, #7024 ) ;
#3359 = VECTOR ( 'NONE', #2691, 1000.000000000000000 ) ;
#3360 = CONICAL_SURFACE ( 'NONE', #3002, 1.999999999999994900, 0.7853981633974321800 ) ;
#3361 = UNCERTAINTY_MEASURE_WITH_UNIT (LENGTH_MEASURE( 1.000000000000000100E-005 ), #2985, 'distance_accuracy_value', 'NONE');
#3362 = CARTESIAN_POINT ( 'NONE',  ( -12.24999999999999800, 15.50000000000087400, -28.49999999999999600 ) ) ;
#3363 = MECHANICAL_DESIGN_GEOMETRIC_PRESENTATION_REPRESENTATION (  '', ( #8978 ), #7504 ) ;
#3364 = COLOUR_RGB ( '',1.000000000000000000, 0.5686274509803921400, 0.02745098039215686200 ) ;
#3365 = LINE ( 'NONE', #8910, #584 ) ;
#3366 = PRESENTATION_LAYER_ASSIGNMENT (  '', '', ( #2796 ) ) ;
#3367 = SURFACE_SIDE_STYLE ('',( #6896 ) ) ;
#3368 = CARTESIAN_POINT ( 'NONE',  ( 16.94289321881341300, -20.65000000000000600, 9.500000000000000000 ) ) ;
#3369 = CIRCLE ( 'NONE', #797, 0.5000000000000004400 ) ;
#3370 = VERTEX_POINT ( 'NONE', #180 ) ;
#3371 = CARTESIAN_POINT ( 'NONE',  ( 15.01375035175125200, 15.03502403148986100, -28.49999999999999600 ) ) ;
#3372 = SURFACE_STYLE_FILL_AREA ( #4875 ) ;
#3373 = CARTESIAN_POINT ( 'NONE',  ( -13.31369220013742600, 21.15999999999999700, 4.000000000000003600 ) ) ;
#3374 = EDGE_CURVE ( 'NONE', #4196, #3673, #9995, .T. ) ;
#3375 = UNCERTAINTY_MEASURE_WITH_UNIT (LENGTH_MEASURE( 1.000000000000000100E-005 ), #8955, 'distance_accuracy_value', 'NONE');
#3376 = EDGE_CURVE ( 'NONE', #4508, #2412, #7143, .T. ) ;
#3377 = VECTOR ( 'NONE', #4002, 1000.000000000000000 ) ;
#3378 = SURFACE_STYLE_FILL_AREA ( #3514 ) ;
#3379 = CARTESIAN_POINT ( 'NONE',  ( -15.50000000000087200, -15.49999999999912400, -28.49999999999999600 ) ) ;
#3380 = DIRECTION ( 'NONE',  ( -0.0000000000000000000, -0.0000000000000000000, -1.000000000000000000 ) ) ;
#3381 = ORIENTED_EDGE ( 'NONE', *, *, #8561, .T. ) ;
#3382 = DIRECTION ( 'NONE',  ( -1.235860604586731400E-014, 1.000000000000000000, 0.0000000000000000000 ) ) ;
#3383 = AXIS2_PLACEMENT_3D ( 'NONE', #8443, #2613, #4 ) ;
#3384 = PLANE ( 'NONE',  #9053 ) ;
#3385 = COLOUR_RGB ( '',1.000000000000000000, 0.9058823529411764700, 0.1843137254901960900 ) ;
#3386 = PRESENTATION_STYLE_ASSIGNMENT (( #7247 ) ) ;
#3387 = ADVANCED_FACE ( 'NONE', ( #3587 ), #10647, .F. ) ;
#3388 = DIRECTION ( 'NONE',  ( 1.865390464730965300E-015, -1.000000000000000000, -0.0000000000000000000 ) ) ;
#3389 = CIRCLE ( 'NONE', #7070, 0.5000000000000004400 ) ;
#3390 = SURFACE_STYLE_FILL_AREA ( #2968 ) ;
#3391 = PRESENTATION_STYLE_ASSIGNMENT (( #1915 ) ) ;
#3392 = CARTESIAN_POINT ( 'NONE',  ( 15.98624964824874800, 14.19283027458602200, -26.99999999999999600 ) ) ;
#3393 = EDGE_CURVE ( 'NONE', #5037, #4740, #8184, .T. ) ;
#3394 = ORIENTED_EDGE ( 'NONE', *, *, #3805, .T. ) ;
#3395 = CARTESIAN_POINT ( 'NONE',  ( 16.94289321881343100, -20.65000000000000200, -28.49999999999999600 ) ) ;
#3396 = DIRECTION ( 'NONE',  ( -1.000000000000000000, 0.0000000000000000000, -0.0000000000000000000 ) ) ;
#3397 = CARTESIAN_POINT ( 'NONE',  ( -21.00355339059326800, -17.29644660940672200, 2.000000000000000000 ) ) ;
#3398 = CARTESIAN_POINT ( 'NONE',  ( 21.14999999999999900, 17.14999999999998100, -28.99999999999999600 ) ) ;
#3399 = CARTESIAN_POINT ( 'NONE',  ( -2.999999999999976900, -18.15000000000000600, -28.99999999999999600 ) ) ;
#3400 = ORIENTED_EDGE ( 'NONE', *, *, #5102, .F. ) ;
#3401 = ORIENTED_EDGE ( 'NONE', *, *, #8475, .T. ) ;
#3402 = SURFACE_STYLE_FILL_AREA ( #5831 ) ;
#3403 = CARTESIAN_POINT ( 'NONE',  ( -14.24999999999999600, -15.50000000000000400, 10.00000000000000000 ) ) ;
#3404 = VERTEX_POINT ( 'NONE', #6907 ) ;
#3405 =( LENGTH_UNIT ( ) NAMED_UNIT ( * ) SI_UNIT ( .MILLI., .METRE. ) );
#3406 = CARTESIAN_POINT ( 'NONE',  ( 0.0000000000000000000, 0.0000000000000000000, -28.99999999999999600 ) ) ;
#3407 =( GEOMETRIC_REPRESENTATION_CONTEXT ( 3 ) GLOBAL_UNCERTAINTY_ASSIGNED_CONTEXT ( ( #4171 ) ) GLOBAL_UNIT_ASSIGNED_CONTEXT ( ( #9078, #4169, #8372 ) ) REPRESENTATION_CONTEXT ( 'NONE', 'WORKASPACE' ) );
#3408 = AXIS2_PLACEMENT_3D ( 'NONE', #4975, #9099, #6725 ) ;
#3409 = ORIENTED_EDGE ( 'NONE', *, *, #8606, .T. ) ;
#3411 = STYLED_ITEM ( 'NONE', ( #2693 ), #1333 ) ;
#3410 = CARTESIAN_POINT ( 'NONE',  ( -2.999999999999976900, -18.15000000000000600, -28.99999999999999600 ) ) ;
#3412 = DIRECTION ( 'NONE',  ( -0.0000000000000000000, -0.0000000000000000000, -1.000000000000000000 ) ) ;
#3413 = ORIENTED_EDGE ( 'NONE', *, *, #838, .F. ) ;
#3414 = FILL_AREA_STYLE_COLOUR ( '', #56 ) ;
#3415 = PRESENTATION_LAYER_ASSIGNMENT (  '', '', ( #735 ) ) ;
#3416 = ORIENTED_EDGE ( 'NONE', *, *, #9932, .F. ) ;
#3417 = ORIENTED_EDGE ( 'NONE', *, *, #5697, .T. ) ;
#3418 = FILL_AREA_STYLE ('',( #4272 ) ) ;
#3419 = EDGE_CURVE ( 'NONE', #7991, #6299, #5958, .T. ) ;
#3420 = ORIENTED_EDGE ( 'NONE', *, *, #5971, .F. ) ;
#3421 = ORIENTED_EDGE ( 'NONE', *, *, #6150, .F. ) ;
#3422 = FACE_OUTER_BOUND ( 'NONE', #7553, .T. ) ;
#3423 = VERTEX_POINT ( 'NONE', #1021 ) ;
#3424 = ORIENTED_EDGE ( 'NONE', *, *, #9224, .F. ) ;
#3425 = AXIS2_PLACEMENT_3D ( 'NONE', #3379, #4236, #6755 ) ;
#3426 = EDGE_CURVE ( 'NONE', #4771, #422, #4925, .T. ) ;
#3427 = EDGE_LOOP ( 'NONE', ( #2485, #7490, #10324, #1692, #2195, #2137, #2414, #2257, #1470, #2921, #7621, #2727, #3944, #66, #7734, #2775, #373, #682 ) ) ;
#3428 = PRESENTATION_LAYER_ASSIGNMENT (  '', '', ( #594 ) ) ;
#3429 =( NAMED_UNIT ( * ) PLANE_ANGLE_UNIT ( ) SI_UNIT ( $, .RADIAN. ) );
#3430 = PRESENTATION_LAYER_ASSIGNMENT (  '', '', ( #4994 ) ) ;
#3431 = COLOUR_RGB ( '',1.000000000000000000, 0.5686274509803921400, 0.02745098039215686200 ) ;
#3432 = EDGE_LOOP ( 'NONE', ( #9723, #4873, #5435, #2229 ) ) ;
#3433 = EDGE_CURVE ( 'NONE', #7769, #8788, #2670, .T. ) ;
#3434 = PLANE ( 'NONE',  #10418 ) ;
#3435 =( LENGTH_UNIT ( ) NAMED_UNIT ( * ) SI_UNIT ( .MILLI., .METRE. ) );
#3436 = ORIENTED_EDGE ( 'NONE', *, *, #6608, .T. ) ;
#3437 = DIRECTION ( 'NONE',  ( -0.0000000000000000000, -1.000000000000000000, -0.0000000000000000000 ) ) ;
#3438 = ADVANCED_FACE ( 'NONE', ( #3213 ), #3910, .T. ) ;
#3439 = DIRECTION ( 'NONE',  ( 0.0000000000000000000, 0.0000000000000000000, -1.000000000000000000 ) ) ;
#3440 = AXIS2_PLACEMENT_3D ( 'NONE', #2102, #3974, #8998 ) ;
#3441 = CARTESIAN_POINT ( 'NONE',  ( -13.10000000000087000, -15.49999999999912400, -28.49999999999999600 ) ) ;
#3442 = AXIS2_PLACEMENT_3D ( 'NONE', #1026, #2699, #211 ) ;
#3443 = CIRCLE ( 'NONE', #8848, 2.500000000000000000 ) ;
#3444 = ORIENTED_EDGE ( 'NONE', *, *, #9581, .T. ) ;
#3445 = ORIENTED_EDGE ( 'NONE', *, *, #9522, .T. ) ;
#3446 = DIRECTION ( 'NONE',  ( 0.0000000000000000000, 0.0000000000000000000, 1.000000000000000000 ) ) ;
#3447 =( NAMED_UNIT ( * ) SI_UNIT ( $, .STERADIAN. ) SOLID_ANGLE_UNIT ( ) );
#3448 = DIRECTION ( 'NONE',  ( 0.0000000000000000000, 0.0000000000000000000, 1.000000000000000000 ) ) ;
#3449 = EDGE_CURVE ( 'NONE', #6621, #5558, #363, .T. ) ;
#3450 = VERTEX_POINT ( 'NONE', #4578 ) ;
#3451 = DIRECTION ( 'NONE',  ( 0.0000000000000000000, 0.0000000000000000000, 1.000000000000000000 ) ) ;
#3452 = VECTOR ( 'NONE', #8413, 1000.000000000000000 ) ;
#3453 = ORIENTED_EDGE ( 'NONE', *, *, #5508, .F. ) ;
#3454 = CARTESIAN_POINT ( 'NONE',  ( -1.286173548617090100E-014, -19.15000000000000600, -25.94999999999999600 ) ) ;
#3455 = EDGE_LOOP ( 'NONE', ( #125, #1818, #1329 ) ) ;
#3456 = EDGE_CURVE ( 'NONE', #1463, #6703, #6812, .T. ) ;
#3457 = LINE ( 'NONE', #713, #4790 ) ;
#3458 = ORIENTED_EDGE ( 'NONE', *, *, #6865, .F. ) ;
#3459 = STYLED_ITEM ( 'NONE', ( #1779 ), #11 ) ;
#3460 = VECTOR ( 'NONE', #815, 1000.000000000000000 ) ;
#3461 = VECTOR ( 'NONE', #9383, 1000.000000000000100 ) ;
#3462 = CARTESIAN_POINT ( 'NONE',  ( -0.2672860996805756500, 2.000000000000000000, 33.98630900375073300 ) ) ;
#3463 = CARTESIAN_POINT ( 'NONE',  ( 21.14999999999999900, 21.14999999999999900, -19.00000000000000000 ) ) ;
#3464 = DIRECTION ( 'NONE',  ( 1.000000000000000000, 0.0000000000000000000, 0.0000000000000000000 ) ) ;
#3465 = LINE ( 'NONE', #753, #10653 ) ;
#3466 = SURFACE_SIDE_STYLE ('',( #7547 ) ) ;
#3467 = FILL_AREA_STYLE ('',( #5967 ) ) ;
#3468 = DIRECTION ( 'NONE',  ( 0.0000000000000000000, 0.0000000000000000000, 1.000000000000000000 ) ) ;
#3469 = AXIS2_PLACEMENT_3D ( 'NONE', #5106, #5863, #3333 ) ;
#3470 = CIRCLE ( 'NONE', #21, 0.5000000000000004400 ) ;
#3471 = AXIS2_PLACEMENT_3D ( 'NONE', #10438, #8856, #5476 ) ;
#3472 = PRESENTATION_STYLE_ASSIGNMENT (( #3177 ) ) ;
#3473 =( NAMED_UNIT ( * ) PLANE_ANGLE_UNIT ( ) SI_UNIT ( $, .RADIAN. ) );
#3474 = CARTESIAN_POINT ( 'NONE',  ( -15.50000000000087200, -15.49999999999912400, -26.99999999999999600 ) ) ;
#3475 = LINE ( 'NONE', #3573, #703 ) ;
#3476 = CARTESIAN_POINT ( 'NONE',  ( 16.75000000000000000, -15.50000000000000000, 10.00000000000000000 ) ) ;
#3477 = FACE_OUTER_BOUND ( 'NONE', #3031, .T. ) ;
#3478 = PLANE ( 'NONE',  #5873 ) ;
#3479 = LINE ( 'NONE', #7191, #61 ) ;
#3480 = SURFACE_STYLE_USAGE ( .BOTH. , #4475 ) ;
#3481 = EDGE_CURVE ( 'NONE', #1104, #8155, #4991, .T. ) ;
#3482 = LINE ( 'NONE', #2352, #6244 ) ;
#3483 = AXIS2_PLACEMENT_3D ( 'NONE', #6181, #2819, #1924 ) ;
#3484 = CIRCLE ( 'NONE', #10783, 1.249999999999999300 ) ;
#3485 = MECHANICAL_DESIGN_GEOMETRIC_PRESENTATION_REPRESENTATION (  '', ( #7632 ), #5199 ) ;
#3486 = ADVANCED_FACE ( 'NONE', ( #4714 ), #280, .F. ) ;
#3487 = UNCERTAINTY_MEASURE_WITH_UNIT (LENGTH_MEASURE( 1.000000000000000100E-005 ), #9148, 'distance_accuracy_value', 'NONE');
#3488 = CARTESIAN_POINT ( 'NONE',  ( 13.31369220013742100, -21.16000000000000000, 4.000000000000003600 ) ) ;
#3489 = EDGE_CURVE ( 'NONE', #1513, #10374, #2607, .T. ) ;
#3490 = PRESENTATION_LAYER_ASSIGNMENT (  '', '', ( #2929 ) ) ;
#3491 = COLOUR_RGB ( '',0.2509803921568627400, 0.2509803921568627400, 0.2509803921568627400 ) ;
#3492 = EDGE_CURVE ( 'NONE', #130, #6345, #10298, .T. ) ;
#3493 = EDGE_LOOP ( 'NONE', ( #387, #4383, #8630, #8021 ) ) ;
#3494 = CYLINDRICAL_SURFACE ( 'NONE', #6799, 2.700000000000001100 ) ;
#3495 = AXIS2_PLACEMENT_3D ( 'NONE', #4295, #990, #5157 ) ;
#3496 = ADVANCED_FACE ( 'NONE', ( #9930 ), #10440, .T. ) ;
#3497 = AXIS2_PLACEMENT_3D ( 'NONE', #9369, #3592, #1111 ) ;
#3498 = FACE_OUTER_BOUND ( 'NONE', #7864, .T. ) ;
#3499 = CARTESIAN_POINT ( 'NONE',  ( 17.14999999999996300, -21.15000000000000200, 9.500000000000000000 ) ) ;
#3500 = DIRECTION ( 'NONE',  ( -0.0000000000000000000, 1.000000000000000000, -0.0000000000000000000 ) ) ;
#3501 = CARTESIAN_POINT ( 'NONE',  ( -21.14999999999999500, -21.15000000000000600, -20.99999999999999600 ) ) ;
#3502 = CIRCLE ( 'NONE', #808, 1.900000000000002400 ) ;
#3503 = SURFACE_STYLE_USAGE ( .BOTH. , #6811 ) ;
#3504 = FILL_AREA_STYLE_COLOUR ( '', #7651 ) ;
#3505 = FACE_BOUND ( 'NONE', #9808, .T. ) ;
#3506 = LINE ( 'NONE', #7611, #6120 ) ;
#3507 = EDGE_CURVE ( 'NONE', #7599, #7596, #7072, .T. ) ;
#3508 = EDGE_CURVE ( 'NONE', #1137, #7493, #9040, .T. ) ;
#3509 = CARTESIAN_POINT ( 'NONE',  ( -15.50000000000087200, -15.49999999999912400, -28.99999999999999600 ) ) ;
#3510 = CARTESIAN_POINT ( 'NONE',  ( -3.599999999999997400, -19.15000000000000600, -26.49999999999999600 ) ) ;
#3511 = LINE ( 'NONE', #6932, #1795 ) ;
#3512 = LINE ( 'NONE', #7145, #2863 ) ;
#3513 = ADVANCED_FACE ( 'NONE', ( #6561 ), #10178, .F. ) ;
#3514 = FILL_AREA_STYLE ('',( #6142 ) ) ;
#3515 = CARTESIAN_POINT ( 'NONE',  ( 0.0000000000000000000, 0.0000000000000000000, 2.000000000000000000 ) ) ;
#3516 = ORIENTED_EDGE ( 'NONE', *, *, #4738, .F. ) ;
#3517 = FACE_OUTER_BOUND ( 'NONE', #2496, .T. ) ;
#3518 = CARTESIAN_POINT ( 'NONE',  ( -14.19283027458642900, 15.98624964825022200, -28.49999999999999600 ) ) ;
#3519 = SURFACE_STYLE_USAGE ( .BOTH. , #128 ) ;
#3520 = CARTESIAN_POINT ( 'NONE',  ( 0.0000000000000000000, 0.0000000000000000000, 12.00000000000000000 ) ) ;
#3521 = VECTOR ( 'NONE', #8032, 1000.000000000000000 ) ;
#3522 = DIRECTION ( 'NONE',  ( -0.0000000000000000000, -0.0000000000000000000, -1.000000000000000000 ) ) ;
#3523 = LINE ( 'NONE', #9853, #6017 ) ;
#3524 = ORIENTED_EDGE ( 'NONE', *, *, #8062, .F. ) ;
#3525 = CARTESIAN_POINT ( 'NONE',  ( -21.14999999999999500, 13.32957238623956400, 4.000000000000003600 ) ) ;
#3526 = DIRECTION ( 'NONE',  ( -0.0000000000000000000, -0.0000000000000000000, -1.000000000000000000 ) ) ;
#3527 = EDGE_CURVE ( 'NONE', #10033, #2866, #8777, .T. ) ;
#3528 = AXIS2_PLACEMENT_3D ( 'NONE', #6924, #3448, #5289 ) ;
#3529 = CYLINDRICAL_SURFACE ( 'NONE', #10685, 0.5000000000000004400 ) ;
#3530 = AXIS2_PLACEMENT_3D ( 'NONE', #4785, #5737, #7453 ) ;
#3531 = ORIENTED_EDGE ( 'NONE', *, *, #10155, .T. ) ;
#3532 = ORIENTED_EDGE ( 'NONE', *, *, #711, .T. ) ;
#3533 = CARTESIAN_POINT ( 'NONE',  ( 12.45525991511551000, -21.25000000000000700, -13.55425343703741200 ) ) ;
#3534 = FACE_OUTER_BOUND ( 'NONE', #1, .T. ) ;
#3535 = EDGE_LOOP ( 'NONE', ( #6559, #9067 ) ) ;
#3536 = CARTESIAN_POINT ( 'NONE',  ( 16.94289321881343500, -20.65000000000000200, -28.99999999999999600 ) ) ;
#3537 = ADVANCED_FACE ( 'NONE', ( #4587 ), #1058, .T. ) ;
#3538 = VERTEX_POINT ( 'NONE', #2053 ) ;
#3539 = DIRECTION ( 'NONE',  ( -0.0000000000000000000, 0.0000000000000000000, -1.000000000000000000 ) ) ;
#3540 = ORIENTED_EDGE ( 'NONE', *, *, #1268, .T. ) ;
#3541 = VERTEX_POINT ( 'NONE', #3832 ) ;
#3542 = EDGE_LOOP ( 'NONE', ( #7754, #4451, #7739, #1922 ) ) ;
#3543 = CARTESIAN_POINT ( 'NONE',  ( 14.19283027458454600, -15.98624964824929200, -26.99999999999999600 ) ) ;
#3544 = ORIENTED_EDGE ( 'NONE', *, *, #899, .T. ) ;
#3545 = CARTESIAN_POINT ( 'NONE',  ( 15.96497596850902000, -16.74998035735574600, -26.99999999999999600 ) ) ;
#3546 = EDGE_LOOP ( 'NONE', ( #2620, #6434, #8025 ) ) ;
#3547 = STYLED_ITEM ( 'NONE', ( #39 ), #6843 ) ;
#3548 = AXIS2_PLACEMENT_3D ( 'NONE', #5228, #5125, #1751 ) ;
#3549 = SURFACE_STYLE_USAGE ( .BOTH. , #1106 ) ;
#3550 = VECTOR ( 'NONE', #1962, 1000.000000000000000 ) ;
#3551 = ADVANCED_FACE ( 'NONE', ( #2071 ), #2136, .F. ) ;
#3552 = DIRECTION ( 'NONE',  ( -0.7071067811865493500, 0.7071067811865456900, -0.0000000000000000000 ) ) ;
#3553 =( NAMED_UNIT ( * ) PLANE_ANGLE_UNIT ( ) SI_UNIT ( $, .RADIAN. ) );
#3554 = AXIS2_PLACEMENT_3D ( 'NONE', #9134, #6692, #10757 ) ;
#3555 = EDGE_CURVE ( 'NONE', #509, #6437, #10711, .T. ) ;
#3556 = ORIENTED_EDGE ( 'NONE', *, *, #1831, .T. ) ;
#3557 =( NAMED_UNIT ( * ) PLANE_ANGLE_UNIT ( ) SI_UNIT ( $, .RADIAN. ) );
#3558 = UNCERTAINTY_MEASURE_WITH_UNIT (LENGTH_MEASURE( 1.000000000000000100E-005 ), #5777, 'distance_accuracy_value', 'NONE');
#3559 =( GEOMETRIC_REPRESENTATION_CONTEXT ( 3 ) GLOBAL_UNCERTAINTY_ASSIGNED_CONTEXT ( ( #10297 ) ) GLOBAL_UNIT_ASSIGNED_CONTEXT ( ( #5341, #306, #9620 ) ) REPRESENTATION_CONTEXT ( 'NONE', 'WORKASPACE' ) );
#3560 = LINE ( 'NONE', #1200, #4362 ) ;
#3561 = EDGE_CURVE ( 'NONE', #6482, #8526, #1806, .T. ) ;
#3562 = ORIENTED_EDGE ( 'NONE', *, *, #8196, .F. ) ;
#3563 = AXIS2_PLACEMENT_3D ( 'NONE', #7728, #8502, #2711 ) ;
#3564 = CARTESIAN_POINT ( 'NONE',  ( -16.94289321881343100, 20.64999999999999900, -28.99999999999999600 ) ) ;
#3565 = DIRECTION ( 'NONE',  ( -0.0000000000000000000, -0.0000000000000000000, -1.000000000000000000 ) ) ;
#3566 = ADVANCED_FACE ( 'NONE', ( #1006 ), #1931, .T. ) ;
#3567 = ORIENTED_EDGE ( 'NONE', *, *, #4347, .F. ) ;
#3568 =( GEOMETRIC_REPRESENTATION_CONTEXT ( 3 ) GLOBAL_UNCERTAINTY_ASSIGNED_CONTEXT ( ( #6927 ) ) GLOBAL_UNIT_ASSIGNED_CONTEXT ( ( #4614, #5467, #410 ) ) REPRESENTATION_CONTEXT ( 'NONE', 'WORKASPACE' ) );
#3569 = EDGE_CURVE ( 'NONE', #7590, #4620, #8627, .T. ) ;
#3570 = EDGE_LOOP ( 'NONE', ( #1254, #1419, #1568, #2383 ) ) ;
#3571 = VECTOR ( 'NONE', #10036, 1000.000000000000000 ) ;
#3572 = ORIENTED_EDGE ( 'NONE', *, *, #2069, .F. ) ;
#3573 = CARTESIAN_POINT ( 'NONE',  ( 2.500000000000000000, 3.061616997868383100E-016, 34.00000000000000000 ) ) ;
#3574 = DIRECTION ( 'NONE',  ( -1.000000000000000000, -6.938893903907270200E-015, 0.0000000000000000000 ) ) ;
#3575 = ORIENTED_EDGE ( 'NONE', *, *, #6455, .F. ) ;
#3576 = EDGE_LOOP ( 'NONE', ( #5395, #376, #533, #3886 ) ) ;
#3577 = DIRECTION ( 'NONE',  ( 1.000000000000000000, 0.0000000000000000000, 0.0000000000000000000 ) ) ;
#3578 = AXIS2_PLACEMENT_3D ( 'NONE', #696, #6511, #5717 ) ;
#3579 = DIRECTION ( 'NONE',  ( -1.000000000000000000, 0.0000000000000000000, 0.0000000000000000000 ) ) ;
#3580 = MECHANICAL_DESIGN_GEOMETRIC_PRESENTATION_REPRESENTATION (  '', ( #4501 ), #8491 ) ;
#3581 = ORIENTED_EDGE ( 'NONE', *, *, #4281, .F. ) ;
#3582 = CARTESIAN_POINT ( 'NONE',  ( -21.00355339059326800, -17.29644660940672900, -19.00000000000000000 ) ) ;
#3583 = COLOUR_RGB ( '',0.2509803921568627400, 0.2509803921568627400, 0.2509803921568627400 ) ;
#3585 = ORIENTED_EDGE ( 'NONE', *, *, #1004, .T. ) ;
#3584 = DIRECTION ( 'NONE',  ( -1.000000000000000000, -0.0000000000000000000, -6.938893903907221300E-015 ) ) ;
#3586 = CIRCLE ( 'NONE', #9984, 11.00000000000000000 ) ;
#3587 = FACE_OUTER_BOUND ( 'NONE', #5172, .T. ) ;
#3588 = DIRECTION ( 'NONE',  ( 1.000000000000000000, 0.0000000000000000000, 0.0000000000000000000 ) ) ;
#3589 = ORIENTED_EDGE ( 'NONE', *, *, #968, .T. ) ;
#3590 = CARTESIAN_POINT ( 'NONE',  ( -21.14999999999999500, -21.15000000000000600, 9.500000000000000000 ) ) ;
#3591 = PLANE ( 'NONE',  #372 ) ;
#3592 = DIRECTION ( 'NONE',  ( 0.0000000000000000000, 0.0000000000000000000, -1.000000000000000000 ) ) ;
#3593 = FACE_OUTER_BOUND ( 'NONE', #3493, .T. ) ;
#3594 = PRESENTATION_STYLE_ASSIGNMENT (( #2986 ) ) ;
#3595 = FACE_OUTER_BOUND ( 'NONE', #1585, .T. ) ;
#3596 = TOROIDAL_SURFACE ( 'NONE', #2086, 4.000000000000000000, 0.5000000000000000000 ) ;
#3597 = EDGE_CURVE ( 'NONE', #6580, #4235, #6503, .T. ) ;
#3598 = VECTOR ( 'NONE', #5531, 1000.000000000000000 ) ;
#3599 = EDGE_CURVE ( 'NONE', #2227, #5413, #953, .T. ) ;
#3600 = COLOUR_RGB ( '',0.0000000000000000000, 0.5019607843137254800, 1.000000000000000000 ) ;
#3601 = DIRECTION ( 'NONE',  ( 1.659555831213623100E-016, 0.0000000000000000000, -1.000000000000000000 ) ) ;
#3602 =( NAMED_UNIT ( * ) SI_UNIT ( $, .STERADIAN. ) SOLID_ANGLE_UNIT ( ) );
#3603 = ORIENTED_EDGE ( 'NONE', *, *, #3481, .F. ) ;
#3604 = ADVANCED_FACE ( 'NONE', ( #8325 ), #1357, .F. ) ;
#3605 = FACE_OUTER_BOUND ( 'NONE', #6185, .T. ) ;
#3606 = DIRECTION ( 'NONE',  ( 0.0000000000000000000, -1.000000000000000000, 0.0000000000000000000 ) ) ;
#3607 = CARTESIAN_POINT ( 'NONE',  ( 13.31369220013742300, 21.15999999999999700, 63.84951795962940900 ) ) ;
#3608 = LINE ( 'NONE', #3830, #1890 ) ;
#3609 = VECTOR ( 'NONE', #7049, 1000.000000000000000 ) ;
#3610 = DIRECTION ( 'NONE',  ( 0.0000000000000000000, 0.0000000000000000000, -1.000000000000000000 ) ) ;
#3611 = AXIS2_PLACEMENT_3D ( 'NONE', #1246, #7171, #6334 ) ;
#3612 = SURFACE_SIDE_STYLE ('',( #8033 ) ) ;
#3613 = FILL_AREA_STYLE ('',( #1814 ) ) ;
#3614 = FILL_AREA_STYLE_COLOUR ( '', #5119 ) ;
#3615 = LINE ( 'NONE', #1332, #63 ) ;
#3616 = ORIENTED_EDGE ( 'NONE', *, *, #4065, .T. ) ;
#3617 = ADVANCED_FACE ( 'NONE', ( #4532 ), #2862, .T. ) ;
#3618 = CARTESIAN_POINT ( 'NONE',  ( -16.94289321881344500, 20.64999999999999900, 9.500000000000000000 ) ) ;
#3619 = DIRECTION ( 'NONE',  ( -0.0000000000000000000, -0.0000000000000000000, -1.000000000000000000 ) ) ;
#3620 = DIRECTION ( 'NONE',  ( -1.000000000000000000, 0.0000000000000000000, -1.156482317317871300E-015 ) ) ;
#3621 = PRESENTATION_LAYER_ASSIGNMENT (  '', '', ( #1002 ) ) ;
#3622 =( NAMED_UNIT ( * ) SI_UNIT ( $, .STERADIAN. ) SOLID_ANGLE_UNIT ( ) );
#3623 = EDGE_CURVE ( 'NONE', #2866, #10033, #3136, .T. ) ;
#3624 = DIRECTION ( 'NONE',  ( -1.000000000000000000, 0.0000000000000000000, 0.0000000000000000000 ) ) ;
#3625 = VECTOR ( 'NONE', #2537, 1000.000000000000000 ) ;
#3626 = ORIENTED_EDGE ( 'NONE', *, *, #5654, .T. ) ;
#3627 = MECHANICAL_DESIGN_GEOMETRIC_PRESENTATION_REPRESENTATION (  '', ( #1005 ), #5487 ) ;
#3628 = VERTEX_POINT ( 'NONE', #3252 ) ;
#3629 = DIRECTION ( 'NONE',  ( 0.0000000000000000000, -1.000000000000000000, 0.0000000000000000000 ) ) ;
#3631 =( NAMED_UNIT ( * ) PLANE_ANGLE_UNIT ( ) SI_UNIT ( $, .RADIAN. ) );
#3630 = VECTOR ( 'NONE', #10414, 1000.000000000000000 ) ;
#3632 = VECTOR ( 'NONE', #6877, 1000.000000000000000 ) ;
#3633 = AXIS2_PLACEMENT_3D ( 'NONE', #9615, #10411, #3699 ) ;
#3634 = EDGE_CURVE ( 'NONE', #6808, #2507, #1796, .T. ) ;
#3635 = CARTESIAN_POINT ( 'NONE',  ( -0.6000000000000003100, -39.15000000000002000, -30.15000000000000200 ) ) ;
#3636 = COLOUR_RGB ( '',0.2509803921568627400, 0.2509803921568627400, 0.2509803921568627400 ) ;
#3637 = DIRECTION ( 'NONE',  ( 0.7071067811865469100, 0.7071067811865481300, -0.0000000000000000000 ) ) ;
#3638 = DIRECTION ( 'NONE',  ( 1.000000000000000000, 0.0000000000000000000, 0.0000000000000000000 ) ) ;
#3639 = CIRCLE ( 'NONE', #1999, 0.5000000000000006700 ) ;
#3640 = CIRCLE ( 'NONE', #8338, 20.00000000000000000 ) ;
#3641 = VERTEX_POINT ( 'NONE', #4018 ) ;
#3642 = MECHANICAL_DESIGN_GEOMETRIC_PRESENTATION_REPRESENTATION (  '', ( #3099 ), #4233 ) ;
#3643 = FILL_AREA_STYLE_COLOUR ( '', #1483 ) ;
#3644 = DIRECTION ( 'NONE',  ( 0.0000000000000000000, 0.0000000000000000000, -1.000000000000000000 ) ) ;
#3645 = PLANE ( 'NONE',  #4393 ) ;
#3646 = DIRECTION ( 'NONE',  ( 0.7071067811865475700, -0.7071067811865475700, 0.0000000000000000000 ) ) ;
#3647 = DIRECTION ( 'NONE',  ( 1.000000000000000000, 0.0000000000000000000, 0.0000000000000000000 ) ) ;
#3648 = EDGE_CURVE ( 'NONE', #3728, #7268, #2987, .T. ) ;
#3649 = EDGE_LOOP ( 'NONE', ( #3453, #7852 ) ) ;
#3650 = VECTOR ( 'NONE', #3619, 1000.000000000000000 ) ;
#3651 = DIRECTION ( 'NONE',  ( -0.0000000000000000000, 1.000000000000000000, -0.0000000000000000000 ) ) ;
#3652 = CARTESIAN_POINT ( 'NONE',  ( -13.60000000000087000, -15.49999999999912400, -27.99999999999999600 ) ) ;
#3653 = DIRECTION ( 'NONE',  ( 0.0000000000000000000, -1.000000000000000000, 0.0000000000000000000 ) ) ;
#3654 = CYLINDRICAL_SURFACE ( 'NONE', #2066, 3.500000000000000000 ) ;
#3655 = ADVANCED_FACE ( 'NONE', ( #6402 ), #8957, .F. ) ;
#3656 = CARTESIAN_POINT ( 'NONE',  ( -16.74999999999999300, -15.50000000000000400, 10.00000000000000000 ) ) ;
#3657 = ORIENTED_EDGE ( 'NONE', *, *, #810, .F. ) ;
#3658 =( LENGTH_UNIT ( ) NAMED_UNIT ( * ) SI_UNIT ( .MILLI., .METRE. ) );
#3659 = ORIENTED_EDGE ( 'NONE', *, *, #7711, .F. ) ;
#3660 = CARTESIAN_POINT ( 'NONE',  ( -16.94289321881344200, -20.65000000000000600, 10.00000000000000000 ) ) ;
#3661 = ORIENTED_EDGE ( 'NONE', *, *, #5279, .F. ) ;
#3662 = SURFACE_STYLE_USAGE ( .BOTH. , #6114 ) ;
#3663 = DIRECTION ( 'NONE',  ( -8.202002250481357500E-017, 1.000000000000000000, 0.0000000000000000000 ) ) ;
#3664 = ORIENTED_EDGE ( 'NONE', *, *, #1831, .F. ) ;
#3665 = UNCERTAINTY_MEASURE_WITH_UNIT (LENGTH_MEASURE( 1.000000000000000100E-005 ), #1133, 'distance_accuracy_value', 'NONE');
#3666 = DIRECTION ( 'NONE',  ( 0.0000000000000000000, -1.000000000000000000, 0.0000000000000000000 ) ) ;
#3667 = EDGE_LOOP ( 'NONE', ( #7749, #8930, #9898, #354 ) ) ;
#3668 = EDGE_LOOP ( 'NONE', ( #3308, #2399 ) ) ;
#3669 = ORIENTED_EDGE ( 'NONE', *, *, #3771, .F. ) ;
#3670 = ORIENTED_EDGE ( 'NONE', *, *, #4583, .F. ) ;
#3671 =( LENGTH_UNIT ( ) NAMED_UNIT ( * ) SI_UNIT ( .MILLI., .METRE. ) );
#3672 = ORIENTED_EDGE ( 'NONE', *, *, #1936, .T. ) ;
#3673 = VERTEX_POINT ( 'NONE', #623 ) ;
#3674 = ADVANCED_FACE ( 'NONE', ( #10432 ), #5681, .F. ) ;
#3675 = AXIS2_PLACEMENT_3D ( 'NONE', #1474, #706, #2338 ) ;
#3676 = ORIENTED_EDGE ( 'NONE', *, *, #2308, .T. ) ;
#3677 = EDGE_LOOP ( 'NONE', ( #1045, #4358, #8869, #8652 ) ) ;
#3678 = AXIS2_PLACEMENT_3D ( 'NONE', #4870, #5678, #10609 ) ;
#3679 = DIRECTION ( 'NONE',  ( 0.0000000000000000000, 0.0000000000000000000, -1.000000000000000000 ) ) ;
#3680 = CARTESIAN_POINT ( 'NONE',  ( -17.29644660940671100, 21.00355339059327200, 2.000000000000000000 ) ) ;
#3681 = ORIENTED_EDGE ( 'NONE', *, *, #2088, .F. ) ;
#3682 = DIRECTION ( 'NONE',  ( 0.0000000000000000000, 0.0000000000000000000, 1.000000000000000000 ) ) ;
#3683 = CARTESIAN_POINT ( 'NONE',  ( 0.0000000000000000000, 0.0000000000000000000, 4.000000000000003600 ) ) ;
#3684 = VERTEX_POINT ( 'NONE', #3108 ) ;
#3685 = PLANE ( 'NONE',  #10752 ) ;
#3686 = EDGE_LOOP ( 'NONE', ( #1191, #3789 ) ) ;
#3687 = AXIS2_PLACEMENT_3D ( 'NONE', #6529, #1408, #9049 ) ;
#3688 = STYLED_ITEM ( 'NONE', ( #8122 ), #10781 ) ;
#3689 = CARTESIAN_POINT ( 'NONE',  ( 1.799999999999999400, -39.15000000000002000, -31.85000000000000500 ) ) ;
#3690 =( NAMED_UNIT ( * ) SI_UNIT ( $, .STERADIAN. ) SOLID_ANGLE_UNIT ( ) );
#3691 = DIRECTION ( 'NONE',  ( 0.0000000000000000000, 0.0000000000000000000, 1.000000000000000000 ) ) ;
#3692 = CARTESIAN_POINT ( 'NONE',  ( 11.00000000000000000, 0.0000000000000000000, 11.50000000000000000 ) ) ;
#3693 = CARTESIAN_POINT ( 'NONE',  ( 14.25000000000000500, -15.50000000000000000, 10.00000000000000000 ) ) ;
#3694 = UNCERTAINTY_MEASURE_WITH_UNIT (LENGTH_MEASURE( 1.000000000000000100E-005 ), #6585, 'distance_accuracy_value', 'NONE');
#3695 = SURFACE_STYLE_USAGE ( .BOTH. , #10334 ) ;
#3696 = AXIS2_PLACEMENT_3D ( 'NONE', #8835, #761, #6349 ) ;
#3697 = VECTOR ( 'NONE', #1273, 1000.000000000000000 ) ;
#3698 = EDGE_LOOP ( 'NONE', ( #5924, #814, #2105, #1170 ) ) ;
#3699 = DIRECTION ( 'NONE',  ( 1.000000000000000000, 0.0000000000000000000, 0.0000000000000000000 ) ) ;
#3700 = EDGE_CURVE ( 'NONE', #6196, #8796, #8231, .T. ) ;
#3701 = VERTEX_POINT ( 'NONE', #4871 ) ;
#3702 = EDGE_LOOP ( 'NONE', ( #3940, #5542, #8429 ) ) ;
#3703 = DIRECTION ( 'NONE',  ( 0.0000000000000000000, 0.0000000000000000000, -1.000000000000000000 ) ) ;
#3704 =( NAMED_UNIT ( * ) SI_UNIT ( $, .STERADIAN. ) SOLID_ANGLE_UNIT ( ) );
#3705 = DIRECTION ( 'NONE',  ( 0.0000000000000000000, 0.0000000000000000000, 1.000000000000000000 ) ) ;
#3706 =( NAMED_UNIT ( * ) PLANE_ANGLE_UNIT ( ) SI_UNIT ( $, .RADIAN. ) );
#3707 = FILL_AREA_STYLE ('',( #1158 ) ) ;
#3708 = DIRECTION ( 'NONE',  ( -1.000000000000000000, 0.0000000000000000000, 0.0000000000000000000 ) ) ;
#3709 = ORIENTED_EDGE ( 'NONE', *, *, #1458, .F. ) ;
#3710 = AXIS2_PLACEMENT_3D ( 'NONE', #435, #6235, #4518 ) ;
#3711 = LINE ( 'NONE', #8294, #5699 ) ;
#3712 = VERTEX_POINT ( 'NONE', #1544 ) ;
#3713 = DIRECTION ( 'NONE',  ( -0.7071067811865475700, 0.7071067811865475700, 0.0000000000000000000 ) ) ;
#3714 = CARTESIAN_POINT ( 'NONE',  ( 15.96497596850902500, -15.01375035175166400, -26.99999999999999600 ) ) ;
#3715 = CARTESIAN_POINT ( 'NONE',  ( 0.0000000000000000000, 0.0000000000000000000, -28.49999999999999600 ) ) ;
#3716 = EDGE_LOOP ( 'NONE', ( #1431, #9596, #7630, #10482 ) ) ;
#3717 = AXIS2_PLACEMENT_3D ( 'NONE', #4100, #1694, #4998 ) ;
#3718 = ADVANCED_FACE ( 'NONE', ( #7063 ), #6802, .T. ) ;
#3719 = EDGE_CURVE ( 'NONE', #7259, #2501, #4706, .T. ) ;
#3720 = EDGE_CURVE ( 'NONE', #8387, #1615, #7965, .T. ) ;
#3721 = DIRECTION ( 'NONE',  ( 1.000000000000000000, 8.202002250481357500E-017, -0.0000000000000000000 ) ) ;
#3722 = DIRECTION ( 'NONE',  ( -0.0000000000000000000, -0.0000000000000000000, 1.000000000000000000 ) ) ;
#3723 = LINE ( 'NONE', #5796, #830 ) ;
#3724 = ORIENTED_EDGE ( 'NONE', *, *, #6865, .T. ) ;
#3725 = CARTESIAN_POINT ( 'NONE',  ( 18.25000000000000000, 15.50000000000000000, -26.99999999999999600 ) ) ;
#3726 = VECTOR ( 'NONE', #10468, 1000.000000000000000 ) ;
#3727 = DIRECTION ( 'NONE',  ( -0.0000000000000000000, -0.0000000000000000000, 1.000000000000000000 ) ) ;
#3728 = VERTEX_POINT ( 'NONE', #7467 ) ;
#3729 = PLANE ( 'NONE',  #9123 ) ;
#3730 = PRESENTATION_STYLE_ASSIGNMENT (( #1947 ) ) ;
#3731 = CIRCLE ( 'NONE', #9920, 2.799999999999999800 ) ;
#3732 = SURFACE_STYLE_USAGE ( .BOTH. , #2882 ) ;
#3733 = CYLINDRICAL_SURFACE ( 'NONE', #10147, 2.399999999999997700 ) ;
#3734 =( LENGTH_UNIT ( ) NAMED_UNIT ( * ) SI_UNIT ( .MILLI., .METRE. ) );
#3735 = ORIENTED_EDGE ( 'NONE', *, *, #4546, .T. ) ;
#3736 = ADVANCED_FACE ( 'NONE', ( #9280 ), #2725, .T. ) ;
#3737 = CARTESIAN_POINT ( 'NONE',  ( 15.01375035175125200, 16.80716972541398100, -26.99999999999999600 ) ) ;
#3738 = DIRECTION ( 'NONE',  ( 1.156482317317871300E-015, 9.485470569283075900E-032, -1.000000000000000000 ) ) ;
#3739 = CIRCLE ( 'NONE', #6236, 20.00000000000000000 ) ;
#3740 = PLANE ( 'NONE',  #4139 ) ;
#3741 = VECTOR ( 'NONE', #5482, 1000.000000000000000 ) ;
#3742 = LINE ( 'NONE', #3499, #3359 ) ;
#3743 = CIRCLE ( 'NONE', #8979, 0.5563334663949287600 ) ;
#3744 = CARTESIAN_POINT ( 'NONE',  ( -1.800000000000000700, -39.15000000000002000, -31.35000000000000100 ) ) ;
#3745 = FILL_AREA_STYLE_COLOUR ( '', #7963 ) ;
#3746 = CARTESIAN_POINT ( 'NONE',  ( -16.74998035735715300, -15.96497596850949400, -28.49999999999999600 ) ) ;
#3747 = EDGE_CURVE ( 'NONE', #6282, #9447, #10170, .T. ) ;
#3748 = CYLINDRICAL_SURFACE ( 'NONE', #6126, 2.750000000000000900 ) ;
#3749 = FILL_AREA_STYLE_COLOUR ( '', #7681 ) ;
#3750 = AXIS2_PLACEMENT_3D ( 'NONE', #3178, #2361, #3133 ) ;
#3751 = CIRCLE ( 'NONE', #10122, 1.249999999999997600 ) ;
#3752 =( NAMED_UNIT ( * ) PLANE_ANGLE_UNIT ( ) SI_UNIT ( $, .RADIAN. ) );
#3753 = DIRECTION ( 'NONE',  ( 0.0000000000000000000, 0.0000000000000000000, 1.000000000000000000 ) ) ;
#3754 = VECTOR ( 'NONE', #6746, 1000.000000000000100 ) ;
#3755 = CARTESIAN_POINT ( 'NONE',  ( -21.14999999999999500, 17.14999999999999500, 2.000000000000000000 ) ) ;
#3756 = FILL_AREA_STYLE ('',( #4650 ) ) ;
#3757 = FACE_OUTER_BOUND ( 'NONE', #4316, .T. ) ;
#3758 = DIRECTION ( 'NONE',  ( 0.0000000000000000000, -1.000000000000000000, 0.0000000000000000000 ) ) ;
#3759 = SURFACE_STYLE_USAGE ( .BOTH. , #8783 ) ;
#3760 = COLOUR_RGB ( '',0.0000000000000000000, 0.0000000000000000000, 0.0000000000000000000 ) ;
#3761 = CARTESIAN_POINT ( 'NONE',  ( -15.50000000000087200, -15.49999999999912400, -28.99999999999999600 ) ) ;
#3762 = DIRECTION ( 'NONE',  ( -0.7071067811865496800, -0.7071067811865453500, -0.0000000000000000000 ) ) ;
#3763 = VERTEX_POINT ( 'NONE', #3935 ) ;
#3764 = AXIS2_PLACEMENT_3D ( 'NONE', #5869, #4970, #10026 ) ;
#3765 =( NAMED_UNIT ( * ) SI_UNIT ( $, .STERADIAN. ) SOLID_ANGLE_UNIT ( ) );
#3766 = VECTOR ( 'NONE', #8852, 1000.000000000000000 ) ;
#3767 = AXIS2_PLACEMENT_3D ( 'NONE', #1296, #8710, #7148 ) ;
#3768 =( GEOMETRIC_REPRESENTATION_CONTEXT ( 3 ) GLOBAL_UNCERTAINTY_ASSIGNED_CONTEXT ( ( #3558 ) ) GLOBAL_UNIT_ASSIGNED_CONTEXT ( ( #5777, #8248, #4977 ) ) REPRESENTATION_CONTEXT ( 'NONE', 'WORKASPACE' ) );
#3769 = FILL_AREA_STYLE_COLOUR ( '', #4434 ) ;
#3770 = CYLINDRICAL_SURFACE ( 'NONE', #3017, 25.00000000000000000 ) ;
#3771 = EDGE_CURVE ( 'NONE', #5390, #5833, #9395, .T. ) ;
#3772 = FACE_OUTER_BOUND ( 'NONE', #7108, .T. ) ;
#3773 = CIRCLE ( 'NONE', #2293, 1.249999999999999300 ) ;
#3774 = CYLINDRICAL_SURFACE ( 'NONE', #8528, 0.5000000000000004400 ) ;
#3775 = CARTESIAN_POINT ( 'NONE',  ( 3.483848208458107300, -21.25000000000000700, -3.513670508111640900E-016 ) ) ;
#3776 = CARTESIAN_POINT ( 'NONE',  ( 2.500000000000000000, 3.061616997868383100E-016, -25.99999999999999600 ) ) ;
#3777 = COLOUR_RGB ( '',0.2509803921568627400, 0.2509803921568627400, 0.2509803921568627400 ) ;
#3778 = CARTESIAN_POINT ( 'NONE',  ( 12.25000000000000200, 15.50000000000000000, -28.99999999999999600 ) ) ;
#3779 = DIRECTION ( 'NONE',  ( 1.000000000000000000, 8.202002250481357500E-017, 0.0000000000000000000 ) ) ;
#3780 =( GEOMETRIC_REPRESENTATION_CONTEXT ( 3 ) GLOBAL_UNCERTAINTY_ASSIGNED_CONTEXT ( ( #7985 ) ) GLOBAL_UNIT_ASSIGNED_CONTEXT ( ( #1139, #8704, #4503 ) ) REPRESENTATION_CONTEXT ( 'NONE', 'WORKASPACE' ) );
#3781 =( NAMED_UNIT ( * ) SI_UNIT ( $, .STERADIAN. ) SOLID_ANGLE_UNIT ( ) );
#3782 = EDGE_CURVE ( 'NONE', #7646, #9072, #203, .T. ) ;
#3783 = CARTESIAN_POINT ( 'NONE',  ( 0.0000000000000000000, 0.0000000000000000000, 11.50000000000000000 ) ) ;
#3784 = AXIS2_PLACEMENT_3D ( 'NONE', #5580, #8076, #8925 ) ;
#3785 = DIRECTION ( 'NONE',  ( -0.0000000000000000000, -0.0000000000000000000, -1.000000000000000000 ) ) ;
#3786 = SURFACE_SIDE_STYLE ('',( #3390 ) ) ;
#3787 = CARTESIAN_POINT ( 'NONE',  ( -15.03502403149003500, 15.98624964825022200, -26.99999999999999600 ) ) ;
#3788 = STYLED_ITEM ( 'NONE', ( #8847 ), #3135 ) ;
#3789 = ORIENTED_EDGE ( 'NONE', *, *, #7540, .F. ) ;
#3790 = CIRCLE ( 'NONE', #9642, 0.5563334663949322000 ) ;
#3791 = EDGE_CURVE ( 'NONE', #1388, #1615, #348, .T. ) ;
#3792 =( LENGTH_UNIT ( ) NAMED_UNIT ( * ) SI_UNIT ( .MILLI., .METRE. ) );
#3793 = DIRECTION ( 'NONE',  ( 1.659555831213623100E-016, 0.0000000000000000000, -1.000000000000000000 ) ) ;
#3794 = CARTESIAN_POINT ( 'NONE',  ( -1.371348881391340800, -39.15000000000000600, -23.12683120912890200 ) ) ;
#3795 = ADVANCED_FACE ( 'NONE', ( #9152 ), #5031, .F. ) ;
#3796 = AXIS2_PLACEMENT_3D ( 'NONE', #2190, #7373, #7301 ) ;
#3797 = SURFACE_STYLE_FILL_AREA ( #8953 ) ;
#3798 = MECHANICAL_DESIGN_GEOMETRIC_PRESENTATION_REPRESENTATION (  '', ( #7524 ), #550 ) ;
#3799 =( NAMED_UNIT ( * ) SI_UNIT ( $, .STERADIAN. ) SOLID_ANGLE_UNIT ( ) );
#3800 = ORIENTED_EDGE ( 'NONE', *, *, #8409, .F. ) ;
#3801 = DIRECTION ( 'NONE',  ( 0.0000000000000000000, -1.000000000000000000, 0.0000000000000000000 ) ) ;
#3802 = DIRECTION ( 'NONE',  ( 1.000000000000000000, 0.0000000000000000000, 0.0000000000000000000 ) ) ;
#3803 = DIRECTION ( 'NONE',  ( -0.0000000000000000000, -0.0000000000000000000, -1.000000000000000000 ) ) ;
#3804 = CARTESIAN_POINT ( 'NONE',  ( -13.32957238623955800, 21.14999999999999900, -80.84951795962939500 ) ) ;
#3805 = EDGE_CURVE ( 'NONE', #6641, #2374, #2340, .T. ) ;
#3806 = VECTOR ( 'NONE', #6968, 1000.000000000000000 ) ;
#3807 = ORIENTED_EDGE ( 'NONE', *, *, #1221, .T. ) ;
#3808 = FILL_AREA_STYLE ('',( #6177 ) ) ;
#3809 = ORIENTED_EDGE ( 'NONE', *, *, #7515, .T. ) ;
#3810 = ORIENTED_EDGE ( 'NONE', *, *, #4804, .T. ) ;
#3811 = FILL_AREA_STYLE_COLOUR ( '', #2023 ) ;
#3812 = ORIENTED_EDGE ( 'NONE', *, *, #10428, .F. ) ;
#3813 = ORIENTED_EDGE ( 'NONE', *, *, #3719, .T. ) ;
#3814 = CARTESIAN_POINT ( 'NONE',  ( -15.01375035175305900, -16.80716972541313200, -26.99999999999999600 ) ) ;
#3815 = ORIENTED_EDGE ( 'NONE', *, *, #4493, .T. ) ;
#3816 = EDGE_CURVE ( 'NONE', #8532, #6435, #4582, .T. ) ;
#3817 = DIRECTION ( 'NONE',  ( -1.000000000000000000, 0.0000000000000000000, 0.0000000000000000000 ) ) ;
#3818 = DIRECTION ( 'NONE',  ( 0.0000000000000000000, 0.0000000000000000000, 1.000000000000000000 ) ) ;
#3819 = EDGE_CURVE ( 'NONE', #1849, #7779, #2058, .T. ) ;
#3820 = EDGE_LOOP ( 'NONE', ( #3906, #4208, #2091, #8971 ) ) ;
#3821 = EDGE_LOOP ( 'NONE', ( #5787, #9947, #9602, #773 ) ) ;
#3822 = CARTESIAN_POINT ( 'NONE',  ( -15.98624964825069700, -15.03502403148862900, -26.99999999999999600 ) ) ;
#3823 = VECTOR ( 'NONE', #5982, 999.9999999999998900 ) ;
#3824 = CARTESIAN_POINT ( 'NONE',  ( -13.32957238623954800, -21.15000000000000600, -20.99999999999999600 ) ) ;
#3825 = VERTEX_POINT ( 'NONE', #8870 ) ;
#3826 = UNCERTAINTY_MEASURE_WITH_UNIT (LENGTH_MEASURE( 1.000000000000000100E-005 ), #1469, 'distance_accuracy_value', 'NONE');
#3827 = PRESENTATION_LAYER_ASSIGNMENT (  '', '', ( #2132 ) ) ;
#3828 = AXIS2_PLACEMENT_3D ( 'NONE', #1542, #4093, #7425 ) ;
#3829 = FACE_OUTER_BOUND ( 'NONE', #1743, .T. ) ;
#3831 = EDGE_LOOP ( 'NONE', ( #5551, #1963, #4098, #4438 ) ) ;
#3830 = CARTESIAN_POINT ( 'NONE',  ( -17.14999999999999100, -21.15000000000000600, 2.000000000000000000 ) ) ;
#3832 = CARTESIAN_POINT ( 'NONE',  ( -1.500000000000000200, 2.000000000000000000, 19.00000000000000400 ) ) ;
#3833 = DIRECTION ( 'NONE',  ( -0.0000000000000000000, -0.0000000000000000000, -1.000000000000000000 ) ) ;
#3834 = CARTESIAN_POINT ( 'NONE',  ( -3.599999999999998300, -19.15000000000000600, -20.99999999999999600 ) ) ;
#3835 = ORIENTED_EDGE ( 'NONE', *, *, #2427, .T. ) ;
#3836 = ORIENTED_EDGE ( 'NONE', *, *, #9073, .T. ) ;
#3837 = EDGE_CURVE ( 'NONE', #4695, #8178, #885, .T. ) ;
#3839 = EDGE_LOOP ( 'NONE', ( #1986, #3158, #8948, #4489 ) ) ;
#3838 = DIRECTION ( 'NONE',  ( 0.0000000000000000000, 0.0000000000000000000, 1.000000000000000000 ) ) ;
#3840 = VERTEX_POINT ( 'NONE', #1342 ) ;
#3841 = AXIS2_PLACEMENT_3D ( 'NONE', #4932, #1528, #3345 ) ;
#3842 = ORIENTED_EDGE ( 'NONE', *, *, #6602, .T. ) ;
#3843 = ADVANCED_FACE ( 'NONE', ( #87 ), #3003, .F. ) ;
#3844 = CARTESIAN_POINT ( 'NONE',  ( -1.371348881391340800, -39.15000000000000600, -22.57049774273397300 ) ) ;
#3845 = SURFACE_SIDE_STYLE ('',( #5603 ) ) ;
#3846 = SURFACE_STYLE_USAGE ( .BOTH. , #2187 ) ;
#3847 =( NAMED_UNIT ( * ) SI_UNIT ( $, .STERADIAN. ) SOLID_ANGLE_UNIT ( ) );
#3848 = AXIS2_PLACEMENT_3D ( 'NONE', #3660, #10336, #2964 ) ;
#3849 =( NAMED_UNIT ( * ) SI_UNIT ( $, .STERADIAN. ) SOLID_ANGLE_UNIT ( ) );
#3850 = EDGE_CURVE ( 'NONE', #8346, #2922, #3009, .T. ) ;
#3851 = EDGE_LOOP ( 'NONE', ( #1197, #8913 ) ) ;
#3852 = EDGE_LOOP ( 'NONE', ( #8841, #1025, #7397, #5913 ) ) ;
#3853 = CARTESIAN_POINT ( 'NONE',  ( -16.94289321881344500, -20.65000000000000900, 9.500000000000000000 ) ) ;
#3854 = CARTESIAN_POINT ( 'NONE',  ( 15.50000000000000000, 15.50000000000000000, -28.99999999999999600 ) ) ;
#3855 = VECTOR ( 'NONE', #1321, 1000.000000000000000 ) ;
#3856 = LINE ( 'NONE', #9355, #3996 ) ;
#3857 = PLANE ( 'NONE',  #8038 ) ;
#3858 = ORIENTED_EDGE ( 'NONE', *, *, #8134, .F. ) ;
#3859 = AXIS2_PLACEMENT_3D ( 'NONE', #8632, #6105, #2811 ) ;
#3860 =( GEOMETRIC_REPRESENTATION_CONTEXT ( 3 ) GLOBAL_UNCERTAINTY_ASSIGNED_CONTEXT ( ( #3665 ) ) GLOBAL_UNIT_ASSIGNED_CONTEXT ( ( #1133, #10281, #6071 ) ) REPRESENTATION_CONTEXT ( 'NONE', 'WORKASPACE' ) );
#3861 = SURFACE_STYLE_FILL_AREA ( #7978 ) ;
#3862 = DIRECTION ( 'NONE',  ( -1.000000000000000000, 0.0000000000000000000, 0.0000000000000000000 ) ) ;
#3863 = CARTESIAN_POINT ( 'NONE',  ( -2.999999999999976500, -19.77371993328518900, -33.49999999999999300 ) ) ;
#3864 = COLOUR_RGB ( '',0.2509803921568627400, 0.2509803921568627400, 0.2509803921568627400 ) ;
#3865 = VECTOR ( 'NONE', #10278, 1000.000000000000000 ) ;
#3866 = COLOUR_RGB ( '',1.000000000000000000, 0.9058823529411764700, 0.1843137254901960900 ) ;
#3867 = EDGE_CURVE ( 'NONE', #8638, #9561, #983, .T. ) ;
#3868 = CARTESIAN_POINT ( 'NONE',  ( -17.29644660940671100, 21.00355339059327200, 9.500000000000000000 ) ) ;
#3869 = SURFACE_SIDE_STYLE ('',( #10652 ) ) ;
#3870 =( LENGTH_UNIT ( ) NAMED_UNIT ( * ) SI_UNIT ( .MILLI., .METRE. ) );
#3871 = SURFACE_STYLE_FILL_AREA ( #2321 ) ;
#3872 = CIRCLE ( 'NONE', #4933, 0.5563334663949287600 ) ;
#3873 = CARTESIAN_POINT ( 'NONE',  ( -21.15999999999998900, 13.31369220013744000, 4.000000000000003600 ) ) ;
#3874 = VERTEX_POINT ( 'NONE', #9657 ) ;
#3875 = UNCERTAINTY_MEASURE_WITH_UNIT (LENGTH_MEASURE( 1.000000000000000100E-005 ), #8758, 'distance_accuracy_value', 'NONE');
#3876 = PRESENTATION_STYLE_ASSIGNMENT (( #9245 ) ) ;
#3877 = VECTOR ( 'NONE', #6285, 1000.000000000000000 ) ;
#3878 = FACE_OUTER_BOUND ( 'NONE', #1688, .T. ) ;
#3879 = COLOUR_RGB ( '',0.2509803921568627400, 0.2509803921568627400, 0.2509803921568627400 ) ;
#3880 = CARTESIAN_POINT ( 'NONE',  ( 0.0000000000000000000, -21.25000000000000700, 0.0000000000000000000 ) ) ;
#3881 = CARTESIAN_POINT ( 'NONE',  ( 15.49999999999912400, -15.50000000000000200, -27.99999999999999600 ) ) ;
#3882 = SURFACE_STYLE_USAGE ( .BOTH. , #10663 ) ;
#3883 = FACE_OUTER_BOUND ( 'NONE', #9556, .T. ) ;
#3884 = VECTOR ( 'NONE', #2007, 1000.000000000000000 ) ;
#3885 =( NAMED_UNIT ( * ) SI_UNIT ( $, .STERADIAN. ) SOLID_ANGLE_UNIT ( ) );
#3886 = ORIENTED_EDGE ( 'NONE', *, *, #3393, .T. ) ;
#3887 =( NAMED_UNIT ( * ) SI_UNIT ( $, .STERADIAN. ) SOLID_ANGLE_UNIT ( ) );
#3888 = FILL_AREA_STYLE ('',( #6542 ) ) ;
#3889 = AXIS2_PLACEMENT_3D ( 'NONE', #5161, #5979, #124 ) ;
#3890 = STYLED_ITEM ( 'NONE', ( #5488 ), #1052 ) ;
#3891 = CARTESIAN_POINT ( 'NONE',  ( 15.50000000000000400, -15.50000000000000000, 5.500000000000000000 ) ) ;
#3892 = VECTOR ( 'NONE', #7557, 1000.000000000000000 ) ;
#3893 = ORIENTED_EDGE ( 'NONE', *, *, #9550, .T. ) ;
#3894 = DIRECTION ( 'NONE',  ( 0.0000000000000000000, 0.0000000000000000000, -1.000000000000000000 ) ) ;
#3895 = ADVANCED_FACE ( 'NONE', ( #9516 ), #6416, .F. ) ;
#3896 = ORIENTED_EDGE ( 'NONE', *, *, #5142, .F. ) ;
#3897 = CIRCLE ( 'NONE', #6447, 0.5000000000000004400 ) ;
#3898 = DIRECTION ( 'NONE',  ( -1.000000000000000000, 0.0000000000000000000, 0.0000000000000000000 ) ) ;
#3899 = FACE_OUTER_BOUND ( 'NONE', #6067, .T. ) ;
#3900 =( NAMED_UNIT ( * ) PLANE_ANGLE_UNIT ( ) SI_UNIT ( $, .RADIAN. ) );
#3901 = CIRCLE ( 'NONE', #9313, 0.5000000000000004400 ) ;
#3902 = STYLED_ITEM ( 'NONE', ( #9476 ), #6904 ) ;
#3903 = LINE ( 'NONE', #5701, #334 ) ;
#3904 = SURFACE_STYLE_FILL_AREA ( #8906 ) ;
#3905 = CIRCLE ( 'NONE', #7298, 2.799999999999999800 ) ;
#3906 = ORIENTED_EDGE ( 'NONE', *, *, #10201, .F. ) ;
#3907 = EDGE_CURVE ( 'NONE', #9190, #1300, #3502, .T. ) ;
#3908 = AXIS2_PLACEMENT_3D ( 'NONE', #6996, #156, #5251 ) ;
#3909 = EDGE_CURVE ( 'NONE', #2563, #2110, #10161, .T. ) ;
#3910 = TOROIDAL_SURFACE ( 'NONE', #4859, 10.49999999999999800, 0.5000000000000000000 ) ;
#3911 = PLANE ( 'NONE',  #6306 ) ;
#3912 = AXIS2_PLACEMENT_3D ( 'NONE', #9199, #8389, #4234 ) ;
#3913 = CARTESIAN_POINT ( 'NONE',  ( 0.0000000000000000000, 0.0000000000000000000, 4.000000000000003600 ) ) ;
#3914 = ORIENTED_EDGE ( 'NONE', *, *, #7774, .T. ) ;
#3915 = LINE ( 'NONE', #7255, #5894 ) ;
#3916 =( GEOMETRIC_REPRESENTATION_CONTEXT ( 3 ) GLOBAL_UNCERTAINTY_ASSIGNED_CONTEXT ( ( #2816 ) ) GLOBAL_UNIT_ASSIGNED_CONTEXT ( ( #800, #8434, #9167 ) ) REPRESENTATION_CONTEXT ( 'NONE', 'WORKASPACE' ) );
#3917 = DIRECTION ( 'NONE',  ( -0.0000000000000000000, -0.0000000000000000000, 1.000000000000000000 ) ) ;
#3918 = FILL_AREA_STYLE_COLOUR ( '', #2585 ) ;
#3919 = CARTESIAN_POINT ( 'NONE',  ( -2.500000000000000000, 3.061616997868383100E-016, -26.49999999999997500 ) ) ;
#3920 = FILL_AREA_STYLE ('',( #8907 ) ) ;
#3921 =( GEOMETRIC_REPRESENTATION_CONTEXT ( 3 ) GLOBAL_UNCERTAINTY_ASSIGNED_CONTEXT ( ( #8064 ) ) GLOBAL_UNIT_ASSIGNED_CONTEXT ( ( #5575, #445, #2170 ) ) REPRESENTATION_CONTEXT ( 'NONE', 'WORKASPACE' ) );
#3922 = FACE_OUTER_BOUND ( 'NONE', #9493, .T. ) ;
#3923 = EDGE_CURVE ( 'NONE', #784, #8386, #6124, .T. ) ;
#3924 = VERTEX_POINT ( 'NONE', #1379 ) ;
#3925 = EDGE_CURVE ( 'NONE', #4593, #3874, #8487, .T. ) ;
#3926 = ORIENTED_EDGE ( 'NONE', *, *, #10473, .F. ) ;
#3927 = CIRCLE ( 'NONE', #3143, 0.4999999999999982200 ) ;
#3928 = ORIENTED_EDGE ( 'NONE', *, *, #5162, .F. ) ;
#3929 =( NAMED_UNIT ( * ) SI_UNIT ( $, .STERADIAN. ) SOLID_ANGLE_UNIT ( ) );
#3930 = CARTESIAN_POINT ( 'NONE',  ( 2.583848208458104300, -21.25000000000000700, -25.10661729131781100 ) ) ;
#3931 = ORIENTED_EDGE ( 'NONE', *, *, #1580, .F. ) ;
#3932 = AXIS2_PLACEMENT_3D ( 'NONE', #852, #70, #5991 ) ;
#3933 = FILL_AREA_STYLE_COLOUR ( '', #8469 ) ;
#3934 = PLANE ( 'NONE',  #2871 ) ;
#3935 = CARTESIAN_POINT ( 'NONE',  ( -13.32957238623954800, -21.15000000000000600, 2.000000000000001800 ) ) ;
#3936 = DIRECTION ( 'NONE',  ( 1.000000000000000000, 0.0000000000000000000, 0.0000000000000000000 ) ) ;
#3937 = VERTEX_POINT ( 'NONE', #10485 ) ;
#3938 = ORIENTED_EDGE ( 'NONE', *, *, #628, .T. ) ;
#3939 = ORIENTED_EDGE ( 'NONE', *, *, #6370, .F. ) ;
#3940 = ORIENTED_EDGE ( 'NONE', *, *, #9130, .T. ) ;
#3941 = VERTEX_POINT ( 'NONE', #537 ) ;
#3942 = EDGE_LOOP ( 'NONE', ( #3149, #264, #2932, #4914 ) ) ;
#3943 = VECTOR ( 'NONE', #9297, 1000.000000000000000 ) ;
#3944 = ORIENTED_EDGE ( 'NONE', *, *, #3419, .F. ) ;
#3945 = ORIENTED_EDGE ( 'NONE', *, *, #10166, .T. ) ;
#3946 = DIRECTION ( 'NONE',  ( 0.0000000000000000000, 0.0000000000000000000, -1.000000000000000000 ) ) ;
#3947 = ORIENTED_EDGE ( 'NONE', *, *, #6798, .T. ) ;
#3948 = ADVANCED_FACE ( 'NONE', ( #78 ), #10594, .F. ) ;
#3949 = PLANE ( 'NONE',  #4195 ) ;
#3950 = DIRECTION ( 'NONE',  ( -0.0000000000000000000, -0.0000000000000000000, 1.000000000000000000 ) ) ;
#3951 = EDGE_CURVE ( 'NONE', #465, #2079, #3255, .T. ) ;
#3952 = CARTESIAN_POINT ( 'NONE',  ( 18.24999999999912600, -15.50000000000000200, -26.99999999999999600 ) ) ;
#3953 = CIRCLE ( 'NONE', #2280, 0.5000000000000004400 ) ;
#3954 = VERTEX_POINT ( 'NONE', #4930 ) ;
#3955 = AXIS2_PLACEMENT_3D ( 'NONE', #8181, #10569, #4565 ) ;
#3956 = SURFACE_STYLE_USAGE ( .BOTH. , #567 ) ;
#3957 = ORIENTED_EDGE ( 'NONE', *, *, #8188, .T. ) ;
#3958 = UNCERTAINTY_MEASURE_WITH_UNIT (LENGTH_MEASURE( 1.000000000000000100E-005 ), #4541, 'distance_accuracy_value', 'NONE');
#3959 =( LENGTH_UNIT ( ) NAMED_UNIT ( * ) SI_UNIT ( .MILLI., .METRE. ) );
#3960 =( NAMED_UNIT ( * ) PLANE_ANGLE_UNIT ( ) SI_UNIT ( $, .RADIAN. ) );
#3961 = VECTOR ( 'NONE', #2045, 1000.000000000000000 ) ;
#3962 = VERTEX_POINT ( 'NONE', #2469 ) ;
#3963 = CARTESIAN_POINT ( 'NONE',  ( 15.50000000000000000, 15.50000000000000000, -28.99999999999999600 ) ) ;
#3964 = VERTEX_POINT ( 'NONE', #4114 ) ;
#3965 = CARTESIAN_POINT ( 'NONE',  ( -17.14999999999998400, 21.14999999999999900, 9.500000000000000000 ) ) ;
#3966 = ORIENTED_EDGE ( 'NONE', *, *, #4131, .F. ) ;
#3967 = CARTESIAN_POINT ( 'NONE',  ( -15.49999999999999600, 15.50000000000087400, -28.49999999999999600 ) ) ;
#3968 =( NAMED_UNIT ( * ) SI_UNIT ( $, .STERADIAN. ) SOLID_ANGLE_UNIT ( ) );
#3969 = ORIENTED_EDGE ( 'NONE', *, *, #6737, .F. ) ;
#3970 = PRESENTATION_LAYER_ASSIGNMENT (  '', '', ( #3902 ) ) ;
#3971 = AXIS2_PLACEMENT_3D ( 'NONE', #7592, #9272, #9337 ) ;
#3972 = AXIS2_PLACEMENT_3D ( 'NONE', #5370, #2029, #5409 ) ;
#3973 = DIRECTION ( 'NONE',  ( 0.0000000000000000000, 0.0000000000000000000, 1.000000000000000000 ) ) ;
#3974 = DIRECTION ( 'NONE',  ( -1.224646799147353200E-016, 1.000000000000000000, 0.0000000000000000000 ) ) ;
#3975 = ORIENTED_EDGE ( 'NONE', *, *, #10274, .F. ) ;
#3976 =( NAMED_UNIT ( * ) SI_UNIT ( $, .STERADIAN. ) SOLID_ANGLE_UNIT ( ) );
#3977 =( GEOMETRIC_REPRESENTATION_CONTEXT ( 3 ) GLOBAL_UNCERTAINTY_ASSIGNED_CONTEXT ( ( #7132 ) ) GLOBAL_UNIT_ASSIGNED_CONTEXT ( ( #266, #3631, #3704 ) ) REPRESENTATION_CONTEXT ( 'NONE', 'WORKASPACE' ) );
#3978 = SPHERICAL_SURFACE ( 'NONE', #9205, 0.5000000000000000000 ) ;
#3979 = EDGE_LOOP ( 'NONE', ( #1461, #7455, #10769, #6582 ) ) ;
#3980 = CARTESIAN_POINT ( 'NONE',  ( 17.89999999999912100, -15.50000000000000200, -28.49999999999999600 ) ) ;
#3981 = EDGE_CURVE ( 'NONE', #10602, #7761, #5107, .T. ) ;
#3982 = CIRCLE ( 'NONE', #3210, 0.5000000000000004400 ) ;
#3983 = ORIENTED_EDGE ( 'NONE', *, *, #2591, .T. ) ;
#3984 = STYLED_ITEM ( 'NONE', ( #7825 ), #4104 ) ;
#3985 = EDGE_CURVE ( 'NONE', #5949, #7065, #8751, .T. ) ;
#3986 = CARTESIAN_POINT ( 'NONE',  ( -15.50000000000087200, -15.49999999999912400, -27.99999999999999600 ) ) ;
#3987 = ORIENTED_EDGE ( 'NONE', *, *, #2380, .T. ) ;
#3988 = AXIS2_PLACEMENT_3D ( 'NONE', #5380, #6351, #5455 ) ;
#3989 = PRESENTATION_STYLE_ASSIGNMENT (( #5035 ) ) ;
#3990 = DIRECTION ( 'NONE',  ( 1.000000000000000000, -3.815920199215883900E-013, -0.0000000000000000000 ) ) ;
#3991 = CARTESIAN_POINT ( 'NONE',  ( 0.5999999999999996400, -39.15000000000002000, -30.15000000000000200 ) ) ;
#3992 = EDGE_LOOP ( 'NONE', ( #783, #8150, #8950, #2884 ) ) ;
#3993 = DIRECTION ( 'NONE',  ( -0.0000000000000000000, -0.0000000000000000000, -1.000000000000000000 ) ) ;
#3994 = ADVANCED_FACE ( 'NONE', ( #3122 ), #10635, .F. ) ;
#3995 = CARTESIAN_POINT ( 'NONE',  ( -1.371348881391340800, -19.15000000000000600, -23.12683120912890200 ) ) ;
#3996 = VECTOR ( 'NONE', #108, 1000.000000000000000 ) ;
#3997 = CIRCLE ( 'NONE', #5470, 0.5563334663949322000 ) ;
#3998 = STYLED_ITEM ( 'NONE', ( #3876 ), #2780 ) ;
#3999 = EDGE_CURVE ( 'NONE', #8433, #6427, #3903, .T. ) ;
#4000 = CIRCLE ( 'NONE', #1315, 1.900000000000004100 ) ;
#4001 = LINE ( 'NONE', #3118, #1349 ) ;
#4002 = DIRECTION ( 'NONE',  ( 8.202002250481356300E-017, -1.000000000000000000, -0.0000000000000000000 ) ) ;
#4003 = ORIENTED_EDGE ( 'NONE', *, *, #4519, .F. ) ;
#4004 = DIRECTION ( 'NONE',  ( -0.0000000000000000000, -0.0000000000000000000, 1.000000000000000000 ) ) ;
#4005 = AXIS2_PLACEMENT_3D ( 'NONE', #4094, #5778, #582 ) ;
#4006 = VECTOR ( 'NONE', #1514, 1000.000000000000000 ) ;
#4007 = AXIS2_PLACEMENT_3D ( 'NONE', #5902, #828, #8455 ) ;
#4008 = CIRCLE ( 'NONE', #3972, 0.5000000000000004400 ) ;
#4009 = VECTOR ( 'NONE', #10141, 1000.000000000000000 ) ;
#4010 = DIRECTION ( 'NONE',  ( 0.0000000000000000000, 0.0000000000000000000, -1.000000000000000000 ) ) ;
#4011 = SURFACE_SIDE_STYLE ('',( #3871 ) ) ;
#4012 = FILL_AREA_STYLE_COLOUR ( '', #3272 ) ;
#4013 = LINE ( 'NONE', #4240, #2020 ) ;
#4014 = ADVANCED_FACE ( 'NONE', ( #7696 ), #10289, .T. ) ;
#4015 = EDGE_CURVE ( 'NONE', #8190, #10355, #8222, .T. ) ;
#4016 = UNCERTAINTY_MEASURE_WITH_UNIT (LENGTH_MEASURE( 1.000000000000000100E-005 ), #5627, 'distance_accuracy_value', 'NONE');
#4017 = DIRECTION ( 'NONE',  ( 5.351335930702250900E-015, -1.000000000000000000, 0.0000000000000000000 ) ) ;
#4018 = CARTESIAN_POINT ( 'NONE',  ( 15.01375035175125200, 14.19283027458602200, -26.99999999999999600 ) ) ;
#4019 = DIRECTION ( 'NONE',  ( -1.000000000000000000, 3.906775442054348700E-013, 0.0000000000000000000 ) ) ;
#4020 = FACE_OUTER_BOUND ( 'NONE', #5012, .T. ) ;
#4021 =( NAMED_UNIT ( * ) SI_UNIT ( $, .STERADIAN. ) SOLID_ANGLE_UNIT ( ) );
#4022 = FACE_OUTER_BOUND ( 'NONE', #8111, .T. ) ;
#4023 = EDGE_CURVE ( 'NONE', #5803, #4642, #3773, .T. ) ;
#4024 = SURFACE_STYLE_FILL_AREA ( #8685 ) ;
#4025 = EDGE_CURVE ( 'NONE', #9549, #7991, #3640, .T. ) ;
#4026 = CARTESIAN_POINT ( 'NONE',  ( -2.500000000000000000, 0.0000000000000000000, 33.49999999999999300 ) ) ;
#4027 = SURFACE_STYLE_FILL_AREA ( #8578 ) ;
#4028 = CARTESIAN_POINT ( 'NONE',  ( 16.80716972541264600, -15.01375035175166400, -28.49999999999999600 ) ) ;
#4029 = DIRECTION ( 'NONE',  ( -0.0000000000000000000, -0.0000000000000000000, -1.000000000000000000 ) ) ;
#4030 = CARTESIAN_POINT ( 'NONE',  ( 3.000000000000036000, -19.77371993328518200, -33.49999999999995700 ) ) ;
#4031 = DIRECTION ( 'NONE',  ( 0.0000000000000000000, 0.0000000000000000000, 1.000000000000000000 ) ) ;
#4032 = DIRECTION ( 'NONE',  ( 0.0000000000000000000, 0.0000000000000000000, -1.000000000000000000 ) ) ;
#4033 = COLOUR_RGB ( '',0.2509803921568627400, 0.2509803921568627400, 0.2509803921568627400 ) ;
#4034 = CARTESIAN_POINT ( 'NONE',  ( 0.0000000000000000000, 0.0000000000000000000, 10.00000000000000000 ) ) ;
#4035 = LINE ( 'NONE', #1367, #7578 ) ;
#4036 =( GEOMETRIC_REPRESENTATION_CONTEXT ( 3 ) GLOBAL_UNCERTAINTY_ASSIGNED_CONTEXT ( ( #3015 ) ) GLOBAL_UNIT_ASSIGNED_CONTEXT ( ( #6132, #142, #4424 ) ) REPRESENTATION_CONTEXT ( 'NONE', 'WORKASPACE' ) );
#4037 = PRESENTATION_STYLE_ASSIGNMENT (( #2935 ) ) ;
#4038 = UNCERTAINTY_MEASURE_WITH_UNIT (LENGTH_MEASURE( 1.000000000000000100E-005 ), #187, 'distance_accuracy_value', 'NONE');
#4039 = MECHANICAL_DESIGN_GEOMETRIC_PRESENTATION_REPRESENTATION (  '', ( #1418 ), #443 ) ;
#4040 = FILL_AREA_STYLE ('',( #2241 ) ) ;
#4041 = CARTESIAN_POINT ( 'NONE',  ( -15.50000000000087200, -15.49999999999912400, -26.99999999999999600 ) ) ;
#4042 = CARTESIAN_POINT ( 'NONE',  ( -15.01375035175306900, -15.96497596850950100, -28.49999999999999600 ) ) ;
#4043 = LINE ( 'NONE', #401, #10694 ) ;
#4044 = DIRECTION ( 'NONE',  ( 1.000000000000000000, -0.0000000000000000000, -0.0000000000000000000 ) ) ;
#4045 = COLOUR_RGB ( '',0.2509803921568627400, 0.2509803921568627400, 0.2509803921568627400 ) ;
#4046 = LINE ( 'NONE', #9394, #7706 ) ;
#4047 = ADVANCED_FACE ( 'NONE', ( #1525 ), #1662, .T. ) ;
#4048 = ORIENTED_EDGE ( 'NONE', *, *, #5572, .T. ) ;
#4049 = VERTEX_POINT ( 'NONE', #10089 ) ;
#4050 = CARTESIAN_POINT ( 'NONE',  ( 0.0000000000000000000, 0.0000000000000000000, -28.99999999999999600 ) ) ;
#4051 =( NAMED_UNIT ( * ) SI_UNIT ( $, .STERADIAN. ) SOLID_ANGLE_UNIT ( ) );
#4052 = LINE ( 'NONE', #5588, #624 ) ;
#4053 = EDGE_CURVE ( 'NONE', #7761, #6327, #7055, .T. ) ;
#4054 = ORIENTED_EDGE ( 'NONE', *, *, #3700, .T. ) ;
#4055 = AXIS2_PLACEMENT_3D ( 'NONE', #5115, #4264, #86 ) ;
#4056 = AXIS2_PLACEMENT_3D ( 'NONE', #860, #3439, #1737 ) ;
#4057 = PRESENTATION_STYLE_ASSIGNMENT (( #2983 ) ) ;
#4058 = FACE_OUTER_BOUND ( 'NONE', #9043, .T. ) ;
#4059 = CARTESIAN_POINT ( 'NONE',  ( -16.94289321881344200, -20.65000000000000600, -28.49999999999999600 ) ) ;
#4060 = ORIENTED_EDGE ( 'NONE', *, *, #5260, .F. ) ;
#4061 = EDGE_CURVE ( 'NONE', #318, #8190, #5631, .T. ) ;
#4062 = MECHANICAL_DESIGN_GEOMETRIC_PRESENTATION_REPRESENTATION (  '', ( #2929 ), #6315 ) ;
#4063 = ORIENTED_EDGE ( 'NONE', *, *, #2944, .T. ) ;
#4064 = CYLINDRICAL_SURFACE ( 'NONE', #3483, 1.250000000000001100 ) ;
#4065 = EDGE_CURVE ( 'NONE', #2507, #5136, #1125, .T. ) ;
#4066 = CARTESIAN_POINT ( 'NONE',  ( 13.32957238623955800, 21.14999999999999900, -80.84951795962939500 ) ) ;
#4067 = CARTESIAN_POINT ( 'NONE',  ( 0.5999999999999996400, -39.15000000000002000, -30.15000000000000200 ) ) ;
#4068 = CARTESIAN_POINT ( 'NONE',  ( 20.64999999999999900, 16.94289321881343500, -28.49999999999999600 ) ) ;
#4069 = SURFACE_STYLE_USAGE ( .BOTH. , #859 ) ;
#4070 = ORIENTED_EDGE ( 'NONE', *, *, #8188, .F. ) ;
#4071 = AXIS2_PLACEMENT_3D ( 'NONE', #7756, #10739, #2337 ) ;
#4072 = DIRECTION ( 'NONE',  ( -1.000000000000000000, 0.0000000000000000000, 0.0000000000000000000 ) ) ;
#4073 = ORIENTED_EDGE ( 'NONE', *, *, #5817, .F. ) ;
#4074 = ORIENTED_EDGE ( 'NONE', *, *, #4478, .T. ) ;
#4075 = FACE_OUTER_BOUND ( 'NONE', #5068, .T. ) ;
#4076 = CARTESIAN_POINT ( 'NONE',  ( 17.29644660940670800, -21.00355339059327900, -19.00000000000000000 ) ) ;
#4077 = ORIENTED_EDGE ( 'NONE', *, *, #4519, .T. ) ;
#4078 = FILL_AREA_STYLE ('',( #642 ) ) ;
#4079 = ORIENTED_EDGE ( 'NONE', *, *, #7650, .T. ) ;
#4080 = CARTESIAN_POINT ( 'NONE',  ( 1.799999999999999800, -39.15000000000002000, -30.15000000000000200 ) ) ;
#4081 = DIRECTION ( 'NONE',  ( 0.7071067811865469100, -0.7071067811865481300, 0.0000000000000000000 ) ) ;
#4082 = ORIENTED_EDGE ( 'NONE', *, *, #7372, .F. ) ;
#4083 = ORIENTED_EDGE ( 'NONE', *, *, #1749, .T. ) ;
#4084 = VERTEX_POINT ( 'NONE', #8458 ) ;
#4085 = EDGE_CURVE ( 'NONE', #10063, #7045, #7577, .T. ) ;
#4086 = DIRECTION ( 'NONE',  ( 0.0000000000000000000, -1.000000000000000000, 0.0000000000000000000 ) ) ;
#4087 = VERTEX_POINT ( 'NONE', #1707 ) ;
#4088 = DIRECTION ( 'NONE',  ( -0.7071067811865482400, -0.7071067811865469100, -0.0000000000000000000 ) ) ;
#4089 = PLANE ( 'NONE',  #10471 ) ;
#4090 = VERTEX_POINT ( 'NONE', #5837 ) ;
#4091 = FILL_AREA_STYLE_COLOUR ( '', #1808 ) ;
#4092 = DIRECTION ( 'NONE',  ( -0.0000000000000000000, -0.0000000000000000000, -1.000000000000000000 ) ) ;
#4093 = DIRECTION ( 'NONE',  ( 0.0000000000000000000, -1.000000000000000000, 6.938893903907221300E-015 ) ) ;
#4094 = CARTESIAN_POINT ( 'NONE',  ( 12.25315615270489800, -21.25000000000000700, -13.57457495348708700 ) ) ;
#4095 = DIRECTION ( 'NONE',  ( 0.0000000000000000000, 0.0000000000000000000, 1.000000000000000000 ) ) ;
#4096 = VERTEX_POINT ( 'NONE', #7622 ) ;
#4097 = VECTOR ( 'NONE', #2941, 1000.000000000000000 ) ;
#4098 = ORIENTED_EDGE ( 'NONE', *, *, #7153, .F. ) ;
#4099 = SURFACE_STYLE_USAGE ( .BOTH. , #3367 ) ;
#4100 = CARTESIAN_POINT ( 'NONE',  ( 0.0000000000000000000, 0.0000000000000000000, 9.500000000000000000 ) ) ;
#4101 = DIRECTION ( 'NONE',  ( 0.0000000000000000000, -1.000000000000000000, 0.0000000000000000000 ) ) ;
#4102 = DIRECTION ( 'NONE',  ( 0.7071067811865441300, -0.7071067811865510100, -0.0000000000000000000 ) ) ;
#4103 = SURFACE_STYLE_USAGE ( .BOTH. , #7579 ) ;
#4104 = ADVANCED_FACE ( 'NONE', ( #7320 ), #1541, .T. ) ;
#4105 = DIRECTION ( 'NONE',  ( -1.000000000000000000, -5.211847922874174100E-016, 0.0000000000000000000 ) ) ;
#4106 = EDGE_CURVE ( 'NONE', #9378, #3299, #5122, .T. ) ;
#4107 = MECHANICAL_DESIGN_GEOMETRIC_PRESENTATION_REPRESENTATION (  '', ( #7059 ), #5043 ) ;
#4108 = DIRECTION ( 'NONE',  ( 0.0000000000000000000, 0.0000000000000000000, 1.000000000000000000 ) ) ;
#4109 = VERTEX_POINT ( 'NONE', #5907 ) ;
#4110 = MECHANICAL_DESIGN_GEOMETRIC_PRESENTATION_REPRESENTATION (  '', ( #4673 ), #9907 ) ;
#4111 = ORIENTED_EDGE ( 'NONE', *, *, #2015, .T. ) ;
#4112 = DIRECTION ( 'NONE',  ( -0.0000000000000000000, -0.0000000000000000000, -1.000000000000000000 ) ) ;
#4113 = EDGE_LOOP ( 'NONE', ( #6971, #5034, #326, #5079 ) ) ;
#4114 = CARTESIAN_POINT ( 'NONE',  ( 13.32957238623955100, -21.15000000000000600, -20.99999999999999600 ) ) ;
#4115 = ORIENTED_EDGE ( 'NONE', *, *, #4649, .T. ) ;
#4116 =( LENGTH_UNIT ( ) NAMED_UNIT ( * ) SI_UNIT ( .MILLI., .METRE. ) );
#4117 = PLANE ( 'NONE',  #3147 ) ;
#4118 = DIRECTION ( 'NONE',  ( 1.000000000000000000, -1.776356839400250500E-015, 0.0000000000000000000 ) ) ;
#4119 = VERTEX_POINT ( 'NONE', #2631 ) ;
#4120 = CARTESIAN_POINT ( 'NONE',  ( -16.74999999999999300, 15.50000000000000000, 10.00000000000000000 ) ) ;
#4121 = SURFACE_STYLE_FILL_AREA ( #7420 ) ;
#4122 = ORIENTED_EDGE ( 'NONE', *, *, #197, .F. ) ;
#4123 =( NAMED_UNIT ( * ) SI_UNIT ( $, .STERADIAN. ) SOLID_ANGLE_UNIT ( ) );
#4124 = PRESENTATION_LAYER_ASSIGNMENT (  '', '', ( #7684 ) ) ;
#4125 = SURFACE_STYLE_FILL_AREA ( #4724 ) ;
#4126 = DIRECTION ( 'NONE',  ( 0.0000000000000000000, 0.0000000000000000000, -1.000000000000000000 ) ) ;
#4127 = CARTESIAN_POINT ( 'NONE',  ( 16.00000000000000000, 0.0000000000000000000, 10.00000000000000000 ) ) ;
#4128 = AXIS2_PLACEMENT_3D ( 'NONE', #7733, #9400, #4309 ) ;
#4129 = ORIENTED_EDGE ( 'NONE', *, *, #8424, .F. ) ;
#4130 = CIRCLE ( 'NONE', #7300, 25.00000000000000000 ) ;
#4131 = EDGE_CURVE ( 'NONE', #5023, #7735, #5767, .T. ) ;
#4132 = FACE_OUTER_BOUND ( 'NONE', #1028, .T. ) ;
#4133 = CYLINDRICAL_SURFACE ( 'NONE', #1353, 2.399999999999997700 ) ;
#4134 = COLOUR_RGB ( '',0.2509803921568627400, 0.2509803921568627400, 0.2509803921568627400 ) ;
#4135 =( NAMED_UNIT ( * ) PLANE_ANGLE_UNIT ( ) SI_UNIT ( $, .RADIAN. ) );
#4136 =( GEOMETRIC_REPRESENTATION_CONTEXT ( 3 ) GLOBAL_UNCERTAINTY_ASSIGNED_CONTEXT ( ( #3302 ) ) GLOBAL_UNIT_ASSIGNED_CONTEXT ( ( #966, #2702, #10186 ) ) REPRESENTATION_CONTEXT ( 'NONE', 'WORKASPACE' ) );
#4137 = EDGE_CURVE ( 'NONE', #1277, #6394, #754, .T. ) ;
#4138 = VECTOR ( 'NONE', #10720, 1000.000000000000000 ) ;
#4139 = AXIS2_PLACEMENT_3D ( 'NONE', #1222, #6184, #4556 ) ;
#4140 = LINE ( 'NONE', #4721, #7792 ) ;
#4141 =( LENGTH_UNIT ( ) NAMED_UNIT ( * ) SI_UNIT ( .MILLI., .METRE. ) );
#4142 = DIRECTION ( 'NONE',  ( -9.085524283848147300E-015, -1.000000000000000000, 0.0000000000000000000 ) ) ;
#4143 = LINE ( 'NONE', #2640, #448 ) ;
#4144 = CARTESIAN_POINT ( 'NONE',  ( 0.0000000000000000000, 0.0000000000000000000, -28.49999999999999600 ) ) ;
#4145 = ORIENTED_EDGE ( 'NONE', *, *, #8363, .F. ) ;
#4146 =( NAMED_UNIT ( * ) SI_UNIT ( $, .STERADIAN. ) SOLID_ANGLE_UNIT ( ) );
#4147 =( NAMED_UNIT ( * ) PLANE_ANGLE_UNIT ( ) SI_UNIT ( $, .RADIAN. ) );
#4148 =( NAMED_UNIT ( * ) SI_UNIT ( $, .STERADIAN. ) SOLID_ANGLE_UNIT ( ) );
#4149 = CARTESIAN_POINT ( 'NONE',  ( 16.80716972541264600, -15.98624964824928800, -26.99999999999999600 ) ) ;
#4150 = MECHANICAL_DESIGN_GEOMETRIC_PRESENTATION_REPRESENTATION (  '', ( #4490 ), #1457 ) ;
#4151 = EDGE_CURVE ( 'NONE', #1300, #9190, #9923, .T. ) ;
#4152 = FILL_AREA_STYLE ('',( #2561 ) ) ;
#4153 = SURFACE_STYLE_FILL_AREA ( #3316 ) ;
#4154 = PRESENTATION_LAYER_ASSIGNMENT (  '', '', ( #2662 ) ) ;
#4155 = DIRECTION ( 'NONE',  ( -0.7071067811865441300, -0.7071067811865510100, 4.906538933386817000E-015 ) ) ;
#4156 =( GEOMETRIC_REPRESENTATION_CONTEXT ( 3 ) GLOBAL_UNCERTAINTY_ASSIGNED_CONTEXT ( ( #5961 ) ) GLOBAL_UNIT_ASSIGNED_CONTEXT ( ( #5855, #8226, #1622 ) ) REPRESENTATION_CONTEXT ( 'NONE', 'WORKASPACE' ) );
#4157 = CIRCLE ( 'NONE', #2556, 0.5000000000000004400 ) ;
#4158 = FILL_AREA_STYLE ('',( #9166 ) ) ;
#4159 = CYLINDRICAL_SURFACE ( 'NONE', #9652, 3.500000000000000000 ) ;
#4160 = DIRECTION ( 'NONE',  ( 1.000000000000000000, -0.0000000000000000000, -0.0000000000000000000 ) ) ;
#4161 = DIRECTION ( 'NONE',  ( 1.000000000000000000, 8.202002250481357500E-017, 0.0000000000000000000 ) ) ;
#4163 = SURFACE_STYLE_FILL_AREA ( #2168 ) ;
#4162 =( NAMED_UNIT ( * ) PLANE_ANGLE_UNIT ( ) SI_UNIT ( $, .RADIAN. ) );
#4164 = EDGE_LOOP ( 'NONE', ( #4995, #6160, #562, #2886 ) ) ;
#4165 = FACE_OUTER_BOUND ( 'NONE', #3716, .T. ) ;
#4166 = ADVANCED_FACE ( 'NONE', ( #484 ), #9159, .T. ) ;
#4167 =( LENGTH_UNIT ( ) NAMED_UNIT ( * ) SI_UNIT ( .MILLI., .METRE. ) );
#4168 = DIRECTION ( 'NONE',  ( 0.0000000000000000000, 0.0000000000000000000, 1.000000000000000000 ) ) ;
#4169 =( NAMED_UNIT ( * ) PLANE_ANGLE_UNIT ( ) SI_UNIT ( $, .RADIAN. ) );
#4170 = EDGE_LOOP ( 'NONE', ( #10037, #2923, #5498, #1347, #8057 ) ) ;
#4171 = UNCERTAINTY_MEASURE_WITH_UNIT (LENGTH_MEASURE( 1.000000000000000100E-005 ), #9078, 'distance_accuracy_value', 'NONE');
#4172 = VERTEX_POINT ( 'NONE', #186 ) ;
#4173 = CIRCLE ( 'NONE', #5072, 25.00000000000000000 ) ;
#4174 = FACE_OUTER_BOUND ( 'NONE', #2531, .T. ) ;
#4175 = EDGE_CURVE ( 'NONE', #9529, #685, #3265, .T. ) ;
#4176 = AXIS2_PLACEMENT_3D ( 'NONE', #1047, #4412, #1011 ) ;
#4177 = FILL_AREA_STYLE ('',( #8377 ) ) ;
#4178 = FILL_AREA_STYLE_COLOUR ( '', #9873 ) ;
#4179 = LINE ( 'NONE', #2191, #5105 ) ;
#4180 = CARTESIAN_POINT ( 'NONE',  ( -0.6000000000000007500, -18.15000000000000600, -31.35000000000000100 ) ) ;
#4181 = COLOUR_RGB ( '',1.000000000000000000, 1.000000000000000000, 1.000000000000000000 ) ;
#4182 = SURFACE_STYLE_FILL_AREA ( #7317 ) ;
#4183 =( LENGTH_UNIT ( ) NAMED_UNIT ( * ) SI_UNIT ( .MILLI., .METRE. ) );
#4184 = CARTESIAN_POINT ( 'NONE',  ( 0.0000000000000000000, 0.0000000000000000000, 0.0000000000000000000 ) ) ;
#4185 = LINE ( 'NONE', #1914, #1921 ) ;
#4186 = ORIENTED_EDGE ( 'NONE', *, *, #818, .F. ) ;
#4187 = UNCERTAINTY_MEASURE_WITH_UNIT (LENGTH_MEASURE( 1.000000000000000100E-005 ), #608, 'distance_accuracy_value', 'NONE');
#4188 =( NAMED_UNIT ( * ) SI_UNIT ( $, .STERADIAN. ) SOLID_ANGLE_UNIT ( ) );
#4189 = DIRECTION ( 'NONE',  ( -0.0000000000000000000, -0.0000000000000000000, -1.000000000000000000 ) ) ;
#4190 = CARTESIAN_POINT ( 'NONE',  ( 15.96497596850902500, -15.98624964824928800, -28.49999999999999600 ) ) ;
#4191 = VECTOR ( 'NONE', #7134, 1000.000000000000000 ) ;
#4192 = PRESENTATION_LAYER_ASSIGNMENT (  '', '', ( #2500 ) ) ;
#4193 = PRESENTATION_STYLE_ASSIGNMENT (( #7178 ) ) ;
#4195 = AXIS2_PLACEMENT_3D ( 'NONE', #7368, #2261, #5651 ) ;
#4194 = CARTESIAN_POINT ( 'NONE',  ( 14.25000000000000000, 15.50000000000000000, 10.00000000000000000 ) ) ;
#4196 = VERTEX_POINT ( 'NONE', #3543 ) ;
#4197 = FACE_BOUND ( 'NONE', #5231, .T. ) ;
#4198 = DIRECTION ( 'NONE',  ( 0.0000000000000000000, 0.0000000000000000000, -1.000000000000000000 ) ) ;
#4199 = DIRECTION ( 'NONE',  ( -1.000000000000000000, 0.0000000000000000000, 0.0000000000000000000 ) ) ;
#4200 = AXIS2_PLACEMENT_3D ( 'NONE', #10198, #1825, #7698 ) ;
#4201 = CARTESIAN_POINT ( 'NONE',  ( 0.0000000000000000000, 0.0000000000000000000, 4.000000000000000000 ) ) ;
#4202 = SURFACE_SIDE_STYLE ('',( #2322 ) ) ;
#4203 = DIRECTION ( 'NONE',  ( -0.0000000000000000000, -0.0000000000000000000, -1.000000000000000000 ) ) ;
#4204 = CARTESIAN_POINT ( 'NONE',  ( 0.0000000000000000000, 0.0000000000000000000, 10.00000000000000000 ) ) ;
#4205 = EDGE_LOOP ( 'NONE', ( #772, #10213, #4782, #2575, #5669, #2347, #9703, #33, #6057, #1167, #3562, #5644 ) ) ;
#4206 = AXIS2_PLACEMENT_3D ( 'NONE', #766, #3280, #4985 ) ;
#4207 = EDGE_CURVE ( 'NONE', #8427, #8387, #7707, .T. ) ;
#4208 = ORIENTED_EDGE ( 'NONE', *, *, #5345, .F. ) ;
#4209 = LINE ( 'NONE', #895, #5647 ) ;
#4210 = EDGE_LOOP ( 'NONE', ( #1485, #6966, #6156, #1543 ) ) ;
#4211 =( GEOMETRIC_REPRESENTATION_CONTEXT ( 3 ) GLOBAL_UNCERTAINTY_ASSIGNED_CONTEXT ( ( #1043 ) ) GLOBAL_UNIT_ASSIGNED_CONTEXT ( ( #5183, #112, #2731 ) ) REPRESENTATION_CONTEXT ( 'NONE', 'WORKASPACE' ) );
#4212 = DIRECTION ( 'NONE',  ( 0.0000000000000000000, 0.0000000000000000000, -1.000000000000000000 ) ) ;
#4213 = DIRECTION ( 'NONE',  ( 0.7071067811865469100, 0.7071067811865481300, 0.0000000000000000000 ) ) ;
#4214 = ORIENTED_EDGE ( 'NONE', *, *, #6301, .F. ) ;
#4215 = MECHANICAL_DESIGN_GEOMETRIC_PRESENTATION_REPRESENTATION (  '', ( #10261 ), #7911 ) ;
#4216 = EDGE_CURVE ( 'NONE', #9363, #6841, #353, .T. ) ;
#4217 = ORIENTED_EDGE ( 'NONE', *, *, #7186, .F. ) ;
#4218 = ORIENTED_EDGE ( 'NONE', *, *, #10164, .T. ) ;
#4219 = VERTEX_POINT ( 'NONE', #3510 ) ;
#4220 = FILL_AREA_STYLE ('',( #6707 ) ) ;
#4221 = DIRECTION ( 'NONE',  ( -8.202002250481357500E-017, 1.000000000000000000, 0.0000000000000000000 ) ) ;
#4222 = ORIENTED_EDGE ( 'NONE', *, *, #1732, .F. ) ;
#4223 = ORIENTED_EDGE ( 'NONE', *, *, #9375, .F. ) ;
#4224 = CARTESIAN_POINT ( 'NONE',  ( 1.799999999999999800, -39.15000000000002000, -30.15000000000000200 ) ) ;
#4225 = EDGE_LOOP ( 'NONE', ( #7109, #2883 ) ) ;
#4226 =( NAMED_UNIT ( * ) SI_UNIT ( $, .STERADIAN. ) SOLID_ANGLE_UNIT ( ) );
#4227 = ADVANCED_FACE ( 'NONE', ( #4707 ), #6003, .F. ) ;
#4228 =( LENGTH_UNIT ( ) NAMED_UNIT ( * ) SI_UNIT ( .MILLI., .METRE. ) );
#4229 = FACE_OUTER_BOUND ( 'NONE', #4164, .T. ) ;
#4230 = UNCERTAINTY_MEASURE_WITH_UNIT (LENGTH_MEASURE( 1.000000000000000100E-005 ), #7568, 'distance_accuracy_value', 'NONE');
#4231 = EDGE_LOOP ( 'NONE', ( #3420, #10068, #3170, #1810 ) ) ;
#4232 = ORIENTED_EDGE ( 'NONE', *, *, #2038, .T. ) ;
#4233 =( GEOMETRIC_REPRESENTATION_CONTEXT ( 3 ) GLOBAL_UNCERTAINTY_ASSIGNED_CONTEXT ( ( #1903 ) ) GLOBAL_UNIT_ASSIGNED_CONTEXT ( ( #3257, #10837, #10536 ) ) REPRESENTATION_CONTEXT ( 'NONE', 'WORKASPACE' ) );
#4234 = DIRECTION ( 'NONE',  ( 0.0000000000000000000, -0.0000000000000000000, -1.000000000000000000 ) ) ;
#4235 = VERTEX_POINT ( 'NONE', #10254 ) ;
#4236 = DIRECTION ( 'NONE',  ( -0.0000000000000000000, -0.0000000000000000000, -1.000000000000000000 ) ) ;
#4237 = DIRECTION ( 'NONE',  ( -0.0000000000000000000, -1.000000000000000000, -0.0000000000000000000 ) ) ;
#4238 = EDGE_CURVE ( 'NONE', #465, #4610, #6679, .T. ) ;
#4239 = ORIENTED_EDGE ( 'NONE', *, *, #1506, .F. ) ;
#4240 = CARTESIAN_POINT ( 'NONE',  ( 16.80716972541264600, -15.01375035175166400, -28.49999999999999600 ) ) ;
#4241 = DIRECTION ( 'NONE',  ( 0.0000000000000000000, 0.0000000000000000000, -1.000000000000000000 ) ) ;
#4242 = ORIENTED_EDGE ( 'NONE', *, *, #3234, .F. ) ;
#4243 = DIRECTION ( 'NONE',  ( 1.000000000000000000, 8.202002250481357500E-017, 0.0000000000000000000 ) ) ;
#4244 = LINE ( 'NONE', #2519, #3571 ) ;
#4245 = VERTEX_POINT ( 'NONE', #252 ) ;
#4246 = ORIENTED_EDGE ( 'NONE', *, *, #3999, .T. ) ;
#4247 = VERTEX_POINT ( 'NONE', #1102 ) ;
#4248 = ORIENTED_EDGE ( 'NONE', *, *, #1540, .F. ) ;
#4249 = DIRECTION ( 'NONE',  ( 8.566576301095410600E-016, 0.0000000000000000000, 1.000000000000000000 ) ) ;
#4250 = VERTEX_POINT ( 'NONE', #7682 ) ;
#4251 = PRESENTATION_STYLE_ASSIGNMENT (( #10719 ) ) ;
#4252 = ORIENTED_EDGE ( 'NONE', *, *, #2382, .T. ) ;
#4253 = DIRECTION ( 'NONE',  ( 0.0000000000000000000, 1.000000000000000000, 0.0000000000000000000 ) ) ;
#4254 = DIRECTION ( 'NONE',  ( 0.0000000000000000000, 0.0000000000000000000, -1.000000000000000000 ) ) ;
#4255 = PLANE ( 'NONE',  #10314 ) ;
#4256 = VECTOR ( 'NONE', #734, 1000.000000000000000 ) ;
#4257 =( NAMED_UNIT ( * ) PLANE_ANGLE_UNIT ( ) SI_UNIT ( $, .RADIAN. ) );
#4258 = EDGE_LOOP ( 'NONE', ( #3045, #8084 ) ) ;
#4259 = STYLED_ITEM ( 'NONE', ( #9630 ), #5918 ) ;
#4260 = DIRECTION ( 'NONE',  ( -0.0000000000000000000, 1.000000000000000000, -0.0000000000000000000 ) ) ;
#4261 = MECHANICAL_DESIGN_GEOMETRIC_PRESENTATION_REPRESENTATION (  '', ( #864 ), #9098 ) ;
#4262 = DIRECTION ( 'NONE',  ( 1.000000000000000000, -3.730780929461923600E-015, 0.0000000000000000000 ) ) ;
#4263 = EDGE_LOOP ( 'NONE', ( #271, #7173, #92, #2183 ) ) ;
#4264 = DIRECTION ( 'NONE',  ( 0.0000000000000000000, -1.000000000000000000, 0.0000000000000000000 ) ) ;
#4265 = ORIENTED_EDGE ( 'NONE', *, *, #414, .T. ) ;
#4266 = SURFACE_STYLE_FILL_AREA ( #4455 ) ;
#4267 = COLOUR_RGB ( '',0.2509803921568627400, 0.2509803921568627400, 0.2509803921568627400 ) ;
#4268 = FILL_AREA_STYLE ('',( #23 ) ) ;
#4269 = SURFACE_STYLE_FILL_AREA ( #6293 ) ;
#4270 = CARTESIAN_POINT ( 'NONE',  ( 0.0000000000000000000, 0.0000000000000000000, -20.99999999999999600 ) ) ;
#4271 = VECTOR ( 'NONE', #9789, 1000.000000000000000 ) ;
#4272 = FILL_AREA_STYLE_COLOUR ( '', #10260 ) ;
#4273 = STYLED_ITEM ( 'NONE', ( #5775 ), #7251 ) ;
#4274 = VERTEX_POINT ( 'NONE', #7821 ) ;
#4275 = AXIS2_PLACEMENT_3D ( 'NONE', #2490, #8381, #8350 ) ;
#4276 = ADVANCED_FACE ( 'NONE', ( #737 ), #1065, .F. ) ;
#4277 = VECTOR ( 'NONE', #9191, 1000.000000000000000 ) ;
#4278 = VECTOR ( 'NONE', #4477, 1000.000000000000000 ) ;
#4279 = AXIS2_PLACEMENT_3D ( 'NONE', #10519, #10595, #1380 ) ;
#4280 = VECTOR ( 'NONE', #8793, 1000.000000000000000 ) ;
#4281 = EDGE_CURVE ( 'NONE', #8690, #8330, #4185, .T. ) ;
#4282 = CIRCLE ( 'NONE', #3563, 2.399999999999999500 ) ;
#4283 = LINE ( 'NONE', #5056, #8194 ) ;
#4284 =( GEOMETRIC_REPRESENTATION_CONTEXT ( 3 ) GLOBAL_UNCERTAINTY_ASSIGNED_CONTEXT ( ( #9004 ) ) GLOBAL_UNIT_ASSIGNED_CONTEXT ( ( #3658, #7937, #8830 ) ) REPRESENTATION_CONTEXT ( 'NONE', 'WORKASPACE' ) );
#4285 = CARTESIAN_POINT ( 'NONE',  ( -21.14999999999999500, 13.32957238623956400, -19.00000000000000400 ) ) ;
#4286 = LINE ( 'NONE', #7295, #8728 ) ;
#4287 = VECTOR ( 'NONE', #2721, 1000.000000000000000 ) ;
#4288 =( LENGTH_UNIT ( ) NAMED_UNIT ( * ) SI_UNIT ( .MILLI., .METRE. ) );
#4289 = DIRECTION ( 'NONE',  ( 0.0000000000000000000, 0.0000000000000000000, -1.000000000000000000 ) ) ;
#4290 = DIRECTION ( 'NONE',  ( 0.0000000000000000000, -0.0000000000000000000, 1.000000000000000000 ) ) ;
#4291 = SURFACE_SIDE_STYLE ('',( #1077 ) ) ;
#4292 = AXIS2_PLACEMENT_3D ( 'NONE', #4531, #3722, #8587 ) ;
#4293 = EDGE_CURVE ( 'NONE', #5060, #2657, #9385, .T. ) ;
#4294 = EDGE_CURVE ( 'NONE', #3825, #2795, #2062, .T. ) ;
#4295 = CARTESIAN_POINT ( 'NONE',  ( -15.50000000000087200, -15.49999999999912400, -27.99999999999999600 ) ) ;
#4296 = CIRCLE ( 'NONE', #665, 0.5000000000000004400 ) ;
#4297 = CARTESIAN_POINT ( 'NONE',  ( -1.371348881391340800, -39.15000000000000600, -23.12683120912890200 ) ) ;
#4298 = COLOUR_RGB ( '',1.000000000000000000, 0.0000000000000000000, 0.0000000000000000000 ) ;
#4299 = VERTEX_POINT ( 'NONE', #1031 ) ;
#4300 = COLOUR_RGB ( '',0.2509803921568627400, 0.2509803921568627400, 0.2509803921568627400 ) ;
#4301 = LINE ( 'NONE', #6363, #468 ) ;
#4302 =( NAMED_UNIT ( * ) PLANE_ANGLE_UNIT ( ) SI_UNIT ( $, .RADIAN. ) );
#4303 = CARTESIAN_POINT ( 'NONE',  ( 1.339045298307557800, -39.15000000000000600, -23.12683120912890200 ) ) ;
#4304 = CARTESIAN_POINT ( 'NONE',  ( 15.03502403148815600, -14.25001964264521200, -26.99999999999999600 ) ) ;
#4305 = ORIENTED_EDGE ( 'NONE', *, *, #8052, .T. ) ;
#4306 = CIRCLE ( 'NONE', #6072, 0.5000000000000004400 ) ;
#4307 = UNCERTAINTY_MEASURE_WITH_UNIT (LENGTH_MEASURE( 1.000000000000000100E-005 ), #7181, 'distance_accuracy_value', 'NONE');
#4308 = SURFACE_STYLE_FILL_AREA ( #5702 ) ;
#4309 = DIRECTION ( 'NONE',  ( -0.7071067811865441300, 0.7071067811865510100, 0.0000000000000000000 ) ) ;
#4310 = PRESENTATION_STYLE_ASSIGNMENT (( #3882 ) ) ;
#4311 = FACE_OUTER_BOUND ( 'NONE', #5746, .T. ) ;
#4312 = DIRECTION ( 'NONE',  ( -1.000000000000000000, 0.0000000000000000000, 0.0000000000000000000 ) ) ;
#4313 = ORIENTED_EDGE ( 'NONE', *, *, #6770, .T. ) ;
#4314 = CARTESIAN_POINT ( 'NONE',  ( -1.270660914494727800, 2.000000000000000400, 33.63760345130317100 ) ) ;
#4315 = EDGE_CURVE ( 'NONE', #10446, #6146, #3905, .T. ) ;
#4316 = EDGE_LOOP ( 'NONE', ( #2099, #3616, #8965, #270 ) ) ;
#4317 = VECTOR ( 'NONE', #8827, 1000.000000000000000 ) ;
#4318 = STYLED_ITEM ( 'NONE', ( #5387 ), #458 ) ;
#4319 = ORIENTED_EDGE ( 'NONE', *, *, #1221, .F. ) ;
#4320 = CARTESIAN_POINT ( 'NONE',  ( -13.32957238623954800, -21.15000000000000600, 4.000000000000003600 ) ) ;
#4321 = CARTESIAN_POINT ( 'NONE',  ( -17.29644660940670400, 21.00355339059327200, -28.99999999999999600 ) ) ;
#4322 = SURFACE_SIDE_STYLE ('',( #1258 ) ) ;
#4323 = ADVANCED_FACE ( 'NONE', ( #5884 ), #5113, .T. ) ;
#4324 = ORIENTED_EDGE ( 'NONE', *, *, #8582, .T. ) ;
#4325 = CARTESIAN_POINT ( 'NONE',  ( 15.03502403148815200, -15.01375035175166400, -26.99999999999999600 ) ) ;
#4326 = AXIS2_PLACEMENT_3D ( 'NONE', #8775, #2940, #2870 ) ;
#4327 = AXIS2_PLACEMENT_3D ( 'NONE', #4303, #2566, #6890 ) ;
#4328 = VERTEX_POINT ( 'NONE', #1983 ) ;
#4330 = AXIS2_PLACEMENT_3D ( 'NONE', #2850, #2994, #10405 ) ;
#4329 = CARTESIAN_POINT ( 'NONE',  ( 16.94289321881341300, -20.65000000000000600, 10.00000000000000000 ) ) ;
#4331 = FILL_AREA_STYLE ('',( #8534 ) ) ;
#4332 = ADVANCED_FACE ( 'NONE', ( #4575 ), #2333, .T. ) ;
#4333 = CARTESIAN_POINT ( 'NONE',  ( -2.616151791541897700, -21.25000000000000700, -22.62528041072263500 ) ) ;
#4334 = VERTEX_POINT ( 'NONE', #3582 ) ;
#4335 = DIRECTION ( 'NONE',  ( -1.000000000000000000, -0.0000000000000000000, -0.0000000000000000000 ) ) ;
#4336 =( GEOMETRIC_REPRESENTATION_CONTEXT ( 3 ) GLOBAL_UNCERTAINTY_ASSIGNED_CONTEXT ( ( #1603 ) ) GLOBAL_UNIT_ASSIGNED_CONTEXT ( ( #4443, #3557, #2644 ) ) REPRESENTATION_CONTEXT ( 'NONE', 'WORKASPACE' ) );
#4337 = ORIENTED_EDGE ( 'NONE', *, *, #6027, .T. ) ;
#4338 = DIRECTION ( 'NONE',  ( 0.0000000000000000000, 0.0000000000000000000, 1.000000000000000000 ) ) ;
#4339 = LINE ( 'NONE', #7114, #5010 ) ;
#4340 = EDGE_CURVE ( 'NONE', #7493, #6427, #7322, .T. ) ;
#4341 = ORIENTED_EDGE ( 'NONE', *, *, #4887, .F. ) ;
#4342 = ORIENTED_EDGE ( 'NONE', *, *, #5715, .F. ) ;
#4343 = FILL_AREA_STYLE ('',( #8610 ) ) ;
#4344 = EDGE_LOOP ( 'NONE', ( #679, #5909, #9009, #6499, #8889, #7738, #6485, #7765 ) ) ;
#4345 = EDGE_LOOP ( 'NONE', ( #9186, #6936, #2442, #2330 ) ) ;
#4346 = AXIS2_PLACEMENT_3D ( 'NONE', #1632, #4112, #5905 ) ;
#4347 = EDGE_CURVE ( 'NONE', #7465, #9460, #9913, .T. ) ;
#4348 = ORIENTED_EDGE ( 'NONE', *, *, #7737, .F. ) ;
#4349 = AXIS2_PLACEMENT_3D ( 'NONE', #6560, #1267, #10377 ) ;
#4350 = VERTEX_POINT ( 'NONE', #5397 ) ;
#4351 = ADVANCED_FACE ( 'NONE', ( #1667 ), #8755, .T. ) ;
#4352 = CIRCLE ( 'NONE', #2839, 0.5000000000000004400 ) ;
#4353 = ORIENTED_EDGE ( 'NONE', *, *, #10835, .F. ) ;
#4354 = EDGE_CURVE ( 'NONE', #10100, #10072, #8225, .T. ) ;
#4355 = DIRECTION ( 'NONE',  ( 1.865390464730961800E-015, -1.000000000000000000, 0.0000000000000000000 ) ) ;
#4356 = CARTESIAN_POINT ( 'NONE',  ( 15.96497596850902500, -15.98624964824928800, -26.99999999999999600 ) ) ;
#4357 = DIRECTION ( 'NONE',  ( 1.000000000000000000, 0.0000000000000000000, -0.0000000000000000000 ) ) ;
#4358 = ORIENTED_EDGE ( 'NONE', *, *, #2240, .T. ) ;
#4359 = SURFACE_STYLE_USAGE ( .BOTH. , #7715 ) ;
#4360 = AXIS2_PLACEMENT_3D ( 'NONE', #3321, #5030, #10832 ) ;
#4361 = AXIS2_PLACEMENT_3D ( 'NONE', #2320, #9071, #8179 ) ;
#4362 = VECTOR ( 'NONE', #7993, 1000.000000000000000 ) ;
#4363 = ORIENTED_EDGE ( 'NONE', *, *, #9522, .F. ) ;
#4364 = DIRECTION ( 'NONE',  ( 1.000000000000000000, 0.0000000000000000000, -0.0000000000000000000 ) ) ;
#4365 = DIRECTION ( 'NONE',  ( -1.000000000000000000, 0.0000000000000000000, 0.0000000000000000000 ) ) ;
#4366 = CARTESIAN_POINT ( 'NONE',  ( -3.516151791541895800, -21.25000000000000700, -21.79825338369560200 ) ) ;
#4367 = DIRECTION ( 'NONE',  ( 0.0000000000000000000, 0.0000000000000000000, -1.000000000000000000 ) ) ;
#4368 = EDGE_CURVE ( 'NONE', #9956, #2655, #338, .T. ) ;
#4369 = ORIENTED_EDGE ( 'NONE', *, *, #7539, .F. ) ;
#4370 = PRESENTATION_STYLE_ASSIGNMENT (( #6740 ) ) ;
#4371 = ORIENTED_EDGE ( 'NONE', *, *, #974, .F. ) ;
#4372 = DIRECTION ( 'NONE',  ( -1.000000000000000000, 0.0000000000000000000, 0.0000000000000000000 ) ) ;
#4373 = EDGE_LOOP ( 'NONE', ( #7394, #9176, #3008, #9160 ) ) ;
#4374 = EDGE_LOOP ( 'NONE', ( #1735, #6382, #6745 ) ) ;
#4375 = ADVANCED_FACE ( 'NONE', ( #2050 ), #7007, .F. ) ;
#4376 = DIRECTION ( 'NONE',  ( 0.0000000000000000000, 0.0000000000000000000, -1.000000000000000000 ) ) ;
#4377 = UNCERTAINTY_MEASURE_WITH_UNIT (LENGTH_MEASURE( 1.000000000000000100E-005 ), #493, 'distance_accuracy_value', 'NONE');
#4378 = EDGE_CURVE ( 'NONE', #7727, #6405, #6001, .T. ) ;
#4379 = CARTESIAN_POINT ( 'NONE',  ( 0.0000000000000000000, -19.15000000000000600, -22.49338270868220500 ) ) ;
#4380 = ORIENTED_EDGE ( 'NONE', *, *, #2308, .F. ) ;
#4381 =( GEOMETRIC_REPRESENTATION_CONTEXT ( 3 ) GLOBAL_UNCERTAINTY_ASSIGNED_CONTEXT ( ( #7918 ) ) GLOBAL_UNIT_ASSIGNED_CONTEXT ( ( #10598, #7230, #5665 ) ) REPRESENTATION_CONTEXT ( 'NONE', 'WORKASPACE' ) );
#4382 = FACE_OUTER_BOUND ( 'NONE', #5885, .T. ) ;
#4383 = ORIENTED_EDGE ( 'NONE', *, *, #1586, .F. ) ;
#4384 = CARTESIAN_POINT ( 'NONE',  ( 20.65000000000000200, -16.94289321881341700, -28.49999999999999600 ) ) ;
#4385 = FILL_AREA_STYLE_COLOUR ( '', #2784 ) ;
#4386 = FACE_BOUND ( 'NONE', #7892, .T. ) ;
#4387 = ADVANCED_FACE ( 'NONE', ( #2849 ), #5369, .T. ) ;
#4388 = DIRECTION ( 'NONE',  ( 1.000000000000000000, 0.0000000000000000000, 0.0000000000000000000 ) ) ;
#4389 = EDGE_LOOP ( 'NONE', ( #7883, #7861, #5534, #4720 ) ) ;
#4390 = DIRECTION ( 'NONE',  ( -0.0000000000000000000, 0.0000000000000000000, -1.000000000000000000 ) ) ;
#4391 = CARTESIAN_POINT ( 'NONE',  ( -20.64999999999999500, 16.94289321881343100, -28.99999999999999600 ) ) ;
#4392 = DIRECTION ( 'NONE',  ( 0.0000000000000000000, 0.0000000000000000000, -1.000000000000000000 ) ) ;
#4393 = AXIS2_PLACEMENT_3D ( 'NONE', #1059, #9491, #4357 ) ;
#4394 = CARTESIAN_POINT ( 'NONE',  ( -20.64999999999999500, 16.94289321881344900, 9.500000000000000000 ) ) ;
#4395 = LINE ( 'NONE', #7816, #3865 ) ;
#4396 = CARTESIAN_POINT ( 'NONE',  ( -14.19283027458642900, 15.01375035175259500, -26.99999999999999600 ) ) ;
#4397 = FACE_OUTER_BOUND ( 'NONE', #9686, .T. ) ;
#4398 = EDGE_LOOP ( 'NONE', ( #9309, #7491, #10772, #305 ) ) ;
#4399 = ADVANCED_FACE ( 'NONE', ( #4838, #3505 ), #5418, .T. ) ;
#4400 =( NAMED_UNIT ( * ) PLANE_ANGLE_UNIT ( ) SI_UNIT ( $, .RADIAN. ) );
#4401 = SURFACE_SIDE_STYLE ('',( #10542 ) ) ;
#4402 = COLOUR_RGB ( '',0.5607843137254902000, 0.3098039215686274600, 0.0000000000000000000 ) ;
#4403 = AXIS2_PLACEMENT_3D ( 'NONE', #1564, #2432, #3269 ) ;
#4404 = EDGE_CURVE ( 'NONE', #6702, #6852, #869, .T. ) ;
#4406 = LINE ( 'NONE', #8756, #10524 ) ;
#4405 = DIRECTION ( 'NONE',  ( 0.0000000000000000000, 0.0000000000000000000, -1.000000000000000000 ) ) ;
#4407 = VECTOR ( 'NONE', #1935, 1000.000000000000000 ) ;
#4408 = SURFACE_STYLE_FILL_AREA ( #9115 ) ;
#4409 = SURFACE_STYLE_FILL_AREA ( #5878 ) ;
#4410 = MECHANICAL_DESIGN_GEOMETRIC_PRESENTATION_REPRESENTATION (  '', ( #2306 ), #1520 ) ;
#4411 = CIRCLE ( 'NONE', #712, 0.5563334663949322000 ) ;
#4412 = DIRECTION ( 'NONE',  ( 0.0000000000000000000, 0.0000000000000000000, 1.000000000000000000 ) ) ;
#4413 = EDGE_CURVE ( 'NONE', #6441, #3291, #9508, .T. ) ;
#4414 = CIRCLE ( 'NONE', #10202, 3.500000000000000000 ) ;
#4415 = LINE ( 'NONE', #6332, #6524 ) ;
#4416 = SURFACE_SIDE_STYLE ('',( #5293 ) ) ;
#4417 = ORIENTED_EDGE ( 'NONE', *, *, #5220, .F. ) ;
#4418 = CONICAL_SURFACE ( 'NONE', #1930, 1.999999999999994900, 0.7853981633974321800 ) ;
#4419 = AXIS2_PLACEMENT_3D ( 'NONE', #6172, #3539, #3579 ) ;
#4420 = VECTOR ( 'NONE', #9737, 999.9999999999998900 ) ;
#4421 = CARTESIAN_POINT ( 'NONE',  ( -15.03502403149003500, 16.74998035735667700, -26.99999999999999600 ) ) ;
#4422 = FACE_OUTER_BOUND ( 'NONE', #8137, .T. ) ;
#4423 = ORIENTED_EDGE ( 'NONE', *, *, #6942, .T. ) ;
#4424 =( NAMED_UNIT ( * ) SI_UNIT ( $, .STERADIAN. ) SOLID_ANGLE_UNIT ( ) );
#4425 = SURFACE_STYLE_FILL_AREA ( #5748 ) ;
#4426 = DIRECTION ( 'NONE',  ( 1.000000000000000000, 0.0000000000000000000, 0.0000000000000000000 ) ) ;
#4427 = EDGE_LOOP ( 'NONE', ( #5956, #949, #9018, #5935 ) ) ;
#4428 = CARTESIAN_POINT ( 'NONE',  ( 14.25001964264473600, 15.03502403148956600, -28.49999999999999600 ) ) ;
#4429 = EDGE_CURVE ( 'NONE', #1956, #4773, #7819, .T. ) ;
#4430 = CARTESIAN_POINT ( 'NONE',  ( -1.800000000000000300, -39.15000000000002000, -30.15000000000000200 ) ) ;
#4431 = FILL_AREA_STYLE_COLOUR ( '', #8769 ) ;
#4432 = VECTOR ( 'NONE', #10384, 1000.000000000000000 ) ;
#4433 = FACE_OUTER_BOUND ( 'NONE', #7315, .T. ) ;
#4434 = COLOUR_RGB ( '',1.000000000000000000, 0.0000000000000000000, 0.0000000000000000000 ) ;
#4435 = CARTESIAN_POINT ( 'NONE',  ( -4.000000000000000000, 4.898587196589412800E-016, 12.00000000000000000 ) ) ;
#4436 = CARTESIAN_POINT ( 'NONE',  ( -15.49999999999999600, 15.50000000000087400, -26.99999999999999600 ) ) ;
#4437 = VECTOR ( 'NONE', #5190, 1000.000000000000000 ) ;
#4438 = ORIENTED_EDGE ( 'NONE', *, *, #8510, .T. ) ;
#4439 = ADVANCED_FACE ( 'NONE', ( #9145 ), #10339, .F. ) ;
#4440 = DIRECTION ( 'NONE',  ( 0.0000000000000000000, 0.0000000000000000000, 1.000000000000000000 ) ) ;
#4441 = DIRECTION ( 'NONE',  ( 0.0000000000000000000, 0.0000000000000000000, -1.000000000000000000 ) ) ;
#4442 = DIRECTION ( 'NONE',  ( 0.0000000000000000000, -1.000000000000000000, 0.0000000000000000000 ) ) ;
#4443 =( LENGTH_UNIT ( ) NAMED_UNIT ( * ) SI_UNIT ( .MILLI., .METRE. ) );
#4444 = VERTEX_POINT ( 'NONE', #7549 ) ;
#4445 = CARTESIAN_POINT ( 'NONE',  ( -16.74998035735715300, -15.03502403148862900, -28.49999999999999600 ) ) ;
#4446 = DIRECTION ( 'NONE',  ( 1.000000000000000000, 1.387778780781444400E-014, 0.0000000000000000000 ) ) ;
#4447 = ADVANCED_FACE ( 'NONE', ( #10822 ), #10050, .T. ) ;
#4448 = AXIS2_PLACEMENT_3D ( 'NONE', #561, #7294, #423 ) ;
#4449 =( GEOMETRIC_REPRESENTATION_CONTEXT ( 3 ) GLOBAL_UNCERTAINTY_ASSIGNED_CONTEXT ( ( #5535 ) ) GLOBAL_UNIT_ASSIGNED_CONTEXT ( ( #7929, #2111, #1288 ) ) REPRESENTATION_CONTEXT ( 'NONE', 'WORKASPACE' ) );
#4450 = VERTEX_POINT ( 'NONE', #10818 ) ;
#4451 = ORIENTED_EDGE ( 'NONE', *, *, #5518, .F. ) ;
#4452 = DIRECTION ( 'NONE',  ( -1.000000000000000000, 0.0000000000000000000, -0.0000000000000000000 ) ) ;
#4453 = CARTESIAN_POINT ( 'NONE',  ( 0.0000000000000000000, 0.0000000000000000000, 11.50000000000000000 ) ) ;
#4454 = ORIENTED_EDGE ( 'NONE', *, *, #1861, .F. ) ;
#4455 = FILL_AREA_STYLE ('',( #5180 ) ) ;
#4456 = CARTESIAN_POINT ( 'NONE',  ( -0.6000000000000007500, -39.15000000000002000, -31.35000000000000100 ) ) ;
#4457 = ORIENTED_EDGE ( 'NONE', *, *, #4065, .F. ) ;
#4458 = CARTESIAN_POINT ( 'NONE',  ( 15.96497596850902500, -14.25001964264521200, -26.99999999999999600 ) ) ;
#4459 = ORIENTED_EDGE ( 'NONE', *, *, #42, .T. ) ;
#4460 = DIRECTION ( 'NONE',  ( 0.0000000000000000000, 0.0000000000000000000, 1.000000000000000000 ) ) ;
#4461 = EDGE_LOOP ( 'NONE', ( #2251, #4003, #1049, #8398 ) ) ;
#4462 = ORIENTED_EDGE ( 'NONE', *, *, #8262, .T. ) ;
#4463 = ORIENTED_EDGE ( 'NONE', *, *, #5196, .T. ) ;
#4464 = EDGE_LOOP ( 'NONE', ( #6085, #7762, #1960, #3409 ) ) ;
#4465 = AXIS2_PLACEMENT_3D ( 'NONE', #6058, #10237, #3601 ) ;
#4466 = ORIENTED_EDGE ( 'NONE', *, *, #5102, .T. ) ;
#4467 = STYLED_ITEM ( 'NONE', ( #114 ), #10570 ) ;
#4468 = DIRECTION ( 'NONE',  ( -1.000000000000000000, 0.0000000000000000000, 0.0000000000000000000 ) ) ;
#4469 = PLANE ( 'NONE',  #862 ) ;
#4470 = LINE ( 'NONE', #6183, #5666 ) ;
#4471 = CARTESIAN_POINT ( 'NONE',  ( -15.96497596851091000, 15.01375035175259500, -26.99999999999999600 ) ) ;
#4472 = DIRECTION ( 'NONE',  ( 1.000000000000000000, 0.0000000000000000000, 0.0000000000000000000 ) ) ;
#4473 = VERTEX_POINT ( 'NONE', #2391 ) ;
#4474 = EDGE_CURVE ( 'NONE', #1308, #1300, #7570, .T. ) ;
#4475 = SURFACE_SIDE_STYLE ('',( #5594 ) ) ;
#4476 =( GEOMETRIC_REPRESENTATION_CONTEXT ( 3 ) GLOBAL_UNCERTAINTY_ASSIGNED_CONTEXT ( ( #3242 ) ) GLOBAL_UNIT_ASSIGNED_CONTEXT ( ( #5225, #5192, #1846 ) ) REPRESENTATION_CONTEXT ( 'NONE', 'WORKASPACE' ) );
#4477 = DIRECTION ( 'NONE',  ( -0.0000000000000000000, -0.0000000000000000000, 1.000000000000000000 ) ) ;
#4478 = EDGE_CURVE ( 'NONE', #7610, #3275, #4173, .T. ) ;
#4479 = ORIENTED_EDGE ( 'NONE', *, *, #5064, .T. ) ;
#4480 = DIRECTION ( 'NONE',  ( -0.0000000000000000000, -0.0000000000000000000, -1.000000000000000000 ) ) ;
#4481 = AXIS2_PLACEMENT_3D ( 'NONE', #5378, #2860, #4597 ) ;
#4482 = COLOUR_RGB ( '',1.000000000000000000, 0.0000000000000000000, 0.0000000000000000000 ) ;
#4483 = EDGE_LOOP ( 'NONE', ( #7116, #998, #2643, #8653 ) ) ;
#4484 = CARTESIAN_POINT ( 'NONE',  ( 16.94289321881343100, -21.15000000000000200, -19.00000000000000000 ) ) ;
#4485 = AXIS2_PLACEMENT_3D ( 'NONE', #7078, #389, #9651 ) ;
#4486 = CARTESIAN_POINT ( 'NONE',  ( -17.89999999999999500, 15.50000000000087400, -26.99999999999999600 ) ) ;
#4487 = SURFACE_STYLE_USAGE ( .BOTH. , #4416 ) ;
#4488 = ORIENTED_EDGE ( 'NONE', *, *, #6166, .T. ) ;
#4489 = ORIENTED_EDGE ( 'NONE', *, *, #591, .F. ) ;
#4490 = STYLED_ITEM ( 'NONE', ( #7533 ), #3179 ) ;
#4491 = ADVANCED_FACE ( 'NONE', ( #4829 ), #7047, .T. ) ;
#4492 = EDGE_CURVE ( 'NONE', #2925, #10857, #2185, .T. ) ;
#4493 = EDGE_CURVE ( 'NONE', #8805, #1061, #2576, .T. ) ;
#4494 = ORIENTED_EDGE ( 'NONE', *, *, #9942, .T. ) ;
#4495 = CARTESIAN_POINT ( 'NONE',  ( 21.14999999999999900, 16.94289321881343100, 2.000000000000000000 ) ) ;
#4496 = DIRECTION ( 'NONE',  ( -0.0000000000000000000, -0.0000000000000000000, -1.000000000000000000 ) ) ;
#4497 = ORIENTED_EDGE ( 'NONE', *, *, #167, .F. ) ;
#4498 = EDGE_LOOP ( 'NONE', ( #4457, #6525, #10308, #1567 ) ) ;
#4499 = DIRECTION ( 'NONE',  ( 1.000000000000000000, 0.0000000000000000000, 0.0000000000000000000 ) ) ;
#4500 = UNCERTAINTY_MEASURE_WITH_UNIT (LENGTH_MEASURE( 1.000000000000000100E-005 ), #2395, 'distance_accuracy_value', 'NONE');
#4501 = STYLED_ITEM ( 'NONE', ( #2276 ), #9358 ) ;
#4502 = EDGE_LOOP ( 'NONE', ( #2372, #2457, #1733, #2638 ) ) ;
#4503 =( NAMED_UNIT ( * ) SI_UNIT ( $, .STERADIAN. ) SOLID_ANGLE_UNIT ( ) );
#4505 = VERTEX_POINT ( 'NONE', #8320 ) ;
#4504 = CARTESIAN_POINT ( 'NONE',  ( -1.371348881391340800, -19.15000000000000600, -25.01295075771274100 ) ) ;
#4506 = ADVANCED_FACE ( 'NONE', ( #4973 ), #8360, .F. ) ;
#4507 = CARTESIAN_POINT ( 'NONE',  ( 16.80716972541264600, -15.98624964824928800, -28.49999999999999600 ) ) ;
#4508 = VERTEX_POINT ( 'NONE', #4076 ) ;
#4509 = CARTESIAN_POINT ( 'NONE',  ( -15.98624964825069300, -16.80716972541312200, -26.99999999999999600 ) ) ;
#4510 = UNCERTAINTY_MEASURE_WITH_UNIT (LENGTH_MEASURE( 1.000000000000000100E-005 ), #8681, 'distance_accuracy_value', 'NONE');
#4511 = FILL_AREA_STYLE_COLOUR ( '', #1754 ) ;
#4512 = COLOUR_RGB ( '',0.2509803921568627400, 0.2509803921568627400, 0.2509803921568627400 ) ;
#4513 = CARTESIAN_POINT ( 'NONE',  ( -1.800000000000000700, -39.15000000000002000, -31.85000000000000500 ) ) ;
#4514 = LINE ( 'NONE', #9931, #3460 ) ;
#4515 = ORIENTED_EDGE ( 'NONE', *, *, #7402, .F. ) ;
#4516 = SURFACE_SIDE_STYLE ('',( #3128 ) ) ;
#4517 = VECTOR ( 'NONE', #9525, 1000.000000000000000 ) ;
#4518 = DIRECTION ( 'NONE',  ( 1.239088197126289900E-014, 0.0000000000000000000, -1.000000000000000000 ) ) ;
#4519 = EDGE_CURVE ( 'NONE', #6701, #2090, #72, .T. ) ;
#4520 = COLOUR_RGB ( '',0.0000000000000000000, 0.5019607843137254800, 1.000000000000000000 ) ;
#4521 = CIRCLE ( 'NONE', #160, 0.5000000000000004400 ) ;
#4522 = CARTESIAN_POINT ( 'NONE',  ( 15.98624964824874800, 15.96497596851013900, -26.99999999999999600 ) ) ;
#4523 = PRESENTATION_LAYER_ASSIGNMENT (  '', '', ( #1834 ) ) ;
#4524 =( LENGTH_UNIT ( ) NAMED_UNIT ( * ) SI_UNIT ( .MILLI., .METRE. ) );
#4525 = CARTESIAN_POINT ( 'NONE',  ( -15.01375035175305900, -16.80716972541313200, -28.49999999999999600 ) ) ;
#4526 =( NAMED_UNIT ( * ) PLANE_ANGLE_UNIT ( ) SI_UNIT ( $, .RADIAN. ) );
#4527 = ORIENTED_EDGE ( 'NONE', *, *, #4404, .T. ) ;
#4528 = COLOUR_RGB ( '',1.000000000000000000, 1.000000000000000000, 1.000000000000000000 ) ;
#4529 = CYLINDRICAL_SURFACE ( 'NONE', #8342, 11.00000000000000000 ) ;
#4530 =( LENGTH_UNIT ( ) NAMED_UNIT ( * ) SI_UNIT ( .MILLI., .METRE. ) );
#4531 = CARTESIAN_POINT ( 'NONE',  ( 15.50000000000000000, 15.50000000000000000, 5.500000000000000000 ) ) ;
#4532 = FACE_OUTER_BOUND ( 'NONE', #1907, .T. ) ;
#4533 = FACE_OUTER_BOUND ( 'NONE', #3667, .T. ) ;
#4534 = LINE ( 'NONE', #10341, #8068 ) ;
#4535 = DIRECTION ( 'NONE',  ( 1.000000000000000000, 0.0000000000000000000, 0.0000000000000000000 ) ) ;
#4536 = AXIS2_PLACEMENT_3D ( 'NONE', #7703, #1087, #9376 ) ;
#4537 = SURFACE_STYLE_USAGE ( .BOTH. , #3612 ) ;
#4538 = PRESENTATION_LAYER_ASSIGNMENT (  '', '', ( #8462 ) ) ;
#4539 = AXIS2_PLACEMENT_3D ( 'NONE', #507, #5460, #8810 ) ;
#4540 = LINE ( 'NONE', #8933, #5733 ) ;
#4541 =( LENGTH_UNIT ( ) NAMED_UNIT ( * ) SI_UNIT ( .MILLI., .METRE. ) );
#4542 = VECTOR ( 'NONE', #4044, 1000.000000000000000 ) ;
#4543 = DIRECTION ( 'NONE',  ( 0.0000000000000000000, 0.0000000000000000000, 1.000000000000000000 ) ) ;
#4544 = PRESENTATION_LAYER_ASSIGNMENT (  '', '', ( #5256 ) ) ;
#4545 = CIRCLE ( 'NONE', #934, 0.5000000000000006700 ) ;
#4546 = EDGE_CURVE ( 'NONE', #4695, #10103, #8479, .T. ) ;
#4547 = FACE_OUTER_BOUND ( 'NONE', #912, .T. ) ;
#4548 = FACE_OUTER_BOUND ( 'NONE', #10544, .T. ) ;
#4549 = CARTESIAN_POINT ( 'NONE',  ( 15.50000000000000000, 15.50000000000000000, -26.99999999999999600 ) ) ;
#4550 = CARTESIAN_POINT ( 'NONE',  ( -14.19283027458642900, 15.98624964825022200, -28.49999999999999600 ) ) ;
#4551 = ORIENTED_EDGE ( 'NONE', *, *, #9575, .F. ) ;
#4552 = DIRECTION ( 'NONE',  ( -1.000000000000000000, -1.235860604586716300E-014, -0.0000000000000000000 ) ) ;
#4553 = ADVANCED_FACE ( 'NONE', ( #328 ), #1562, .F. ) ;
#4554 = CARTESIAN_POINT ( 'NONE',  ( 15.50000000000000000, 15.50000000000000000, -28.49999999999999600 ) ) ;
#4555 = PRESENTATION_LAYER_ASSIGNMENT (  '', '', ( #3984 ) ) ;
#4556 = DIRECTION ( 'NONE',  ( 0.0000000000000000000, -0.0000000000000000000, -1.000000000000000000 ) ) ;
#4557 = EDGE_CURVE ( 'NONE', #8159, #6724, #466, .T. ) ;
#4558 =( NAMED_UNIT ( * ) PLANE_ANGLE_UNIT ( ) SI_UNIT ( $, .RADIAN. ) );
#4559 = FACE_OUTER_BOUND ( 'NONE', #1650, .T. ) ;
#4560 =( GEOMETRIC_REPRESENTATION_CONTEXT ( 3 ) GLOBAL_UNCERTAINTY_ASSIGNED_CONTEXT ( ( #5315 ) ) GLOBAL_UNIT_ASSIGNED_CONTEXT ( ( #2659, #1805, #1736 ) ) REPRESENTATION_CONTEXT ( 'NONE', 'WORKASPACE' ) );
#4561 = ORIENTED_EDGE ( 'NONE', *, *, #4478, .F. ) ;
#4562 = FILL_AREA_STYLE_COLOUR ( '', #5760 ) ;
#4563 = LINE ( 'NONE', #7962, #2324 ) ;
#4564 = DIRECTION ( 'NONE',  ( -0.7071067811865482400, 0.7071067811865469100, -0.0000000000000000000 ) ) ;
#4565 = DIRECTION ( 'NONE',  ( 1.000000000000000000, -1.261213355974177800E-012, 0.0000000000000000000 ) ) ;
#4566 = CARTESIAN_POINT ( 'NONE',  ( 1.339045298307557800, -19.15000000000000600, -23.12683120912890200 ) ) ;
#4567 = EDGE_CURVE ( 'NONE', #2866, #8117, #7302, .T. ) ;
#4568 = DIRECTION ( 'NONE',  ( -0.8571673007021116700, 1.049727191138617800E-016, 0.5150380749100552700 ) ) ;
#4569 = VERTEX_POINT ( 'NONE', #965 ) ;
#4570 = CARTESIAN_POINT ( 'NONE',  ( 21.16000000000000700, -13.31369220013741200, -20.99999999999999600 ) ) ;
#4571 = DIRECTION ( 'NONE',  ( -1.000000000000000000, 0.0000000000000000000, 0.0000000000000000000 ) ) ;
#4572 = CYLINDRICAL_SURFACE ( 'NONE', #8966, 2.750000000000000900 ) ;
#4573 = CARTESIAN_POINT ( 'NONE',  ( 21.14999999999999900, 16.94289321881343100, 10.00000000000000000 ) ) ;
#4574 = ADVANCED_FACE ( 'NONE', ( #8347 ), #6818, .F. ) ;
#4575 = FACE_OUTER_BOUND ( 'NONE', #5646, .T. ) ;
#4576 = LINE ( 'NONE', #10843, #9648 ) ;
#4577 = AXIS2_PLACEMENT_3D ( 'NONE', #4149, #5834, #2557 ) ;
#4578 = CARTESIAN_POINT ( 'NONE',  ( -1.800000000000000300, -18.15000000000000600, -30.65000000000000200 ) ) ;
#4579 = DIRECTION ( 'NONE',  ( 0.0000000000000000000, 0.0000000000000000000, -1.000000000000000000 ) ) ;
#4580 = PRESENTATION_STYLE_ASSIGNMENT (( #7126 ) ) ;
#4581 = DIRECTION ( 'NONE',  ( -0.7071067811865475700, -0.7071067811865475700, -0.0000000000000000000 ) ) ;
#4582 = CIRCLE ( 'NONE', #6082, 0.5000000000000004400 ) ;
#4583 = EDGE_CURVE ( 'NONE', #3874, #8558, #10271, .T. ) ;
#4584 = ORIENTED_EDGE ( 'NONE', *, *, #2238, .T. ) ;
#4585 = CARTESIAN_POINT ( 'NONE',  ( 0.0000000000000000000, 0.0000000000000000000, -32.50000000000000000 ) ) ;
#4586 = ORIENTED_EDGE ( 'NONE', *, *, #3374, .F. ) ;
#4587 = FACE_OUTER_BOUND ( 'NONE', #5391, .T. ) ;
#4588 = CARTESIAN_POINT ( 'NONE',  ( -2.500558451929132200, -21.25000000000000700, -22.49338270868220800 ) ) ;
#4589 = DIRECTION ( 'NONE',  ( -1.000000000000000000, 0.0000000000000000000, 0.0000000000000000000 ) ) ;
#4590 = DIRECTION ( 'NONE',  ( 0.0000000000000000000, -1.000000000000000000, 0.0000000000000000000 ) ) ;
#4591 = EDGE_CURVE ( 'NONE', #1466, #5024, #8078, .T. ) ;
#4592 = FILL_AREA_STYLE_COLOUR ( '', #3600 ) ;
#4593 = VERTEX_POINT ( 'NONE', #83 ) ;
#4594 = CIRCLE ( 'NONE', #2632, 25.00000000000000000 ) ;
#4595 = ORIENTED_EDGE ( 'NONE', *, *, #9617, .F. ) ;
#4596 = MECHANICAL_DESIGN_GEOMETRIC_PRESENTATION_REPRESENTATION (  '', ( #3459 ), #430 ) ;
#4597 = DIRECTION ( 'NONE',  ( -0.0000000000000000000, 0.0000000000000000000, -1.000000000000000000 ) ) ;
#4598 =( NAMED_UNIT ( * ) SI_UNIT ( $, .STERADIAN. ) SOLID_ANGLE_UNIT ( ) );
#4599 =( NAMED_UNIT ( * ) SI_UNIT ( $, .STERADIAN. ) SOLID_ANGLE_UNIT ( ) );
#4600 = ORIENTED_EDGE ( 'NONE', *, *, #8545, .T. ) ;
#4601 = SURFACE_STYLE_USAGE ( .BOTH. , #1160 ) ;
#4602 = VERTEX_POINT ( 'NONE', #4396 ) ;
#4603 = ORIENTED_EDGE ( 'NONE', *, *, #7207, .F. ) ;
#4604 =( NAMED_UNIT ( * ) SI_UNIT ( $, .STERADIAN. ) SOLID_ANGLE_UNIT ( ) );
#4605 = VERTEX_POINT ( 'NONE', #54 ) ;
#4606 = CARTESIAN_POINT ( 'NONE',  ( -14.19283027458642900, 15.98624964825022200, -26.99999999999999600 ) ) ;
#4607 = ORIENTED_EDGE ( 'NONE', *, *, #3043, .T. ) ;
#4608 = STYLED_ITEM ( 'NONE', ( #3730 ), #6409 ) ;
#4609 = ORIENTED_EDGE ( 'NONE', *, *, #10771, .T. ) ;
#4610 = VERTEX_POINT ( 'NONE', #1742 ) ;
#4611 = AXIS2_PLACEMENT_3D ( 'NONE', #253, #5362, #6138 ) ;
#4612 = DIRECTION ( 'NONE',  ( -0.0000000000000000000, -0.0000000000000000000, 1.000000000000000000 ) ) ;
#4613 = CARTESIAN_POINT ( 'NONE',  ( 0.0000000000000000000, 0.0000000000000000000, -28.99999999999999600 ) ) ;
#4614 =( LENGTH_UNIT ( ) NAMED_UNIT ( * ) SI_UNIT ( .MILLI., .METRE. ) );
#4615 = ORIENTED_EDGE ( 'NONE', *, *, #9444, .F. ) ;
#4616 = ORIENTED_EDGE ( 'NONE', *, *, #3173, .T. ) ;
#4617 = CARTESIAN_POINT ( 'NONE',  ( 15.49999999999912400, -15.50000000000000200, -28.49999999999999600 ) ) ;
#4618 = DIRECTION ( 'NONE',  ( -1.000000000000000000, -0.0000000000000000000, -0.0000000000000000000 ) ) ;
#4619 = FACE_OUTER_BOUND ( 'NONE', #8825, .T. ) ;
#4620 = VERTEX_POINT ( 'NONE', #7620 ) ;
#4621 = DIRECTION ( 'NONE',  ( 0.0000000000000000000, 0.0000000000000000000, 1.000000000000000000 ) ) ;
#4622 = EDGE_CURVE ( 'NONE', #3840, #7872, #9498, .T. ) ;
#4623 = DIRECTION ( 'NONE',  ( -1.000000000000000000, 0.0000000000000000000, 0.0000000000000000000 ) ) ;
#4624 = ORIENTED_EDGE ( 'NONE', *, *, #7457, .F. ) ;
#4625 = AXIS2_PLACEMENT_3D ( 'NONE', #258, #5160, #57 ) ;
#4626 = ADVANCED_FACE ( 'NONE', ( #2459 ), #928, .F. ) ;
#4627 = DIRECTION ( 'NONE',  ( -1.008560160451632500E-016, 0.0000000000000000000, -1.000000000000000000 ) ) ;
#4628 = CARTESIAN_POINT ( 'NONE',  ( -17.29644660940671100, 21.00355339059327200, 2.000000000000000000 ) ) ;
#4629 = DIRECTION ( 'NONE',  ( 0.0000000000000000000, 0.0000000000000000000, -1.000000000000000000 ) ) ;
#4630 = EDGE_CURVE ( 'NONE', #5285, #10337, #9637, .T. ) ;
#4631 = CARTESIAN_POINT ( 'NONE',  ( 21.14999999999999900, 16.94289321881343100, 9.500000000000000000 ) ) ;
#4632 = MECHANICAL_DESIGN_GEOMETRIC_PRESENTATION_REPRESENTATION (  '', ( #1076 ), #8546 ) ;
#4633 = FACE_OUTER_BOUND ( 'NONE', #8536, .T. ) ;
#4634 = ORIENTED_EDGE ( 'NONE', *, *, #3909, .T. ) ;
#4635 = CARTESIAN_POINT ( 'NONE',  ( -13.31369220013740100, -21.16000000000001100, 4.000000000000003600 ) ) ;
#4636 = EDGE_CURVE ( 'NONE', #10319, #9944, #7685, .T. ) ;
#4637 = FILL_AREA_STYLE ('',( #4562 ) ) ;
#4638 = CARTESIAN_POINT ( 'NONE',  ( -20.64999999999999500, 0.0000000000000000000, 9.500000000000000000 ) ) ;
#4639 = VERTEX_POINT ( 'NONE', #6042 ) ;
#4640 =( GEOMETRIC_REPRESENTATION_CONTEXT ( 3 ) GLOBAL_UNCERTAINTY_ASSIGNED_CONTEXT ( ( #10631 ) ) GLOBAL_UNIT_ASSIGNED_CONTEXT ( ( #5152, #80, #5969 ) ) REPRESENTATION_CONTEXT ( 'NONE', 'WORKASPACE' ) );
#4641 = FACE_OUTER_BOUND ( 'NONE', #5020, .T. ) ;
#4642 = VERTEX_POINT ( 'NONE', #3403 ) ;
#4643 = DIRECTION ( 'NONE',  ( -0.0000000000000000000, -0.0000000000000000000, 1.000000000000000000 ) ) ;
#4644 = ORIENTED_EDGE ( 'NONE', *, *, #10164, .F. ) ;
#4645 = EDGE_LOOP ( 'NONE', ( #7634, #1837, #2906 ) ) ;
#4646 = DIRECTION ( 'NONE',  ( -0.0000000000000000000, -0.0000000000000000000, -1.000000000000000000 ) ) ;
#4647 = UNCERTAINTY_MEASURE_WITH_UNIT (LENGTH_MEASURE( 1.000000000000000100E-005 ), #4530, 'distance_accuracy_value', 'NONE');
#4648 = ORIENTED_EDGE ( 'NONE', *, *, #10128, .T. ) ;
#4649 = EDGE_CURVE ( 'NONE', #9218, #9231, #7944, .T. ) ;
#4650 = FILL_AREA_STYLE_COLOUR ( '', #4298 ) ;
#4651 = CARTESIAN_POINT ( 'NONE',  ( 0.0000000000000000000, 0.0000000000000000000, 10.00000000000000000 ) ) ;
#4652 = EDGE_LOOP ( 'NONE', ( #2291, #5264, #5992, #6925, #8786, #636, #8392, #5271 ) ) ;
#4653 = CARTESIAN_POINT ( 'NONE',  ( 17.89999999999912100, -15.50000000000000200, -26.99999999999999600 ) ) ;
#4654 = ORIENTED_EDGE ( 'NONE', *, *, #2574, .F. ) ;
#4655 = DIRECTION ( 'NONE',  ( 1.000000000000000000, 3.815920199215875400E-013, -0.0000000000000000000 ) ) ;
#4656 = FILL_AREA_STYLE ('',( #8742 ) ) ;
#4657 = LINE ( 'NONE', #4066, #5832 ) ;
#4658 = PRESENTATION_STYLE_ASSIGNMENT (( #3695 ) ) ;
#4659 = DIRECTION ( 'NONE',  ( 0.0000000000000000000, -1.000000000000000000, 0.0000000000000000000 ) ) ;
#4660 = CARTESIAN_POINT ( 'NONE',  ( 0.0000000000000000000, -21.25000000000000700, -22.49338270868220500 ) ) ;
#4661 = LINE ( 'NONE', #9565, #4517 ) ;
#4662 = DIRECTION ( 'NONE',  ( -0.0000000000000000000, -0.0000000000000000000, 1.000000000000000000 ) ) ;
#4663 = SURFACE_SIDE_STYLE ('',( #6311 ) ) ;
#4664 = CARTESIAN_POINT ( 'NONE',  ( -13.32957238623955800, 21.14999999999999900, 4.000000000000003600 ) ) ;
#4665 = SURFACE_SIDE_STYLE ('',( #9239 ) ) ;
#4666 = LINE ( 'NONE', #2203, #5593 ) ;
#4667 = CARTESIAN_POINT ( 'NONE',  ( -15.49999999999999600, 15.50000000000087400, -28.49999999999999600 ) ) ;
#4668 = ORIENTED_EDGE ( 'NONE', *, *, #8043, .T. ) ;
#4669 = CARTESIAN_POINT ( 'NONE',  ( -20.79644660940672600, -16.79644660940672900, -28.99999999999999600 ) ) ;
#4670 = EDGE_CURVE ( 'NONE', #8770, #10677, #6659, .T. ) ;
#4671 = COLOUR_RGB ( '',1.000000000000000000, 0.9058823529411764700, 0.1843137254901960900 ) ;
#4672 = CARTESIAN_POINT ( 'NONE',  ( 21.14999999999999900, -13.32957238623955700, 4.000000000000003600 ) ) ;
#4673 = STYLED_ITEM ( 'NONE', ( #10690 ), #362 ) ;
#4674 = PRESENTATION_STYLE_ASSIGNMENT (( #4963 ) ) ;
#4675 = CARTESIAN_POINT ( 'NONE',  ( 21.14999999999999900, -13.32957238623955700, 2.000000000000001800 ) ) ;
#4676 = LINE ( 'NONE', #2917, #5217 ) ;
#4677 = CARTESIAN_POINT ( 'NONE',  ( -16.94289321881343100, 21.14999999999999900, -19.00000000000000000 ) ) ;
#4678 = FACE_OUTER_BOUND ( 'NONE', #595, .T. ) ;
#4679 = ADVANCED_FACE ( 'NONE', ( #7175 ), #9900, .T. ) ;
#4680 = SURFACE_SIDE_STYLE ('',( #4163 ) ) ;
#4681 = LINE ( 'NONE', #4550, #10803 ) ;
#4682 = SURFACE_SIDE_STYLE ('',( #2551 ) ) ;
#4683 =( NAMED_UNIT ( * ) SI_UNIT ( $, .STERADIAN. ) SOLID_ANGLE_UNIT ( ) );
#4684 = CYLINDRICAL_SURFACE ( 'NONE', #1791, 2.749999999999997300 ) ;
#4685 = CARTESIAN_POINT ( 'NONE',  ( 0.0000000000000000000, 0.0000000000000000000, 10.00000000000000000 ) ) ;
#4686 = ORIENTED_EDGE ( 'NONE', *, *, #3393, .F. ) ;
#4687 = DIRECTION ( 'NONE',  ( 0.0000000000000000000, -1.000000000000000000, 0.0000000000000000000 ) ) ;
#4688 = COLOUR_RGB ( '',0.0000000000000000000, 0.5019607843137254800, 1.000000000000000000 ) ;
#4689 = AXIS2_PLACEMENT_3D ( 'NONE', #7691, #6761, #5253 ) ;
#4690 = FACE_OUTER_BOUND ( 'NONE', #8794, .T. ) ;
#4691 = AXIS2_PLACEMENT_3D ( 'NONE', #5419, #7008, #10299 ) ;
#4692 = DIRECTION ( 'NONE',  ( -1.000000000000000000, 0.0000000000000000000, -1.040834085586084300E-015 ) ) ;
#4693 = EDGE_CURVE ( 'NONE', #7994, #6852, #1515, .T. ) ;
#4694 = COLOUR_RGB ( '',0.2509803921568627400, 0.2509803921568627400, 0.2509803921568627400 ) ;
#4695 = VERTEX_POINT ( 'NONE', #1951 ) ;
#4696 = CARTESIAN_POINT ( 'NONE',  ( 1.799999999999999800, -39.15000000000002000, -30.15000000000000200 ) ) ;
#4697 = SURFACE_STYLE_USAGE ( .BOTH. , #3845 ) ;
#4698 = DIRECTION ( 'NONE',  ( 1.235860604586726600E-014, -1.000000000000000000, 0.0000000000000000000 ) ) ;
#4699 = STYLED_ITEM ( 'NONE', ( #7463 ), #4227 ) ;
#4700 = DIRECTION ( 'NONE',  ( 0.0000000000000000000, 0.0000000000000000000, -1.000000000000000000 ) ) ;
#4701 = EDGE_CURVE ( 'NONE', #6146, #10446, #2177, .T. ) ;
#4702 = AXIS2_PLACEMENT_3D ( 'NONE', #260, #2746, #8637 ) ;
#4703 = VECTOR ( 'NONE', #9557, 1000.000000000000000 ) ;
#4704 = CARTESIAN_POINT ( 'NONE',  ( 1.339045298307557800, -39.15000000000000600, -23.12683120912890200 ) ) ;
#4705 = CARTESIAN_POINT ( 'NONE',  ( -17.29644660940671100, -21.00355339059327900, -19.00000000000000000 ) ) ;
#4706 = LINE ( 'NONE', #5749, #7705 ) ;
#4708 = STYLED_ITEM ( 'NONE', ( #7195 ), #3537 ) ;
#4707 = FACE_OUTER_BOUND ( 'NONE', #10831, .T. ) ;
#4709 = ORIENTED_EDGE ( 'NONE', *, *, #9381, .F. ) ;
#4710 = FACE_OUTER_BOUND ( 'NONE', #1724, .T. ) ;
#4711 = EDGE_CURVE ( 'NONE', #2612, #2356, #10154, .T. ) ;
#4712 = FILL_AREA_STYLE ('',( #2973 ) ) ;
#4713 = CARTESIAN_POINT ( 'NONE',  ( -20.00000000000000000, 2.449293598294706500E-015, -33.49999999999999300 ) ) ;
#4714 = FACE_OUTER_BOUND ( 'NONE', #4170, .T. ) ;
#4715 = AXIS2_PLACEMENT_3D ( 'NONE', #4651, #2169, #8031 ) ;
#4716 = ADVANCED_FACE ( 'NONE', ( #10034 ), #7889, .T. ) ;
#4717 = UNCERTAINTY_MEASURE_WITH_UNIT (LENGTH_MEASURE( 1.000000000000000100E-005 ), #872, 'distance_accuracy_value', 'NONE');
#4718 = MECHANICAL_DESIGN_GEOMETRIC_PRESENTATION_REPRESENTATION (  '', ( #8290 ), #9600 ) ;
#4719 = DIRECTION ( 'NONE',  ( -0.0000000000000000000, 1.000000000000000000, -0.0000000000000000000 ) ) ;
#4720 = ORIENTED_EDGE ( 'NONE', *, *, #10011, .T. ) ;
#4721 = CARTESIAN_POINT ( 'NONE',  ( -3.434894197822121700, -21.25000000000000700, -21.65000000000000200 ) ) ;
#4722 = CARTESIAN_POINT ( 'NONE',  ( -14.24999999999999600, 15.50000000000000000, 10.00000000000000000 ) ) ;
#4723 = VECTOR ( 'NONE', #9203, 1000.000000000000000 ) ;
#4724 = FILL_AREA_STYLE ('',( #2249 ) ) ;
#4725 = FILL_AREA_STYLE_COLOUR ( '', #10681 ) ;
#4726 = CARTESIAN_POINT ( 'NONE',  ( -15.03502403149003500, 15.98624964825022200, -26.99999999999999600 ) ) ;
#4727 = VECTOR ( 'NONE', #195, 1000.000000000000000 ) ;
#4728 = ORIENTED_EDGE ( 'NONE', *, *, #2673, .T. ) ;
#4729 = ORIENTED_EDGE ( 'NONE', *, *, #6942, .F. ) ;
#4730 = ORIENTED_EDGE ( 'NONE', *, *, #1689, .F. ) ;
#4731 = ADVANCED_FACE ( 'NONE', ( #4547 ), #6175, .F. ) ;
#4732 = DIRECTION ( 'NONE',  ( 0.0000000000000000000, -1.000000000000000000, 0.0000000000000000000 ) ) ;
#4733 = VERTEX_POINT ( 'NONE', #6915 ) ;
#4734 = CARTESIAN_POINT ( 'NONE',  ( -0.6000000000000002000, -18.15000000000000600, -30.65000000000000200 ) ) ;
#4735 =( LENGTH_UNIT ( ) NAMED_UNIT ( * ) SI_UNIT ( .MILLI., .METRE. ) );
#4736 = CARTESIAN_POINT ( 'NONE',  ( 18.25000000000000000, 15.50000000000000000, -28.49999999999999600 ) ) ;
#4737 = ORIENTED_EDGE ( 'NONE', *, *, #3805, .F. ) ;
#4738 = EDGE_CURVE ( 'NONE', #4473, #9549, #316, .T. ) ;
#4739 = EDGE_CURVE ( 'NONE', #8387, #7245, #4954, .T. ) ;
#4740 = VERTEX_POINT ( 'NONE', #330 ) ;
#4741 = EDGE_LOOP ( 'NONE', ( #7605, #10646, #2912, #9414 ) ) ;
#4742 = ORIENTED_EDGE ( 'NONE', *, *, #10266, .T. ) ;
#4743 = CARTESIAN_POINT ( 'NONE',  ( 20.65000000000000200, 1.693713464724400200E-015, -28.99999999999999600 ) ) ;
#4744 = ORIENTED_EDGE ( 'NONE', *, *, #2484, .F. ) ;
#4745 = ORIENTED_EDGE ( 'NONE', *, *, #4928, .F. ) ;
#4746 = DIRECTION ( 'NONE',  ( 9.085524283848126800E-015, -1.000000000000000000, 0.0000000000000000000 ) ) ;
#4747 = FILL_AREA_STYLE ('',( #6384 ) ) ;
#4748 = ORIENTED_EDGE ( 'NONE', *, *, #3354, .F. ) ;
#4749 =( NAMED_UNIT ( * ) SI_UNIT ( $, .STERADIAN. ) SOLID_ANGLE_UNIT ( ) );
#4750 = DIRECTION ( 'NONE',  ( 8.202002250481357500E-017, -1.000000000000000000, -0.0000000000000000000 ) ) ;
#4751 = LINE ( 'NONE', #2602, #3943 ) ;
#4752 = ORIENTED_EDGE ( 'NONE', *, *, #7790, .T. ) ;
#4753 = DIRECTION ( 'NONE',  ( -0.0000000000000000000, -1.000000000000000000, -0.0000000000000000000 ) ) ;
#4754 = ORIENTED_EDGE ( 'NONE', *, *, #6455, .T. ) ;
#4755 = AXIS2_PLACEMENT_3D ( 'NONE', #4144, #2421, #7326 ) ;
#4756 =( GEOMETRIC_REPRESENTATION_CONTEXT ( 3 ) GLOBAL_UNCERTAINTY_ASSIGNED_CONTEXT ( ( #6298 ) ) GLOBAL_UNIT_ASSIGNED_CONTEXT ( ( #1571, #6581, #2503 ) ) REPRESENTATION_CONTEXT ( 'NONE', 'WORKASPACE' ) );
#4757 = AXIS2_PLACEMENT_3D ( 'NONE', #9752, #2981, #8880 ) ;
#4758 = PRESENTATION_STYLE_ASSIGNMENT (( #8394 ) ) ;
#4759 = DIRECTION ( 'NONE',  ( -0.7071067811865481300, -0.7071067811865469100, 0.0000000000000000000 ) ) ;
#4760 = EDGE_LOOP ( 'NONE', ( #927, #9293 ) ) ;
#4761 =( LENGTH_UNIT ( ) NAMED_UNIT ( * ) SI_UNIT ( .MILLI., .METRE. ) );
#4762 = DIRECTION ( 'NONE',  ( -1.000000000000000000, 0.0000000000000000000, 0.0000000000000000000 ) ) ;
#4763 = STYLED_ITEM ( 'NONE', ( #884 ), #1958 ) ;
#4764 = CARTESIAN_POINT ( 'NONE',  ( 2.372516188615975800, -21.25000000000000700, -22.49338270868220800 ) ) ;
#4765 = ORIENTED_EDGE ( 'NONE', *, *, #8153, .F. ) ;
#4766 = ORIENTED_EDGE ( 'NONE', *, *, #10839, .F. ) ;
#4767 = AXIS2_PLACEMENT_3D ( 'NONE', #8255, #5718, #9890 ) ;
#4768 = EDGE_CURVE ( 'NONE', #1034, #8581, #9895, .T. ) ;
#4770 = VERTEX_POINT ( 'NONE', #1913 ) ;
#4769 = DIRECTION ( 'NONE',  ( -0.0000000000000000000, 1.000000000000000000, -0.0000000000000000000 ) ) ;
#4771 = VERTEX_POINT ( 'NONE', #6217 ) ;
#4772 = MECHANICAL_DESIGN_GEOMETRIC_PRESENTATION_REPRESENTATION (  '', ( #8476 ), #4560 ) ;
#4773 = VERTEX_POINT ( 'NONE', #7791 ) ;
#4774 = DIRECTION ( 'NONE',  ( -0.0000000000000000000, 0.0000000000000000000, -1.000000000000000000 ) ) ;
#4775 = CARTESIAN_POINT ( 'NONE',  ( 3.500000000000000000, 4.286263797015736600E-016, -28.49999999999999600 ) ) ;
#4776 = CARTESIAN_POINT ( 'NONE',  ( -13.60000000000087000, -15.49999999999912400, -28.49999999999999600 ) ) ;
#4777 = DIRECTION ( 'NONE',  ( 0.0000000000000000000, 0.0000000000000000000, -1.000000000000000000 ) ) ;
#4778 = PRESENTATION_LAYER_ASSIGNMENT (  '', '', ( #10704 ) ) ;
#4779 = EDGE_CURVE ( 'NONE', #3628, #8644, #1768, .T. ) ;
#4780 = ORIENTED_EDGE ( 'NONE', *, *, #5858, .F. ) ;
#4781 = FACE_OUTER_BOUND ( 'NONE', #9442, .T. ) ;
#4782 = ORIENTED_EDGE ( 'NONE', *, *, #1395, .F. ) ;
#4783 = DIRECTION ( 'NONE',  ( 0.0000000000000000000, 0.0000000000000000000, 1.000000000000000000 ) ) ;
#4784 = FACE_BOUND ( 'NONE', #5922, .T. ) ;
#4785 = CARTESIAN_POINT ( 'NONE',  ( 15.49999999999912400, -15.50000000000000200, -27.99999999999999600 ) ) ;
#4786 = DIRECTION ( 'NONE',  ( -1.865390464730965300E-015, 1.000000000000000000, 0.0000000000000000000 ) ) ;
#4787 = DIRECTION ( 'NONE',  ( -1.000000000000000000, 0.0000000000000000000, 0.0000000000000000000 ) ) ;
#4788 = ORIENTED_EDGE ( 'NONE', *, *, #1366, .T. ) ;
#4789 = STYLED_ITEM ( 'NONE', ( #2009 ), #5388 ) ;
#4790 = VECTOR ( 'NONE', #3304, 1000.000000000000000 ) ;
#4791 = DIRECTION ( 'NONE',  ( 0.0000000000000000000, -1.000000000000000000, 0.0000000000000000000 ) ) ;
#4792 = VECTOR ( 'NONE', #1210, 1000.000000000000000 ) ;
#4793 = ADVANCED_FACE ( 'NONE', ( #9127 ), #1882, .T. ) ;
#4794 = ORIENTED_EDGE ( 'NONE', *, *, #2992, .T. ) ;
#4795 = LINE ( 'NONE', #3501, #8973 ) ;
#4796 = EDGE_CURVE ( 'NONE', #1104, #5392, #64, .T. ) ;
#4797 = FILL_AREA_STYLE ('',( #551 ) ) ;
#4798 = DIRECTION ( 'NONE',  ( -1.000000000000000000, -5.351335930702250900E-015, 0.0000000000000000000 ) ) ;
#4799 =( NAMED_UNIT ( * ) PLANE_ANGLE_UNIT ( ) SI_UNIT ( $, .RADIAN. ) );
#4800 = LINE ( 'NONE', #9671, #4271 ) ;
#4801 = COLOUR_RGB ( '',0.2509803921568627400, 0.2509803921568627400, 0.2509803921568627400 ) ;
#4802 = ORIENTED_EDGE ( 'NONE', *, *, #660, .F. ) ;
#4803 = LINE ( 'NONE', #6488, #963 ) ;
#4804 = EDGE_CURVE ( 'NONE', #8018, #5024, #2312, .T. ) ;
#4805 = COLOUR_RGB ( '',0.0000000000000000000, 0.5019607843137254800, 1.000000000000000000 ) ;
#4806 = FACE_OUTER_BOUND ( 'NONE', #1695, .T. ) ;
#4807 = DIRECTION ( 'NONE',  ( -1.000000000000000000, 0.0000000000000000000, 0.0000000000000000000 ) ) ;
#4808 = COLOUR_RGB ( '',0.2509803921568627400, 0.2509803921568627400, 0.2509803921568627400 ) ;
#4809 = DIRECTION ( 'NONE',  ( -0.7071067811865441300, -0.7071067811865510100, 0.0000000000000000000 ) ) ;
#4810 = CARTESIAN_POINT ( 'NONE',  ( -14.24999999999999600, -15.50000000000000400, 10.00000000000000000 ) ) ;
#4811 = FILL_AREA_STYLE_COLOUR ( '', #9398 ) ;
#4812 =( NAMED_UNIT ( * ) SI_UNIT ( $, .STERADIAN. ) SOLID_ANGLE_UNIT ( ) );
#4813 = CARTESIAN_POINT ( 'NONE',  ( -15.50000000000087200, -15.49999999999912400, -26.99999999999999600 ) ) ;
#4814 = TOROIDAL_SURFACE ( 'NONE', #816, 11.50000000000000000, 0.5000000000000000000 ) ;
#4815 = DIRECTION ( 'NONE',  ( 0.0000000000000000000, -0.0000000000000000000, 1.000000000000000000 ) ) ;
#4816 = LINE ( 'NONE', #4820, #5735 ) ;
#4817 = VECTOR ( 'NONE', #10417, 1000.000000000000000 ) ;
#4818 =( NAMED_UNIT ( * ) PLANE_ANGLE_UNIT ( ) SI_UNIT ( $, .RADIAN. ) );
#4819 = DIRECTION ( 'NONE',  ( -0.0000000000000000000, -0.0000000000000000000, -1.000000000000000000 ) ) ;
#4820 = CARTESIAN_POINT ( 'NONE',  ( 3.599999999999999200, -19.15000000000000600, -20.99999999999999600 ) ) ;
#4821 = AXIS2_PLACEMENT_3D ( 'NONE', #9058, #8981, #3197 ) ;
#4822 = ORIENTED_EDGE ( 'NONE', *, *, #3221, .T. ) ;
#4823 = AXIS2_PLACEMENT_3D ( 'NONE', #9463, #9533, #2740 ) ;
#4824 = CIRCLE ( 'NONE', #1832, 11.00000000000000000 ) ;
#4825 = DIRECTION ( 'NONE',  ( -0.0000000000000000000, -0.0000000000000000000, 1.000000000000000000 ) ) ;
#4826 = DIRECTION ( 'NONE',  ( -0.0000000000000000000, 1.000000000000000000, -0.0000000000000000000 ) ) ;
#4827 = DIRECTION ( 'NONE',  ( -1.000000000000000000, 0.0000000000000000000, 0.0000000000000000000 ) ) ;
#4828 = ORIENTED_EDGE ( 'NONE', *, *, #2454, .F. ) ;
#4829 = FACE_OUTER_BOUND ( 'NONE', #4210, .T. ) ;
#4830 = ADVANCED_FACE ( 'NONE', ( #7676 ), #7325, .F. ) ;
#4831 = DIRECTION ( 'NONE',  ( -0.0000000000000000000, 1.000000000000000000, -0.0000000000000000000 ) ) ;
#4832 = VECTOR ( 'NONE', #806, 1000.000000000000000 ) ;
#4833 = CIRCLE ( 'NONE', #2783, 15.50000000000000000 ) ;
#4834 = STYLED_ITEM ( 'NONE', ( #9673 ), #7194 ) ;
#4835 = VECTOR ( 'NONE', #1777, 1000.000000000000000 ) ;
#4836 = PRESENTATION_LAYER_ASSIGNMENT (  '', '', ( #4467 ) ) ;
#4837 = SURFACE_STYLE_FILL_AREA ( #6484 ) ;
#4838 = FACE_OUTER_BOUND ( 'NONE', #5808, .T. ) ;
#4839 = CYLINDRICAL_SURFACE ( 'NONE', #7631, 0.5000000000000004400 ) ;
#4840 = PRESENTATION_LAYER_ASSIGNMENT (  '', '', ( #5203 ) ) ;
#4841 = CARTESIAN_POINT ( 'NONE',  ( -20.64999999999999500, 16.94289321881345200, 9.500000000000000000 ) ) ;
#4842 = EDGE_CURVE ( 'NONE', #1060, #9033, #2695, .T. ) ;
#4843 = LINE ( 'NONE', #200, #480 ) ;
#4844 = CARTESIAN_POINT ( 'NONE',  ( -20.64999999999999500, -16.94289321881344900, 10.00000000000000000 ) ) ;
#4845 = ADVANCED_FACE ( 'NONE', ( #5479, #3239 ), #7293, .T. ) ;
#4846 = CYLINDRICAL_SURFACE ( 'NONE', #4128, 0.5000000000000006700 ) ;
#4847 = DIRECTION ( 'NONE',  ( -0.0000000000000000000, -0.0000000000000000000, -1.000000000000000000 ) ) ;
#4848 = SURFACE_STYLE_FILL_AREA ( #6955 ) ;
#4849 = CARTESIAN_POINT ( 'NONE',  ( 0.0000000000000000000, 0.0000000000000000000, -20.99999999999999600 ) ) ;
#4850 = ORIENTED_EDGE ( 'NONE', *, *, #5299, .F. ) ;
#4851 = STYLED_ITEM ( 'NONE', ( #1105 ), #4679 ) ;
#4852 = DIRECTION ( 'NONE',  ( -1.000000000000000000, 0.0000000000000000000, 0.0000000000000000000 ) ) ;
#4853 = EDGE_LOOP ( 'NONE', ( #8299, #8916, #10109, #2506 ) ) ;
#4854 = CIRCLE ( 'NONE', #5402, 25.00000000000000000 ) ;
#4855 = VERTEX_POINT ( 'NONE', #633 ) ;
#4856 =( LENGTH_UNIT ( ) NAMED_UNIT ( * ) SI_UNIT ( .MILLI., .METRE. ) );
#4857 = CARTESIAN_POINT ( 'NONE',  ( 20.65000000000000200, -16.94289321881344200, 9.500000000000000000 ) ) ;
#4858 =( NAMED_UNIT ( * ) PLANE_ANGLE_UNIT ( ) SI_UNIT ( $, .RADIAN. ) );
#4859 = AXIS2_PLACEMENT_3D ( 'NONE', #4453, #7850, #1130 ) ;
#4860 = CIRCLE ( 'NONE', #3750, 1.900000000000004100 ) ;
#4861 = EDGE_CURVE ( 'NONE', #2110, #4087, #6517, .T. ) ;
#4862 = UNCERTAINTY_MEASURE_WITH_UNIT (LENGTH_MEASURE( 1.000000000000000100E-005 ), #6786, 'distance_accuracy_value', 'NONE');
#4863 = EDGE_CURVE ( 'NONE', #7859, #416, #8472, .T. ) ;
#4864 = ORIENTED_EDGE ( 'NONE', *, *, #3221, .F. ) ;
#4865 = VECTOR ( 'NONE', #10749, 1000.000000000000000 ) ;
#4866 = PLANE ( 'NONE',  #9364 ) ;
#4867 = ORIENTED_EDGE ( 'NONE', *, *, #3837, .F. ) ;
#4868 =( NAMED_UNIT ( * ) SI_UNIT ( $, .STERADIAN. ) SOLID_ANGLE_UNIT ( ) );
#4869 = VERTEX_POINT ( 'NONE', #2065 ) ;
#4870 = CARTESIAN_POINT ( 'NONE',  ( 15.50000000000000400, -15.50000000000000000, 10.00000000000000000 ) ) ;
#4871 = CARTESIAN_POINT ( 'NONE',  ( 1.799999999999999800, -39.15000000000002000, -29.65000000000000200 ) ) ;
#4872 = CARTESIAN_POINT ( 'NONE',  ( 1.339045298307557800, -19.15000000000000600, -24.45661729131780900 ) ) ;
#4873 = ORIENTED_EDGE ( 'NONE', *, *, #3909, .F. ) ;
#4874 = ORIENTED_EDGE ( 'NONE', *, *, #6596, .F. ) ;
#4875 = FILL_AREA_STYLE ('',( #5684 ) ) ;
#4876 = EDGE_LOOP ( 'NONE', ( #9645, #5339, #4466, #6032, #9834, #3436, #8143, #8924, #6151, #738, #3349, #4459 ) ) ;
#4877 = ORIENTED_EDGE ( 'NONE', *, *, #10028, .F. ) ;
#4878 = ORIENTED_EDGE ( 'NONE', *, *, #1188, .T. ) ;
#4879 = FACE_BOUND ( 'NONE', #9210, .T. ) ;
#4880 = ORIENTED_EDGE ( 'NONE', *, *, #9606, .F. ) ;
#4881 = ORIENTED_EDGE ( 'NONE', *, *, #8090, .F. ) ;
#4882 = VERTEX_POINT ( 'NONE', #8228 ) ;
#4883 = FILL_AREA_STYLE ('',( #3811 ) ) ;
#4884 = DIRECTION ( 'NONE',  ( -1.000000000000000000, 0.0000000000000000000, 0.0000000000000000000 ) ) ;
#4885 = DIRECTION ( 'NONE',  ( -0.0000000000000000000, -0.0000000000000000000, -1.000000000000000000 ) ) ;
#4886 = ADVANCED_FACE ( 'NONE', ( #3878 ), #973, .T. ) ;
#4887 = EDGE_CURVE ( 'NONE', #7363, #942, #4676, .T. ) ;
#4888 = DIRECTION ( 'NONE',  ( 1.000000000000000000, 0.0000000000000000000, 0.0000000000000000000 ) ) ;
#4889 = CYLINDRICAL_SURFACE ( 'NONE', #9030, 3.500000000000000000 ) ;
#4890 = ORIENTED_EDGE ( 'NONE', *, *, #6317, .T. ) ;
#4891 = DIRECTION ( 'NONE',  ( -1.000000000000000000, 1.070267186140442600E-014, -0.0000000000000000000 ) ) ;
#4892 = ORIENTED_EDGE ( 'NONE', *, *, #321, .F. ) ;
#4893 =( LENGTH_UNIT ( ) NAMED_UNIT ( * ) SI_UNIT ( .MILLI., .METRE. ) );
#4894 = CARTESIAN_POINT ( 'NONE',  ( -16.00000000000000000, 1.959434878635765100E-015, 10.00000000000000000 ) ) ;
#4895 = DIRECTION ( 'NONE',  ( 0.0000000000000000000, 0.0000000000000000000, -1.000000000000000000 ) ) ;
#4896 = CARTESIAN_POINT ( 'NONE',  ( 21.14999999999999900, 21.14999999999999900, -19.00000000000000000 ) ) ;
#4897 = ORIENTED_EDGE ( 'NONE', *, *, #6092, .T. ) ;
#4898 = SURFACE_SIDE_STYLE ('',( #1460 ) ) ;
#4899 = CARTESIAN_POINT ( 'NONE',  ( -1.800000000000000700, -39.15000000000002000, -31.35000000000000100 ) ) ;
#4900 = CARTESIAN_POINT ( 'NONE',  ( 20.65000000000000200, -16.94289321881341000, -19.00000000000000000 ) ) ;
#4901 = CARTESIAN_POINT ( 'NONE',  ( -15.50000000000087200, -15.49999999999912400, -28.49999999999999600 ) ) ;
#4902 = AXIS2_PLACEMENT_3D ( 'NONE', #2744, #9540, #343 ) ;
#4903 = AXIS2_PLACEMENT_3D ( 'NONE', #3715, #2094, #2047 ) ;
#4904 = DIRECTION ( 'NONE',  ( 1.000000000000000000, 0.0000000000000000000, 0.0000000000000000000 ) ) ;
#4905 = FILL_AREA_STYLE ('',( #6593 ) ) ;
#4906 = CARTESIAN_POINT ( 'NONE',  ( -15.49999999999999600, 15.50000000000087400, -28.49999999999999600 ) ) ;
#4907 = ORIENTED_EDGE ( 'NONE', *, *, #1759, .T. ) ;
#4908 = CARTESIAN_POINT ( 'NONE',  ( -21.14999999999999500, -16.94289321881345600, -19.00000000000000000 ) ) ;
#4909 =( GEOMETRIC_REPRESENTATION_CONTEXT ( 3 ) GLOBAL_UNCERTAINTY_ASSIGNED_CONTEXT ( ( #9080 ) ) GLOBAL_UNIT_ASSIGNED_CONTEXT ( ( #1893, #7770, #946 ) ) REPRESENTATION_CONTEXT ( 'NONE', 'WORKASPACE' ) );
#4910 = LINE ( 'NONE', #951, #8301 ) ;
#4911 = VERTEX_POINT ( 'NONE', #1512 ) ;
#4912 = EDGE_CURVE ( 'NONE', #8512, #4855, #9625, .T. ) ;
#4913 = ORIENTED_EDGE ( 'NONE', *, *, #2088, .T. ) ;
#4914 = ORIENTED_EDGE ( 'NONE', *, *, #2590, .T. ) ;
#4915 = ORIENTED_EDGE ( 'NONE', *, *, #2449, .T. ) ;
#4916 = DIRECTION ( 'NONE',  ( 1.000000000000000000, 0.0000000000000000000, 0.0000000000000000000 ) ) ;
#4917 = EDGE_CURVE ( 'NONE', #6887, #3323, #2958, .T. ) ;
#4918 = ORIENTED_EDGE ( 'NONE', *, *, #9882, .T. ) ;
#4919 = STYLED_ITEM ( 'NONE', ( #1517 ), #8126 ) ;
#4920 = VERTEX_POINT ( 'NONE', #4026 ) ;
#4921 = DIRECTION ( 'NONE',  ( -1.000000000000000000, 0.0000000000000000000, 0.0000000000000000000 ) ) ;
#4922 = PLANE ( 'NONE',  #4927 ) ;
#4923 = DIRECTION ( 'NONE',  ( 0.0000000000000000000, 0.0000000000000000000, -1.000000000000000000 ) ) ;
#4924 = UNCERTAINTY_MEASURE_WITH_UNIT (LENGTH_MEASURE( 1.000000000000000100E-005 ), #3405, 'distance_accuracy_value', 'NONE');
#4925 = LINE ( 'NONE', #4321, #5583 ) ;
#4926 = CARTESIAN_POINT ( 'NONE',  ( 0.0000000000000000000, 0.0000000000000000000, 10.00000000000000000 ) ) ;
#4927 = AXIS2_PLACEMENT_3D ( 'NONE', #10776, #10740, #4142 ) ;
#4928 = EDGE_CURVE ( 'NONE', #5136, #1410, #10671, .T. ) ;
#4929 = CARTESIAN_POINT ( 'NONE',  ( -15.01375035175306900, -15.96497596850950100, -26.99999999999999600 ) ) ;
#4930 = CARTESIAN_POINT ( 'NONE',  ( 14.25001964264473600, 15.03502403148956600, -26.99999999999999600 ) ) ;
#4931 = CARTESIAN_POINT ( 'NONE',  ( 0.0000000000000000000, 0.0000000000000000000, 34.00000000000000000 ) ) ;
#4932 = CARTESIAN_POINT ( 'NONE',  ( 12.25000000000000200, 15.50000000000000000, -28.49999999999999600 ) ) ;
#4933 = AXIS2_PLACEMENT_3D ( 'NONE', #5309, #3758, #245 ) ;
#4934 = FACE_OUTER_BOUND ( 'NONE', #3319, .T. ) ;
#4935 = VECTOR ( 'NONE', #1964, 1000.000000000000000 ) ;
#4936 = PRESENTATION_LAYER_ASSIGNMENT (  '', '', ( #7168 ) ) ;
#4937 = PRESENTATION_STYLE_ASSIGNMENT (( #1491 ) ) ;
#4938 = DIRECTION ( 'NONE',  ( 1.000000000000000000, 0.0000000000000000000, 0.0000000000000000000 ) ) ;
#4939 = VECTOR ( 'NONE', #981, 1000.000000000000000 ) ;
#4940 = SURFACE_SIDE_STYLE ('',( #4121 ) ) ;
#4941 =( NAMED_UNIT ( * ) SI_UNIT ( $, .STERADIAN. ) SOLID_ANGLE_UNIT ( ) );
#4942 = CARTESIAN_POINT ( 'NONE',  ( -15.03502403149003500, 15.01375035175260000, -26.99999999999999600 ) ) ;
#4943 = ORIENTED_EDGE ( 'NONE', *, *, #5128, .T. ) ;
#4944 = ADVANCED_FACE ( 'NONE', ( #7166 ), #7931, .T. ) ;
#4945 = EDGE_CURVE ( 'NONE', #3326, #4084, #10145, .T. ) ;
#4946 = CARTESIAN_POINT ( 'NONE',  ( -21.14999999999999500, -21.15000000000000600, 10.00000000000000000 ) ) ;
#4947 = FACE_OUTER_BOUND ( 'NONE', #526, .T. ) ;
#4948 = CARTESIAN_POINT ( 'NONE',  ( 21.15000000000000200, -21.15000000000000200, 2.000000000000000000 ) ) ;
#4949 = DIRECTION ( 'NONE',  ( -1.070267186140442500E-014, -1.000000000000000000, 0.0000000000000000000 ) ) ;
#4950 = LINE ( 'NONE', #9700, #4542 ) ;
#4951 = DIRECTION ( 'NONE',  ( 0.0000000000000000000, -0.0000000000000000000, 1.000000000000000000 ) ) ;
#4952 = SURFACE_STYLE_FILL_AREA ( #9151 ) ;
#4953 = LINE ( 'NONE', #2683, #4287 ) ;
#4954 = LINE ( 'NONE', #4458, #1507 ) ;
#4955 = CARTESIAN_POINT ( 'NONE',  ( 2.799999999999999800, 3.429011037612588800E-016, -25.99999999999999600 ) ) ;
#4956 = EDGE_CURVE ( 'NONE', #6060, #6438, #5986, .T. ) ;
#4957 = LINE ( 'NONE', #269, #6655 ) ;
#4958 = AXIS2_PLACEMENT_3D ( 'NONE', #3095, #6388, #1346 ) ;
#4959 = SURFACE_SIDE_STYLE ('',( #4408 ) ) ;
#4960 = DIRECTION ( 'NONE',  ( 6.938893903907222100E-015, -1.000000000000000000, 0.0000000000000000000 ) ) ;
#4961 = VERTEX_POINT ( 'NONE', #2524 ) ;
#4962 =( NAMED_UNIT ( * ) SI_UNIT ( $, .STERADIAN. ) SOLID_ANGLE_UNIT ( ) );
#4963 = SURFACE_STYLE_USAGE ( .BOTH. , #5731 ) ;
#4964 = SURFACE_STYLE_FILL_AREA ( #8006 ) ;
#4965 = CARTESIAN_POINT ( 'NONE',  ( 1.799999999999999400, -39.15000000000002000, -30.85000000000000100 ) ) ;
#4966 = LINE ( 'NONE', #3590, #9264 ) ;
#4967 = LINE ( 'NONE', #9270, #3625 ) ;
#4968 = CARTESIAN_POINT ( 'NONE',  ( -15.49999999999999600, -15.50000000000000400, 10.00000000000000000 ) ) ;
#4969 = PRESENTATION_STYLE_ASSIGNMENT (( #5809 ) ) ;
#4970 = DIRECTION ( 'NONE',  ( 0.0000000000000000000, -1.000000000000000000, 0.0000000000000000000 ) ) ;
#4971 = ORIENTED_EDGE ( 'NONE', *, *, #8606, .F. ) ;
#4972 = MECHANICAL_DESIGN_GEOMETRIC_PRESENTATION_REPRESENTATION (  '', ( #2132 ), #1911 ) ;
#4973 = FACE_OUTER_BOUND ( 'NONE', #7636, .T. ) ;
#4974 = PRESENTATION_LAYER_ASSIGNMENT (  '', '', ( #864 ) ) ;
#4975 = CARTESIAN_POINT ( 'NONE',  ( -16.74998035735715300, -15.03502403148862900, -26.99999999999999600 ) ) ;
#4976 = FILL_AREA_STYLE_COLOUR ( '', #7529 ) ;
#4977 =( NAMED_UNIT ( * ) SI_UNIT ( $, .STERADIAN. ) SOLID_ANGLE_UNIT ( ) );
#4978 = VECTOR ( 'NONE', #9593, 1000.000000000000000 ) ;
#4979 = CARTESIAN_POINT ( 'NONE',  ( 16.94289321881341300, 20.64999999999999900, -28.49999999999999600 ) ) ;
#4980 = COLOUR_RGB ( '',0.2509803921568627400, 0.2509803921568627400, 0.2509803921568627400 ) ;
#4981 = CIRCLE ( 'NONE', #2354, 20.00000000000000000 ) ;
#4982 = DIRECTION ( 'NONE',  ( -0.0000000000000000000, 1.000000000000000000, -0.0000000000000000000 ) ) ;
#4983 = VERTEX_POINT ( 'NONE', #2488 ) ;
#4984 =( NAMED_UNIT ( * ) SI_UNIT ( $, .STERADIAN. ) SOLID_ANGLE_UNIT ( ) );
#4985 = DIRECTION ( 'NONE',  ( 0.0000000000000000000, 6.938893903907222100E-015, -1.000000000000000000 ) ) ;
#4986 = COLOUR_RGB ( '',1.000000000000000000, 0.9058823529411764700, 0.1843137254901960900 ) ;
#4987 = DIRECTION ( 'NONE',  ( 0.0000000000000000000, 0.0000000000000000000, -1.000000000000000000 ) ) ;
#4988 = AXIS2_PLACEMENT_3D ( 'NONE', #4297, #7551, #7520 ) ;
#4989 = EDGE_CURVE ( 'NONE', #509, #6597, #3484, .T. ) ;
#4990 = UNCERTAINTY_MEASURE_WITH_UNIT (LENGTH_MEASURE( 1.000000000000000100E-005 ), #925, 'distance_accuracy_value', 'NONE');
#4991 = LINE ( 'NONE', #246, #1674 ) ;
#4992 = VECTOR ( 'NONE', #5639, 1000.000000000000000 ) ;
#4993 = DIRECTION ( 'NONE',  ( 0.0000000000000000000, 0.0000000000000000000, 1.000000000000000000 ) ) ;
#4994 = STYLED_ITEM ( 'NONE', ( #3109 ), #2688 ) ;
#4995 = ORIENTED_EDGE ( 'NONE', *, *, #6834, .T. ) ;
#4996 = CIRCLE ( 'NONE', #4055, 0.5000000000000004400 ) ;
#4997 = EDGE_CURVE ( 'NONE', #224, #1295, #6776, .T. ) ;
#4998 = DIRECTION ( 'NONE',  ( 1.000000000000000000, 0.0000000000000000000, 0.0000000000000000000 ) ) ;
#4999 = FILL_AREA_STYLE_COLOUR ( '', #9758 ) ;
#5000 = DIRECTION ( 'NONE',  ( -0.7071067811865510100, -0.7071067811865441300, 0.0000000000000000000 ) ) ;
#5001 = FILL_AREA_STYLE_COLOUR ( '', #3777 ) ;
#5002 = ADVANCED_FACE ( 'NONE', ( #2450 ), #1369, .T. ) ;
#5003 =( GEOMETRIC_REPRESENTATION_CONTEXT ( 3 ) GLOBAL_UNCERTAINTY_ASSIGNED_CONTEXT ( ( #8192 ) ) GLOBAL_UNIT_ASSIGNED_CONTEXT ( ( #4141, #5076, #10805 ) ) REPRESENTATION_CONTEXT ( 'NONE', 'WORKASPACE' ) );
#5004 = CARTESIAN_POINT ( 'NONE',  ( -15.98624964825069700, -14.19283027458502200, -28.49999999999999600 ) ) ;
#5005 = LINE ( 'NONE', #164, #8256 ) ;
#5006 = UNCERTAINTY_MEASURE_WITH_UNIT (LENGTH_MEASURE( 1.000000000000000100E-005 ), #9694, 'distance_accuracy_value', 'NONE');
#5007 = ORIENTED_EDGE ( 'NONE', *, *, #7893, .F. ) ;
#5008 = AXIS2_PLACEMENT_3D ( 'NONE', #6211, #1177, #2879 ) ;
#5009 = ORIENTED_EDGE ( 'NONE', *, *, #9550, .F. ) ;
#5010 = VECTOR ( 'NONE', #2074, 1000.000000000000000 ) ;
#5011 = FILL_AREA_STYLE ('',( #7449 ) ) ;
#5012 = EDGE_LOOP ( 'NONE', ( #8695, #10116, #4864, #10716 ) ) ;
#5013 = DIRECTION ( 'NONE',  ( 1.000000000000000000, 0.0000000000000000000, 0.0000000000000000000 ) ) ;
#5014 =( NAMED_UNIT ( * ) PLANE_ANGLE_UNIT ( ) SI_UNIT ( $, .RADIAN. ) );
#5015 = EDGE_LOOP ( 'NONE', ( #7903, #2609, #3987 ) ) ;
#5016 = ORIENTED_EDGE ( 'NONE', *, *, #7286, .T. ) ;
#5017 = ORIENTED_EDGE ( 'NONE', *, *, #8283, .F. ) ;
#5018 = DIRECTION ( 'NONE',  ( -0.0000000000000000000, -0.0000000000000000000, 1.000000000000000000 ) ) ;
#5019 = EDGE_CURVE ( 'NONE', #10337, #237, #6766, .T. ) ;
#5020 = EDGE_LOOP ( 'NONE', ( #4070, #8147, #9817, #1668 ) ) ;
#5021 = CARTESIAN_POINT ( 'NONE',  ( -16.80716972541453200, 15.98624964825021900, -26.99999999999999600 ) ) ;
#5022 = FILL_AREA_STYLE_COLOUR ( '', #6144 ) ;
#5023 = VERTEX_POINT ( 'NONE', #7575 ) ;
#5024 = VERTEX_POINT ( 'NONE', #9226 ) ;
#5025 = ORIENTED_EDGE ( 'NONE', *, *, #7600, .T. ) ;
#5026 = VERTEX_POINT ( 'NONE', #2455 ) ;
#5027 = ORIENTED_EDGE ( 'NONE', *, *, #1159, .F. ) ;
#5028 = LINE ( 'NONE', #2709, #3823 ) ;
#5029 = CARTESIAN_POINT ( 'NONE',  ( 11.50000000000000000, 0.0000000000000000000, 9.500000000000000000 ) ) ;
#5030 = DIRECTION ( 'NONE',  ( -0.0000000000000000000, -0.0000000000000000000, 1.000000000000000000 ) ) ;
#5031 = PLANE ( 'NONE',  #10539 ) ;
#5032 = ORIENTED_EDGE ( 'NONE', *, *, #1669, .T. ) ;
#5033 = FILL_AREA_STYLE_COLOUR ( '', #839 ) ;
#5034 = ORIENTED_EDGE ( 'NONE', *, *, #4216, .F. ) ;
#5035 = SURFACE_STYLE_USAGE ( .BOTH. , #9963 ) ;
#5036 = CIRCLE ( 'NONE', #6588, 3.249999999999996000 ) ;
#5037 = VERTEX_POINT ( 'NONE', #3331 ) ;
#5038 = FILL_AREA_STYLE ('',( #10013 ) ) ;
#5039 = ORIENTED_EDGE ( 'NONE', *, *, #2616, .T. ) ;
#5040 = DIRECTION ( 'NONE',  ( 1.224646799147353200E-016, 1.000000000000000000, -0.0000000000000000000 ) ) ;
#5041 = FILL_AREA_STYLE ('',( #6714 ) ) ;
#5042 = ORIENTED_EDGE ( 'NONE', *, *, #6973, .T. ) ;
#5043 =( GEOMETRIC_REPRESENTATION_CONTEXT ( 3 ) GLOBAL_UNCERTAINTY_ASSIGNED_CONTEXT ( ( #1391 ) ) GLOBAL_UNIT_ASSIGNED_CONTEXT ( ( #10404, #5445, #6264 ) ) REPRESENTATION_CONTEXT ( 'NONE', 'WORKASPACE' ) );
#5044 = DIRECTION ( 'NONE',  ( 1.000000000000000000, 0.0000000000000000000, 0.0000000000000000000 ) ) ;
#5045 = AXIS2_PLACEMENT_3D ( 'NONE', #7464, #1616, #9170 ) ;
#5046 = VECTOR ( 'NONE', #2760, 1000.000000000000000 ) ;
#5047 = ORIENTED_EDGE ( 'NONE', *, *, #5206, .F. ) ;
#5048 = ORIENTED_EDGE ( 'NONE', *, *, #10514, .T. ) ;
#5049 = CARTESIAN_POINT ( 'NONE',  ( 0.0000000000000000000, 0.0000000000000000000, -28.99999999999999600 ) ) ;
#5050 = ORIENTED_EDGE ( 'NONE', *, *, #3433, .F. ) ;
#5051 = CARTESIAN_POINT ( 'NONE',  ( -15.03502403149003900, 14.25001964264614400, -26.99999999999999600 ) ) ;
#5052 = DIRECTION ( 'NONE',  ( 0.0000000000000000000, 0.0000000000000000000, 1.000000000000000000 ) ) ;
#5053 = DIRECTION ( 'NONE',  ( 0.0000000000000000000, 0.0000000000000000000, 1.000000000000000000 ) ) ;
#5054 = EDGE_LOOP ( 'NONE', ( #4971, #10205 ) ) ;
#5055 = VERTEX_POINT ( 'NONE', #5859 ) ;
#5056 = CARTESIAN_POINT ( 'NONE',  ( 21.14999999999999900, 21.14999999999999900, -28.49999999999999600 ) ) ;
#5057 = AXIS2_PLACEMENT_3D ( 'NONE', #6122, #3637, #3713 ) ;
#5058 = ADVANCED_FACE ( 'NONE', ( #7291 ), #7552, .T. ) ;
#5059 = COLOUR_RGB ( '',0.2509803921568627400, 0.2509803921568627400, 0.2509803921568627400 ) ;
#5060 = VERTEX_POINT ( 'NONE', #5104 ) ;
#5061 = FILL_AREA_STYLE ('',( #10795 ) ) ;
#5062 = FILL_AREA_STYLE ('',( #6556 ) ) ;
#5063 = DIRECTION ( 'NONE',  ( -1.000000000000000000, 0.0000000000000000000, 0.0000000000000000000 ) ) ;
#5064 = EDGE_CURVE ( 'NONE', #902, #1340, #10025, .T. ) ;
#5065 = AXIS2_PLACEMENT_3D ( 'NONE', #9658, #496, #2157 ) ;
#5066 = EDGE_CURVE ( 'NONE', #9678, #8805, #3475, .T. ) ;
#5067 = CIRCLE ( 'NONE', #5566, 25.00000000000000000 ) ;
#5068 = EDGE_LOOP ( 'NONE', ( #1151, #2258, #2785, #4615 ) ) ;
#5069 = LINE ( 'NONE', #7714, #3082 ) ;
#5070 = DIRECTION ( 'NONE',  ( 1.000000000000000000, 0.0000000000000000000, -8.566576301095410600E-016 ) ) ;
#5071 = LINE ( 'NONE', #5780, #4256 ) ;
#5072 = AXIS2_PLACEMENT_3D ( 'NONE', #6574, #3343, #1523 ) ;
#5073 = CIRCLE ( 'NONE', #377, 0.5563334663949287600 ) ;
#5074 = AXIS2_PLACEMENT_3D ( 'NONE', #1373, #10587, #9015 ) ;
#5075 = CIRCLE ( 'NONE', #610, 3.250000000000001300 ) ;
#5076 =( NAMED_UNIT ( * ) PLANE_ANGLE_UNIT ( ) SI_UNIT ( $, .RADIAN. ) );
#5077 =( LENGTH_UNIT ( ) NAMED_UNIT ( * ) SI_UNIT ( .MILLI., .METRE. ) );
#5078 =( NAMED_UNIT ( * ) PLANE_ANGLE_UNIT ( ) SI_UNIT ( $, .RADIAN. ) );
#5079 = ORIENTED_EDGE ( 'NONE', *, *, #741, .T. ) ;
#5080 = DIRECTION ( 'NONE',  ( -0.7071067811865456900, -0.7071067811865494600, 0.0000000000000000000 ) ) ;
#5081 = FILL_AREA_STYLE ('',( #10180 ) ) ;
#5082 = MECHANICAL_DESIGN_GEOMETRIC_PRESENTATION_REPRESENTATION (  '', ( #4708 ), #2802 ) ;
#5083 = EDGE_CURVE ( 'NONE', #6994, #911, #9492, .T. ) ;
#5084 = LINE ( 'NONE', #9399, #10523 ) ;
#5085 = EDGE_CURVE ( 'NONE', #7653, #5357, #3742, .T. ) ;
#5086 = CIRCLE ( 'NONE', #1912, 0.5000000000000004400 ) ;
#5087 = CARTESIAN_POINT ( 'NONE',  ( -17.39999999999999900, 15.50000000000087400, -27.99999999999999600 ) ) ;
#5088 = FACE_OUTER_BOUND ( 'NONE', #8962, .T. ) ;
#5089 = SURFACE_STYLE_USAGE ( .BOTH. , #55 ) ;
#5090 = VECTOR ( 'NONE', #10244, 1000.000000000000100 ) ;
#5091 = DIRECTION ( 'NONE',  ( 0.0000000000000000000, 0.0000000000000000000, -1.000000000000000000 ) ) ;
#5092 = AXIS2_PLACEMENT_3D ( 'NONE', #5756, #2378, #1653 ) ;
#5093 = DIRECTION ( 'NONE',  ( 0.0000000000000000000, 0.0000000000000000000, 1.000000000000000000 ) ) ;
#5094 = COLOUR_RGB ( '',0.2509803921568627400, 0.2509803921568627400, 0.2509803921568627400 ) ;
#5095 = CARTESIAN_POINT ( 'NONE',  ( 0.5999999999999992000, -18.15000000000000600, -30.85000000000000100 ) ) ;
#5096 = SURFACE_STYLE_FILL_AREA ( #3920 ) ;
#5097 = COLOUR_RGB ( '',0.2509803921568627400, 0.2509803921568627400, 0.2509803921568627400 ) ;
#5098 = CIRCLE ( 'NONE', #6353, 20.00000000000000000 ) ;
#5099 = FACE_OUTER_BOUND ( 'NONE', #1815, .T. ) ;
#5100 = ORIENTED_EDGE ( 'NONE', *, *, #5333, .F. ) ;
#5101 = CARTESIAN_POINT ( 'NONE',  ( 16.94289321881343100, -21.15000000000000200, -19.00000000000000000 ) ) ;
#5102 = EDGE_CURVE ( 'NONE', #7245, #5265, #5605, .T. ) ;
#5103 = MECHANICAL_DESIGN_GEOMETRIC_PRESENTATION_REPRESENTATION (  '', ( #4318 ), #2267 ) ;
#5104 = CARTESIAN_POINT ( 'NONE',  ( 1.799999999999999800, -39.15000000000002000, -30.65000000000000200 ) ) ;
#5105 = VECTOR ( 'NONE', #8326, 1000.000000000000000 ) ;
#5106 = CARTESIAN_POINT ( 'NONE',  ( 0.0000000000000000000, 0.0000000000000000000, 4.000000000000003600 ) ) ;
#5107 = CIRCLE ( 'NONE', #3282, 0.5000000000000004400 ) ;
#5108 =( NAMED_UNIT ( * ) SI_UNIT ( $, .STERADIAN. ) SOLID_ANGLE_UNIT ( ) );
#5109 = ADVANCED_FACE ( 'NONE', ( #4533 ), #8586, .F. ) ;
#5110 = DIRECTION ( 'NONE',  ( 0.0000000000000000000, 0.0000000000000000000, -1.000000000000000000 ) ) ;
#5111 = CYLINDRICAL_SURFACE ( 'NONE', #922, 0.5000000000000004400 ) ;
#5112 = FILL_AREA_STYLE_COLOUR ( '', #9233 ) ;
#5113 = TOROIDAL_SURFACE ( 'NONE', #10838, 3.250000000000000000, 0.5000000000000000000 ) ;
#5114 = VECTOR ( 'NONE', #1590, 999.9999999999998900 ) ;
#5115 = CARTESIAN_POINT ( 'NONE',  ( 4.000000000000000000, 0.0000000000000000000, 11.50000000000000000 ) ) ;
#5116 = SURFACE_STYLE_FILL_AREA ( #7159 ) ;
#5117 = SURFACE_STYLE_FILL_AREA ( #6512 ) ;
#5118 = AXIS2_PLACEMENT_3D ( 'NONE', #8601, #1220, #459 ) ;
#5119 = COLOUR_RGB ( '',0.2509803921568627400, 0.2509803921568627400, 0.2509803921568627400 ) ;
#5121 = AXIS2_PLACEMENT_3D ( 'NONE', #1641, #5465, #3062 ) ;
#5120 = CARTESIAN_POINT ( 'NONE',  ( -16.80716972541453200, 15.98624964825021900, -26.99999999999999600 ) ) ;
#5122 = LINE ( 'NONE', #8493, #2989 ) ;
#5123 = ORIENTED_EDGE ( 'NONE', *, *, #4315, .F. ) ;
#5124 = LINE ( 'NONE', #8014, #7967 ) ;
#5125 = DIRECTION ( 'NONE',  ( -1.000000000000000000, -4.542762141924063400E-015, 0.0000000000000000000 ) ) ;
#5126 = STYLED_ITEM ( 'NONE', ( #1881 ), #1771 ) ;
#5127 =( NAMED_UNIT ( * ) SI_UNIT ( $, .STERADIAN. ) SOLID_ANGLE_UNIT ( ) );
#5128 = EDGE_CURVE ( 'NONE', #2877, #1612, #8197, .T. ) ;
#5129 = UNCERTAINTY_MEASURE_WITH_UNIT (LENGTH_MEASURE( 1.000000000000000100E-005 ), #2431, 'distance_accuracy_value', 'NONE');
#5130 = LINE ( 'NONE', #1426, #2995 ) ;
#5131 = ORIENTED_EDGE ( 'NONE', *, *, #4294, .T. ) ;
#5132 = STYLED_ITEM ( 'NONE', ( #750 ), #3674 ) ;
#5133 = EDGE_CURVE ( 'NONE', #6580, #10458, #5207, .T. ) ;
#5134 = ORIENTED_EDGE ( 'NONE', *, *, #3923, .T. ) ;
#5135 = CIRCLE ( 'NONE', #8461, 0.5563334663949287600 ) ;
#5136 = VERTEX_POINT ( 'NONE', #10175 ) ;
#5137 = STYLED_ITEM ( 'NONE', ( #9499 ), #8182 ) ;
#5138 = DIRECTION ( 'NONE',  ( -0.7071067811865469100, -0.7071067811865482400, 0.0000000000000000000 ) ) ;
#5139 = CARTESIAN_POINT ( 'NONE',  ( -0.5291577996037844000, 1.999999999999999600, 33.93517130343109800 ) ) ;
#5140 = EDGE_LOOP ( 'NONE', ( #3810, #1009, #9566, #2379 ) ) ;
#5141 = AXIS2_PLACEMENT_3D ( 'NONE', #7492, #802, #5805 ) ;
#5142 = EDGE_CURVE ( 'NONE', #4642, #5803, #1097, .T. ) ;
#5143 = EDGE_LOOP ( 'NONE', ( #9717, #6846 ) ) ;
#5144 = ORIENTED_EDGE ( 'NONE', *, *, #9197, .T. ) ;
#5145 = PLANE ( 'NONE',  #1448 ) ;
#5146 = DIRECTION ( 'NONE',  ( -1.000000000000000000, 0.0000000000000000000, 0.0000000000000000000 ) ) ;
#5147 = ORIENTED_EDGE ( 'NONE', *, *, #1303, .T. ) ;
#5148 =( NAMED_UNIT ( * ) PLANE_ANGLE_UNIT ( ) SI_UNIT ( $, .RADIAN. ) );
#5149 = VERTEX_POINT ( 'NONE', #890 ) ;
#5150 = CARTESIAN_POINT ( 'NONE',  ( -13.09999999999999600, 15.50000000000087400, -28.49999999999999600 ) ) ;
#5151 = PRESENTATION_LAYER_ASSIGNMENT (  '', '', ( #4789 ) ) ;
#5152 =( LENGTH_UNIT ( ) NAMED_UNIT ( * ) SI_UNIT ( .MILLI., .METRE. ) );
#5153 = EDGE_LOOP ( 'NONE', ( #5223, #8370, #6611, #2344 ) ) ;
#5154 = EDGE_LOOP ( 'NONE', ( #6074, #9290 ) ) ;
#5155 = VERTEX_POINT ( 'NONE', #4320 ) ;
#5156 = AXIS2_PLACEMENT_3D ( 'NONE', #4394, #5358, #10216 ) ;
#5157 = DIRECTION ( 'NONE',  ( -1.000000000000000000, 0.0000000000000000000, 0.0000000000000000000 ) ) ;
#5158 = ORIENTED_EDGE ( 'NONE', *, *, #7475, .T. ) ;
#5159 =( NAMED_UNIT ( * ) PLANE_ANGLE_UNIT ( ) SI_UNIT ( $, .RADIAN. ) );
#5160 = DIRECTION ( 'NONE',  ( -0.0000000000000000000, -1.000000000000000000, -0.0000000000000000000 ) ) ;
#5161 = CARTESIAN_POINT ( 'NONE',  ( 0.0000000000000000000, 0.0000000000000000000, -19.00000000000000000 ) ) ;
#5162 = EDGE_CURVE ( 'NONE', #4087, #8678, #5726, .T. ) ;
#5163 = ORIENTED_EDGE ( 'NONE', *, *, #6793, .T. ) ;
#5164 = CARTESIAN_POINT ( 'NONE',  ( -15.03502403149003500, 15.01375035175260000, -26.99999999999999600 ) ) ;
#5165 = CARTESIAN_POINT ( 'NONE',  ( -13.32957238623955800, 21.14999999999999900, 2.000000000000001800 ) ) ;
#5166 = DIRECTION ( 'NONE',  ( 0.0000000000000000000, 0.0000000000000000000, -1.000000000000000000 ) ) ;
#5167 = ORIENTED_EDGE ( 'NONE', *, *, #8062, .T. ) ;
#5168 = ADVANCED_FACE ( 'NONE', ( #8720 ), #5145, .F. ) ;
#5169 = SURFACE_SIDE_STYLE ('',( #2859 ) ) ;
#5170 = EDGE_CURVE ( 'NONE', #10194, #8779, #7924, .T. ) ;
#5171 = VECTOR ( 'NONE', #1387, 1000.000000000000000 ) ;
#5172 = EDGE_LOOP ( 'NONE', ( #1193, #5781, #10465 ) ) ;
#5173 = AXIS2_PLACEMENT_3D ( 'NONE', #4566, #3666, #10380 ) ;
#5174 = CARTESIAN_POINT ( 'NONE',  ( -21.14999999999999500, 17.14999999999997400, -28.49999999999999600 ) ) ;
#5175 = DIRECTION ( 'NONE',  ( 0.0000000000000000000, -0.0000000000000000000, -1.000000000000000000 ) ) ;
#5176 = ADVANCED_FACE ( 'NONE', ( #2298 ), #3434, .F. ) ;
#5177 = ORIENTED_EDGE ( 'NONE', *, *, #10064, .T. ) ;
#5178 = LINE ( 'NONE', #5209, #3053 ) ;
#5179 = EDGE_LOOP ( 'NONE', ( #3835, #3983 ) ) ;
#5180 = FILL_AREA_STYLE_COLOUR ( '', #10511 ) ;
#5181 = ORIENTED_EDGE ( 'NONE', *, *, #10665, .T. ) ;
#5182 = VERTEX_POINT ( 'NONE', #2580 ) ;
#5183 =( LENGTH_UNIT ( ) NAMED_UNIT ( * ) SI_UNIT ( .MILLI., .METRE. ) );
#5184 = ORIENTED_EDGE ( 'NONE', *, *, #4368, .T. ) ;
#5185 = PRESENTATION_LAYER_ASSIGNMENT (  '', '', ( #4608 ) ) ;
#5186 = FILL_AREA_STYLE_COLOUR ( '', #1063 ) ;
#5187 = MECHANICAL_DESIGN_GEOMETRIC_PRESENTATION_REPRESENTATION (  '', ( #2559 ), #1773 ) ;
#5188 = CARTESIAN_POINT ( 'NONE',  ( -15.96497596851089900, 16.74998035735668000, -26.99999999999999600 ) ) ;
#5189 = ORIENTED_EDGE ( 'NONE', *, *, #2898, .F. ) ;
#5190 = DIRECTION ( 'NONE',  ( 0.0000000000000000000, -1.000000000000000000, -0.0000000000000000000 ) ) ;
#5191 = LINE ( 'NONE', #7434, #2933 ) ;
#5192 =( NAMED_UNIT ( * ) PLANE_ANGLE_UNIT ( ) SI_UNIT ( $, .RADIAN. ) );
#5193 = DIRECTION ( 'NONE',  ( -1.000000000000000000, 0.0000000000000000000, 0.0000000000000000000 ) ) ;
#5194 = MECHANICAL_DESIGN_GEOMETRIC_PRESENTATION_REPRESENTATION (  '', ( #3984 ), #6300 ) ;
#5195 = FILL_AREA_STYLE ('',( #5292 ) ) ;
#5196 = EDGE_CURVE ( 'NONE', #7217, #8922, #1225, .T. ) ;
#5197 = CARTESIAN_POINT ( 'NONE',  ( 1.799999999999999800, -39.15000000000002000, -30.15000000000000200 ) ) ;
#5198 = AXIS2_PLACEMENT_3D ( 'NONE', #3406, #1108, #8795 ) ;
#5199 =( GEOMETRIC_REPRESENTATION_CONTEXT ( 3 ) GLOBAL_UNCERTAINTY_ASSIGNED_CONTEXT ( ( #9054 ) ) GLOBAL_UNIT_ASSIGNED_CONTEXT ( ( #6911, #2732, #5999 ) ) REPRESENTATION_CONTEXT ( 'NONE', 'WORKASPACE' ) );
#5200 = COLOUR_RGB ( '',0.2509803921568627400, 0.2509803921568627400, 0.2509803921568627400 ) ;
#5201 = UNCERTAINTY_MEASURE_WITH_UNIT (LENGTH_MEASURE( 1.000000000000000100E-005 ), #4167, 'distance_accuracy_value', 'NONE');
#5202 = EDGE_CURVE ( 'NONE', #3326, #1826, #9252, .T. ) ;
#5203 = STYLED_ITEM ( 'NONE', ( #1124 ), #2301 ) ;
#5204 = VECTOR ( 'NONE', #1201, 1000.000000000000000 ) ;
#5205 = DIRECTION ( 'NONE',  ( -1.000000000000000000, 0.0000000000000000000, 0.0000000000000000000 ) ) ;
#5206 = EDGE_CURVE ( 'NONE', #10605, #5641, #5338, .T. ) ;
#5207 = LINE ( 'NONE', #3533, #4009 ) ;
#5208 = VECTOR ( 'NONE', #3817, 1000.000000000000000 ) ;
#5209 = CARTESIAN_POINT ( 'NONE',  ( -13.32957238623954800, -21.15000000000000600, -80.84951795962939500 ) ) ;
#5210 = EDGE_LOOP ( 'NONE', ( #10459, #924 ) ) ;
#5211 = AXIS2_PLACEMENT_3D ( 'NONE', #8515, #6030, #75 ) ;
#5212 = VECTOR ( 'NONE', #4092, 1000.000000000000000 ) ;
#5213 = AXIS2_PLACEMENT_3D ( 'NONE', #8352, #1481, #4072 ) ;
#5214 = DIRECTION ( 'NONE',  ( -0.0000000000000000000, 0.0000000000000000000, -1.000000000000000000 ) ) ;
#5215 = CARTESIAN_POINT ( 'NONE',  ( -0.6000000000000003100, -18.15000000000000600, -29.65000000000000200 ) ) ;
#5216 = VECTOR ( 'NONE', #598, 1000.000000000000000 ) ;
#5217 = VECTOR ( 'NONE', #3990, 1000.000000000000000 ) ;
#5218 = ADVANCED_FACE ( 'NONE', ( #4806 ), #967, .F. ) ;
#5219 = PRODUCT_DEFINITION_CONTEXT ( 'detailed design', #1876, 'design' ) ;
#5220 = EDGE_CURVE ( 'NONE', #9088, #5285, #5468, .T. ) ;
#5221 = VECTOR ( 'NONE', #5406, 1000.000000000000000 ) ;
#5222 = FACE_OUTER_BOUND ( 'NONE', #2624, .T. ) ;
#5223 = ORIENTED_EDGE ( 'NONE', *, *, #2787, .F. ) ;
#5224 = VECTOR ( 'NONE', #9392, 1000.000000000000000 ) ;
#5225 =( LENGTH_UNIT ( ) NAMED_UNIT ( * ) SI_UNIT ( .MILLI., .METRE. ) );
#5226 = DIRECTION ( 'NONE',  ( 0.0000000000000000000, -1.000000000000000000, 0.0000000000000000000 ) ) ;
#5227 = ADVANCED_FACE ( 'NONE', ( #3225 ), #1129, .F. ) ;
#5228 = CARTESIAN_POINT ( 'NONE',  ( -15.96497596851091000, 15.01375035175259500, -26.99999999999999600 ) ) ;
#5229 = PLANE ( 'NONE',  #6672 ) ;
#5230 = COLOUR_RGB ( '',0.2509803921568627400, 0.2509803921568627400, 0.2509803921568627400 ) ;
#5231 = EDGE_LOOP ( 'NONE', ( #4686, #9709 ) ) ;
#5232 = CARTESIAN_POINT ( 'NONE',  ( 15.49999999999912400, -15.50000000000000200, -28.49999999999999600 ) ) ;
#5233 = DIRECTION ( 'NONE',  ( 0.0000000000000000000, -0.0000000000000000000, -1.000000000000000000 ) ) ;
#5234 = LINE ( 'NONE', #9548, #6275 ) ;
#5235 = ADVANCED_FACE ( 'NONE', ( #9618 ), #279, .F. ) ;
#5236 = EDGE_CURVE ( 'NONE', #4911, #6841, #5846, .T. ) ;
#5237 = AXIS2_PLACEMENT_3D ( 'NONE', #3880, #4732, #9725 ) ;
#5238 = SURFACE_STYLE_FILL_AREA ( #903 ) ;
#5239 = ORIENTED_EDGE ( 'NONE', *, *, #9042, .F. ) ;
#5240 = CIRCLE ( 'NONE', #10768, 25.00000000000000000 ) ;
#5241 = AXIS2_PLACEMENT_3D ( 'NONE', #10748, #6578, #5771 ) ;
#5242 = CARTESIAN_POINT ( 'NONE',  ( 14.25001964264473400, 15.96497596851043000, -26.99999999999999600 ) ) ;
#5243 = CARTESIAN_POINT ( 'NONE',  ( 14.19283027458454600, -15.98624964824929200, -26.99999999999999600 ) ) ;
#5244 = CARTESIAN_POINT ( 'NONE',  ( -20.64999999999999500, 16.94289321881343100, -28.99999999999999600 ) ) ;
#5245 = ORIENTED_EDGE ( 'NONE', *, *, #10640, .F. ) ;
#5246 = DIRECTION ( 'NONE',  ( -0.0000000000000000000, -0.0000000000000000000, -1.000000000000000000 ) ) ;
#5247 = CARTESIAN_POINT ( 'NONE',  ( -21.14999999999999500, -21.15000000000000600, 2.000000000000000000 ) ) ;
#5248 = SURFACE_SIDE_STYLE ('',( #4848 ) ) ;
#5249 = AXIS2_PLACEMENT_3D ( 'NONE', #10123, #7972, #9 ) ;
#5250 = MECHANICAL_DESIGN_GEOMETRIC_PRESENTATION_REPRESENTATION (  '', ( #8462 ), #7887 ) ;
#5251 = DIRECTION ( 'NONE',  ( 1.000000000000000000, 0.0000000000000000000, 0.0000000000000000000 ) ) ;
#5252 = COLOUR_RGB ( '',0.2509803921568627400, 0.2509803921568627400, 0.2509803921568627400 ) ;
#5253 = DIRECTION ( 'NONE',  ( -1.000000000000000000, 0.0000000000000000000, 0.0000000000000000000 ) ) ;
#5254 = ORIENTED_EDGE ( 'NONE', *, *, #5923, .F. ) ;
#5255 = CARTESIAN_POINT ( 'NONE',  ( 12.25315615270489800, -21.25000000000000700, -13.57457495348708700 ) ) ;
#5256 = STYLED_ITEM ( 'NONE', ( #8229 ), #2051 ) ;
#5257 = ORIENTED_EDGE ( 'NONE', *, *, #6931, .F. ) ;
#5258 = DIRECTION ( 'NONE',  ( -0.0000000000000000000, -0.0000000000000000000, -1.000000000000000000 ) ) ;
#5259 = PRESENTATION_STYLE_ASSIGNMENT (( #7328 ) ) ;
#5260 = EDGE_CURVE ( 'NONE', #5833, #9561, #5321, .T. ) ;
#5261 = ORIENTED_EDGE ( 'NONE', *, *, #304, .F. ) ;
#5262 = ORIENTED_EDGE ( 'NONE', *, *, #4347, .T. ) ;
#5263 = SURFACE_STYLE_USAGE ( .BOTH. , #5169 ) ;
#5264 = ORIENTED_EDGE ( 'NONE', *, *, #7566, .T. ) ;
#5265 = VERTEX_POINT ( 'NONE', #2913 ) ;
#5266 = STYLED_ITEM ( 'NONE', ( #1256 ), #4323 ) ;
#5267 = EDGE_CURVE ( 'NONE', #6324, #3964, #171, .T. ) ;
#5268 = ORIENTED_EDGE ( 'NONE', *, *, #6855, .F. ) ;
#5269 = PRESENTATION_LAYER_ASSIGNMENT (  '', '', ( #313 ) ) ;
#5270 = EDGE_LOOP ( 'NONE', ( #4497, #4943, #6318, #4794, #7731, #3807, #364, #10326 ) ) ;
#5271 = ORIENTED_EDGE ( 'NONE', *, *, #2881, .T. ) ;
#5272 = SURFACE_SIDE_STYLE ('',( #8701 ) ) ;
#5273 = CARTESIAN_POINT ( 'NONE',  ( 16.94289321881343100, -20.65000000000000200, -28.49999999999999600 ) ) ;
#5274 = ORIENTED_EDGE ( 'NONE', *, *, #7650, .F. ) ;
#5275 = EDGE_LOOP ( 'NONE', ( #5528, #2068, #138, #7640 ) ) ;
#5276 =( GEOMETRIC_REPRESENTATION_CONTEXT ( 3 ) GLOBAL_UNCERTAINTY_ASSIGNED_CONTEXT ( ( #4377 ) ) GLOBAL_UNIT_ASSIGNED_CONTEXT ( ( #493, #8867, #3849 ) ) REPRESENTATION_CONTEXT ( 'NONE', 'WORKASPACE' ) );
#5277 = LINE ( 'NONE', #2115, #8525 ) ;
#5278 = ADVANCED_FACE ( 'NONE', ( #1359, #8851 ), #1205, .T. ) ;
#5279 = EDGE_CURVE ( 'NONE', #95, #651, #3872, .T. ) ;
#5280 = DIRECTION ( 'NONE',  ( -1.000000000000000000, 0.0000000000000000000, -0.0000000000000000000 ) ) ;
#5281 = EDGE_LOOP ( 'NONE', ( #3585, #1337, #5257, #10601 ) ) ;
#5282 = DIRECTION ( 'NONE',  ( 1.000000000000000000, 0.0000000000000000000, 0.0000000000000000000 ) ) ;
#5283 = DIRECTION ( 'NONE',  ( -0.0000000000000000000, -0.0000000000000000000, 1.000000000000000000 ) ) ;
#5284 =( GEOMETRIC_REPRESENTATION_CONTEXT ( 3 ) GLOBAL_UNCERTAINTY_ASSIGNED_CONTEXT ( ( #4230 ) ) GLOBAL_UNIT_ASSIGNED_CONTEXT ( ( #7568, #3429, #6768 ) ) REPRESENTATION_CONTEXT ( 'NONE', 'WORKASPACE' ) );
#5285 = VERTEX_POINT ( 'NONE', #1057 ) ;
#5286 = DIRECTION ( 'NONE',  ( 0.0000000000000000000, 0.0000000000000000000, -1.000000000000000000 ) ) ;
#5287 = ORIENTED_EDGE ( 'NONE', *, *, #7595, .T. ) ;
#5288 = ADVANCED_FACE ( 'NONE', ( #1884 ), #9523, .F. ) ;
#5289 = DIRECTION ( 'NONE',  ( -1.000000000000000000, 0.0000000000000000000, 0.0000000000000000000 ) ) ;
#5290 = VERTEX_POINT ( 'NONE', #6130 ) ;
#5291 = DIRECTION ( 'NONE',  ( -0.0000000000000000000, -0.0000000000000000000, 1.000000000000000000 ) ) ;
#5292 = FILL_AREA_STYLE_COLOUR ( '', #4801 ) ;
#5293 = SURFACE_STYLE_FILL_AREA ( #8616 ) ;
#5294 = ORIENTED_EDGE ( 'NONE', *, *, #9881, .F. ) ;
#5295 = DIRECTION ( 'NONE',  ( 0.0000000000000000000, 0.0000000000000000000, 1.000000000000000000 ) ) ;
#5296 = ORIENTED_EDGE ( 'NONE', *, *, #7936, .T. ) ;
#5297 = VERTEX_POINT ( 'NONE', #4495 ) ;
#5298 = DIRECTION ( 'NONE',  ( 1.000000000000000000, 0.0000000000000000000, -8.566576301095410600E-016 ) ) ;
#5299 = EDGE_CURVE ( 'NONE', #10491, #10199, #4000, .T. ) ;
#5300 = CIRCLE ( 'NONE', #5156, 0.5000000000000004400 ) ;
#5301 = CARTESIAN_POINT ( 'NONE',  ( -1.800000000000000700, -18.15000000000000600, -31.85000000000000500 ) ) ;
#5302 = ORIENTED_EDGE ( 'NONE', *, *, #3771, .T. ) ;
#5303 = EDGE_CURVE ( 'NONE', #4855, #9683, #5075, .T. ) ;
#5304 = PRESENTATION_STYLE_ASSIGNMENT (( #10675 ) ) ;
#5305 = ORIENTED_EDGE ( 'NONE', *, *, #10622, .T. ) ;
#5306 = SURFACE_SIDE_STYLE ('',( #9331 ) ) ;
#5307 = CIRCLE ( 'NONE', #5492, 0.5000000000000004400 ) ;
#5308 = ORIENTED_EDGE ( 'NONE', *, *, #7357, .F. ) ;
#5309 = CARTESIAN_POINT ( 'NONE',  ( -1.371348881391340800, -19.15000000000000600, -24.45661729131780900 ) ) ;
#5310 = CARTESIAN_POINT ( 'NONE',  ( -15.03502403149003500, 15.01375035175260000, -28.49999999999999600 ) ) ;
#5311 = PRESENTATION_STYLE_ASSIGNMENT (( #10110 ) ) ;
#5312 = DIRECTION ( 'NONE',  ( -0.0000000000000000000, -0.0000000000000000000, 1.000000000000000000 ) ) ;
#5313 = PRESENTATION_STYLE_ASSIGNMENT (( #739 ) ) ;
#5314 = CARTESIAN_POINT ( 'NONE',  ( 15.03502403148815200, -15.01375035175166400, -26.99999999999999600 ) ) ;
#5315 = UNCERTAINTY_MEASURE_WITH_UNIT (LENGTH_MEASURE( 1.000000000000000100E-005 ), #2659, 'distance_accuracy_value', 'NONE');
#5316 = ORIENTED_EDGE ( 'NONE', *, *, #5019, .T. ) ;
#5317 = MECHANICAL_DESIGN_GEOMETRIC_PRESENTATION_REPRESENTATION (  '', ( #3411 ), #7558 ) ;
#5318 = LINE ( 'NONE', #2367, #3347 ) ;
#5319 =( LENGTH_UNIT ( ) NAMED_UNIT ( * ) SI_UNIT ( .MILLI., .METRE. ) );
#5320 = SURFACE_SIDE_STYLE ('',( #997 ) ) ;
#5321 = LINE ( 'NONE', #2832, #10382 ) ;
#5322 = STYLED_ITEM ( 'NONE', ( #8366 ), #2070 ) ;
#5323 = FILL_AREA_STYLE ('',( #3614 ) ) ;
#5324 = FACE_OUTER_BOUND ( 'NONE', #9410, .T. ) ;
#5325 = ORIENTED_EDGE ( 'NONE', *, *, #8986, .F. ) ;
#5326 = SURFACE_STYLE_USAGE ( .BOTH. , #8571 ) ;
#5327 = ADVANCED_FACE ( 'NONE', ( #4397 ), #3733, .T. ) ;
#5328 = CARTESIAN_POINT ( 'NONE',  ( 13.31369220013742100, -21.16000000000000000, 63.84951795962940900 ) ) ;
#5329 = UNCERTAINTY_MEASURE_WITH_UNIT (LENGTH_MEASURE( 1.000000000000000100E-005 ), #10579, 'distance_accuracy_value', 'NONE');
#5330 = CYLINDRICAL_SURFACE ( 'NONE', #2521, 0.5000000000000004400 ) ;
#5331 = AXIS2_PLACEMENT_3D ( 'NONE', #4034, #9878, #8321 ) ;
#5332 = DIRECTION ( 'NONE',  ( -1.000000000000000000, 0.0000000000000000000, 0.0000000000000000000 ) ) ;
#5333 = EDGE_CURVE ( 'NONE', #9100, #7363, #4800, .T. ) ;
#5335 = VECTOR ( 'NONE', #9666, 999.9999999999998900 ) ;
#5334 = FILL_AREA_STYLE_COLOUR ( '', #4134 ) ;
#5336 = FACE_OUTER_BOUND ( 'NONE', #799, .T. ) ;
#5337 = AXIS2_PLACEMENT_3D ( 'NONE', #1176, #248, #6133 ) ;
#5338 = LINE ( 'NONE', #7606, #5853 ) ;
#5339 = ORIENTED_EDGE ( 'NONE', *, *, #4739, .T. ) ;
#5340 = PRESENTATION_STYLE_ASSIGNMENT (( #221 ) ) ;
#5341 =( LENGTH_UNIT ( ) NAMED_UNIT ( * ) SI_UNIT ( .MILLI., .METRE. ) );
#5342 = DIRECTION ( 'NONE',  ( -1.000000000000000000, -8.202002250481357500E-017, -0.0000000000000000000 ) ) ;
#5343 =( GEOMETRIC_REPRESENTATION_CONTEXT ( 3 ) GLOBAL_UNCERTAINTY_ASSIGNED_CONTEXT ( ( #8592 ) ) GLOBAL_UNIT_ASSIGNED_CONTEXT ( ( #62, #2477, #4123 ) ) REPRESENTATION_CONTEXT ( 'NONE', 'WORKASPACE' ) );
#5344 = CIRCLE ( 'NONE', #3528, 2.500000000000000000 ) ;
#5345 = EDGE_CURVE ( 'NONE', #10153, #152, #4140, .T. ) ;
#5346 =( LENGTH_UNIT ( ) NAMED_UNIT ( * ) SI_UNIT ( .MILLI., .METRE. ) );
#5347 = FACE_OUTER_BOUND ( 'NONE', #6833, .T. ) ;
#5348 = CARTESIAN_POINT ( 'NONE',  ( -18.75000000000087400, -15.49999999999912400, -28.49999999999999600 ) ) ;
#5349 = VECTOR ( 'NONE', #5974, 1000.000000000000000 ) ;
#5350 = ADVANCED_FACE ( 'NONE', ( #10517 ), #9710, .F. ) ;
#5351 = STYLED_ITEM ( 'NONE', ( #6400 ), #5514 ) ;
#5352 = MECHANICAL_DESIGN_GEOMETRIC_PRESENTATION_REPRESENTATION (  '', ( #2873 ), #471 ) ;
#5353 = CARTESIAN_POINT ( 'NONE',  ( 0.0000000000000000000, 0.0000000000000000000, -26.99999999999999600 ) ) ;
#5354 = DIRECTION ( 'NONE',  ( 0.0000000000000000000, 0.0000000000000000000, 1.000000000000000000 ) ) ;
#5355 = CYLINDRICAL_SURFACE ( 'NONE', #10390, 0.4999999999999982200 ) ;
#5356 = CARTESIAN_POINT ( 'NONE',  ( -21.00355339059326800, 17.29644660940670100, -19.00000000000000000 ) ) ;
#5357 = VERTEX_POINT ( 'NONE', #478 ) ;
#5358 = DIRECTION ( 'NONE',  ( 0.0000000000000000000, 0.0000000000000000000, 1.000000000000000000 ) ) ;
#5359 = EDGE_CURVE ( 'NONE', #8022, #8676, #9478, .T. ) ;
#5360 =( NAMED_UNIT ( * ) PLANE_ANGLE_UNIT ( ) SI_UNIT ( $, .RADIAN. ) );
#5361 = DIRECTION ( 'NONE',  ( -0.0000000000000000000, 0.0000000000000000000, -1.000000000000000000 ) ) ;
#5362 = DIRECTION ( 'NONE',  ( -0.0000000000000000000, -1.000000000000000000, -0.0000000000000000000 ) ) ;
#5363 = CIRCLE ( 'NONE', #3796, 25.00000000000000000 ) ;
#5364 = FACE_OUTER_BOUND ( 'NONE', #6982, .T. ) ;
#5365 = COLOUR_RGB ( '',0.2509803921568627400, 0.2509803921568627400, 0.2509803921568627400 ) ;
#5366 = VECTOR ( 'NONE', #4769, 1000.000000000000000 ) ;
#5367 = CARTESIAN_POINT ( 'NONE',  ( 0.0000000000000000000, 0.0000000000000000000, -33.49999999999999300 ) ) ;
#5368 = DIRECTION ( 'NONE',  ( 0.0000000000000000000, -0.0000000000000000000, 1.000000000000000000 ) ) ;
#5369 = TOROIDAL_SURFACE ( 'NONE', #2792, 3.249999999999997800, 0.5000000000000000000 ) ;
#5370 = CARTESIAN_POINT ( 'NONE',  ( 16.94289321881341300, 20.64999999999999900, -28.49999999999999600 ) ) ;
#5371 = SURFACE_STYLE_FILL_AREA ( #9903 ) ;
#5372 = CARTESIAN_POINT ( 'NONE',  ( -15.03502403149003900, 14.25001964264614400, -26.99999999999999600 ) ) ;
#5373 = FILL_AREA_STYLE ('',( #1039 ) ) ;
#5374 = EDGE_CURVE ( 'NONE', #8386, #4084, #4666, .T. ) ;
#5375 = DIRECTION ( 'NONE',  ( 1.000000000000000000, 0.0000000000000000000, 0.0000000000000000000 ) ) ;
#5376 = SURFACE_STYLE_FILL_AREA ( #7093 ) ;
#5377 = LINE ( 'NONE', #2861, #6801 ) ;
#5378 = CARTESIAN_POINT ( 'NONE',  ( -14.19283027458642900, 15.98624964825022200, -26.99999999999999600 ) ) ;
#5379 = DIRECTION ( 'NONE',  ( 1.000000000000000000, 0.0000000000000000000, 0.0000000000000000000 ) ) ;
#5380 = CARTESIAN_POINT ( 'NONE',  ( 15.50000000000000000, 15.50000000000000000, -26.99999999999999600 ) ) ;
#5381 = EDGE_LOOP ( 'NONE', ( #9582, #4079, #9348, #2239 ) ) ;
#5382 = VECTOR ( 'NONE', #9684, 1000.000000000000000 ) ;
#5383 =( NAMED_UNIT ( * ) SI_UNIT ( $, .STERADIAN. ) SOLID_ANGLE_UNIT ( ) );
#5384 = CARTESIAN_POINT ( 'NONE',  ( 15.98624964824874800, 16.80716972541398100, -26.99999999999999600 ) ) ;
#5385 = SURFACE_STYLE_USAGE ( .BOTH. , #5306 ) ;
#5386 = AXIS2_PLACEMENT_3D ( 'NONE', #6537, #4032, #2228 ) ;
#5387 = PRESENTATION_STYLE_ASSIGNMENT (( #3104 ) ) ;
#5388 = ADVANCED_FACE ( 'NONE', ( #7280 ), #6362, .F. ) ;
#5389 = MECHANICAL_DESIGN_GEOMETRIC_PRESENTATION_REPRESENTATION (  '', ( #6288 ), #4449 ) ;
#5390 = VERTEX_POINT ( 'NONE', #7277 ) ;
#5391 = EDGE_LOOP ( 'NONE', ( #1019, #5698 ) ) ;
#5392 = VERTEX_POINT ( 'NONE', #8001 ) ;
#5393 = DIRECTION ( 'NONE',  ( -0.0000000000000000000, 0.0000000000000000000, -1.000000000000000000 ) ) ;
#5394 = UNCERTAINTY_MEASURE_WITH_UNIT (LENGTH_MEASURE( 1.000000000000000100E-005 ), #2004, 'distance_accuracy_value', 'NONE');
#5395 = ORIENTED_EDGE ( 'NONE', *, *, #6166, .F. ) ;
#5396 = EDGE_LOOP ( 'NONE', ( #257, #4369, #4417, #8527 ) ) ;
#5397 = CARTESIAN_POINT ( 'NONE',  ( -15.49999999999999800, -15.50000000000000400, 4.748924226215550000 ) ) ;
#5398 = EDGE_LOOP ( 'NONE', ( #6791, #5569, #4074, #5025 ) ) ;
#5399 = DIRECTION ( 'NONE',  ( 0.0000000000000000000, -1.000000000000000000, 0.0000000000000000000 ) ) ;
#5400 = EDGE_LOOP ( 'NONE', ( #2230, #5181, #398, #2368 ) ) ;
#5401 = EDGE_LOOP ( 'NONE', ( #6, #9742, #6477, #27 ) ) ;
#5402 = AXIS2_PLACEMENT_3D ( 'NONE', #7869, #2779, #2852 ) ;
#5403 = VERTEX_POINT ( 'NONE', #8920 ) ;
#5404 = STYLED_ITEM ( 'NONE', ( #5259 ), #10664 ) ;
#5405 = ADVANCED_FACE ( 'NONE', ( #8449, #1752 ), #3934, .T. ) ;
#5406 = DIRECTION ( 'NONE',  ( -1.000000000000000000, 0.0000000000000000000, 0.0000000000000000000 ) ) ;
#5407 = CARTESIAN_POINT ( 'NONE',  ( 0.0000000000000000000, 0.0000000000000000000, -19.00000000000000400 ) ) ;
#5408 = CIRCLE ( 'NONE', #5118, 0.5000000000000006700 ) ;
#5409 = DIRECTION ( 'NONE',  ( 0.0000000000000000000, 0.0000000000000000000, -1.000000000000000000 ) ) ;
#5410 = ORIENTED_EDGE ( 'NONE', *, *, #9809, .T. ) ;
#5411 = DIRECTION ( 'NONE',  ( -0.0000000000000000000, -0.0000000000000000000, -1.000000000000000000 ) ) ;
#5412 = CARTESIAN_POINT ( 'NONE',  ( 17.39999999999912500, -15.50000000000000200, -28.49999999999999600 ) ) ;
#5413 = VERTEX_POINT ( 'NONE', #5539 ) ;
#5414 = PRESENTATION_LAYER_ASSIGNMENT (  '', '', ( #6735 ) ) ;
#5415 = CARTESIAN_POINT ( 'NONE',  ( 0.0000000000000000000, 0.0000000000000000000, 34.00000000000000000 ) ) ;
#5416 = EDGE_CURVE ( 'NONE', #8941, #9190, #2599, .T. ) ;
#5417 = ORIENTED_EDGE ( 'NONE', *, *, #4693, .F. ) ;
#5418 = PLANE ( 'NONE',  #166 ) ;
#5419 = CARTESIAN_POINT ( 'NONE',  ( 2.583848208458099800, -21.25000000000000700, 4.288040361317512800E-016 ) ) ;
#5420 = AXIS2_PLACEMENT_3D ( 'NONE', #669, #6523, #1444 ) ;
#5421 = ORIENTED_EDGE ( 'NONE', *, *, #8134, .T. ) ;
#5422 = DIRECTION ( 'NONE',  ( -0.7071067811865491300, 0.7071067811865460200, 0.0000000000000000000 ) ) ;
#5423 = DIRECTION ( 'NONE',  ( 0.7071067811865494600, -0.7071067811865456900, 0.0000000000000000000 ) ) ;
#5424 = DIRECTION ( 'NONE',  ( 1.000000000000000000, 0.0000000000000000000, 0.0000000000000000000 ) ) ;
#5425 = AXIS2_PLACEMENT_3D ( 'NONE', #2962, #2897, #2855 ) ;
#5426 = PLANE ( 'NONE',  #5249 ) ;
#5427 = ORIENTED_EDGE ( 'NONE', *, *, #1442, .T. ) ;
#5428 = DIRECTION ( 'NONE',  ( -1.000000000000000000, 0.0000000000000000000, 0.0000000000000000000 ) ) ;
#5429 = AXIS2_PLACEMENT_3D ( 'NONE', #8814, #3064, #9631 ) ;
#5430 = EDGE_CURVE ( 'NONE', #9059, #1388, #878, .T. ) ;
#5431 = EDGE_CURVE ( 'NONE', #1270, #5297, #8086, .T. ) ;
#5432 = VECTOR ( 'NONE', #8874, 1000.000000000000000 ) ;
#5433 = ORIENTED_EDGE ( 'NONE', *, *, #711, .F. ) ;
#5434 = CARTESIAN_POINT ( 'NONE',  ( -16.74998035735715300, -15.03502403148862900, -28.49999999999999600 ) ) ;
#5435 = ORIENTED_EDGE ( 'NONE', *, *, #2116, .F. ) ;
#5436 = DIRECTION ( 'NONE',  ( 1.427022914853926000E-014, 1.000000000000000000, -0.0000000000000000000 ) ) ;
#5437 = FILL_AREA_STYLE ('',( #3030 ) ) ;
#5438 = ORIENTED_EDGE ( 'NONE', *, *, #7893, .T. ) ;
#5439 = LINE ( 'NONE', #3965, #6992 ) ;
#5441 = EDGE_LOOP ( 'NONE', ( #3626, #3181, #4145, #8400 ) ) ;
#5440 = CARTESIAN_POINT ( 'NONE',  ( 0.5999999999999996400, -18.15000000000000600, -30.15000000000000200 ) ) ;
#5442 = ORIENTED_EDGE ( 'NONE', *, *, #1084, .F. ) ;
#5443 = ORIENTED_EDGE ( 'NONE', *, *, #8803, .F. ) ;
#5444 = ORIENTED_EDGE ( 'NONE', *, *, #9722, .F. ) ;
#5445 =( NAMED_UNIT ( * ) PLANE_ANGLE_UNIT ( ) SI_UNIT ( $, .RADIAN. ) );
#5446 = CARTESIAN_POINT ( 'NONE',  ( -14.25001964264661500, -15.96497596850949400, -26.99999999999999600 ) ) ;
#5447 = DIRECTION ( 'NONE',  ( -0.0000000000000000000, 1.000000000000000000, -0.0000000000000000000 ) ) ;
#5448 = ADVANCED_FACE ( 'NONE', ( #1651 ), #2365, .T. ) ;
#5449 = VERTEX_POINT ( 'NONE', #8186 ) ;
#5450 = LINE ( 'NONE', #7886, #7005 ) ;
#5451 = DIRECTION ( 'NONE',  ( -1.000000000000000000, 0.0000000000000000000, -0.0000000000000000000 ) ) ;
#5452 = DIRECTION ( 'NONE',  ( 1.000000000000000000, 0.0000000000000000000, 0.0000000000000000000 ) ) ;
#5453 = FACE_OUTER_BOUND ( 'NONE', #8135, .T. ) ;
#5454 = CIRCLE ( 'NONE', #9518, 0.5000000000000004400 ) ;
#5455 = DIRECTION ( 'NONE',  ( -1.000000000000000000, 0.0000000000000000000, 0.0000000000000000000 ) ) ;
#5456 = EDGE_CURVE ( 'NONE', #250, #3941, #1121, .T. ) ;
#5457 = MECHANICAL_DESIGN_GEOMETRIC_PRESENTATION_REPRESENTATION (  '', ( #9162 ), #1690 ) ;
#5458 = CIRCLE ( 'NONE', #2225, 0.5000000000000004400 ) ;
#5459 = SURFACE_STYLE_USAGE ( .BOTH. , #1164 ) ;
#5460 = DIRECTION ( 'NONE',  ( -0.0000000000000000000, -0.0000000000000000000, 1.000000000000000000 ) ) ;
#5461 = ADVANCED_FACE ( 'NONE', ( #7693 ), #10649, .F. ) ;
#5462 = UNCERTAINTY_MEASURE_WITH_UNIT (LENGTH_MEASURE( 1.000000000000000100E-005 ), #2445, 'distance_accuracy_value', 'NONE');
#5463 = CIRCLE ( 'NONE', #4755, 3.500000000000000000 ) ;
#5464 = CYLINDRICAL_SURFACE ( 'NONE', #8899, 0.5000000000000004400 ) ;
#5465 = DIRECTION ( 'NONE',  ( 0.0000000000000000000, 1.000000000000000000, 0.0000000000000000000 ) ) ;
#5466 = CARTESIAN_POINT ( 'NONE',  ( 0.0000000000000000000, 0.0000000000000000000, 9.000000000000001800 ) ) ;
#5467 =( NAMED_UNIT ( * ) PLANE_ANGLE_UNIT ( ) SI_UNIT ( $, .RADIAN. ) );
#5468 = LINE ( 'NONE', #1904, #8991 ) ;
#5469 = CARTESIAN_POINT ( 'NONE',  ( -3.500000000000000000, 0.0000000000000000000, -28.49999999999999600 ) ) ;
#5470 = AXIS2_PLACEMENT_3D ( 'NONE', #4872, #7469, #4987 ) ;
#5471 = CARTESIAN_POINT ( 'NONE',  ( 0.5999999999999996400, -39.15000000000002000, -29.65000000000000200 ) ) ;
#5472 = AXIS2_PLACEMENT_3D ( 'NONE', #7995, #2977, #8843 ) ;
#5473 = LINE ( 'NONE', #1554, #10796 ) ;
#5474 = COLOUR_RGB ( '',0.2509803921568627400, 0.2509803921568627400, 0.2509803921568627400 ) ;
#5475 = STYLED_ITEM ( 'NONE', ( #9408 ), #1845 ) ;
#5476 = DIRECTION ( 'NONE',  ( 1.000000000000000000, 0.0000000000000000000, -0.0000000000000000000 ) ) ;
#5477 = FACE_OUTER_BOUND ( 'NONE', #4741, .T. ) ;
#5478 = EDGE_CURVE ( 'NONE', #104, #7859, #5880, .T. ) ;
#5479 = FACE_OUTER_BOUND ( 'NONE', #4258, .T. ) ;
#5480 = LINE ( 'NONE', #8158, #3240 ) ;
#5481 = SURFACE_SIDE_STYLE ('',( #9888 ) ) ;
#5482 = DIRECTION ( 'NONE',  ( 0.0000000000000000000, 0.0000000000000000000, -1.000000000000000000 ) ) ;
#5483 =( NAMED_UNIT ( * ) SI_UNIT ( $, .STERADIAN. ) SOLID_ANGLE_UNIT ( ) );
#5484 = DIRECTION ( 'NONE',  ( -1.000000000000000000, 0.0000000000000000000, 0.0000000000000000000 ) ) ;
#5485 = AXIS2_PLACEMENT_3D ( 'NONE', #5866, #3237, #831 ) ;
#5486 = EDGE_CURVE ( 'NONE', #5055, #8346, #8483, .T. ) ;
#5487 =( GEOMETRIC_REPRESENTATION_CONTEXT ( 3 ) GLOBAL_UNCERTAINTY_ASSIGNED_CONTEXT ( ( #2547 ) ) GLOBAL_UNIT_ASSIGNED_CONTEXT ( ( #182, #10079, #5108 ) ) REPRESENTATION_CONTEXT ( 'NONE', 'WORKASPACE' ) );
#5488 = PRESENTATION_STYLE_ASSIGNMENT (( #10760 ) ) ;
#5489 = ORIENTED_EDGE ( 'NONE', *, *, #7941, .T. ) ;
#5490 = CARTESIAN_POINT ( 'NONE',  ( 15.98624964824874800, 14.19283027458602200, -28.49999999999999600 ) ) ;
#5491 = COLOUR_RGB ( '',0.2509803921568627400, 0.2509803921568627400, 0.2509803921568627400 ) ;
#5492 = AXIS2_PLACEMENT_3D ( 'NONE', #5860, #9897, #822 ) ;
#5493 = EDGE_CURVE ( 'NONE', #1295, #3294, #604, .T. ) ;
#5494 = DIRECTION ( 'NONE',  ( -0.0000000000000000000, -0.0000000000000000000, 1.000000000000000000 ) ) ;
#5495 = CARTESIAN_POINT ( 'NONE',  ( -1.999999999999994900, 0.0000000000000000000, 34.00000000000000000 ) ) ;
#5496 = CARTESIAN_POINT ( 'NONE',  ( 15.50000000000000400, -15.50000000000000000, 10.00000000000000000 ) ) ;
#5497 = VECTOR ( 'NONE', #5609, 1000.000000000000000 ) ;
#5498 = ORIENTED_EDGE ( 'NONE', *, *, #6770, .F. ) ;
#5499 = PRESENTATION_STYLE_ASSIGNMENT (( #4359 ) ) ;
#5500 = AXIS2_PLACEMENT_3D ( 'NONE', #4041, #4010, #6548 ) ;
#5501 = DIRECTION ( 'NONE',  ( 1.000000000000000000, -0.0000000000000000000, -0.0000000000000000000 ) ) ;
#5502 = CARTESIAN_POINT ( 'NONE',  ( -0.6000000000000007500, -39.15000000000002000, -31.35000000000000100 ) ) ;
#5503 = FACE_OUTER_BOUND ( 'NONE', #5396, .T. ) ;
#5504 = DIRECTION ( 'NONE',  ( -0.0000000000000000000, -0.0000000000000000000, 1.000000000000000000 ) ) ;
#5505 = FACE_OUTER_BOUND ( 'NONE', #3839, .T. ) ;
#5506 = VECTOR ( 'NONE', #6557, 1000.000000000000000 ) ;
#5507 = CIRCLE ( 'NONE', #1203, 0.5000000000000004400 ) ;
#5508 = EDGE_CURVE ( 'NONE', #6624, #3962, #9514, .T. ) ;
#5509 = VECTOR ( 'NONE', #6137, 1000.000000000000000 ) ;
#5510 = UNCERTAINTY_MEASURE_WITH_UNIT (LENGTH_MEASURE( 1.000000000000000100E-005 ), #10057, 'distance_accuracy_value', 'NONE');
#5511 = ORIENTED_EDGE ( 'NONE', *, *, #5895, .T. ) ;
#5512 = LINE ( 'NONE', #4471, #10575 ) ;
#5513 =( NAMED_UNIT ( * ) SI_UNIT ( $, .STERADIAN. ) SOLID_ANGLE_UNIT ( ) );
#5514 = ADVANCED_FACE ( 'NONE', ( #6790, #7574 ), #2407, .F. ) ;
#5515 = CARTESIAN_POINT ( 'NONE',  ( 3.483848208458105100, -19.15000000000000600, -25.94999999999999600 ) ) ;
#5516 = DIRECTION ( 'NONE',  ( 0.0000000000000000000, 0.0000000000000000000, -1.000000000000000000 ) ) ;
#5517 = DIRECTION ( 'NONE',  ( 1.000000000000000000, 0.0000000000000000000, 0.0000000000000000000 ) ) ;
#5518 = EDGE_CURVE ( 'NONE', #10194, #6702, #9908, .T. ) ;
#5519 = FILL_AREA_STYLE ('',( #4592 ) ) ;
#5520 = VERTEX_POINT ( 'NONE', #1428 ) ;
#5521 = DIRECTION ( 'NONE',  ( -1.000000000000000000, -9.085524283848126800E-015, -0.0000000000000000000 ) ) ;
#5522 = CIRCLE ( 'NONE', #7885, 2.700000000000001100 ) ;
#5523 = AXIS2_PLACEMENT_3D ( 'NONE', #539, #9023, #10712 ) ;
#5524 = DIRECTION ( 'NONE',  ( 0.0000000000000000000, 0.0000000000000000000, 1.000000000000000000 ) ) ;
#5525 = DIRECTION ( 'NONE',  ( -1.000000000000000000, 0.0000000000000000000, 0.0000000000000000000 ) ) ;
#5526 = SURFACE_STYLE_USAGE ( .BOTH. , #2196 ) ;
#5527 = EDGE_LOOP ( 'NONE', ( #2880, #1599, #2126, #10589, #8102 ) ) ;
#5528 = ORIENTED_EDGE ( 'NONE', *, *, #941, .F. ) ;
#5529 = CARTESIAN_POINT ( 'NONE',  ( -21.14999999999999500, 16.94289321881343100, -28.99999999999999600 ) ) ;
#5530 = EDGE_LOOP ( 'NONE', ( #9283, #8175, #3298, #5667 ) ) ;
#5531 = DIRECTION ( 'NONE',  ( -0.8571673007021120000, 1.049727191138618300E-016, 0.5150380749100547100 ) ) ;
#5532 = ORIENTED_EDGE ( 'NONE', *, *, #2992, .F. ) ;
#5533 = AXIS2_PLACEMENT_3D ( 'NONE', #3991, #9150, #7442 ) ;
#5534 = ORIENTED_EDGE ( 'NONE', *, *, #9300, .T. ) ;
#5535 = UNCERTAINTY_MEASURE_WITH_UNIT (LENGTH_MEASURE( 1.000000000000000100E-005 ), #7929, 'distance_accuracy_value', 'NONE');
#5536 = ORIENTED_EDGE ( 'NONE', *, *, #304, .T. ) ;
#5537 = AXIS2_PLACEMENT_3D ( 'NONE', #4946, #2513, #4126 ) ;
#5538 = SURFACE_STYLE_USAGE ( .BOTH. , #4680 ) ;
#5539 = CARTESIAN_POINT ( 'NONE',  ( 16.75000000000000000, -15.50000000000000000, 5.500000000000000000 ) ) ;
#5540 =( NAMED_UNIT ( * ) PLANE_ANGLE_UNIT ( ) SI_UNIT ( $, .RADIAN. ) );
#5541 = ORIENTED_EDGE ( 'NONE', *, *, #4912, .T. ) ;
#5542 = ORIENTED_EDGE ( 'NONE', *, *, #974, .T. ) ;
#5543 = ORIENTED_EDGE ( 'NONE', *, *, #3925, .F. ) ;
#5544 = CARTESIAN_POINT ( 'NONE',  ( 15.03502403148815200, -16.74998035735574600, -28.49999999999999600 ) ) ;
#5545 = ORIENTED_EDGE ( 'NONE', *, *, #7847, .F. ) ;
#5546 = ORIENTED_EDGE ( 'NONE', *, *, #5725, .F. ) ;
#5547 = LINE ( 'NONE', #6377, #1038 ) ;
#5548 = PRESENTATION_LAYER_ASSIGNMENT (  '', '', ( #5132 ) ) ;
#5549 = EDGE_CURVE ( 'NONE', #422, #2079, #9274, .T. ) ;
#5550 =( LENGTH_UNIT ( ) NAMED_UNIT ( * ) SI_UNIT ( .MILLI., .METRE. ) );
#5551 = ORIENTED_EDGE ( 'NONE', *, *, #8090, .T. ) ;
#5552 = STYLED_ITEM ( 'NONE', ( #1545 ), #7462 ) ;
#5553 = CARTESIAN_POINT ( 'NONE',  ( 21.14999999999999900, 13.32957238623956000, 2.000000000000001800 ) ) ;
#5554 = SURFACE_STYLE_USAGE ( .BOTH. , #4663 ) ;
#5555 = DIRECTION ( 'NONE',  ( -0.0000000000000000000, -1.000000000000000000, -0.0000000000000000000 ) ) ;
#5556 = AXIS2_PLACEMENT_3D ( 'NONE', #4979, #1820, #7730 ) ;
#5557 = ORIENTED_EDGE ( 'NONE', *, *, #6270, .F. ) ;
#5558 = VERTEX_POINT ( 'NONE', #4127 ) ;
#5559 = DIRECTION ( 'NONE',  ( 0.0000000000000000000, 0.0000000000000000000, -1.000000000000000000 ) ) ;
#5560 = EDGE_CURVE ( 'NONE', #9708, #3763, #1399, .T. ) ;
#5561 = CARTESIAN_POINT ( 'NONE',  ( 1.500000000000000200, 2.000000000000000000, 33.49999999999999300 ) ) ;
#5562 = ORIENTED_EDGE ( 'NONE', *, *, #9614, .T. ) ;
#5563 = AXIS2_PLACEMENT_3D ( 'NONE', #6873, #9382, #4388 ) ;
#5564 =( NAMED_UNIT ( * ) SI_UNIT ( $, .STERADIAN. ) SOLID_ANGLE_UNIT ( ) );
#5565 = EDGE_LOOP ( 'NONE', ( #1050, #7603, #6949, #2370 ) ) ;
#5566 = AXIS2_PLACEMENT_3D ( 'NONE', #5788, #10008, #2415 ) ;
#5567 = ORIENTED_EDGE ( 'NONE', *, *, #10835, .T. ) ;
#5568 = EDGE_LOOP ( 'NONE', ( #9189, #5050, #1979, #3416, #7199, #10794, #10820, #263, #1305, #774, #3670, #5543 ) ) ;
#5569 = ORIENTED_EDGE ( 'NONE', *, *, #6414, .T. ) ;
#5570 = CARTESIAN_POINT ( 'NONE',  ( -2.999999999999976900, -18.15000000000000600, -32.50000000000000700 ) ) ;
#5571 = ADVANCED_FACE ( 'NONE', ( #7052 ), #3770, .T. ) ;
#5572 = EDGE_CURVE ( 'NONE', #9218, #6222, #1657, .T. ) ;
#5573 = SURFACE_SIDE_STYLE ('',( #9136 ) ) ;
#5574 = DIRECTION ( 'NONE',  ( -0.0000000000000000000, 0.0000000000000000000, 1.000000000000000000 ) ) ;
#5575 =( LENGTH_UNIT ( ) NAMED_UNIT ( * ) SI_UNIT ( .MILLI., .METRE. ) );
#5576 = FACE_OUTER_BOUND ( 'NONE', #6174, .T. ) ;
#5577 = EDGE_LOOP ( 'NONE', ( #144, #7292, #475, #1433 ) ) ;
#5578 = CARTESIAN_POINT ( 'NONE',  ( 16.94289321881341700, -21.15000000000000200, 9.500000000000000000 ) ) ;
#5579 = ORIENTED_EDGE ( 'NONE', *, *, #2108, .F. ) ;
#5580 = CARTESIAN_POINT ( 'NONE',  ( -15.50000000000087200, -15.49999999999912400, -28.49999999999999600 ) ) ;
#5581 = DIRECTION ( 'NONE',  ( 0.0000000000000000000, -0.0000000000000000000, 1.000000000000000000 ) ) ;
#5582 = VECTOR ( 'NONE', #3141, 1000.000000000000000 ) ;
#5583 = VECTOR ( 'NONE', #2767, 1000.000000000000000 ) ;
#5584 = EDGE_LOOP ( 'NONE', ( #929, #779, #4874, #6446, #10183, #10346, #7395, #4744, #6068, #10723, #4551, #6442 ) ) ;
#5585 =( NAMED_UNIT ( * ) PLANE_ANGLE_UNIT ( ) SI_UNIT ( $, .RADIAN. ) );
#5586 = FILL_AREA_STYLE_COLOUR ( '', #4402 ) ;
#5587 = DIRECTION ( 'NONE',  ( 0.0000000000000000000, 0.0000000000000000000, -1.000000000000000000 ) ) ;
#5588 = CARTESIAN_POINT ( 'NONE',  ( -21.16000000000000700, -13.31369220013741200, -20.99999999999999600 ) ) ;
#5589 = CARTESIAN_POINT ( 'NONE',  ( -18.24999999999999600, 15.50000000000087400, -28.49999999999999600 ) ) ;
#5590 = FACE_OUTER_BOUND ( 'NONE', #8607, .T. ) ;
#5591 =( NAMED_UNIT ( * ) PLANE_ANGLE_UNIT ( ) SI_UNIT ( $, .RADIAN. ) );
#5592 = CIRCLE ( 'NONE', #5472, 2.799999999999999800 ) ;
#5593 = VECTOR ( 'NONE', #1244, 1000.000000000000000 ) ;
#5594 = SURFACE_STYLE_FILL_AREA ( #6854 ) ;
#5595 = DIRECTION ( 'NONE',  ( -0.0000000000000000000, -0.0000000000000000000, -1.000000000000000000 ) ) ;
#5596 = ORIENTED_EDGE ( 'NONE', *, *, #1761, .F. ) ;
#5597 = CARTESIAN_POINT ( 'NONE',  ( -13.31369220013740100, -21.16000000000001100, 63.84951795962940900 ) ) ;
#5598 = DIRECTION ( 'NONE',  ( 1.000000000000000000, -0.0000000000000000000, -0.0000000000000000000 ) ) ;
#5599 = SURFACE_STYLE_USAGE ( .BOTH. , #1384 ) ;
#5600 = STYLED_ITEM ( 'NONE', ( #865 ), #5729 ) ;
#5601 = LINE ( 'NONE', #3371, #10251 ) ;
#5602 = AXIS2_PLACEMENT_3D ( 'NONE', #9720, #378, #417 ) ;
#5603 = SURFACE_STYLE_FILL_AREA ( #8862 ) ;
#5604 = VECTOR ( 'NONE', #723, 1000.000000000000000 ) ;
#5605 = LINE ( 'NONE', #43, #4939 ) ;
#5606 = DIRECTION ( 'NONE',  ( 0.0000000000000000000, 0.0000000000000000000, 1.000000000000000000 ) ) ;
#5607 = CARTESIAN_POINT ( 'NONE',  ( -14.25001964264661700, -15.03502403148863200, -26.99999999999999600 ) ) ;
#5608 = LINE ( 'NONE', #2123, #8589 ) ;
#5609 = DIRECTION ( 'NONE',  ( -0.0000000000000000000, -0.0000000000000000000, 1.000000000000000000 ) ) ;
#5610 = LINE ( 'NONE', #3079, #2701 ) ;
#5611 = VECTOR ( 'NONE', #255, 1000.000000000000000 ) ;
#5612 = CARTESIAN_POINT ( 'NONE',  ( 21.15000000000000200, -21.15000000000000200, 4.000000000000000000 ) ) ;
#5613 = CYLINDRICAL_SURFACE ( 'NONE', #1496, 0.5000000000000004400 ) ;
#5614 = ORIENTED_EDGE ( 'NONE', *, *, #9744, .F. ) ;
#5615 = AXIS2_PLACEMENT_3D ( 'NONE', #3083, #6451, #599 ) ;
#5616 = PRESENTATION_STYLE_ASSIGNMENT (( #3732 ) ) ;
#5617 = SURFACE_STYLE_FILL_AREA ( #10654 ) ;
#5618 = AXIS2_PLACEMENT_3D ( 'NONE', #9985, #5875, #1676 ) ;
#5619 = DIRECTION ( 'NONE',  ( -0.0000000000000000000, -0.0000000000000000000, -1.000000000000000000 ) ) ;
#5620 = EDGE_CURVE ( 'NONE', #9338, #509, #8748, .T. ) ;
#5621 = CIRCLE ( 'NONE', #301, 0.5000000000000004400 ) ;
#5622 = COLOUR_RGB ( '',0.2509803921568627400, 0.2509803921568627400, 0.2509803921568627400 ) ;
#5623 = ADVANCED_FACE ( 'NONE', ( #9793 ), #2579, .F. ) ;
#5624 = ORIENTED_EDGE ( 'NONE', *, *, #10765, .T. ) ;
#5625 = DIRECTION ( 'NONE',  ( 0.8571673007021120000, 0.0000000000000000000, 0.5150380749100547100 ) ) ;
#5626 = CARTESIAN_POINT ( 'NONE',  ( -12.47004919909368500, -21.25000000000000700, -13.57034765783714500 ) ) ;
#5627 =( LENGTH_UNIT ( ) NAMED_UNIT ( * ) SI_UNIT ( .MILLI., .METRE. ) );
#5628 = AXIS2_PLACEMENT_3D ( 'NONE', #1336, #5555, #5655 ) ;
#5629 = CARTESIAN_POINT ( 'NONE',  ( 21.14999999999999900, 21.14999999999999900, 9.500000000000000000 ) ) ;
#5630 = DIRECTION ( 'NONE',  ( -1.000000000000000000, 1.224646799147351500E-016, 0.0000000000000000000 ) ) ;
#5631 = CIRCLE ( 'NONE', #3425, 2.750000000000000900 ) ;
#5632 = CYLINDRICAL_SURFACE ( 'NONE', #5602, 0.5000000000000004400 ) ;
#5633 = CARTESIAN_POINT ( 'NONE',  ( -15.49999999999999600, 15.50000000000087400, -28.49999999999999600 ) ) ;
#5634 = CARTESIAN_POINT ( 'NONE',  ( 16.80716972541264600, -15.01375035175166400, -26.99999999999999600 ) ) ;
#5635 = CYLINDRICAL_SURFACE ( 'NONE', #6571, 2.400000000000001200 ) ;
#5636 = AXIS2_PLACEMENT_3D ( 'NONE', #1905, #2876, #7922 ) ;
#5637 = EDGE_CURVE ( 'NONE', #8766, #8155, #10421, .T. ) ;
#5638 = EDGE_CURVE ( 'NONE', #1017, #1466, #2043, .T. ) ;
#5639 = DIRECTION ( 'NONE',  ( 0.7363275207553905400, 0.0000000000000000000, 0.6766252893427940900 ) ) ;
#5640 = VECTOR ( 'NONE', #2825, 1000.000000000000000 ) ;
#5641 = VERTEX_POINT ( 'NONE', #2514 ) ;
#5642 = DIRECTION ( 'NONE',  ( -1.000000000000000000, 0.0000000000000000000, 0.0000000000000000000 ) ) ;
#5643 = CARTESIAN_POINT ( 'NONE',  ( -1.371348881391340800, -39.15000000000000600, -23.68316467552383000 ) ) ;
#5644 = ORIENTED_EDGE ( 'NONE', *, *, #7399, .T. ) ;
#5645 = DIRECTION ( 'NONE',  ( -0.0000000000000000000, 1.000000000000000000, -0.0000000000000000000 ) ) ;
#5646 = EDGE_LOOP ( 'NONE', ( #2892, #2389, #2902, #5648 ) ) ;
#5647 = VECTOR ( 'NONE', #10782, 1000.000000000000000 ) ;
#5648 = ORIENTED_EDGE ( 'NONE', *, *, #3907, .F. ) ;
#5649 = CARTESIAN_POINT ( 'NONE',  ( -20.64999999999999500, -16.94289321881344900, 2.000000000000000000 ) ) ;
#5650 = SURFACE_SIDE_STYLE ('',( #8855 ) ) ;
#5651 = DIRECTION ( 'NONE',  ( 0.0000000000000000000, -0.0000000000000000000, -1.000000000000000000 ) ) ;
#5652 = CARTESIAN_POINT ( 'NONE',  ( 13.32957238623955800, 21.14999999999999900, -20.99999999999999600 ) ) ;
#5653 = ORIENTED_EDGE ( 'NONE', *, *, #4636, .F. ) ;
#5654 = EDGE_CURVE ( 'NONE', #5182, #3370, #2843, .T. ) ;
#5655 = DIRECTION ( 'NONE',  ( 0.0000000000000000000, 0.0000000000000000000, 1.000000000000000000 ) ) ;
#5656 = AXIS2_PLACEMENT_3D ( 'NONE', #8152, #8995, #6550 ) ;
#5657 = EDGE_LOOP ( 'NONE', ( #7495, #10195, #7222, #9714 ) ) ;
#5658 = ORIENTED_EDGE ( 'NONE', *, *, #9768, .F. ) ;
#5659 = ORIENTED_EDGE ( 'NONE', *, *, #5, .F. ) ;
#5660 = DIRECTION ( 'NONE',  ( 0.0000000000000000000, -1.000000000000000000, -0.0000000000000000000 ) ) ;
#5661 = VERTEX_POINT ( 'NONE', #9998 ) ;
#5662 =( NAMED_UNIT ( * ) PLANE_ANGLE_UNIT ( ) SI_UNIT ( $, .RADIAN. ) );
#5663 = VERTEX_POINT ( 'NONE', #9248 ) ;
#5664 = CARTESIAN_POINT ( 'NONE',  ( -0.6000000000000002000, -39.15000000000002000, -30.65000000000000200 ) ) ;
#5665 =( NAMED_UNIT ( * ) SI_UNIT ( $, .STERADIAN. ) SOLID_ANGLE_UNIT ( ) );
#5666 = VECTOR ( 'NONE', #8714, 1000.000000000000000 ) ;
#5667 = ORIENTED_EDGE ( 'NONE', *, *, #4567, .F. ) ;
#5668 = UNCERTAINTY_MEASURE_WITH_UNIT (LENGTH_MEASURE( 1.000000000000000100E-005 ), #9936, 'distance_accuracy_value', 'NONE');
#5669 = ORIENTED_EDGE ( 'NONE', *, *, #4378, .T. ) ;
#5670 = DIRECTION ( 'NONE',  ( 1.000000000000000000, 0.0000000000000000000, 0.0000000000000000000 ) ) ;
#5671 = ORIENTED_EDGE ( 'NONE', *, *, #7163, .F. ) ;
#5672 = PLANE ( 'NONE',  #6929 ) ;
#5673 = CARTESIAN_POINT ( 'NONE',  ( -3.516151791541894500, -19.15000000000000600, -25.94999999999999200 ) ) ;
#5674 = ADVANCED_FACE ( 'NONE', ( #3498 ), #332, .F. ) ;
#5675 = STYLED_ITEM ( 'NONE', ( #8227 ), #6976 ) ;
#5676 = AXIS2_PLACEMENT_3D ( 'NONE', #10810, #1217, #4589 ) ;
#5677 = FACE_OUTER_BOUND ( 'NONE', #4853, .T. ) ;
#5678 = DIRECTION ( 'NONE',  ( -0.0000000000000000000, -0.0000000000000000000, 1.000000000000000000 ) ) ;
#5679 = ORIENTED_EDGE ( 'NONE', *, *, #8307, .T. ) ;
#5680 = CARTESIAN_POINT ( 'NONE',  ( 0.0000000000000000000, 0.0000000000000000000, 34.00000000000000000 ) ) ;
#5681 = PLANE ( 'NONE',  #3073 ) ;
#5682 = DIRECTION ( 'NONE',  ( 1.000000000000000000, -4.542762141924042900E-015, 0.0000000000000000000 ) ) ;
#5683 =( GEOMETRIC_REPRESENTATION_CONTEXT ( 3 ) GLOBAL_UNCERTAINTY_ASSIGNED_CONTEXT ( ( #8407 ) ) GLOBAL_UNIT_ASSIGNED_CONTEXT ( ( #2035, #1228, #7118 ) ) REPRESENTATION_CONTEXT ( 'NONE', 'WORKASPACE' ) );
#5684 = FILL_AREA_STYLE_COLOUR ( '', #5736 ) ;
#5685 = EDGE_CURVE ( 'NONE', #8941, #1308, #2329, .T. ) ;
#5686 = EDGE_LOOP ( 'NONE', ( #7732, #1866, #10586, #2273 ) ) ;
#5687 = AXIS2_PLACEMENT_3D ( 'NONE', #553, #7278, #1245 ) ;
#5688 = EDGE_CURVE ( 'NONE', #1270, #3538, #5363, .T. ) ;
#5690 = ORIENTED_EDGE ( 'NONE', *, *, #4294, .F. ) ;
#5689 = DIRECTION ( 'NONE',  ( 0.0000000000000000000, 0.0000000000000000000, 1.000000000000000000 ) ) ;
#5691 = ORIENTED_EDGE ( 'NONE', *, *, #8674, .F. ) ;
#5692 = MECHANICAL_DESIGN_GEOMETRIC_PRESENTATION_REPRESENTATION (  '', ( #9800 ), #7702 ) ;
#5693 = CARTESIAN_POINT ( 'NONE',  ( 18.74999999999912600, -15.50000000000000200, -28.49999999999999600 ) ) ;
#5694 = CARTESIAN_POINT ( 'NONE',  ( 17.29644660940668600, 21.00355339059327500, -19.00000000000000000 ) ) ;
#5695 = SURFACE_SIDE_STYLE ('',( #9177 ) ) ;
#5696 = DIRECTION ( 'NONE',  ( 0.0000000000000000000, 0.0000000000000000000, 1.000000000000000000 ) ) ;
#5697 = EDGE_CURVE ( 'NONE', #8433, #2795, #5995, .T. ) ;
#5698 = ORIENTED_EDGE ( 'NONE', *, *, #563, .T. ) ;
#5699 = VECTOR ( 'NONE', #9820, 1000.000000000000000 ) ;
#5700 = ORIENTED_EDGE ( 'NONE', *, *, #2449, .F. ) ;
#5701 = CARTESIAN_POINT ( 'NONE',  ( 0.0000000000000000000, 21.14999999999999900, 2.000000000000000000 ) ) ;
#5702 = FILL_AREA_STYLE ('',( #8096 ) ) ;
#5703 = DIRECTION ( 'NONE',  ( 1.000000000000000000, 0.0000000000000000000, 0.0000000000000000000 ) ) ;
#5704 = DIRECTION ( 'NONE',  ( 1.000000000000000000, 0.0000000000000000000, 0.0000000000000000000 ) ) ;
#5705 = ORIENTED_EDGE ( 'NONE', *, *, #3981, .F. ) ;
#5706 = MECHANICAL_DESIGN_GEOMETRIC_PRESENTATION_REPRESENTATION (  '', ( #674 ), #2472 ) ;
#5707 =( GEOMETRIC_REPRESENTATION_CONTEXT ( 3 ) GLOBAL_UNCERTAINTY_ASSIGNED_CONTEXT ( ( #3215 ) ) GLOBAL_UNIT_ASSIGNED_CONTEXT ( ( #13, #8383, #51 ) ) REPRESENTATION_CONTEXT ( 'NONE', 'WORKASPACE' ) );
#5708 = CARTESIAN_POINT ( 'NONE',  ( 15.96497596850902000, -16.74998035735574600, -26.99999999999999600 ) ) ;
#5709 = ORIENTED_EDGE ( 'NONE', *, *, #9250, .F. ) ;
#5710 = CARTESIAN_POINT ( 'NONE',  ( 14.24999999999999800, 15.50000000000000000, 10.00000000000000000 ) ) ;
#5711 = DIRECTION ( 'NONE',  ( -0.0000000000000000000, -0.0000000000000000000, -1.000000000000000000 ) ) ;
#5712 = ORIENTED_EDGE ( 'NONE', *, *, #1898, .T. ) ;
#5713 = ADVANCED_FACE ( 'NONE', ( #3899 ), #9810, .F. ) ;
#5714 = CIRCLE ( 'NONE', #8281, 20.00000000000000000 ) ;
#5715 = EDGE_CURVE ( 'NONE', #4172, #7482, #4824, .T. ) ;
#5716 = DIRECTION ( 'NONE',  ( 0.0000000000000000000, -1.000000000000000000, 0.0000000000000000000 ) ) ;
#5717 = DIRECTION ( 'NONE',  ( 0.0000000000000000000, 0.0000000000000000000, 1.000000000000000000 ) ) ;
#5718 = DIRECTION ( 'NONE',  ( -0.0000000000000000000, -0.0000000000000000000, 1.000000000000000000 ) ) ;
#5719 = SURFACE_SIDE_STYLE ('',( #6216 ) ) ;
#5720 = COLOUR_RGB ( '',0.2509803921568627400, 0.2509803921568627400, 0.2509803921568627400 ) ;
#5721 = CARTESIAN_POINT ( 'NONE',  ( 21.16000000000000000, 13.31369220013741700, 63.84951795962940900 ) ) ;
#5722 = CIRCLE ( 'NONE', #3469, 25.00000000000000000 ) ;
#5723 = CIRCLE ( 'NONE', #5892, 4.000000000000000000 ) ;
#5724 = EDGE_CURVE ( 'NONE', #88, #416, #68, .T. ) ;
#5725 = EDGE_CURVE ( 'NONE', #8638, #5390, #8081, .T. ) ;
#5726 = LINE ( 'NONE', #10104, #7157 ) ;
#5727 = DIRECTION ( 'NONE',  ( -1.000000000000000000, 0.0000000000000000000, 0.0000000000000000000 ) ) ;
#5728 = LINE ( 'NONE', #1998, #5208 ) ;
#5729 = ADVANCED_FACE ( 'NONE', ( #7041 ), #8940, .F. ) ;
#5730 = SURFACE_SIDE_STYLE ('',( #714 ) ) ;
#5731 = SURFACE_SIDE_STYLE ('',( #9000 ) ) ;
#5732 =( NAMED_UNIT ( * ) PLANE_ANGLE_UNIT ( ) SI_UNIT ( $, .RADIAN. ) );
#5733 = VECTOR ( 'NONE', #7253, 1000.000000000000000 ) ;
#5734 =( NAMED_UNIT ( * ) PLANE_ANGLE_UNIT ( ) SI_UNIT ( $, .RADIAN. ) );
#5735 = VECTOR ( 'NONE', #4750, 1000.000000000000000 ) ;
#5736 = COLOUR_RGB ( '',0.2509803921568627400, 0.2509803921568627400, 0.2509803921568627400 ) ;
#5737 = DIRECTION ( 'NONE',  ( -0.0000000000000000000, -0.0000000000000000000, 1.000000000000000000 ) ) ;
#5738 = DIRECTION ( 'NONE',  ( 0.0000000000000000000, -1.000000000000000000, 0.0000000000000000000 ) ) ;
#5739 =( NAMED_UNIT ( * ) SI_UNIT ( $, .STERADIAN. ) SOLID_ANGLE_UNIT ( ) );
#5740 = STYLED_ITEM ( 'NONE', ( #1757 ), #6329 ) ;
#5741 = VECTOR ( 'NONE', #297, 1000.000000000000000 ) ;
#5742 = CIRCLE ( 'NONE', #524, 20.00000000000000000 ) ;
#5743 = DIRECTION ( 'NONE',  ( 1.000000000000000000, 0.0000000000000000000, 0.0000000000000000000 ) ) ;
#5744 = FILL_AREA_STYLE_COLOUR ( '', #702 ) ;
#5745 = PLANE ( 'NONE',  #6197 ) ;
#5746 = EDGE_LOOP ( 'NONE', ( #8686, #1551, #1363, #8790, #194, #7258, #3381, #7283, #6978, #3165, #7618, #10610 ) ) ;
#5747 = CIRCLE ( 'NONE', #7156, 0.4999999999999982200 ) ;
#5748 = FILL_AREA_STYLE ('',( #8220 ) ) ;
#5749 = CARTESIAN_POINT ( 'NONE',  ( -3.599999999999997400, -21.15000000000000600, -26.49999999999999600 ) ) ;
#5750 = FILL_AREA_STYLE ('',( #5033 ) ) ;
#5751 = EDGE_CURVE ( 'NONE', #4620, #9848, #1112, .T. ) ;
#5752 = PRESENTATION_STYLE_ASSIGNMENT (( #3956 ) ) ;
#5753 = STYLED_ITEM ( 'NONE', ( #4310 ), #7688 ) ;
#5754 = SURFACE_STYLE_FILL_AREA ( #4078 ) ;
#5755 = PRESENTATION_STYLE_ASSIGNMENT (( #805 ) ) ;
#5756 = CARTESIAN_POINT ( 'NONE',  ( 15.50000000000000000, 15.50000000000000000, -26.99999999999999600 ) ) ;
#5757 = EDGE_CURVE ( 'NONE', #4109, #6060, #322, .T. ) ;
#5758 = EDGE_CURVE ( 'NONE', #7991, #4473, #1644, .T. ) ;
#5759 = DIRECTION ( 'NONE',  ( 0.0000000000000000000, 0.0000000000000000000, 1.000000000000000000 ) ) ;
#5760 = COLOUR_RGB ( '',0.2509803921568627400, 0.2509803921568627400, 0.2509803921568627400 ) ;
#5761 = VECTOR ( 'NONE', #2024, 1000.000000000000000 ) ;
#5762 = CARTESIAN_POINT ( 'NONE',  ( -14.19283027458642900, 15.01375035175259500, -28.49999999999999600 ) ) ;
#5763 = ADVANCED_FACE ( 'NONE', ( #8604 ), #6849, .T. ) ;
#5764 = DIRECTION ( 'NONE',  ( -0.7071067811865510100, -0.7071067811865441300, -9.813077866773586600E-015 ) ) ;
#5765 = AXIS2_PLACEMENT_3D ( 'NONE', #7030, #7858, #10318 ) ;
#5766 = CARTESIAN_POINT ( 'NONE',  ( 0.0000000000000000000, 0.0000000000000000000, 12.00000000000000000 ) ) ;
#5767 = LINE ( 'NONE', #2534, #620 ) ;
#5768 = VERTEX_POINT ( 'NONE', #935 ) ;
#5769 = VECTOR ( 'NONE', #7830, 1000.000000000000000 ) ;
#5770 = DIRECTION ( 'NONE',  ( -0.0000000000000000000, -0.0000000000000000000, 1.000000000000000000 ) ) ;
#5771 = DIRECTION ( 'NONE',  ( 1.000000000000000000, 0.0000000000000000000, -0.0000000000000000000 ) ) ;
#5772 = DIRECTION ( 'NONE',  ( -0.0000000000000000000, -0.0000000000000000000, -1.000000000000000000 ) ) ;
#5773 = EDGE_CURVE ( 'NONE', #10236, #1473, #5098, .T. ) ;
#5774 = VERTEX_POINT ( 'NONE', #2672 ) ;
#5775 = PRESENTATION_STYLE_ASSIGNMENT (( #2434 ) ) ;
#5776 = DIRECTION ( 'NONE',  ( -1.000000000000000000, 0.0000000000000000000, 0.0000000000000000000 ) ) ;
#5777 =( LENGTH_UNIT ( ) NAMED_UNIT ( * ) SI_UNIT ( .MILLI., .METRE. ) );
#5778 = DIRECTION ( 'NONE',  ( 0.6700528225186809200, 0.0000000000000000000, -0.7423134210256131500 ) ) ;
#5779 = PRESENTATION_STYLE_ASSIGNMENT (( #1574 ) ) ;
#5780 = CARTESIAN_POINT ( 'NONE',  ( -15.98624964825069300, -16.80716972541312200, -26.99999999999999600 ) ) ;
#5781 = ORIENTED_EDGE ( 'NONE', *, *, #2642, .T. ) ;
#5782 = ORIENTED_EDGE ( 'NONE', *, *, #3249, .F. ) ;
#5783 = LINE ( 'NONE', #6452, #771 ) ;
#5784 = ORIENTED_EDGE ( 'NONE', *, *, #3999, .F. ) ;
#5785 = UNCERTAINTY_MEASURE_WITH_UNIT (LENGTH_MEASURE( 1.000000000000000100E-005 ), #10512, 'distance_accuracy_value', 'NONE');
#5786 = ORIENTED_EDGE ( 'NONE', *, *, #4131, .T. ) ;
#5787 = ORIENTED_EDGE ( 'NONE', *, *, #5685, .F. ) ;
#5788 = CARTESIAN_POINT ( 'NONE',  ( 0.0000000000000000000, 0.0000000000000000000, -20.99999999999999600 ) ) ;
#5789 = EDGE_LOOP ( 'NONE', ( #5158, #5691, #4603, #5870 ) ) ;
#5790 = ORIENTED_EDGE ( 'NONE', *, *, #9505, .T. ) ;
#5791 = ORIENTED_EDGE ( 'NONE', *, *, #6880, .T. ) ;
#5792 = CARTESIAN_POINT ( 'NONE',  ( 15.50000000000000000, 15.50000000000000000, -26.99999999999999600 ) ) ;
#5793 =( NAMED_UNIT ( * ) SI_UNIT ( $, .STERADIAN. ) SOLID_ANGLE_UNIT ( ) );
#5794 = EDGE_CURVE ( 'NONE', #3423, #8796, #4966, .T. ) ;
#5795 =( GEOMETRIC_REPRESENTATION_CONTEXT ( 3 ) GLOBAL_UNCERTAINTY_ASSIGNED_CONTEXT ( ( #10439 ) ) GLOBAL_UNIT_ASSIGNED_CONTEXT ( ( #10189, #1748, #90 ) ) REPRESENTATION_CONTEXT ( 'NONE', 'WORKASPACE' ) );
#5796 = CARTESIAN_POINT ( 'NONE',  ( 3.483848208458107300, -21.25000000000000700, -3.513670508111640900E-016 ) ) ;
#5797 = VECTOR ( 'NONE', #9434, 1000.000000000000000 ) ;
#5798 = AXIS2_PLACEMENT_3D ( 'NONE', #6917, #6075, #6993 ) ;
#5799 = DIRECTION ( 'NONE',  ( 1.000000000000000000, 0.0000000000000000000, 0.0000000000000000000 ) ) ;
#5800 = ORIENTED_EDGE ( 'NONE', *, *, #1092, .F. ) ;
#5801 = CARTESIAN_POINT ( 'NONE',  ( 15.01375035175125200, 15.03502403148986100, -26.99999999999999600 ) ) ;
#5802 = LINE ( 'NONE', #9849, #5171 ) ;
#5803 = VERTEX_POINT ( 'NONE', #6822 ) ;
#5804 = CARTESIAN_POINT ( 'NONE',  ( 0.5999999999999992000, -39.15000000000002000, -31.35000000000000100 ) ) ;
#5805 = DIRECTION ( 'NONE',  ( 1.000000000000000000, 0.0000000000000000000, 0.0000000000000000000 ) ) ;
#5806 = PRESENTATION_LAYER_ASSIGNMENT (  '', '', ( #6210 ) ) ;
#5807 = ADVANCED_FACE ( 'NONE', ( #2975 ), #1816, .F. ) ;
#5808 = EDGE_LOOP ( 'NONE', ( #4063, #30 ) ) ;
#5809 = SURFACE_STYLE_USAGE ( .BOTH. , #8369 ) ;
#5810 = CARTESIAN_POINT ( 'NONE',  ( -14.24999999999999600, 15.50000000000000000, 5.500000000000000000 ) ) ;
#5811 = CARTESIAN_POINT ( 'NONE',  ( -15.01375035175307500, -15.03502403148862900, -26.99999999999999600 ) ) ;
#5812 = ORIENTED_EDGE ( 'NONE', *, *, #59, .F. ) ;
#5813 = CARTESIAN_POINT ( 'NONE',  ( 1.339045298307557800, -19.15000000000000600, -23.90028382492287700 ) ) ;
#5814 = MECHANICAL_DESIGN_GEOMETRIC_PRESENTATION_REPRESENTATION (  '', ( #5256 ), #5683 ) ;
#5815 = VECTOR ( 'NONE', #1649, 1000.000000000000000 ) ;
#5816 = EDGE_LOOP ( 'NONE', ( #7942, #3421, #937, #10242 ) ) ;
#5817 = EDGE_CURVE ( 'NONE', #9460, #7465, #4157, .T. ) ;
#5818 = VERTEX_POINT ( 'NONE', #2708 ) ;
#5819 = ORIENTED_EDGE ( 'NONE', *, *, #98, .T. ) ;
#5820 = CARTESIAN_POINT ( 'NONE',  ( 10.49999999999999800, 0.0000000000000000000, 11.50000000000000000 ) ) ;
#5821 = PRESENTATION_LAYER_ASSIGNMENT (  '', '', ( #5266 ) ) ;
#5822 = EDGE_CURVE ( 'NONE', #6698, #2789, #3107, .T. ) ;
#5823 = EDGE_LOOP ( 'NONE', ( #8800, #9397, #4878, #10565 ) ) ;
#5824 = MECHANICAL_DESIGN_GEOMETRIC_PRESENTATION_REPRESENTATION (  '', ( #1656 ), #6937 ) ;
#5825 = FACE_OUTER_BOUND ( 'NONE', #1691, .T. ) ;
#5826 = VERTEX_POINT ( 'NONE', #1847 ) ;
#5827 = DIRECTION ( 'NONE',  ( 1.000000000000000000, 0.0000000000000000000, 0.0000000000000000000 ) ) ;
#5828 =( NAMED_UNIT ( * ) SI_UNIT ( $, .STERADIAN. ) SOLID_ANGLE_UNIT ( ) );
#5829 = CIRCLE ( 'NONE', #9418, 0.4999999999999982200 ) ;
#5830 = CARTESIAN_POINT ( 'NONE',  ( 20.79644660940672600, 16.79644660940670400, -28.99999999999999600 ) ) ;
#5831 = FILL_AREA_STYLE ('',( #7613 ) ) ;
#5832 = VECTOR ( 'NONE', #745, 1000.000000000000000 ) ;
#5833 = VERTEX_POINT ( 'NONE', #7724 ) ;
#5834 = DIRECTION ( 'NONE',  ( 1.000000000000000000, 0.0000000000000000000, 0.0000000000000000000 ) ) ;
#5835 = MECHANICAL_DESIGN_GEOMETRIC_PRESENTATION_REPRESENTATION (  '', ( #6025 ), #10846 ) ;
#5836 = EDGE_CURVE ( 'NONE', #5413, #9966, #462, .T. ) ;
#5837 = CARTESIAN_POINT ( 'NONE',  ( 12.79999999999999900, 15.50000000000000000, -27.99999999999999600 ) ) ;
#5838 = TOROIDAL_SURFACE ( 'NONE', #7448, 2.200000000000001100, 0.5000000000000000000 ) ;
#5839 = CARTESIAN_POINT ( 'NONE',  ( -15.98624964825069700, -15.03502403148862900, -26.99999999999999600 ) ) ;
#5840 = AXIS2_PLACEMENT_3D ( 'NONE', #9825, #4798, #4017 ) ;
#5841 = FACE_OUTER_BOUND ( 'NONE', #10197, .T. ) ;
#5842 = DIRECTION ( 'NONE',  ( 1.000000000000000000, 0.0000000000000000000, -0.0000000000000000000 ) ) ;
#5843 = AXIS2_PLACEMENT_3D ( 'NONE', #1088, #9446, #3638 ) ;
#5844 = CIRCLE ( 'NONE', #6587, 0.5000000000000004400 ) ;
#5845 = CYLINDRICAL_SURFACE ( 'NONE', #29, 0.5000000000000004400 ) ;
#5846 = LINE ( 'NONE', #2875, #7013 ) ;
#5847 = CARTESIAN_POINT ( 'NONE',  ( 1.799999999999999800, -18.15000000000000600, -30.15000000000000200 ) ) ;
#5848 = SURFACE_SIDE_STYLE ('',( #1939 ) ) ;
#5849 = VECTOR ( 'NONE', #1075, 1000.000000000000000 ) ;
#5850 = CARTESIAN_POINT ( 'NONE',  ( -21.14999999999999500, 13.32957238623956400, 2.000000000000001800 ) ) ;
#5851 = ORIENTED_EDGE ( 'NONE', *, *, #5971, .T. ) ;
#5852 = FACE_OUTER_BOUND ( 'NONE', #7361, .T. ) ;
#5853 = VECTOR ( 'NONE', #107, 1000.000000000000000 ) ;
#5854 = LINE ( 'NONE', #6192, #3609 ) ;
#5855 =( LENGTH_UNIT ( ) NAMED_UNIT ( * ) SI_UNIT ( .MILLI., .METRE. ) );
#5856 = EDGE_CURVE ( 'NONE', #4505, #8512, #2963, .T. ) ;
#5857 = LINE ( 'NONE', #4507, #5221 ) ;
#5858 = EDGE_CURVE ( 'NONE', #7045, #6703, #5344, .T. ) ;
#5859 = CARTESIAN_POINT ( 'NONE',  ( 1.999999999999994900, 2.755455298081541300E-016, 34.00000000000000000 ) ) ;
#5860 = CARTESIAN_POINT ( 'NONE',  ( 16.94289321881343100, -20.65000000000000200, -19.00000000000000000 ) ) ;
#5861 = CIRCLE ( 'NONE', #213, 0.5000000000000006700 ) ;
#5862 = EDGE_LOOP ( 'NONE', ( #7238, #1581, #3172, #4077 ) ) ;
#5863 = DIRECTION ( 'NONE',  ( 0.0000000000000000000, 0.0000000000000000000, -1.000000000000000000 ) ) ;
#5864 = ADVANCED_FACE ( 'NONE', ( #8866 ), #7559, .F. ) ;
#5865 = SURFACE_STYLE_USAGE ( .BOTH. , #10844 ) ;
#5866 = CARTESIAN_POINT ( 'NONE',  ( 0.0000000000000000000, 0.0000000000000000000, 9.000000000000001800 ) ) ;
#5867 = ORIENTED_EDGE ( 'NONE', *, *, #3720, .T. ) ;
#5868 = CARTESIAN_POINT ( 'NONE',  ( 0.0000000000000000000, 0.0000000000000000000, 63.84951795962940900 ) ) ;
#5869 = CARTESIAN_POINT ( 'NONE',  ( -0.6000000000000007500, -39.15000000000002000, -31.35000000000000100 ) ) ;
#5870 = ORIENTED_EDGE ( 'NONE', *, *, #8213, .T. ) ;
#5871 = MECHANICAL_DESIGN_GEOMETRIC_PRESENTATION_REPRESENTATION (  '', ( #8523 ), #1132 ) ;
#5872 = COLOUR_RGB ( '',0.2509803921568627400, 0.2509803921568627400, 0.2509803921568627400 ) ;
#5873 = AXIS2_PLACEMENT_3D ( 'NONE', #127, #7627, #2675 ) ;
#5874 = CYLINDRICAL_SURFACE ( 'NONE', #170, 0.5000000000000004400 ) ;
#5876 = AXIS2_PLACEMENT_3D ( 'NONE', #6606, #4923, #4884 ) ;
#5875 = DIRECTION ( 'NONE',  ( 0.0000000000000000000, 0.0000000000000000000, -1.000000000000000000 ) ) ;
#5877 = CARTESIAN_POINT ( 'NONE',  ( -17.40000000000087600, -15.49999999999912400, -28.49999999999999600 ) ) ;
#5878 = FILL_AREA_STYLE ('',( #3414 ) ) ;
#5879 = PRESENTATION_LAYER_ASSIGNMENT (  '', '', ( #5322 ) ) ;
#5880 = LINE ( 'NONE', #8156, #8614 ) ;
#5881 = SURFACE_STYLE_FILL_AREA ( #2393 ) ;
#5882 = VECTOR ( 'NONE', #657, 1000.000000000000000 ) ;
#5883 = VECTOR ( 'NONE', #1414, 1000.000000000000000 ) ;
#5884 = FACE_OUTER_BOUND ( 'NONE', #8932, .T. ) ;
#5885 = EDGE_LOOP ( 'NONE', ( #2653, #4634, #6958, #5305 ) ) ;
#5886 = FILL_AREA_STYLE_COLOUR ( '', #273 ) ;
#5887 = AXIS2_PLACEMENT_3D ( 'NONE', #4704, #6383, #5524 ) ;
#5888 = EDGE_CURVE ( 'NONE', #6115, #1137, #6104, .T. ) ;
#5889 = AXIS2_PLACEMENT_3D ( 'NONE', #1024, #6910, #47 ) ;
#5890 = DIRECTION ( 'NONE',  ( 0.7071067811865469100, -0.7071067811865482400, -0.0000000000000000000 ) ) ;
#5891 = PLANE ( 'NONE',  #10149 ) ;
#5892 = AXIS2_PLACEMENT_3D ( 'NONE', #8399, #1755, #6727 ) ;
#5893 = ORIENTED_EDGE ( 'NONE', *, *, #10641, .T. ) ;
#5894 = VECTOR ( 'NONE', #9840, 1000.000000000000000 ) ;
#5895 = EDGE_CURVE ( 'NONE', #6115, #4961, #1895, .T. ) ;
#5896 = CARTESIAN_POINT ( 'NONE',  ( -0.6000000000000002000, -39.15000000000002000, -30.65000000000000200 ) ) ;
#5897 =( NAMED_UNIT ( * ) SI_UNIT ( $, .STERADIAN. ) SOLID_ANGLE_UNIT ( ) );
#5898 = SURFACE_STYLE_USAGE ( .BOTH. , #3466 ) ;
#5899 = FILL_AREA_STYLE_COLOUR ( '', #1923 ) ;
#5900 = DIRECTION ( 'NONE',  ( -0.0000000000000000000, 1.000000000000000000, -0.0000000000000000000 ) ) ;
#5901 = STYLED_ITEM ( 'NONE', ( #5752 ), #5713 ) ;
#5902 = CARTESIAN_POINT ( 'NONE',  ( -16.94289321881344200, 20.64999999999999900, 9.500000000000000000 ) ) ;
#5903 = EDGE_LOOP ( 'NONE', ( #5690, #4423, #9430, #2895, #5784, #3417 ) ) ;
#5904 = EDGE_LOOP ( 'NONE', ( #9721, #9295, #2411, #10580 ) ) ;
#5905 = DIRECTION ( 'NONE',  ( -1.000000000000000000, 0.0000000000000000000, 0.0000000000000000000 ) ) ;
#5906 = EDGE_LOOP ( 'NONE', ( #5940, #3286, #8292, #1693, #10351, #6959, #2736, #4324 ) ) ;
#5907 = CARTESIAN_POINT ( 'NONE',  ( 20.64999999999999900, 16.94289321881343500, -28.99999999999999600 ) ) ;
#5908 = DIRECTION ( 'NONE',  ( -1.000000000000000000, 0.0000000000000000000, -0.0000000000000000000 ) ) ;
#5909 = ORIENTED_EDGE ( 'NONE', *, *, #6753, .T. ) ;
#5910 = EDGE_CURVE ( 'NONE', #1060, #8678, #5989, .T. ) ;
#5911 = ORIENTED_EDGE ( 'NONE', *, *, #2397, .T. ) ;
#5912 = CARTESIAN_POINT ( 'NONE',  ( -3.516151791541894500, -21.25000000000000700, -25.94999999999999200 ) ) ;
#5913 = ORIENTED_EDGE ( 'NONE', *, *, #6444, .F. ) ;
#5914 = ORIENTED_EDGE ( 'NONE', *, *, #7120, .F. ) ;
#5915 = ORIENTED_EDGE ( 'NONE', *, *, #380, .T. ) ;
#5916 = ORIENTED_EDGE ( 'NONE', *, *, #956, .F. ) ;
#5917 = EDGE_LOOP ( 'NONE', ( #9591, #521, #7234, #369, #3516 ) ) ;
#5918 = ADVANCED_FACE ( 'NONE', ( #3883 ), #6653, .T. ) ;
#5919 = UNCERTAINTY_MEASURE_WITH_UNIT (LENGTH_MEASURE( 1.000000000000000100E-005 ), #970, 'distance_accuracy_value', 'NONE');
#5920 = VECTOR ( 'NONE', #5942, 1000.000000000000000 ) ;
#5921 = EDGE_LOOP ( 'NONE', ( #6579, #9052, #6029, #9829, #917, #2278, #5047, #6187 ) ) ;
#5922 = EDGE_LOOP ( 'NONE', ( #8657, #8951 ) ) ;
#5923 = EDGE_CURVE ( 'NONE', #7998, #5926, #1100, .T. ) ;
#5924 = ORIENTED_EDGE ( 'NONE', *, *, #8647, .T. ) ;
#5925 = DIRECTION ( 'NONE',  ( -0.0000000000000000000, -0.0000000000000000000, 1.000000000000000000 ) ) ;
#5926 = VERTEX_POINT ( 'NONE', #4588 ) ;
#5927 = DIRECTION ( 'NONE',  ( 1.000000000000000000, 0.0000000000000000000, -0.0000000000000000000 ) ) ;
#5928 = DIRECTION ( 'NONE',  ( 0.0000000000000000000, 0.0000000000000000000, -1.000000000000000000 ) ) ;
#5929 = EDGE_LOOP ( 'NONE', ( #9690, #10206, #1450, #6319 ) ) ;
#5930 = CARTESIAN_POINT ( 'NONE',  ( -15.49999999999999600, 15.50000000000087400, -27.99999999999999600 ) ) ;
#5931 = AXIS2_PLACEMENT_3D ( 'NONE', #7760, #2742, #2598 ) ;
#5932 = SURFACE_SIDE_STYLE ('',( #6864 ) ) ;
#5933 = AXIS2_PLACEMENT_3D ( 'NONE', #10658, #10620, #5689 ) ;
#5934 = FACE_OUTER_BOUND ( 'NONE', #4374, .T. ) ;
#5935 = ORIENTED_EDGE ( 'NONE', *, *, #2000, .F. ) ;
#5936 = CARTESIAN_POINT ( 'NONE',  ( -3.500000000000000000, 0.0000000000000000000, -26.99999999999999600 ) ) ;
#5937 = EDGE_LOOP ( 'NONE', ( #1965, #834, #2416, #8911, #8123, #9691, #9427, #7472 ) ) ;
#5938 = DIRECTION ( 'NONE',  ( -0.0000000000000000000, -0.0000000000000000000, 1.000000000000000000 ) ) ;
#5939 = PLANE ( 'NONE',  #2148 ) ;
#5940 = ORIENTED_EDGE ( 'NONE', *, *, #7002, .F. ) ;
#5941 = CARTESIAN_POINT ( 'NONE',  ( 0.0000000000000000000, 0.0000000000000000000, 9.500000000000000000 ) ) ;
#5942 = DIRECTION ( 'NONE',  ( -0.0000000000000000000, -0.0000000000000000000, 1.000000000000000000 ) ) ;
#5943 = VERTEX_POINT ( 'NONE', #9608 ) ;
#5944 = CYLINDRICAL_SURFACE ( 'NONE', #10284, 2.799999999999999800 ) ;
#5945 = EDGE_LOOP ( 'NONE', ( #804, #7839, #3198, #3401 ) ) ;
#5946 = DIRECTION ( 'NONE',  ( -1.000000000000000000, 0.0000000000000000000, -0.0000000000000000000 ) ) ;
#5947 = AXIS2_PLACEMENT_3D ( 'NONE', #10584, #9726, #9804 ) ;
#5948 = AXIS2_PLACEMENT_3D ( 'NONE', #386, #1260, #10444 ) ;
#5949 = VERTEX_POINT ( 'NONE', #7829 ) ;
#5950 =( GEOMETRIC_REPRESENTATION_CONTEXT ( 3 ) GLOBAL_UNCERTAINTY_ASSIGNED_CONTEXT ( ( #6462 ) ) GLOBAL_UNIT_ASSIGNED_CONTEXT ( ( #9163, #4302, #3447 ) ) REPRESENTATION_CONTEXT ( 'NONE', 'WORKASPACE' ) );
#5951 = CYLINDRICAL_SURFACE ( 'NONE', #10566, 0.4999999999999982200 ) ;
#5952 = EDGE_CURVE ( 'NONE', #8500, #7365, #4411, .T. ) ;
#5953 = ORIENTED_EDGE ( 'NONE', *, *, #4842, .T. ) ;
#5954 = LINE ( 'NONE', #2022, #3726 ) ;
#5955 = CARTESIAN_POINT ( 'NONE',  ( -16.94289321881344200, -21.15000000000000600, -28.99999999999999600 ) ) ;
#5956 = ORIENTED_EDGE ( 'NONE', *, *, #4340, .F. ) ;
#5957 = SURFACE_STYLE_FILL_AREA ( #1908 ) ;
#5958 = CIRCLE ( 'NONE', #541, 20.00000000000000000 ) ;
#5959 = CARTESIAN_POINT ( 'NONE',  ( 0.0000000000000000000, 2.000000000000000000, 34.00000000000000000 ) ) ;
#5960 = STYLED_ITEM ( 'NONE', ( #8730 ), #4944 ) ;
#5961 = UNCERTAINTY_MEASURE_WITH_UNIT (LENGTH_MEASURE( 1.000000000000000100E-005 ), #5855, 'distance_accuracy_value', 'NONE');
#5962 = PRESENTATION_LAYER_ASSIGNMENT (  '', '', ( #1656 ) ) ;
#5963 = PRESENTATION_STYLE_ASSIGNMENT (( #9564 ) ) ;
#5964 = CARTESIAN_POINT ( 'NONE',  ( 19.15000000000003100, -19.14999999999994900, -19.00000000000000000 ) ) ;
#5965 =( NAMED_UNIT ( * ) SI_UNIT ( $, .STERADIAN. ) SOLID_ANGLE_UNIT ( ) );
#5966 = VERTEX_POINT ( 'NONE', #6998 ) ;
#5967 = FILL_AREA_STYLE_COLOUR ( '', #1394 ) ;
#5968 = ADVANCED_FACE ( 'NONE', ( #1774 ), #4469, .T. ) ;
#5969 =( NAMED_UNIT ( * ) SI_UNIT ( $, .STERADIAN. ) SOLID_ANGLE_UNIT ( ) );
#5970 = LINE ( 'NONE', #10809, #4277 ) ;
#5971 = EDGE_CURVE ( 'NONE', #8306, #152, #7803, .T. ) ;
#5972 = CIRCLE ( 'NONE', #5556, 0.5000000000000006700 ) ;
#5973 = EDGE_CURVE ( 'NONE', #10270, #7769, #4681, .T. ) ;
#5974 = DIRECTION ( 'NONE',  ( 8.202002250481357500E-017, -1.000000000000000000, -0.0000000000000000000 ) ) ;
#5975 = SURFACE_SIDE_STYLE ('',( #5238 ) ) ;
#5976 = VECTOR ( 'NONE', #1802, 1000.000000000000000 ) ;
#5977 = VECTOR ( 'NONE', #1637, 1000.000000000000000 ) ;
#5978 = DIRECTION ( 'NONE',  ( 8.202002250481357500E-017, -1.000000000000000000, -0.0000000000000000000 ) ) ;
#5979 = DIRECTION ( 'NONE',  ( 0.0000000000000000000, 0.0000000000000000000, 1.000000000000000000 ) ) ;
#5980 = FACE_OUTER_BOUND ( 'NONE', #2509, .T. ) ;
#5981 = ADVANCED_FACE ( 'NONE', ( #3757 ), #8593, .T. ) ;
#5982 = DIRECTION ( 'NONE',  ( 0.7071067811865482400, -0.7071067811865469100, -0.0000000000000000000 ) ) ;
#5983 = CARTESIAN_POINT ( 'NONE',  ( -16.79644660940671800, -20.79644660940673600, 10.00000000000000000 ) ) ;
#5985 = VECTOR ( 'NONE', #5625, 1000.000000000000000 ) ;
#5984 = DIRECTION ( 'NONE',  ( 0.0000000000000000000, 0.0000000000000000000, -1.000000000000000000 ) ) ;
#5986 = LINE ( 'NONE', #7439, #3754 ) ;
#5987 = DIRECTION ( 'NONE',  ( 0.0000000000000000000, -1.000000000000000000, 0.0000000000000000000 ) ) ;
#5988 = UNCERTAINTY_MEASURE_WITH_UNIT (LENGTH_MEASURE( 1.000000000000000100E-005 ), #684, 'distance_accuracy_value', 'NONE');
#5989 = CIRCLE ( 'NONE', #1269, 25.00000000000000000 ) ;
#5990 = CIRCLE ( 'NONE', #3061, 20.00000000000000000 ) ;
#5991 = DIRECTION ( 'NONE',  ( 1.000000000000000000, 0.0000000000000000000, 0.0000000000000000000 ) ) ;
#5992 = ORIENTED_EDGE ( 'NONE', *, *, #5560, .T. ) ;
#5993 = EDGE_CURVE ( 'NONE', #2079, #8419, #7679, .T. ) ;
#5994 = AXIS2_PLACEMENT_3D ( 'NONE', #9879, #6458, #7336 ) ;
#5995 = CIRCLE ( 'NONE', #6396, 25.00000000000000000 ) ;
#5996 = CARTESIAN_POINT ( 'NONE',  ( 1.339045298307557800, -39.15000000000000600, -23.90028382492287700 ) ) ;
#5997 = FACE_OUTER_BOUND ( 'NONE', #3570, .T. ) ;
#5998 = CARTESIAN_POINT ( 'NONE',  ( -16.80716972541453200, 15.98624964825021900, -28.49999999999999600 ) ) ;
#5999 =( NAMED_UNIT ( * ) SI_UNIT ( $, .STERADIAN. ) SOLID_ANGLE_UNIT ( ) );
#6000 = FILL_AREA_STYLE ('',( #5186 ) ) ;
#6001 = LINE ( 'NONE', #1194, #7583 ) ;
#6002 = PRESENTATION_STYLE_ASSIGNMENT (( #9326 ) ) ;
#6003 = PLANE ( 'NONE',  #2077 ) ;
#6004 = MECHANICAL_DESIGN_GEOMETRIC_PRESENTATION_REPRESENTATION (  '', ( #3547 ), #2208 ) ;
#6005 = AXIS2_PLACEMENT_3D ( 'NONE', #9131, #4198, #4118 ) ;
#6006 = SURFACE_STYLE_FILL_AREA ( #5323 ) ;
#6008 = AXIS2_PLACEMENT_3D ( 'NONE', #3881, #1476, #7254 ) ;
#6007 = CARTESIAN_POINT ( 'NONE',  ( 0.0000000000000000000, 0.0000000000000000000, -26.99999999999999600 ) ) ;
#6009 = ORIENTED_EDGE ( 'NONE', *, *, #5822, .T. ) ;
#6010 = CIRCLE ( 'NONE', #7971, 0.5000000000000004400 ) ;
#6011 =( LENGTH_UNIT ( ) NAMED_UNIT ( * ) SI_UNIT ( .MILLI., .METRE. ) );
#6012 = PRESENTATION_LAYER_ASSIGNMENT (  '', '', ( #5475 ) ) ;
#6013 = DIRECTION ( 'NONE',  ( -0.0000000000000000000, -0.0000000000000000000, 1.000000000000000000 ) ) ;
#6014 = EDGE_CURVE ( 'NONE', #2504, #6165, #5610, .T. ) ;
#6015 = ADVANCED_FACE ( 'NONE', ( #5980 ), #487, .T. ) ;
#6016 = VECTOR ( 'NONE', #4496, 1000.000000000000000 ) ;
#6017 = VECTOR ( 'NONE', #7088, 1000.000000000000000 ) ;
#6018 = AXIS2_PLACEMENT_3D ( 'NONE', #9234, #3307, #5799 ) ;
#6019 = EDGE_CURVE ( 'NONE', #4049, #2762, #4540, .T. ) ;
#6020 = ORIENTED_EDGE ( 'NONE', *, *, #4023, .T. ) ;
#6021 = LINE ( 'NONE', #8145, #8631 ) ;
#6022 = DIRECTION ( 'NONE',  ( 4.542762141924042900E-015, 1.000000000000000000, -0.0000000000000000000 ) ) ;
#6023 = AXIS2_PLACEMENT_3D ( 'NONE', #9001, #6514, #2289 ) ;
#6024 = CARTESIAN_POINT ( 'NONE',  ( -16.94289321881344200, -21.15000000000000600, 2.000000000000000000 ) ) ;
#6025 = STYLED_ITEM ( 'NONE', ( #7265 ), #3438 ) ;
#6026 = ADVANCED_FACE ( 'NONE', ( #1498 ), #2959, .T. ) ;
#6027 = EDGE_CURVE ( 'NONE', #4602, #10277, #2565, .T. ) ;
#6028 = ORIENTED_EDGE ( 'NONE', *, *, #2803, .F. ) ;
#6029 = ORIENTED_EDGE ( 'NONE', *, *, #3951, .T. ) ;
#6030 = DIRECTION ( 'NONE',  ( 0.0000000000000000000, 0.0000000000000000000, -1.000000000000000000 ) ) ;
#6031 = DIRECTION ( 'NONE',  ( 0.0000000000000000000, 0.0000000000000000000, -1.000000000000000000 ) ) ;
#6032 = ORIENTED_EDGE ( 'NONE', *, *, #7101, .T. ) ;
#6033 = PLANE ( 'NONE',  #6651 ) ;
#6034 = CARTESIAN_POINT ( 'NONE',  ( -20.64999999999999500, -16.94289321881345600, -28.49999999999999600 ) ) ;
#6035 = DIRECTION ( 'NONE',  ( 1.000000000000000000, 0.0000000000000000000, 0.0000000000000000000 ) ) ;
#6036 = VERTEX_POINT ( 'NONE', #6406 ) ;
#6037 = AXIS2_PLACEMENT_3D ( 'NONE', #1499, #7318, #9214 ) ;
#6038 = DIRECTION ( 'NONE',  ( -0.0000000000000000000, -0.0000000000000000000, -1.000000000000000000 ) ) ;
#6039 = ORIENTED_EDGE ( 'NONE', *, *, #1861, .T. ) ;
#6040 = ORIENTED_EDGE ( 'NONE', *, *, #8700, .T. ) ;
#6041 = AXIS2_PLACEMENT_3D ( 'NONE', #2401, #6622, #9101 ) ;
#6042 = CARTESIAN_POINT ( 'NONE',  ( 0.5999999999999996400, -18.15000000000000600, -29.65000000000000200 ) ) ;
#6043 = ORIENTED_EDGE ( 'NONE', *, *, #9042, .T. ) ;
#6044 = CARTESIAN_POINT ( 'NONE',  ( 16.94289321881341300, 20.64999999999999900, -28.49999999999999600 ) ) ;
#6045 = VERTEX_POINT ( 'NONE', #5515 ) ;
#6046 = ADVANCED_FACE ( 'NONE', ( #3477 ), #6374, .T. ) ;
#6047 =( NAMED_UNIT ( * ) SI_UNIT ( $, .STERADIAN. ) SOLID_ANGLE_UNIT ( ) );
#6048 = EDGE_CURVE ( 'NONE', #4119, #10638, #7668, .T. ) ;
#6049 = FACE_OUTER_BOUND ( 'NONE', #7485, .T. ) ;
#6050 = CARTESIAN_POINT ( 'NONE',  ( 0.0000000000000000000, 0.0000000000000000000, -25.99999999999999600 ) ) ;
#6051 = CARTESIAN_POINT ( 'NONE',  ( 0.5999999999999996400, -39.15000000000002000, -30.15000000000000200 ) ) ;
#6052 = CARTESIAN_POINT ( 'NONE',  ( -10.49999999999999800, 1.285879139104720600E-015, 11.50000000000000000 ) ) ;
#6053 = ORIENTED_EDGE ( 'NONE', *, *, #9769, .T. ) ;
#6054 = DIRECTION ( 'NONE',  ( -0.0000000000000000000, -0.0000000000000000000, 1.000000000000000000 ) ) ;
#6055 = EDGE_CURVE ( 'NONE', #8435, #3289, #2689, .T. ) ;
#6056 = LINE ( 'NONE', #654, #1584 ) ;
#6057 = ORIENTED_EDGE ( 'NONE', *, *, #4106, .F. ) ;
#6058 = CARTESIAN_POINT ( 'NONE',  ( -2.616151791541900800, -21.25000000000000700, -4.341649960993328200E-016 ) ) ;
#6059 = CARTESIAN_POINT ( 'NONE',  ( 15.96497596850902000, -16.74998035735574600, -26.99999999999999600 ) ) ;
#6060 = VERTEX_POINT ( 'NONE', #2149 ) ;
#6061 = EDGE_LOOP ( 'NONE', ( #4463, #7697, #5658, #3092 ) ) ;
#6062 = FACE_OUTER_BOUND ( 'NONE', #9269, .T. ) ;
#6063 = ORIENTED_EDGE ( 'NONE', *, *, #9197, .F. ) ;
#6064 = DIRECTION ( 'NONE',  ( -0.0000000000000000000, -0.0000000000000000000, -1.000000000000000000 ) ) ;
#6065 = CARTESIAN_POINT ( 'NONE',  ( 15.50000000000000000, 15.50000000000000000, 5.500000000000000000 ) ) ;
#6066 =( NAMED_UNIT ( * ) SI_UNIT ( $, .STERADIAN. ) SOLID_ANGLE_UNIT ( ) );
#6067 = EDGE_LOOP ( 'NONE', ( #1819, #7507, #9555, #8819 ) ) ;
#6068 = ORIENTED_EDGE ( 'NONE', *, *, #9271, .F. ) ;
#6069 = CARTESIAN_POINT ( 'NONE',  ( 2.999999999999979600, -18.15000000000000600, -28.99999999999999600 ) ) ;
#6070 = AXIS2_PLACEMENT_3D ( 'NONE', #4067, #4101, #9899 ) ;
#6071 =( NAMED_UNIT ( * ) SI_UNIT ( $, .STERADIAN. ) SOLID_ANGLE_UNIT ( ) );
#6072 = AXIS2_PLACEMENT_3D ( 'NONE', #5440, #6368, #3838 ) ;
#6073 = DIRECTION ( 'NONE',  ( 1.000000000000000000, 0.0000000000000000000, 0.0000000000000000000 ) ) ;
#6074 = ORIENTED_EDGE ( 'NONE', *, *, #2454, .T. ) ;
#6076 = VERTEX_POINT ( 'NONE', #8861 ) ;
#6075 = DIRECTION ( 'NONE',  ( 0.0000000000000000000, 0.0000000000000000000, 1.000000000000000000 ) ) ;
#6077 = VECTOR ( 'NONE', #6361, 1000.000000000000000 ) ;
#6078 = CARTESIAN_POINT ( 'NONE',  ( -1.800000000000000300, -18.15000000000000600, -30.15000000000000200 ) ) ;
#6079 = EDGE_LOOP ( 'NONE', ( #206, #3324, #9692, #2756 ) ) ;
#6080 = ADVANCED_FACE ( 'NONE', ( #969 ), #3748, .F. ) ;
#6081 = PLANE ( 'NONE',  #4902 ) ;
#6082 = AXIS2_PLACEMENT_3D ( 'NONE', #302, #4237, #3090 ) ;
#6083 = DIRECTION ( 'NONE',  ( -0.7423134210256130400, 0.0000000000000000000, -0.6700528225186809200 ) ) ;
#6084 = EDGE_CURVE ( 'NONE', #3937, #2527, #8333, .T. ) ;
#6085 = ORIENTED_EDGE ( 'NONE', *, *, #1811, .F. ) ;
#6086 = CYLINDRICAL_SURFACE ( 'NONE', #10268, 0.5000000000000004400 ) ;
#6087 = DIRECTION ( 'NONE',  ( 0.0000000000000000000, -1.000000000000000000, 0.0000000000000000000 ) ) ;
#6088 = AXIS2_PLACEMENT_3D ( 'NONE', #1218, #4662, #7113 ) ;
#6089 = CARTESIAN_POINT ( 'NONE',  ( 12.74999999999912200, -15.50000000000000200, -26.99999999999999600 ) ) ;
#6090 = FACE_OUTER_BOUND ( 'NONE', #2510, .T. ) ;
#6091 = AXIS2_PLACEMENT_3D ( 'NONE', #7659, #1929, #2748 ) ;
#6092 = EDGE_CURVE ( 'NONE', #7653, #5833, #8205, .T. ) ;
#6093 = CYLINDRICAL_SURFACE ( 'NONE', #3497, 0.5000000000000004400 ) ;
#6094 = EDGE_LOOP ( 'NONE', ( #9507, #8082 ) ) ;
#6095 = ADVANCED_FACE ( 'NONE', ( #4947 ), #10509, .F. ) ;
#6096 = SURFACE_STYLE_FILL_AREA ( #2508 ) ;
#6097 = AXIS2_PLACEMENT_3D ( 'NONE', #9940, #5696, #6570 ) ;
#6098 = DIRECTION ( 'NONE',  ( 0.0000000000000000000, -0.0000000000000000000, -1.000000000000000000 ) ) ;
#6099 = FACE_OUTER_BOUND ( 'NONE', #8304, .T. ) ;
#6100 = CARTESIAN_POINT ( 'NONE',  ( 13.31369220013742600, 21.16000000000000000, -20.99999999999999600 ) ) ;
#6101 = LINE ( 'NONE', #5983, #10393 ) ;
#6102 = UNCERTAINTY_MEASURE_WITH_UNIT (LENGTH_MEASURE( 1.000000000000000100E-005 ), #3268, 'distance_accuracy_value', 'NONE');
#6103 = EDGE_CURVE ( 'NONE', #8532, #8136, #5473, .T. ) ;
#6104 = CIRCLE ( 'NONE', #275, 0.5000000000000004400 ) ;
#6105 = DIRECTION ( 'NONE',  ( 0.0000000000000000000, 0.0000000000000000000, 1.000000000000000000 ) ) ;
#6106 = LINE ( 'NONE', #8772, #1776 ) ;
#6107 = CARTESIAN_POINT ( 'NONE',  ( 3.599999999999998800, -19.15000000000000600, -26.49999999999999600 ) ) ;
#6108 = DIRECTION ( 'NONE',  ( -0.0000000000000000000, -0.0000000000000000000, -1.000000000000000000 ) ) ;
#6109 = EDGE_LOOP ( 'NONE', ( #1703, #7856, #10454, #2745 ) ) ;
#6110 = FACE_OUTER_BOUND ( 'NONE', #10729, .T. ) ;
#6111 = UNCERTAINTY_MEASURE_WITH_UNIT (LENGTH_MEASURE( 1.000000000000000100E-005 ), #3734, 'distance_accuracy_value', 'NONE');
#6112 = CARTESIAN_POINT ( 'NONE',  ( 15.98624964824874800, 15.96497596851013900, -26.99999999999999600 ) ) ;
#6113 = VECTOR ( 'NONE', #5660, 1000.000000000000000 ) ;
#6114 = SURFACE_SIDE_STYLE ('',( #2179 ) ) ;
#6115 = VERTEX_POINT ( 'NONE', #9646 ) ;
#6116 = LINE ( 'NONE', #9824, #10279 ) ;
#6117 = ORIENTED_EDGE ( 'NONE', *, *, #8305, .T. ) ;
#6118 = CARTESIAN_POINT ( 'NONE',  ( 15.50000000000000000, 15.50000000000000000, -26.99999999999999600 ) ) ;
#6119 = CARTESIAN_POINT ( 'NONE',  ( 0.0000000000000000000, 0.0000000000000000000, 11.50000000000000000 ) ) ;
#6120 = VECTOR ( 'NONE', #8521, 1000.000000000000000 ) ;
#6121 = DIRECTION ( 'NONE',  ( 0.0000000000000000000, 0.0000000000000000000, 1.000000000000000000 ) ) ;
#6122 = CARTESIAN_POINT ( 'NONE',  ( -18.79644660940673300, 18.79644660940669700, -28.49999999999999600 ) ) ;
#6123 = DIRECTION ( 'NONE',  ( -9.085524283848065300E-015, -1.000000000000000000, -0.0000000000000000000 ) ) ;
#6124 = CIRCLE ( 'NONE', #6228, 0.5000000000000004400 ) ;
#6125 = LINE ( 'NONE', #621, #5882 ) ;
#6126 = AXIS2_PLACEMENT_3D ( 'NONE', #8085, #6449, #1406 ) ;
#6127 = EDGE_LOOP ( 'NONE', ( #667, #3524, #2233, #5867 ) ) ;
#6128 = ADVANCED_FACE ( 'NONE', ( #310 ), #7162, .T. ) ;
#6129 = MECHANICAL_DESIGN_GEOMETRIC_PRESENTATION_REPRESENTATION (  '', ( #3890 ), #8385 ) ;
#6130 = CARTESIAN_POINT ( 'NONE',  ( -15.01375035175307500, -15.03502403148862900, -28.49999999999999600 ) ) ;
#6131 = DIRECTION ( 'NONE',  ( -1.000000000000000000, 6.179303022933785000E-015, -0.0000000000000000000 ) ) ;
#6132 =( LENGTH_UNIT ( ) NAMED_UNIT ( * ) SI_UNIT ( .MILLI., .METRE. ) );
#6133 = DIRECTION ( 'NONE',  ( 1.000000000000000000, 0.0000000000000000000, 0.0000000000000000000 ) ) ;
#6134 = VERTEX_POINT ( 'NONE', #4028 ) ;
#6135 = CIRCLE ( 'NONE', #5198, 20.00000000000000000 ) ;
#6136 = DIRECTION ( 'NONE',  ( 0.0000000000000000000, 1.000000000000000000, 0.0000000000000000000 ) ) ;
#6137 = DIRECTION ( 'NONE',  ( 4.542762141924073600E-015, 1.000000000000000000, 0.0000000000000000000 ) ) ;
#6138 = DIRECTION ( 'NONE',  ( 0.0000000000000000000, 0.0000000000000000000, 1.000000000000000000 ) ) ;
#6139 = AXIS2_PLACEMENT_3D ( 'NONE', #9983, #5772, #9946 ) ;
#6140 = AXIS2_PLACEMENT_3D ( 'NONE', #2387, #9086, #3191 ) ;
#6141 = ADVANCED_FACE ( 'NONE', ( #7928 ), #8311, .T. ) ;
#6142 = FILL_AREA_STYLE_COLOUR ( '', #4694 ) ;
#6143 = DIRECTION ( 'NONE',  ( -0.0000000000000000000, 1.000000000000000000, -0.0000000000000000000 ) ) ;
#6144 = COLOUR_RGB ( '',0.2509803921568627400, 0.2509803921568627400, 0.2509803921568627400 ) ;
#6145 = SURFACE_STYLE_USAGE ( .BOTH. , #1925 ) ;
#6146 = VERTEX_POINT ( 'NONE', #9971 ) ;
#6147 = ORIENTED_EDGE ( 'NONE', *, *, #6352, .T. ) ;
#6148 = SURFACE_STYLE_USAGE ( .BOTH. , #6316 ) ;
#6149 = VECTOR ( 'NONE', #10585, 1000.000000000000000 ) ;
#6150 = EDGE_CURVE ( 'NONE', #7604, #8117, #5463, .T. ) ;
#6151 = ORIENTED_EDGE ( 'NONE', *, *, #5638, .T. ) ;
#6152 = FILL_AREA_STYLE_COLOUR ( '', #4045 ) ;
#6153 = EDGE_LOOP ( 'NONE', ( #6563, #9546, #2224, #3947 ) ) ;
#6154 = AXIS2_PLACEMENT_3D ( 'NONE', #3744, #3629, #6190 ) ;
#6155 = CARTESIAN_POINT ( 'NONE',  ( 0.0000000000000000000, 0.0000000000000000000, 34.00000000000000000 ) ) ;
#6156 = ORIENTED_EDGE ( 'NONE', *, *, #4085, .T. ) ;
#6157 = EDGE_LOOP ( 'NONE', ( #8131, #2836, #8854, #7881, #8285, #102, #8675, #1392 ) ) ;
#6158 = ORIENTED_EDGE ( 'NONE', *, *, #8624, .F. ) ;
#6159 = SURFACE_STYLE_USAGE ( .BOTH. , #5272 ) ;
#6160 = ORIENTED_EDGE ( 'NONE', *, *, #2590, .F. ) ;
#6161 = ORIENTED_EDGE ( 'NONE', *, *, #4557, .T. ) ;
#6162 = ORIENTED_EDGE ( 'NONE', *, *, #6935, .T. ) ;
#6163 = PRESENTATION_LAYER_ASSIGNMENT (  '', '', ( #10487 ) ) ;
#6164 = FACE_OUTER_BOUND ( 'NONE', #629, .T. ) ;
#6165 = VERTEX_POINT ( 'NONE', #10777 ) ;
#6166 = EDGE_CURVE ( 'NONE', #10083, #4740, #4803, .T. ) ;
#6167 = EDGE_LOOP ( 'NONE', ( #6857, #5532, #8273, #5274 ) ) ;
#6168 = EDGE_CURVE ( 'NONE', #6438, #6036, #6502, .T. ) ;
#6169 = SURFACE_STYLE_USAGE ( .BOTH. , #2805 ) ;
#6170 = DIRECTION ( 'NONE',  ( 1.000000000000000000, 0.0000000000000000000, 0.0000000000000000000 ) ) ;
#6171 = ORIENTED_EDGE ( 'NONE', *, *, #6638, .T. ) ;
#6172 = CARTESIAN_POINT ( 'NONE',  ( -20.64999999999999500, -16.94289321881345600, -28.49999999999999600 ) ) ;
#6173 = CYLINDRICAL_SURFACE ( 'NONE', #9570, 0.5000000000000004400 ) ;
#6174 = EDGE_LOOP ( 'NONE', ( #1821, #4488, #4890, #7424 ) ) ;
#6175 = PLANE ( 'NONE',  #5765 ) ;
#6176 = DIRECTION ( 'NONE',  ( 0.0000000000000000000, 0.0000000000000000000, -1.000000000000000000 ) ) ;
#6177 = FILL_AREA_STYLE_COLOUR ( '', #10300 ) ;
#6178 = ORIENTED_EDGE ( 'NONE', *, *, #4861, .T. ) ;
#6179 = SURFACE_SIDE_STYLE ('',( #9494 ) ) ;
#6180 = CARTESIAN_POINT ( 'NONE',  ( 16.80716972541264600, -15.98624964824928800, -26.99999999999999600 ) ) ;
#6181 = CARTESIAN_POINT ( 'NONE',  ( 15.50000000000000000, 15.50000000000000000, 10.00000000000000000 ) ) ;
#6182 = ADVANCED_FACE ( 'NONE', ( #846 ), #10020, .F. ) ;
#6183 = CARTESIAN_POINT ( 'NONE',  ( 2.583848208458102500, -21.25000000000000700, -22.62528041072263800 ) ) ;
#6184 = DIRECTION ( 'NONE',  ( 0.0000000000000000000, -1.000000000000000000, 0.0000000000000000000 ) ) ;
#6185 = EDGE_LOOP ( 'NONE', ( #4766, #2095, #2885, #2247 ) ) ;
#6186 = DIRECTION ( 'NONE',  ( -0.0000000000000000000, 1.000000000000000000, -0.0000000000000000000 ) ) ;
#6187 = ORIENTED_EDGE ( 'NONE', *, *, #3224, .T. ) ;
#6188 = ORIENTED_EDGE ( 'NONE', *, *, #6410, .T. ) ;
#6189 = ORIENTED_EDGE ( 'NONE', *, *, #1012, .T. ) ;
#6190 = DIRECTION ( 'NONE',  ( 0.0000000000000000000, 0.0000000000000000000, -1.000000000000000000 ) ) ;
#6191 = CARTESIAN_POINT ( 'NONE',  ( 12.74999999999912200, -15.50000000000000200, -26.99999999999999600 ) ) ;
#6192 = CARTESIAN_POINT ( 'NONE',  ( -15.96497596851090600, 15.98624964825022900, -26.99999999999999600 ) ) ;
#6193 = EDGE_CURVE ( 'NONE', #6724, #7259, #10259, .T. ) ;
#6194 = DIRECTION ( 'NONE',  ( 1.224646799147353200E-016, 1.000000000000000000, -0.0000000000000000000 ) ) ;
#6195 =( NAMED_UNIT ( * ) PLANE_ANGLE_UNIT ( ) SI_UNIT ( $, .RADIAN. ) );
#6196 = VERTEX_POINT ( 'NONE', #3189 ) ;
#6197 = AXIS2_PLACEMENT_3D ( 'NONE', #4901, #3209, #3247 ) ;
#6198 = FACE_OUTER_BOUND ( 'NONE', #1954, .T. ) ;
#6199 = ORIENTED_EDGE ( 'NONE', *, *, #1732, .T. ) ;
#6200 = CARTESIAN_POINT ( 'NONE',  ( -1.800000000000000300, -39.15000000000002000, -29.65000000000000200 ) ) ;
#6201 = CARTESIAN_POINT ( 'NONE',  ( 1.799999999999999400, -39.15000000000002000, -31.35000000000000100 ) ) ;
#6202 = VECTOR ( 'NONE', #9961, 1000.000000000000000 ) ;
#6203 = ADVANCED_FACE ( 'NONE', ( #9880 ), #7149, .F. ) ;
#6204 = ORIENTED_EDGE ( 'NONE', *, *, #9329, .F. ) ;
#6205 = SPHERICAL_SURFACE ( 'NONE', #4007, 0.5000000000000000000 ) ;
#6206 = ORIENTED_EDGE ( 'NONE', *, *, #5170, .F. ) ;
#6207 = CARTESIAN_POINT ( 'NONE',  ( -16.74999999999999300, 15.50000000000000000, 5.500000000000000000 ) ) ;
#6208 = DIRECTION ( 'NONE',  ( 1.000000000000000000, 0.0000000000000000000, 0.0000000000000000000 ) ) ;
#6209 = ORIENTED_EDGE ( 'NONE', *, *, #7764, .F. ) ;
#6210 = STYLED_ITEM ( 'NONE', ( #3134 ), #7077 ) ;
#6211 = CARTESIAN_POINT ( 'NONE',  ( 0.0000000000000000000, 0.0000000000000000000, -25.99999999999999600 ) ) ;
#6212 = FACE_OUTER_BOUND ( 'NONE', #10453, .T. ) ;
#6213 = PRESENTATION_LAYER_ASSIGNMENT (  '', '', ( #6784 ) ) ;
#6214 = FACE_OUTER_BOUND ( 'NONE', #1572, .T. ) ;
#6215 =( GEOMETRIC_REPRESENTATION_CONTEXT ( 3 ) GLOBAL_UNCERTAINTY_ASSIGNED_CONTEXT ( ( #8735 ) ) GLOBAL_UNIT_ASSIGNED_CONTEXT ( ( #7867, #1185, #7074 ) ) REPRESENTATION_CONTEXT ( 'NONE', 'WORKASPACE' ) );
#6216 = SURFACE_STYLE_FILL_AREA ( #6663 ) ;
#6217 = CARTESIAN_POINT ( 'NONE',  ( -17.29644660940670400, 21.00355339059327500, -19.00000000000000000 ) ) ;
#6218 = SURFACE_STYLE_USAGE ( .BOTH. , #1883 ) ;
#6219 =( GEOMETRIC_REPRESENTATION_CONTEXT ( 3 ) GLOBAL_UNCERTAINTY_ASSIGNED_CONTEXT ( ( #117 ) ) GLOBAL_UNIT_ASSIGNED_CONTEXT ( ( #615, #7421, #4868 ) ) REPRESENTATION_CONTEXT ( 'NONE', 'WORKASPACE' ) );
#6220 = CARTESIAN_POINT ( 'NONE',  ( 15.49999999999912400, -15.50000000000000200, -26.99999999999999600 ) ) ;
#6221 = EDGE_CURVE ( 'NONE', #9212, #8376, #9247, .T. ) ;
#6222 = VERTEX_POINT ( 'NONE', #8230 ) ;
#6223 = CARTESIAN_POINT ( 'NONE',  ( 20.64999999999999900, 16.94289321881343100, 9.500000000000000000 ) ) ;
#6224 = DIRECTION ( 'NONE',  ( -1.000000000000000000, 0.0000000000000000000, 0.0000000000000000000 ) ) ;
#6225 = PLANE ( 'NONE',  #10615 ) ;
#6226 = DIRECTION ( 'NONE',  ( 0.0000000000000000000, 0.0000000000000000000, -1.000000000000000000 ) ) ;
#6227 = LINE ( 'NONE', #3454, #7020 ) ;
#6228 = AXIS2_PLACEMENT_3D ( 'NONE', #9772, #4783, #6348 ) ;
#6229 = SURFACE_STYLE_USAGE ( .BOTH. , #8717 ) ;
#6230 = EDGE_CURVE ( 'NONE', #8650, #7727, #5722, .T. ) ;
#6231 = CARTESIAN_POINT ( 'NONE',  ( 2.799999999999999800, 3.429011037612588800E-016, -26.99999999999999600 ) ) ;
#6232 = AXIS2_PLACEMENT_3D ( 'NONE', #8626, #3610, #8590 ) ;
#6233 =( NAMED_UNIT ( * ) PLANE_ANGLE_UNIT ( ) SI_UNIT ( $, .RADIAN. ) );
#6234 = CARTESIAN_POINT ( 'NONE',  ( -15.01375035175305900, -16.80716972541313200, -28.49999999999999600 ) ) ;
#6235 = DIRECTION ( 'NONE',  ( 1.000000000000000000, 8.202002250481357500E-017, 1.239088197126289900E-014 ) ) ;
#6236 = AXIS2_PLACEMENT_3D ( 'NONE', #971, #4405, #4372 ) ;
#6237 = DIRECTION ( 'NONE',  ( -0.0000000000000000000, 1.000000000000000000, -0.0000000000000000000 ) ) ;
#6238 = DIRECTION ( 'NONE',  ( 0.0000000000000000000, 0.0000000000000000000, -1.000000000000000000 ) ) ;
#6239 = EDGE_CURVE ( 'NONE', #1683, #4569, #699, .T. ) ;
#6240 = DIRECTION ( 'NONE',  ( -0.0000000000000000000, -0.0000000000000000000, 1.000000000000000000 ) ) ;
#6241 = CYLINDRICAL_SURFACE ( 'NONE', #4757, 0.5000000000000004400 ) ;
#6242 = PLANE ( 'NONE',  #4326 ) ;
#6243 = CARTESIAN_POINT ( 'NONE',  ( 15.01375035175125200, 15.03502403148986100, -28.49999999999999600 ) ) ;
#6244 = VECTOR ( 'NONE', #9741, 1000.000000000000100 ) ;
#6245 = LINE ( 'NONE', #7873, #8079 ) ;
#6246 = UNCERTAINTY_MEASURE_WITH_UNIT (LENGTH_MEASURE( 1.000000000000000100E-005 ), #4288, 'distance_accuracy_value', 'NONE');
#6247 = AXIS2_PLACEMENT_3D ( 'NONE', #6474, #3138, #7466 ) ;
#6248 = ADVANCED_FACE ( 'NONE', ( #10388 ), #7645, .F. ) ;
#6249 = PRESENTATION_LAYER_ASSIGNMENT (  '', '', ( #7380 ) ) ;
#6250 = VECTOR ( 'NONE', #8709, 1000.000000000000100 ) ;
#6251 =( NAMED_UNIT ( * ) SI_UNIT ( $, .STERADIAN. ) SOLID_ANGLE_UNIT ( ) );
#6252 = LINE ( 'NONE', #8726, #8074 ) ;
#6253 = DIRECTION ( 'NONE',  ( 0.0000000000000000000, 0.0000000000000000000, -1.000000000000000000 ) ) ;
#6254 = CIRCLE ( 'NONE', #4176, 11.00000000000000000 ) ;
#6255 =( NAMED_UNIT ( * ) PLANE_ANGLE_UNIT ( ) SI_UNIT ( $, .RADIAN. ) );
#6256 = FACE_OUTER_BOUND ( 'NONE', #5917, .T. ) ;
#6257 = EDGE_CURVE ( 'NONE', #9200, #9059, #7797, .T. ) ;
#6258 = CARTESIAN_POINT ( 'NONE',  ( -15.49999999999999600, 15.50000000000087400, -26.99999999999999600 ) ) ;
#6259 = CARTESIAN_POINT ( 'NONE',  ( 17.29644660940668600, 21.00355339059327500, -19.00000000000000000 ) ) ;
#6260 = CIRCLE ( 'NONE', #4279, 0.5000000000000004400 ) ;
#6261 = LINE ( 'NONE', #2295, #5366 ) ;
#6262 = ADVANCED_FACE ( 'NONE', ( #4934 ), #4255, .F. ) ;
#6263 = CYLINDRICAL_SURFACE ( 'NONE', #8807, 2.500000000000000000 ) ;
#6264 =( NAMED_UNIT ( * ) SI_UNIT ( $, .STERADIAN. ) SOLID_ANGLE_UNIT ( ) );
#6265 = COLOUR_RGB ( '',0.2509803921568627400, 0.2509803921568627400, 0.2509803921568627400 ) ;
#6266 = PLANE ( 'NONE',  #2635 ) ;
#6267 = LINE ( 'NONE', #3190, #8757 ) ;
#6268 = CARTESIAN_POINT ( 'NONE',  ( -21.00355339059326800, 17.29644660940670100, -28.49999999999999600 ) ) ;
#6269 = DIRECTION ( 'NONE',  ( -0.0000000000000000000, -1.000000000000000000, -0.0000000000000000000 ) ) ;
#6270 = EDGE_CURVE ( 'NONE', #4508, #6076, #5970, .T. ) ;
#6271 = CARTESIAN_POINT ( 'NONE',  ( -0.6000000000000003100, -39.15000000000002000, -29.65000000000000200 ) ) ;
#6272 = CARTESIAN_POINT ( 'NONE',  ( 16.74998035735527000, 15.96497596851043000, -28.49999999999999600 ) ) ;
#6273 = STYLED_ITEM ( 'NONE', ( #8208 ), #113 ) ;
#6274 = LINE ( 'NONE', #3125, #2189 ) ;
#6275 = VECTOR ( 'NONE', #1967, 1000.000000000000000 ) ;
#6276 = DIRECTION ( 'NONE',  ( 1.000000000000000000, 0.0000000000000000000, 0.0000000000000000000 ) ) ;
#6277 = SURFACE_SIDE_STYLE ('',( #5116 ) ) ;
#6278 = DIRECTION ( 'NONE',  ( -0.0000000000000000000, -0.0000000000000000000, -1.000000000000000000 ) ) ;
#6279 = ORIENTED_EDGE ( 'NONE', *, *, #5128, .F. ) ;
#6280 = LINE ( 'NONE', #7933, #999 ) ;
#6281 = CARTESIAN_POINT ( 'NONE',  ( 18.19999999999999900, 15.50000000000000000, -27.99999999999999600 ) ) ;
#6282 = VERTEX_POINT ( 'NONE', #892 ) ;
#6283 = CARTESIAN_POINT ( 'NONE',  ( -20.64999999999999500, 16.94289321881344900, 2.000000000000000000 ) ) ;
#6284 = CARTESIAN_POINT ( 'NONE',  ( -20.64999999999999500, -16.94289321881345600, -19.00000000000000000 ) ) ;
#6285 = DIRECTION ( 'NONE',  ( 1.000000000000000000, 0.0000000000000000000, 0.0000000000000000000 ) ) ;
#6286 = AXIS2_PLACEMENT_3D ( 'NONE', #4224, #10014, #6676 ) ;
#6287 = TOROIDAL_SURFACE ( 'NONE', #1054, 1.900000000000000600, 0.5000000000000000000 ) ;
#6288 = STYLED_ITEM ( 'NONE', ( #4193 ), #731 ) ;
#6289 = ORIENTED_EDGE ( 'NONE', *, *, #3489, .T. ) ;
#6290 = CARTESIAN_POINT ( 'NONE',  ( 15.50000000000000000, 15.50000000000000000, 5.500000000000000000 ) ) ;
#6291 = ORIENTED_EDGE ( 'NONE', *, *, #5493, .T. ) ;
#6292 = DIRECTION ( 'NONE',  ( 0.0000000000000000000, 0.0000000000000000000, 1.000000000000000000 ) ) ;
#6293 = FILL_AREA_STYLE ('',( #2248 ) ) ;
#6294 = LINE ( 'NONE', #4509, #2205 ) ;
#6295 = DIRECTION ( 'NONE',  ( -1.000000000000000000, 0.0000000000000000000, -0.0000000000000000000 ) ) ;
#6296 = SURFACE_SIDE_STYLE ('',( #6476 ) ) ;
#6297 = ORIENTED_EDGE ( 'NONE', *, *, #5299, .T. ) ;
#6298 = UNCERTAINTY_MEASURE_WITH_UNIT (LENGTH_MEASURE( 1.000000000000000100E-005 ), #1571, 'distance_accuracy_value', 'NONE');
#6299 = VERTEX_POINT ( 'NONE', #823 ) ;
#6300 =( GEOMETRIC_REPRESENTATION_CONTEXT ( 3 ) GLOBAL_UNCERTAINTY_ASSIGNED_CONTEXT ( ( #6532 ) ) GLOBAL_UNIT_ASSIGNED_CONTEXT ( ( #10113, #6820, #1633 ) ) REPRESENTATION_CONTEXT ( 'NONE', 'WORKASPACE' ) );
#6301 = EDGE_CURVE ( 'NONE', #9678, #4920, #3097, .T. ) ;
#6302 = FILL_AREA_STYLE ('',( #7970 ) ) ;
#6303 = ORIENTED_EDGE ( 'NONE', *, *, #9255, .F. ) ;
#6304 = VECTOR ( 'NONE', #1628, 1000.000000000000000 ) ;
#6305 = ORIENTED_EDGE ( 'NONE', *, *, #1936, .F. ) ;
#6306 = AXIS2_PLACEMENT_3D ( 'NONE', #8088, #8201, #8935 ) ;
#6307 = ORIENTED_EDGE ( 'NONE', *, *, #1242, .T. ) ;
#6308 = AXIS2_PLACEMENT_3D ( 'NONE', #4184, #3468, #6035 ) ;
#6309 = DIRECTION ( 'NONE',  ( -0.7071067811865510100, 0.7071067811865441300, 0.0000000000000000000 ) ) ;
#6310 = ORIENTED_EDGE ( 'NONE', *, *, #7386, .F. ) ;
#6311 = SURFACE_STYLE_FILL_AREA ( #7935 ) ;
#6312 = ORIENTED_EDGE ( 'NONE', *, *, #8719, .F. ) ;
#6313 = DIRECTION ( 'NONE',  ( 0.0000000000000000000, 0.0000000000000000000, -1.000000000000000000 ) ) ;
#6314 = ORIENTED_EDGE ( 'NONE', *, *, #668, .T. ) ;
#6315 =( GEOMETRIC_REPRESENTATION_CONTEXT ( 3 ) GLOBAL_UNCERTAINTY_ASSIGNED_CONTEXT ( ( #2558 ) ) GLOBAL_UNIT_ASSIGNED_CONTEXT ( ( #5346, #6195, #5383 ) ) REPRESENTATION_CONTEXT ( 'NONE', 'WORKASPACE' ) );
#6316 = SURFACE_SIDE_STYLE ('',( #7275 ) ) ;
#6317 = EDGE_CURVE ( 'NONE', #4740, #5037, #3470, .T. ) ;
#6318 = ORIENTED_EDGE ( 'NONE', *, *, #2735, .T. ) ;
#6319 = ORIENTED_EDGE ( 'NONE', *, *, #4956, .F. ) ;
#6320 = DIRECTION ( 'NONE',  ( 6.938893903907221300E-015, -1.000000000000000000, -0.0000000000000000000 ) ) ;
#6321 = DIRECTION ( 'NONE',  ( -0.0000000000000000000, -0.0000000000000000000, -1.000000000000000000 ) ) ;
#6322 = AXIS2_PLACEMENT_3D ( 'NONE', #9839, #9896, #4921 ) ;
#6323 = CIRCLE ( 'NONE', #7556, 2.750000000000000900 ) ;
#6324 = VERTEX_POINT ( 'NONE', #1661 ) ;
#6325 = MECHANICAL_DESIGN_GEOMETRIC_PRESENTATION_REPRESENTATION (  '', ( #6682 ), #5707 ) ;
#6326 = DIRECTION ( 'NONE',  ( 0.0000000000000000000, 0.0000000000000000000, 1.000000000000000000 ) ) ;
#6327 = VERTEX_POINT ( 'NONE', #9324 ) ;
#6328 = DIRECTION ( 'NONE',  ( -0.0000000000000000000, -0.0000000000000000000, 1.000000000000000000 ) ) ;
#6329 = ADVANCED_FACE ( 'NONE', ( #7662 ), #9360, .T. ) ;
#6330 = BREP_WITH_VOIDS ( 'NONE', #7709, ( #7955 ) );
#6331 = EDGE_CURVE ( 'NONE', #7779, #9912, #5601, .T. ) ;
#6333 = EDGE_LOOP ( 'NONE', ( #10457, #3266, #6705, #3659 ) ) ;
#6332 = CARTESIAN_POINT ( 'NONE',  ( -1.800000000000000700, -39.15000000000002000, -30.85000000000000100 ) ) ;
#6334 = DIRECTION ( 'NONE',  ( 1.000000000000000000, -1.334402673828314100E-014, 0.0000000000000000000 ) ) ;
#6335 = SURFACE_STYLE_USAGE ( .BOTH. , #8815 ) ;
#6336 = ORIENTED_EDGE ( 'NONE', *, *, #10427, .T. ) ;
#6338 = EDGE_LOOP ( 'NONE', ( #419, #1978, #776, #5239 ) ) ;
#6337 = CARTESIAN_POINT ( 'NONE',  ( 3.599999999999998800, -19.15000000000000600, -26.49999999999999600 ) ) ;
#6339 = ORIENTED_EDGE ( 'NONE', *, *, #2523, .T. ) ;
#6340 = ORIENTED_EDGE ( 'NONE', *, *, #1784, .T. ) ;
#6341 = DIRECTION ( 'NONE',  ( 0.0000000000000000000, 0.0000000000000000000, -1.000000000000000000 ) ) ;
#6342 = DIRECTION ( 'NONE',  ( 1.000000000000000000, 0.0000000000000000000, 0.0000000000000000000 ) ) ;
#6343 = DIRECTION ( 'NONE',  ( -1.008560160451632500E-016, 0.0000000000000000000, -1.000000000000000000 ) ) ;
#6344 = CARTESIAN_POINT ( 'NONE',  ( 18.74999999999999600, 15.50000000000000000, -28.49999999999999600 ) ) ;
#6345 = VERTEX_POINT ( 'NONE', #6100 ) ;
#6346 = TOROIDAL_SURFACE ( 'NONE', #6950, 3.249999999999997800, 0.5000000000000000000 ) ;
#6347 = ORIENTED_EDGE ( 'NONE', *, *, #9073, .F. ) ;
#6348 = DIRECTION ( 'NONE',  ( 1.000000000000000000, 0.0000000000000000000, 0.0000000000000000000 ) ) ;
#6349 = DIRECTION ( 'NONE',  ( -0.7071067811865510100, -0.7071067811865441300, 0.0000000000000000000 ) ) ;
#6350 = FACE_OUTER_BOUND ( 'NONE', #1953, .T. ) ;
#6351 = DIRECTION ( 'NONE',  ( 0.0000000000000000000, 0.0000000000000000000, -1.000000000000000000 ) ) ;
#6352 = EDGE_CURVE ( 'NONE', #8532, #7487, #10006, .T. ) ;
#6353 = AXIS2_PLACEMENT_3D ( 'NONE', #9336, #4367, #8572 ) ;
#6354 = DIRECTION ( 'NONE',  ( -8.202002250481356300E-017, 1.000000000000000000, 0.0000000000000000000 ) ) ;
#6355 = STYLED_ITEM ( 'NONE', ( #3391 ), #618 ) ;
#6356 = PRESENTATION_STYLE_ASSIGNMENT (( #7369 ) ) ;
#6357 = LINE ( 'NONE', #1062, #9987 ) ;
#6358 = DIRECTION ( 'NONE',  ( 0.0000000000000000000, 0.0000000000000000000, -1.000000000000000000 ) ) ;
#6359 = DIRECTION ( 'NONE',  ( 0.0000000000000000000, 0.0000000000000000000, 1.000000000000000000 ) ) ;
#6360 = LINE ( 'NONE', #7272, #4138 ) ;
#6361 = DIRECTION ( 'NONE',  ( -1.000000000000000000, -8.202002250481357500E-017, 0.0000000000000000000 ) ) ;
#6362 = TOROIDAL_SURFACE ( 'NONE', #4715, 15.50000000000000000, 0.5000000000000000000 ) ;
#6363 = CARTESIAN_POINT ( 'NONE',  ( 15.96497596850902500, -14.25001964264521200, -26.99999999999999600 ) ) ;
#6364 = AXIS2_PLACEMENT_3D ( 'NONE', #1341, #3089, #8944 ) ;
#6365 = CARTESIAN_POINT ( 'NONE',  ( -13.59999999999999600, 15.50000000000087400, -28.49999999999999600 ) ) ;
#6366 = ORIENTED_EDGE ( 'NONE', *, *, #6608, .F. ) ;
#6367 = FACE_OUTER_BOUND ( 'NONE', #6127, .T. ) ;
#6368 = DIRECTION ( 'NONE',  ( -0.0000000000000000000, -1.000000000000000000, -0.0000000000000000000 ) ) ;
#6369 = FACE_OUTER_BOUND ( 'NONE', #7808, .T. ) ;
#6370 = EDGE_CURVE ( 'NONE', #4090, #2542, #2549, .T. ) ;
#6371 = PRESENTATION_STYLE_ASSIGNMENT (( #2272 ) ) ;
#6372 = LINE ( 'NONE', #4669, #1763 ) ;
#6373 = ADVANCED_FACE ( 'NONE', ( #6490 ), #6033, .T. ) ;
#6374 = PLANE ( 'NONE',  #10449 ) ;
#6375 = DIRECTION ( 'NONE',  ( 1.000000000000000000, -0.0000000000000000000, -0.0000000000000000000 ) ) ;
#6376 = PLANE ( 'NONE',  #3142 ) ;
#6377 = CARTESIAN_POINT ( 'NONE',  ( 16.75000000000000000, 15.50000000000000000, 10.00000000000000000 ) ) ;
#6378 = DIRECTION ( 'NONE',  ( -0.0000000000000000000, -0.0000000000000000000, -1.000000000000000000 ) ) ;
#6379 = EDGE_CURVE ( 'NONE', #416, #3423, #4395, .T. ) ;
#6380 = AXIS2_PLACEMENT_3D ( 'NONE', #8797, #8760, #10445 ) ;
#6381 = CYLINDRICAL_SURFACE ( 'NONE', #2281, 0.5563334663949322000 ) ;
#6382 = ORIENTED_EDGE ( 'NONE', *, *, #2826, .T. ) ;
#6383 = DIRECTION ( 'NONE',  ( -0.0000000000000000000, 1.000000000000000000, 0.0000000000000000000 ) ) ;
#6384 = FILL_AREA_STYLE_COLOUR ( '', #4033 ) ;
#6385 = FACE_BOUND ( 'NONE', #3668, .T. ) ;
#6386 = DIRECTION ( 'NONE',  ( -0.0000000000000000000, -0.0000000000000000000, -1.000000000000000000 ) ) ;
#6387 = DIRECTION ( 'NONE',  ( 0.0000000000000000000, -0.0000000000000000000, -1.000000000000000000 ) ) ;
#6388 = DIRECTION ( 'NONE',  ( -0.0000000000000000000, -0.0000000000000000000, 1.000000000000000000 ) ) ;
#6389 = AXIS2_PLACEMENT_3D ( 'NONE', #2833, #9412, #8625 ) ;
#6390 = EDGE_CURVE ( 'NONE', #8508, #4245, #10376, .T. ) ;
#6391 =( NAMED_UNIT ( * ) SI_UNIT ( $, .STERADIAN. ) SOLID_ANGLE_UNIT ( ) );
#6392 = B_SPLINE_CURVE_WITH_KNOTS ( 'NONE', 3,
 ( #7601, #4314, #7638, #9282, #5139, #3462, #7571, #5959 ),
 .UNSPECIFIED., .F., .F.,
 ( 4, 2, 2, 4 ),
 ( 0.0000000000000000000, 0.0007972752717058508100, 0.001195912907558772900, 0.001594550543411694900 ),
 .UNSPECIFIED. ) ;
#6393 = FACE_OUTER_BOUND ( 'NONE', #2571, .T. ) ;
#6394 = VERTEX_POINT ( 'NONE', #8519 ) ;
#6395 = EDGE_LOOP ( 'NONE', ( #10316, #676, #3926 ) ) ;
#6396 = AXIS2_PLACEMENT_3D ( 'NONE', #8138, #4815, #640 ) ;
#6397 = PRESENTATION_LAYER_ASSIGNMENT (  '', '', ( #4501 ) ) ;
#6398 = DIRECTION ( 'NONE',  ( -0.0000000000000000000, 1.000000000000000000, -0.0000000000000000000 ) ) ;
#6399 = CARTESIAN_POINT ( 'NONE',  ( 16.94289321881341700, -20.65000000000000200, 9.500000000000000000 ) ) ;
#6400 = PRESENTATION_STYLE_ASSIGNMENT (( #1577 ) ) ;
#6401 = CARTESIAN_POINT ( 'NONE',  ( -3.516151791541894500, -21.25000000000000700, 0.0000000000000000000 ) ) ;
#6402 = FACE_OUTER_BOUND ( 'NONE', #10767, .T. ) ;
#6403 = LINE ( 'NONE', #3180, #8368 ) ;
#6404 = CIRCLE ( 'NONE', #10816, 0.5000000000000004400 ) ;
#6405 = VERTEX_POINT ( 'NONE', #9454 ) ;
#6406 = CARTESIAN_POINT ( 'NONE',  ( -16.94289321881344500, -20.65000000000000600, -28.99999999999999600 ) ) ;
#6407 = SURFACE_STYLE_USAGE ( .BOTH. , #9103 ) ;
#6408 = VECTOR ( 'NONE', #6237, 1000.000000000000000 ) ;
#6409 = ADVANCED_FACE ( 'NONE', ( #9747, #6212 ), #3645, .T. ) ;
#6410 = EDGE_CURVE ( 'NONE', #4299, #3541, #5069, .T. ) ;
#6411 =( NAMED_UNIT ( * ) SI_UNIT ( $, .STERADIAN. ) SOLID_ANGLE_UNIT ( ) );
#6412 = ORIENTED_EDGE ( 'NONE', *, *, #10373, .F. ) ;
#6413 = LINE ( 'NONE', #5839, #4723 ) ;
#6414 = EDGE_CURVE ( 'NONE', #9378, #7610, #4795, .T. ) ;
#6415 = CARTESIAN_POINT ( 'NONE',  ( -15.49999999999999600, 15.50000000000087400, -27.99999999999999600 ) ) ;
#6416 = PLANE ( 'NONE',  #9798 ) ;
#6417 = DIRECTION ( 'NONE',  ( 1.000000000000000000, 0.0000000000000000000, 0.0000000000000000000 ) ) ;
#6418 = CARTESIAN_POINT ( 'NONE',  ( 15.01375035175125200, 15.03502403148986100, -26.99999999999999600 ) ) ;
#6419 = ORIENTED_EDGE ( 'NONE', *, *, #10765, .F. ) ;
#6420 = EDGE_LOOP ( 'NONE', ( #916, #6178, #7401, #6632, #5953, #6468 ) ) ;
#6421 = LINE ( 'NONE', #6607, #6149 ) ;
#6422 = CARTESIAN_POINT ( 'NONE',  ( 0.5999999999999996400, -18.15000000000000600, -30.15000000000000200 ) ) ;
#6423 = EDGE_LOOP ( 'NONE', ( #5189, #10280, #7340, #10655 ) ) ;
#6424 = SURFACE_SIDE_STYLE ('',( #3797 ) ) ;
#6425 = ADVANCED_FACE ( 'NONE', ( #7009 ), #6879, .F. ) ;
#6426 = MECHANICAL_DESIGN_GEOMETRIC_PRESENTATION_REPRESENTATION (  '', ( #2500 ), #6985 ) ;
#6427 = VERTEX_POINT ( 'NONE', #209 ) ;
#6428 =( GEOMETRIC_REPRESENTATION_CONTEXT ( 3 ) GLOBAL_UNCERTAINTY_ASSIGNED_CONTEXT ( ( #10307 ) ) GLOBAL_UNIT_ASSIGNED_CONTEXT ( ( #407, #8030, #3021 ) ) REPRESENTATION_CONTEXT ( 'NONE', 'WORKASPACE' ) );
#6429 = SURFACE_SIDE_STYLE ('',( #4425 ) ) ;
#6430 =( NAMED_UNIT ( * ) SI_UNIT ( $, .STERADIAN. ) SOLID_ANGLE_UNIT ( ) );
#6431 = CARTESIAN_POINT ( 'NONE',  ( 0.0000000000000000000, 0.0000000000000000000, 11.50000000000000000 ) ) ;
#6432 = ORIENTED_EDGE ( 'NONE', *, *, #7177, .T. ) ;
#6433 = STYLED_ITEM ( 'NONE', ( #3472 ), #1782 ) ;
#6434 = ORIENTED_EDGE ( 'NONE', *, *, #9589, .T. ) ;
#6435 = VERTEX_POINT ( 'NONE', #4391 ) ;
#6436 = DIRECTION ( 'NONE',  ( -1.000000000000000000, 0.0000000000000000000, 0.0000000000000000000 ) ) ;
#6437 = VERTEX_POINT ( 'NONE', #10176 ) ;
#6438 = VERTEX_POINT ( 'NONE', #3536 ) ;
#6439 = VERTEX_POINT ( 'NONE', #10212 ) ;
#6440 = CIRCLE ( 'NONE', #8107, 2.749999999999997300 ) ;
#6441 = VERTEX_POINT ( 'NONE', #2730 ) ;
#6442 = ORIENTED_EDGE ( 'NONE', *, *, #2712, .F. ) ;
#6443 =( GEOMETRIC_REPRESENTATION_CONTEXT ( 3 ) GLOBAL_UNCERTAINTY_ASSIGNED_CONTEXT ( ( #10000 ) ) GLOBAL_UNIT_ASSIGNED_CONTEXT ( ( #4893, #5662, #7483 ) ) REPRESENTATION_CONTEXT ( 'NONE', 'WORKASPACE' ) );
#6444 = EDGE_CURVE ( 'NONE', #7534, #4250, #37, .T. ) ;
#6445 = CARTESIAN_POINT ( 'NONE',  ( 15.79874071779740400, 12.26375928220259400, -28.99999999999999600 ) ) ;
#6446 = ORIENTED_EDGE ( 'NONE', *, *, #3146, .F. ) ;
#6447 = AXIS2_PLACEMENT_3D ( 'NONE', #893, #3437, #4289 ) ;
#6448 = UNCERTAINTY_MEASURE_WITH_UNIT (LENGTH_MEASURE( 1.000000000000000100E-005 ), #8486, 'distance_accuracy_value', 'NONE');
#6449 = DIRECTION ( 'NONE',  ( -0.0000000000000000000, -0.0000000000000000000, -1.000000000000000000 ) ) ;
#6450 =( NAMED_UNIT ( * ) SI_UNIT ( $, .STERADIAN. ) SOLID_ANGLE_UNIT ( ) );
#6451 = DIRECTION ( 'NONE',  ( -0.0000000000000000000, -0.0000000000000000000, 1.000000000000000000 ) ) ;
#6452 = CARTESIAN_POINT ( 'NONE',  ( -21.00355339059326800, 17.29644660940672200, 10.00000000000000000 ) ) ;
#6453 = STYLED_ITEM ( 'NONE', ( #8456 ), #2800 ) ;
#6454 = ORIENTED_EDGE ( 'NONE', *, *, #2290, .F. ) ;
#6455 = EDGE_CURVE ( 'NONE', #4096, #6703, #4661, .T. ) ;
#6456 = VERTEX_POINT ( 'NONE', #8850 ) ;
#6457 = CARTESIAN_POINT ( 'NONE',  ( -15.96497596851090600, 15.98624964825022900, -26.99999999999999600 ) ) ;
#6458 = DIRECTION ( 'NONE',  ( 0.0000000000000000000, -1.000000000000000000, 0.0000000000000000000 ) ) ;
#6459 = CARTESIAN_POINT ( 'NONE',  ( 11.00000000000000000, 1.347111479062088400E-015, 10.00000000000000000 ) ) ;
#6460 = CARTESIAN_POINT ( 'NONE',  ( 13.31369220013742300, 21.15999999999999700, 4.000000000000003600 ) ) ;
#6461 = MECHANICAL_DESIGN_GEOMETRIC_PRESENTATION_REPRESENTATION (  '', ( #5901 ), #7581 ) ;
#6462 = UNCERTAINTY_MEASURE_WITH_UNIT (LENGTH_MEASURE( 1.000000000000000100E-005 ), #9163, 'distance_accuracy_value', 'NONE');
#6463 =( GEOMETRIC_REPRESENTATION_CONTEXT ( 3 ) GLOBAL_UNCERTAINTY_ASSIGNED_CONTEXT ( ( #2588 ) ) GLOBAL_UNIT_ASSIGNED_CONTEXT ( ( #9875, #5732, #10744 ) ) REPRESENTATION_CONTEXT ( 'NONE', 'WORKASPACE' ) );
#6464 = CYLINDRICAL_SURFACE ( 'NONE', #9068, 0.5000000000000004400 ) ;
#6465 = ORIENTED_EDGE ( 'NONE', *, *, #4354, .F. ) ;
#6466 = DIRECTION ( 'NONE',  ( 1.000000000000000000, 0.0000000000000000000, 0.0000000000000000000 ) ) ;
#6467 = ORIENTED_EDGE ( 'NONE', *, *, #6753, .F. ) ;
#6468 = ORIENTED_EDGE ( 'NONE', *, *, #9905, .T. ) ;
#6469 = FILL_AREA_STYLE_COLOUR ( '', #6881 ) ;
#6470 = CARTESIAN_POINT ( 'NONE',  ( 12.45525991511551000, -19.15000000000000600, -13.55425343703741200 ) ) ;
#6471 = EDGE_LOOP ( 'NONE', ( #5705, #7359, #9303, #3556, #2063 ) ) ;
#6472 = EDGE_CURVE ( 'NONE', #9549, #10355, #1621, .T. ) ;
#6473 = DIRECTION ( 'NONE',  ( -0.7071067811865469100, 0.7071067811865481300, 0.0000000000000000000 ) ) ;
#6474 = CARTESIAN_POINT ( 'NONE',  ( 15.50000000000000000, 15.50000000000000000, -28.49999999999999600 ) ) ;
#6475 = SURFACE_STYLE_USAGE ( .BOTH. , #7388 ) ;
#6476 = SURFACE_STYLE_FILL_AREA ( #4656 ) ;
#6477 = ORIENTED_EDGE ( 'NONE', *, *, #6935, .F. ) ;
#6478 = CARTESIAN_POINT ( 'NONE',  ( 3.000000000000023100, -18.15000000000000600, -32.50000000000000000 ) ) ;
#6479 = VECTOR ( 'NONE', #8480, 1000.000000000000000 ) ;
#6480 = ORIENTED_EDGE ( 'NONE', *, *, #2466, .F. ) ;
#6481 =( LENGTH_UNIT ( ) NAMED_UNIT ( * ) SI_UNIT ( .MILLI., .METRE. ) );
#6482 = VERTEX_POINT ( 'NONE', #10313 ) ;
#6483 = EDGE_CURVE ( 'NONE', #3924, #235, #2279, .T. ) ;
#6484 = FILL_AREA_STYLE ('',( #3769 ) ) ;
#6485 = ORIENTED_EDGE ( 'NONE', *, *, #2015, .F. ) ;
#6486 = DIRECTION ( 'NONE',  ( 0.0000000000000000000, 0.0000000000000000000, -1.000000000000000000 ) ) ;
#6487 = ADVANCED_FACE ( 'NONE', ( #5841 ), #4133, .T. ) ;
#6488 = CARTESIAN_POINT ( 'NONE',  ( -0.6000000000000006400, -39.15000000000002000, -31.85000000000000500 ) ) ;
#6489 = ORIENTED_EDGE ( 'NONE', *, *, #5279, .T. ) ;
#6490 = FACE_OUTER_BOUND ( 'NONE', #6420, .T. ) ;
#6491 = DIRECTION ( 'NONE',  ( -0.0000000000000000000, -0.0000000000000000000, 1.000000000000000000 ) ) ;
#6492 = FACE_OUTER_BOUND ( 'NONE', #7997, .T. ) ;
#6493 = LINE ( 'NONE', #807, #1750 ) ;
#6494 = TOROIDAL_SURFACE ( 'NONE', #6595, 3.249999999999997800, 0.5000000000000000000 ) ;
#6495 = PRESENTATION_STYLE_ASSIGNMENT (( #2982 ) ) ;
#6496 = FACE_BOUND ( 'NONE', #2392, .T. ) ;
#6497 = DIRECTION ( 'NONE',  ( -0.0000000000000000000, -0.0000000000000000000, -1.000000000000000000 ) ) ;
#6498 = DIRECTION ( 'NONE',  ( 0.0000000000000000000, 0.0000000000000000000, -1.000000000000000000 ) ) ;
#6499 = ORIENTED_EDGE ( 'NONE', *, *, #2290, .T. ) ;
#6500 = FILL_AREA_STYLE_COLOUR ( '', #609 ) ;
#6501 =( GEOMETRIC_REPRESENTATION_CONTEXT ( 3 ) GLOBAL_UNCERTAINTY_ASSIGNED_CONTEXT ( ( #861 ) ) GLOBAL_UNIT_ASSIGNED_CONTEXT ( ( #9536, #9469, #3690 ) ) REPRESENTATION_CONTEXT ( 'NONE', 'WORKASPACE' ) );
#6502 = LINE ( 'NONE', #1445, #4006 ) ;
#6503 = LINE ( 'NONE', #3023, #847 ) ;
#6504 = MECHANICAL_DESIGN_GEOMETRIC_PRESENTATION_REPRESENTATION (  '', ( #10049 ), #6844 ) ;
#6505 = SPHERICAL_SURFACE ( 'NONE', #10528, 0.5000000000000000000 ) ;
#6506 =( NAMED_UNIT ( * ) PLANE_ANGLE_UNIT ( ) SI_UNIT ( $, .RADIAN. ) );
#6507 =( NAMED_UNIT ( * ) SI_UNIT ( $, .STERADIAN. ) SOLID_ANGLE_UNIT ( ) );
#6508 = CIRCLE ( 'NONE', #677, 0.5000000000000004400 ) ;
#6509 = CARTESIAN_POINT ( 'NONE',  ( -0.6000000000000003100, -39.15000000000002000, -30.15000000000000200 ) ) ;
#6510 = VECTOR ( 'NONE', #2993, 1000.000000000000000 ) ;
#6511 = DIRECTION ( 'NONE',  ( -0.0000000000000000000, -1.000000000000000000, -0.0000000000000000000 ) ) ;
#6512 = FILL_AREA_STYLE ('',( #10650 ) ) ;
#6513 = FILL_AREA_STYLE ('',( #625 ) ) ;
#6514 = DIRECTION ( 'NONE',  ( 0.0000000000000000000, 0.0000000000000000000, 1.000000000000000000 ) ) ;
#6515 = LINE ( 'NONE', #2827, #9125 ) ;
#6516 = PRESENTATION_LAYER_ASSIGNMENT (  '', '', ( #4834 ) ) ;
#6517 = CIRCLE ( 'NONE', #5420, 0.5000000000000004400 ) ;
#6518 = AXIS2_PLACEMENT_3D ( 'NONE', #2961, #6313, #8863 ) ;
#6519 = MECHANICAL_DESIGN_GEOMETRIC_PRESENTATION_REPRESENTATION (  '', ( #7287 ), #8603 ) ;
#6520 = DIRECTION ( 'NONE',  ( -0.0000000000000000000, -0.0000000000000000000, -1.000000000000000000 ) ) ;
#6521 = EDGE_CURVE ( 'NONE', #7646, #8441, #8846, .T. ) ;
#6522 = FACE_OUTER_BOUND ( 'NONE', #5530, .T. ) ;
#6523 = DIRECTION ( 'NONE',  ( 0.0000000000000000000, 0.0000000000000000000, 1.000000000000000000 ) ) ;
#6524 = VECTOR ( 'NONE', #4719, 1000.000000000000000 ) ;
#6525 = ORIENTED_EDGE ( 'NONE', *, *, #3634, .F. ) ;
#6526 =( LENGTH_UNIT ( ) NAMED_UNIT ( * ) SI_UNIT ( .MILLI., .METRE. ) );
#6527 = CARTESIAN_POINT ( 'NONE',  ( 21.15000000000000200, -20.65000000000000200, -28.49999999999999600 ) ) ;
#6528 = FACE_BOUND ( 'NONE', #9311, .T. ) ;
#6529 = CARTESIAN_POINT ( 'NONE',  ( 0.0000000000000000000, 0.0000000000000000000, -28.49999999999999600 ) ) ;
#6530 = ADVANCED_FACE ( 'NONE', ( #3595, #441 ), #10463, .T. ) ;
#6531 = PLANE ( 'NONE',  #9305 ) ;
#6532 = UNCERTAINTY_MEASURE_WITH_UNIT (LENGTH_MEASURE( 1.000000000000000100E-005 ), #10113, 'distance_accuracy_value', 'NONE');
#6533 = PRESENTATION_LAYER_ASSIGNMENT (  '', '', ( #827 ) ) ;
#6534 =( GEOMETRIC_REPRESENTATION_CONTEXT ( 3 ) GLOBAL_UNCERTAINTY_ASSIGNED_CONTEXT ( ( #276 ) ) GLOBAL_UNIT_ASSIGNED_CONTEXT ( ( #491, #2223, #3847 ) ) REPRESENTATION_CONTEXT ( 'NONE', 'WORKASPACE' ) );
#6535 = SURFACE_STYLE_FILL_AREA ( #5062 ) ;
#6536 = ORIENTED_EDGE ( 'NONE', *, *, #4779, .T. ) ;
#6537 = CARTESIAN_POINT ( 'NONE',  ( 0.0000000000000000000, 0.0000000000000000000, 4.000000000000000000 ) ) ;
#6538 = SURFACE_STYLE_USAGE ( .BOTH. , #7335 ) ;
#6539 = PRESENTATION_STYLE_ASSIGNMENT (( #6538 ) ) ;
#6540 = CARTESIAN_POINT ( 'NONE',  ( -12.24999999999999800, 15.50000000000087400, -28.99999999999999600 ) ) ;
#6541 =( LENGTH_UNIT ( ) NAMED_UNIT ( * ) SI_UNIT ( .MILLI., .METRE. ) );
#6542 = FILL_AREA_STYLE_COLOUR ( '', #8990 ) ;
#6543 = PRESENTATION_STYLE_ASSIGNMENT (( #1080 ) ) ;
#6544 = PRESENTATION_STYLE_ASSIGNMENT (( #4069 ) ) ;
#6545 = EDGE_CURVE ( 'NONE', #2216, #1270, #10503, .T. ) ;
#6546 = EDGE_CURVE ( 'NONE', #8558, #3289, #6995, .T. ) ;
#6547 = DIRECTION ( 'NONE',  ( -0.0000000000000000000, -0.0000000000000000000, -1.000000000000000000 ) ) ;
#6548 = DIRECTION ( 'NONE',  ( -1.000000000000000000, 0.0000000000000000000, 0.0000000000000000000 ) ) ;
#6549 = CARTESIAN_POINT ( 'NONE',  ( 0.0000000000000000000, 0.0000000000000000000, 4.000000000000003600 ) ) ;
#6550 = DIRECTION ( 'NONE',  ( 0.0000000000000000000, -0.0000000000000000000, -1.000000000000000000 ) ) ;
#6551 = SURFACE_STYLE_FILL_AREA ( #9693 ) ;
#6552 = COLOUR_RGB ( '',0.0000000000000000000, 0.5019607843137254800, 1.000000000000000000 ) ;
#6553 = VECTOR ( 'NONE', #7352, 1000.000000000000000 ) ;
#6554 = FILL_AREA_STYLE_COLOUR ( '', #6668 ) ;
#6555 = ORIENTED_EDGE ( 'NONE', *, *, #10692, .F. ) ;
#6556 = FILL_AREA_STYLE_COLOUR ( '', #3636 ) ;
#6557 = DIRECTION ( 'NONE',  ( 1.000000000000000000, 0.0000000000000000000, 0.0000000000000000000 ) ) ;
#6558 = LINE ( 'NONE', #341, #4317 ) ;
#6559 = ORIENTED_EDGE ( 'NONE', *, *, #9279, .T. ) ;
#6560 = CARTESIAN_POINT ( 'NONE',  ( 0.0000000000000000000, 20.64999999999999900, -28.49999999999999600 ) ) ;
#6561 = FACE_OUTER_BOUND ( 'NONE', #1706, .T. ) ;
#6562 = ORIENTED_EDGE ( 'NONE', *, *, #8447, .F. ) ;
#6563 = ORIENTED_EDGE ( 'NONE', *, *, #10345, .T. ) ;
#6564 = COLOUR_RGB ( '',0.2509803921568627400, 0.2509803921568627400, 0.2509803921568627400 ) ;
#6565 = DIRECTION ( 'NONE',  ( 1.577021341797098100E-016, 0.0000000000000000000, -1.000000000000000000 ) ) ;
#6566 = CARTESIAN_POINT ( 'NONE',  ( -17.39999999999999900, 15.50000000000087400, -28.49999999999999600 ) ) ;
#6567 = ORIENTED_EDGE ( 'NONE', *, *, #3867, .F. ) ;
#6568 = EDGE_CURVE ( 'NONE', #2526, #10100, #7141, .T. ) ;
#6569 = AXIS2_PLACEMENT_3D ( 'NONE', #4436, #8464, #9296 ) ;
#6570 = DIRECTION ( 'NONE',  ( 1.000000000000000000, 0.0000000000000000000, -0.0000000000000000000 ) ) ;
#6571 = AXIS2_PLACEMENT_3D ( 'NONE', #5633, #3200, #6417 ) ;
#6572 = ORIENTED_EDGE ( 'NONE', *, *, #603, .T. ) ;
#6573 = ORIENTED_EDGE ( 'NONE', *, *, #5817, .T. ) ;
#6574 = CARTESIAN_POINT ( 'NONE',  ( 0.0000000000000000000, 0.0000000000000000000, -20.99999999999999600 ) ) ;
#6575 = EDGE_LOOP ( 'NONE', ( #5294, #7966, #4709, #8397 ) ) ;
#6576 = DIRECTION ( 'NONE',  ( 3.861347820635129200E-013, -1.000000000000000000, 0.0000000000000000000 ) ) ;
#6577 = ORIENTED_EDGE ( 'NONE', *, *, #3527, .T. ) ;
#6578 = DIRECTION ( 'NONE',  ( 0.0000000000000000000, 0.0000000000000000000, 1.000000000000000000 ) ) ;
#6579 = ORIENTED_EDGE ( 'NONE', *, *, #5374, .F. ) ;
#6580 = VERTEX_POINT ( 'NONE', #2054 ) ;
#6581 =( NAMED_UNIT ( * ) PLANE_ANGLE_UNIT ( ) SI_UNIT ( $, .RADIAN. ) );
#6582 = ORIENTED_EDGE ( 'NONE', *, *, #5856, .T. ) ;
#6583 = DIRECTION ( 'NONE',  ( 0.0000000000000000000, 0.0000000000000000000, -1.000000000000000000 ) ) ;
#6584 = VERTEX_POINT ( 'NONE', #3725 ) ;
#6585 =( LENGTH_UNIT ( ) NAMED_UNIT ( * ) SI_UNIT ( .MILLI., .METRE. ) );
#6586 = CARTESIAN_POINT ( 'NONE',  ( -21.14999999999999500, -21.15000000000000600, -28.99999999999999600 ) ) ;
#6587 = AXIS2_PLACEMENT_3D ( 'NONE', #5348, #272, #2723 ) ;
#6588 = AXIS2_PLACEMENT_3D ( 'NONE', #3963, #2358, #6466 ) ;
#6589 = ADVANCED_FACE ( 'NONE', ( #5453 ), #9465, .F. ) ;
#6590 =( GEOMETRIC_REPRESENTATION_CONTEXT ( 3 ) GLOBAL_UNCERTAINTY_ASSIGNED_CONTEXT ( ( #589 ) ) GLOBAL_UNIT_ASSIGNED_CONTEXT ( ( #10778, #1589, #5793 ) ) REPRESENTATION_CONTEXT ( 'NONE', 'WORKASPACE' ) );
#6591 =( NAMED_UNIT ( * ) SI_UNIT ( $, .STERADIAN. ) SOLID_ANGLE_UNIT ( ) );
#6592 = VERTEX_POINT ( 'NONE', #1207 ) ;
#6593 = FILL_AREA_STYLE_COLOUR ( '', #7823 ) ;
#6594 = DIRECTION ( 'NONE',  ( 0.0000000000000000000, 0.0000000000000000000, 1.000000000000000000 ) ) ;
#6595 = AXIS2_PLACEMENT_3D ( 'NONE', #3967, #7344, #9027 ) ;
#6596 = EDGE_CURVE ( 'NONE', #3673, #9059, #952, .T. ) ;
#6597 = VERTEX_POINT ( 'NONE', #6207 ) ;
#6598 = UNCERTAINTY_MEASURE_WITH_UNIT (LENGTH_MEASURE( 1.000000000000000100E-005 ), #5319, 'distance_accuracy_value', 'NONE');
#6599 = DIRECTION ( 'NONE',  ( 1.000000000000000000, 0.0000000000000000000, 0.0000000000000000000 ) ) ;
#6600 = STYLED_ITEM ( 'NONE', ( #6914 ), #4553 ) ;
#6601 = LINE ( 'NONE', #8808, #3697 ) ;
#6602 = EDGE_CURVE ( 'NONE', #3684, #9549, #9870, .T. ) ;
#6603 = VERTEX_POINT ( 'NONE', #4653 ) ;
#6604 = MECHANICAL_DESIGN_GEOMETRIC_PRESENTATION_REPRESENTATION (  '', ( #5137 ), #10338 ) ;
#6605 = SURFACE_STYLE_USAGE ( .BOTH. , #4959 ) ;
#6606 = CARTESIAN_POINT ( 'NONE',  ( 20.65000000000000200, -16.94289321881341000, -28.99999999999999600 ) ) ;
#6607 = CARTESIAN_POINT ( 'NONE',  ( -17.89999999999999500, 15.50000000000087400, -28.49999999999999600 ) ) ;
#6608 = EDGE_CURVE ( 'NONE', #1438, #3284, #8312, .T. ) ;
#6609 = ORIENTED_EDGE ( 'NONE', *, *, #10571, .F. ) ;
#6610 = CIRCLE ( 'NONE', #9952, 25.00000000000000000 ) ;
#6611 = ORIENTED_EDGE ( 'NONE', *, *, #8475, .F. ) ;
#6612 = CARTESIAN_POINT ( 'NONE',  ( -16.94289321881344200, -20.65000000000000600, 9.500000000000000000 ) ) ;
#6613 = ORIENTED_EDGE ( 'NONE', *, *, #1784, .F. ) ;
#6614 = EDGE_LOOP ( 'NONE', ( #3328, #6467, #8318, #898 ) ) ;
#6615 = SURFACE_SIDE_STYLE ('',( #4308 ) ) ;
#6616 =( NAMED_UNIT ( * ) SI_UNIT ( $, .STERADIAN. ) SOLID_ANGLE_UNIT ( ) );
#6617 = DIRECTION ( 'NONE',  ( 1.000000000000000000, 0.0000000000000000000, 0.0000000000000000000 ) ) ;
#6618 = MECHANICAL_DESIGN_GEOMETRIC_PRESENTATION_REPRESENTATION (  '', ( #404 ), #1739 ) ;
#6619 = AXIS2_PLACEMENT_3D ( 'NONE', #2650, #918, #6838 ) ;
#6620 = SURFACE_SIDE_STYLE ('',( #2109 ) ) ;
#6621 = VERTEX_POINT ( 'NONE', #447 ) ;
#6622 = DIRECTION ( 'NONE',  ( 0.0000000000000000000, -1.000000000000000000, 0.0000000000000000000 ) ) ;
#6623 = FILL_AREA_STYLE_COLOUR ( '', #767 ) ;
#6624 = VERTEX_POINT ( 'NONE', #7853 ) ;
#6625 = CARTESIAN_POINT ( 'NONE',  ( 0.0000000000000000000, 0.0000000000000000000, 10.00000000000000000 ) ) ;
#6626 = FACE_OUTER_BOUND ( 'NONE', #3295, .T. ) ;
#6627 = EDGE_CURVE ( 'NONE', #6076, #7744, #9105, .T. ) ;
#6628 = DIRECTION ( 'NONE',  ( -0.7071067811865475700, -0.7071067811865475700, 0.0000000000000000000 ) ) ;
#6629 = CARTESIAN_POINT ( 'NONE',  ( -2.616151791541897700, -21.25000000000000700, -22.62528041072263500 ) ) ;
#6630 = DIRECTION ( 'NONE',  ( -0.0000000000000000000, -0.0000000000000000000, -1.000000000000000000 ) ) ;
#6631 = CARTESIAN_POINT ( 'NONE',  ( -21.14999999999999500, 13.32957238623956400, -80.84951795962939500 ) ) ;
#6632 = ORIENTED_EDGE ( 'NONE', *, *, #5910, .F. ) ;
#6633 = SURFACE_STYLE_FILL_AREA ( #9122 ) ;
#6634 = VECTOR ( 'NONE', #3803, 1000.000000000000000 ) ;
#6635 = VECTOR ( 'NONE', #428, 1000.000000000000000 ) ;
#6636 = DIRECTION ( 'NONE',  ( 0.0000000000000000000, 0.0000000000000000000, 1.000000000000000000 ) ) ;
#6637 = EDGE_CURVE ( 'NONE', #2872, #5155, #2423, .T. ) ;
#6638 = EDGE_CURVE ( 'NONE', #382, #1137, #5829, .T. ) ;
#6639 = DIRECTION ( 'NONE',  ( -0.0000000000000000000, -0.0000000000000000000, -1.000000000000000000 ) ) ;
#6640 = CYLINDRICAL_SURFACE ( 'NONE', #4702, 1.250000000000001100 ) ;
#6641 = VERTEX_POINT ( 'NONE', #5578 ) ;
#6642 = DIRECTION ( 'NONE',  ( 0.0000000000000000000, 0.0000000000000000000, -1.000000000000000000 ) ) ;
#6643 = DIRECTION ( 'NONE',  ( 0.7071067811865493500, -0.7071067811865456900, -0.0000000000000000000 ) ) ;
#6644 = ADVANCED_FACE ( 'NONE', ( #4784, #6626, #7405, #7263, #7654, #4386 ), #9755, .F. ) ;
#6645 = SURFACE_STYLE_USAGE ( .BOTH. , #8314 ) ;
#6646 = PRESENTATION_STYLE_ASSIGNMENT (( #7367 ) ) ;
#6647 = LINE ( 'NONE', #2440, #5212 ) ;
#6648 = COLOUR_RGB ( '',0.2509803921568627400, 0.2509803921568627400, 0.2509803921568627400 ) ;
#6649 = SURFACE_STYLE_USAGE ( .BOTH. , #7518 ) ;
#6650 = CARTESIAN_POINT ( 'NONE',  ( 15.98624964824874800, 16.80716972541398100, -26.99999999999999600 ) ) ;
#6651 = AXIS2_PLACEMENT_3D ( 'NONE', #110, #9356, #1096 ) ;
#6652 = AXIS2_PLACEMENT_3D ( 'NONE', #2339, #4774, #2186 ) ;
#6653 = SPHERICAL_SURFACE ( 'NONE', #8235, 0.5000000000000000000 ) ;
#6654 = PLANE ( 'NONE',  #3212 ) ;
#6655 = VECTOR ( 'NONE', #6240, 1000.000000000000000 ) ;
#6656 = DIRECTION ( 'NONE',  ( -1.000000000000000000, 0.0000000000000000000, 0.0000000000000000000 ) ) ;
#6657 = DIRECTION ( 'NONE',  ( 0.0000000000000000000, 0.0000000000000000000, 1.000000000000000000 ) ) ;
#6658 = VERTEX_POINT ( 'NONE', #2287 ) ;
#6659 = CIRCLE ( 'NONE', #10564, 0.5000000000000004400 ) ;
#6660 = FACE_BOUND ( 'NONE', #2669, .T. ) ;
#6661 =( NAMED_UNIT ( * ) SI_UNIT ( $, .STERADIAN. ) SOLID_ANGLE_UNIT ( ) );
#6662 = CARTESIAN_POINT ( 'NONE',  ( -15.49999999999999600, 15.50000000000000000, 10.00000000000000000 ) ) ;
#6663 = FILL_AREA_STYLE ('',( #6697 ) ) ;
#6664 = MECHANICAL_DESIGN_GEOMETRIC_PRESENTATION_REPRESENTATION (  '', ( #7001 ), #7565 ) ;
#6665 = EDGE_CURVE ( 'NONE', #7356, #2925, #8569, .T. ) ;
#6666 = VECTOR ( 'NONE', #5018, 1000.000000000000000 ) ;
#6667 = AXIS2_PLACEMENT_3D ( 'NONE', #3037, #3950, #7406 ) ;
#6668 = COLOUR_RGB ( '',0.0000000000000000000, 0.0000000000000000000, 0.0000000000000000000 ) ;
#6669 = ORIENTED_EDGE ( 'NONE', *, *, #10571, .T. ) ;
#6670 = FACE_OUTER_BOUND ( 'NONE', #4427, .T. ) ;
#6671 = UNCERTAINTY_MEASURE_WITH_UNIT (LENGTH_MEASURE( 1.000000000000000100E-005 ), #2947, 'distance_accuracy_value', 'NONE');
#6672 = AXIS2_PLACEMENT_3D ( 'NONE', #6893, #5984, #192 ) ;
#6673 = EDGE_CURVE ( 'NONE', #7482, #4172, #3586, .T. ) ;
#6674 =( LENGTH_UNIT ( ) NAMED_UNIT ( * ) SI_UNIT ( .MILLI., .METRE. ) );
#6675 = CARTESIAN_POINT ( 'NONE',  ( -20.64999999999999500, -16.94289321881345200, 9.500000000000000000 ) ) ;
#6676 = DIRECTION ( 'NONE',  ( 0.0000000000000000000, 0.0000000000000000000, 1.000000000000000000 ) ) ;
#6677 = PLANE ( 'NONE',  #1787 ) ;
#6678 = FACE_OUTER_BOUND ( 'NONE', #756, .T. ) ;
#6679 = CIRCLE ( 'NONE', #9041, 0.5000000000000004400 ) ;
#6680 = ORIENTED_EDGE ( 'NONE', *, *, #7402, .T. ) ;
#6681 = LINE ( 'NONE', #5694, #8890 ) ;
#6682 = STYLED_ITEM ( 'NONE', ( #8694 ), #8936 ) ;
#6683 = CARTESIAN_POINT ( 'NONE',  ( 1.799999999999999400, -39.15000000000002000, -31.85000000000000500 ) ) ;
#6684 = CARTESIAN_POINT ( 'NONE',  ( 16.80716972541264600, -15.01375035175166400, -26.99999999999999600 ) ) ;
#6685 = VECTOR ( 'NONE', #8073, 1000.000000000000000 ) ;
#6686 = LINE ( 'NONE', #3930, #6408 ) ;
#6687 = EDGE_CURVE ( 'NONE', #5290, #5182, #10238, .T. ) ;
#6688 = EDGE_LOOP ( 'NONE', ( #8260, #4060, #3669, #5546 ) ) ;
#6689 = LINE ( 'NONE', #6650, #9165 ) ;
#6690 = DIRECTION ( 'NONE',  ( 1.000000000000000000, 0.0000000000000000000, 0.0000000000000000000 ) ) ;
#6691 = DIRECTION ( 'NONE',  ( -1.000000000000000000, 0.0000000000000000000, 0.0000000000000000000 ) ) ;
#6692 = DIRECTION ( 'NONE',  ( -0.0000000000000000000, -0.0000000000000000000, 1.000000000000000000 ) ) ;
#6693 = SURFACE_SIDE_STYLE ('',( #1093 ) ) ;
#6694 = ADVANCED_FACE ( 'NONE', ( #6350 ), #9994, .T. ) ;
#6695 = DIRECTION ( 'NONE',  ( -1.000000000000000000, 0.0000000000000000000, 0.0000000000000000000 ) ) ;
#6696 = DIRECTION ( 'NONE',  ( -0.0000000000000000000, -0.0000000000000000000, 1.000000000000000000 ) ) ;
#6697 = FILL_AREA_STYLE_COLOUR ( '', #4520 ) ;
#6698 = VERTEX_POINT ( 'NONE', #10612 ) ;
#6699 = ORIENTED_EDGE ( 'NONE', *, *, #3039, .T. ) ;
#6700 = FACE_BOUND ( 'NONE', #1089, .T. ) ;
#6701 = VERTEX_POINT ( 'NONE', #513 ) ;
#6702 = VERTEX_POINT ( 'NONE', #3110 ) ;
#6703 = VERTEX_POINT ( 'NONE', #8960 ) ;
#6704 = ORIENTED_EDGE ( 'NONE', *, *, #6823, .T. ) ;
#6705 = ORIENTED_EDGE ( 'NONE', *, *, #10427, .F. ) ;
#6706 = VERTEX_POINT ( 'NONE', #5643 ) ;
#6707 = FILL_AREA_STYLE_COLOUR ( '', #851 ) ;
#6708 = PLANE ( 'NONE',  #7514 ) ;
#6709 = EDGE_LOOP ( 'NONE', ( #3975, #641, #921, #3575 ) ) ;
#6710 = EDGE_LOOP ( 'NONE', ( #547, #4380, #10372, #1297 ) ) ;
#6711 = DIRECTION ( 'NONE',  ( 0.0000000000000000000, 0.0000000000000000000, 1.000000000000000000 ) ) ;
#6712 = ORIENTED_EDGE ( 'NONE', *, *, #8470, .T. ) ;
#6713 = CARTESIAN_POINT ( 'NONE',  ( 16.74998035735527000, 15.96497596851043000, -26.99999999999999600 ) ) ;
#6714 = FILL_AREA_STYLE_COLOUR ( '', #4181 ) ;
#6715 = CARTESIAN_POINT ( 'NONE',  ( -18.79644660940671100, -18.79644660940674300, -28.49999999999999600 ) ) ;
#6716 = FACE_OUTER_BOUND ( 'NONE', #1042, .T. ) ;
#6717 = EDGE_LOOP ( 'NONE', ( #8395, #2118, #1746, #4048 ) ) ;
#6718 = PRESENTATION_LAYER_ASSIGNMENT (  '', '', ( #278 ) ) ;
#6719 =( NAMED_UNIT ( * ) PLANE_ANGLE_UNIT ( ) SI_UNIT ( $, .RADIAN. ) );
#6720 = ORIENTED_EDGE ( 'NONE', *, *, #2804, .F. ) ;
#6721 = DIRECTION ( 'NONE',  ( 0.7071067811865496800, 0.7071067811865453500, -0.0000000000000000000 ) ) ;
#6722 =( NAMED_UNIT ( * ) SI_UNIT ( $, .STERADIAN. ) SOLID_ANGLE_UNIT ( ) );
#6723 = VECTOR ( 'NONE', #9884, 1000.000000000000000 ) ;
#6724 = VERTEX_POINT ( 'NONE', #1430 ) ;
#6725 = DIRECTION ( 'NONE',  ( 0.0000000000000000000, -0.0000000000000000000, 1.000000000000000000 ) ) ;
#6726 = CARTESIAN_POINT ( 'NONE',  ( -12.31064338817349400, -21.25000000000000700, -13.63826179277981000 ) ) ;
#6727 = DIRECTION ( 'NONE',  ( 1.000000000000000000, 0.0000000000000000000, 0.0000000000000000000 ) ) ;
#6728 = ORIENTED_EDGE ( 'NONE', *, *, #6014, .F. ) ;
#6729 = STYLED_ITEM ( 'NONE', ( #6544 ), #7716 ) ;
#6730 = MECHANICAL_DESIGN_GEOMETRIC_PRESENTATION_REPRESENTATION (  '', ( #4467 ), #8542 ) ;
#6731 = ORIENTED_EDGE ( 'NONE', *, *, #4711, .T. ) ;
#6732 = CARTESIAN_POINT ( 'NONE',  ( 0.0000000000000000000, 0.0000000000000000000, -19.00000000000000400 ) ) ;
#6733 = CARTESIAN_POINT ( 'NONE',  ( 0.0000000000000000000, 0.0000000000000000000, -26.99999999999999600 ) ) ;
#6734 = EDGE_CURVE ( 'NONE', #6856, #3840, #1343, .T. ) ;
#6735 = STYLED_ITEM ( 'NONE', ( #2834 ), #2343 ) ;
#6736 = EDGE_LOOP ( 'NONE', ( #8687, #9468, #10219, #9695 ) ) ;
#6737 = EDGE_CURVE ( 'NONE', #6702, #5026, #1211, .T. ) ;
#6738 = ORIENTED_EDGE ( 'NONE', *, *, #687, .T. ) ;
#6739 = EDGE_LOOP ( 'NONE', ( #7389, #9429 ) ) ;
#6740 = SURFACE_STYLE_USAGE ( .BOTH. , #978 ) ;
#6741 =( GEOMETRIC_REPRESENTATION_CONTEXT ( 3 ) GLOBAL_UNCERTAINTY_ASSIGNED_CONTEXT ( ( #5394 ) ) GLOBAL_UNIT_ASSIGNED_CONTEXT ( ( #2004, #6233, #6967 ) ) REPRESENTATION_CONTEXT ( 'NONE', 'WORKASPACE' ) );
#6742 = VECTOR ( 'NONE', #10502, 1000.000000000000000 ) ;
#6743 = ORIENTED_EDGE ( 'NONE', *, *, #7912, .T. ) ;
#6744 = MECHANICAL_DESIGN_GEOMETRIC_PRESENTATION_REPRESENTATION (  '', ( #2796 ), #6534 ) ;
#6745 = ORIENTED_EDGE ( 'NONE', *, *, #1366, .F. ) ;
#6746 = DIRECTION ( 'NONE',  ( -0.7071067811865460200, -0.7071067811865490200, 0.0000000000000000000 ) ) ;
#6747 = DIRECTION ( 'NONE',  ( -0.0000000000000000000, -0.0000000000000000000, -1.000000000000000000 ) ) ;
#6748 = DIRECTION ( 'NONE',  ( 0.0000000000000000000, 0.0000000000000000000, -1.000000000000000000 ) ) ;
#6749 = DIRECTION ( 'NONE',  ( -0.0000000000000000000, 1.000000000000000000, -0.0000000000000000000 ) ) ;
#6750 = ADVANCED_FACE ( 'NONE', ( #9228 ), #9035, .F. ) ;
#6751 = ORIENTED_EDGE ( 'NONE', *, *, #10790, .F. ) ;
#6752 = AXIS2_PLACEMENT_3D ( 'NONE', #1174, #1095, #3898 ) ;
#6753 = EDGE_CURVE ( 'NONE', #8136, #9033, #10009, .T. ) ;
#6754 = EDGE_CURVE ( 'NONE', #224, #4770, #3982, .T. ) ;
#6755 = DIRECTION ( 'NONE',  ( 1.000000000000000000, 0.0000000000000000000, 0.0000000000000000000 ) ) ;
#6756 = DIRECTION ( 'NONE',  ( 0.0000000000000000000, 0.0000000000000000000, -1.000000000000000000 ) ) ;
#6757 = ORIENTED_EDGE ( 'NONE', *, *, #3599, .F. ) ;
#6758 = CARTESIAN_POINT ( 'NONE',  ( 0.0000000000000000000, 0.0000000000000000000, 12.00000000000000000 ) ) ;
#6759 = PRESENTATION_LAYER_ASSIGNMENT (  '', '', ( #8290 ) ) ;
#6760 = PRESENTATION_STYLE_ASSIGNMENT (( #3759 ) ) ;
#6761 = DIRECTION ( 'NONE',  ( 0.0000000000000000000, 0.0000000000000000000, -1.000000000000000000 ) ) ;
#6762 = FILL_AREA_STYLE_COLOUR ( '', #4808 ) ;
#6763 = CARTESIAN_POINT ( 'NONE',  ( -15.01375035175306900, -15.96497596850950100, -26.99999999999999600 ) ) ;
#6764 = ORIENTED_EDGE ( 'NONE', *, *, #1645, .T. ) ;
#6765 = LINE ( 'NONE', #4513, #2292 ) ;
#6766 = LINE ( 'NONE', #2419, #8459 ) ;
#6767 = FACE_OUTER_BOUND ( 'NONE', #8077, .T. ) ;
#6768 =( NAMED_UNIT ( * ) SI_UNIT ( $, .STERADIAN. ) SOLID_ANGLE_UNIT ( ) );
#6769 = DIRECTION ( 'NONE',  ( -0.0000000000000000000, -0.0000000000000000000, 1.000000000000000000 ) ) ;
#6770 = EDGE_CURVE ( 'NONE', #133, #2922, #5318, .T. ) ;
#6771 = MECHANICAL_DESIGN_GEOMETRIC_PRESENTATION_REPRESENTATION (  '', ( #1834 ), #2974 ) ;
#6772 = DIRECTION ( 'NONE',  ( 1.000000000000000000, 0.0000000000000000000, -0.0000000000000000000 ) ) ;
#6773 = DIRECTION ( 'NONE',  ( -0.0000000000000000000, -0.0000000000000000000, -1.000000000000000000 ) ) ;
#6774 = FACE_OUTER_BOUND ( 'NONE', #4645, .T. ) ;
#6775 = DIRECTION ( 'NONE',  ( 1.000000000000000000, 0.0000000000000000000, 0.0000000000000000000 ) ) ;
#6776 = LINE ( 'NONE', #5896, #455 ) ;
#6777 = FILL_AREA_STYLE ('',( #8379 ) ) ;
#6778 = VERTEX_POINT ( 'NONE', #2328 ) ;
#6779 = VECTOR ( 'NONE', #2671, 1000.000000000000000 ) ;
#6780 = DIRECTION ( 'NONE',  ( 0.0000000000000000000, 0.0000000000000000000, -1.000000000000000000 ) ) ;
#6781 = VECTOR ( 'NONE', #4982, 1000.000000000000000 ) ;
#6782 = ORIENTED_EDGE ( 'NONE', *, *, #4207, .F. ) ;
#6783 = SURFACE_STYLE_FILL_AREA ( #5011 ) ;
#6784 = STYLED_ITEM ( 'NONE', ( #10094 ), #10061 ) ;
#6785 = CIRCLE ( 'NONE', #1152, 25.00000000000000000 ) ;
#6787 = AXIS2_PLACEMENT_3D ( 'NONE', #10460, #2101, #9707 ) ;
#6786 =( LENGTH_UNIT ( ) NAMED_UNIT ( * ) SI_UNIT ( .MILLI., .METRE. ) );
#6788 = DIRECTION ( 'NONE',  ( 0.0000000000000000000, 0.0000000000000000000, 1.000000000000000000 ) ) ;
#6789 = AXIS2_PLACEMENT_3D ( 'NONE', #7984, #434, #5379 ) ;
#6790 = FACE_BOUND ( 'NONE', #3427, .T. ) ;
#6791 = ORIENTED_EDGE ( 'NONE', *, *, #7039, .T. ) ;
#6792 = PLANE ( 'NONE',  #2651 ) ;
#6793 = EDGE_CURVE ( 'NONE', #6837, #7102, #3997, .T. ) ;
#6794 = ADVANCED_FACE ( 'NONE', ( #2550 ), #1502, .F. ) ;
#6795 = FACE_OUTER_BOUND ( 'NONE', #7250, .T. ) ;
#6796 = UNCERTAINTY_MEASURE_WITH_UNIT (LENGTH_MEASURE( 1.000000000000000100E-005 ), #1464, 'distance_accuracy_value', 'NONE');
#6797 = AXIS2_PLACEMENT_3D ( 'NONE', #3368, #3574, #1397 ) ;
#6798 = EDGE_CURVE ( 'NONE', #10596, #911, #5071, .T. ) ;
#6799 = AXIS2_PLACEMENT_3D ( 'NONE', #1209, #3727, #3577 ) ;
#6800 = DIRECTION ( 'NONE',  ( 1.577021341797098100E-016, 0.0000000000000000000, -1.000000000000000000 ) ) ;
#6801 = VECTOR ( 'NONE', #4480, 1000.000000000000000 ) ;
#6802 = CYLINDRICAL_SURFACE ( 'NONE', #4767, 20.00000000000000000 ) ;
#6803 = PRESENTATION_STYLE_ASSIGNMENT (( #2067 ) ) ;
#6804 = CARTESIAN_POINT ( 'NONE',  ( 16.74998035735527000, 15.96497596851043000, -26.99999999999999600 ) ) ;
#6805 = AXIS2_PLACEMENT_3D ( 'NONE', #9302, #1889, #5295 ) ;
#6806 = ORIENTED_EDGE ( 'NONE', *, *, #119, .F. ) ;
#6807 = EDGE_CURVE ( 'NONE', #2795, #46, #2809, .T. ) ;
#6808 = VERTEX_POINT ( 'NONE', #1546 ) ;
#6809 = DIRECTION ( 'NONE',  ( -0.0000000000000000000, -0.0000000000000000000, 1.000000000000000000 ) ) ;
#6810 = FILL_AREA_STYLE ('',( #45 ) ) ;
#6811 = SURFACE_SIDE_STYLE ('',( #196 ) ) ;
#6812 = LINE ( 'NONE', #367, #6016 ) ;
#6813 = AXIS2_PLACEMENT_3D ( 'NONE', #9889, #2284, #3217 ) ;
#6814 = DIRECTION ( 'NONE',  ( -0.7071067811865475700, -0.7071067811865475700, 0.0000000000000000000 ) ) ;
#6815 = PRESENTATION_LAYER_ASSIGNMENT (  '', '', ( #9450 ) ) ;
#6816 = EDGE_LOOP ( 'NONE', ( #4729, #3458, #9482, #9592 ) ) ;
#6817 = CIRCLE ( 'NONE', #7346, 1.249999999999999300 ) ;
#6818 = PLANE ( 'NONE',  #2453 ) ;
#6819 = ORIENTED_EDGE ( 'NONE', *, *, #1311, .T. ) ;
#6820 =( NAMED_UNIT ( * ) PLANE_ANGLE_UNIT ( ) SI_UNIT ( $, .RADIAN. ) );
#6821 = EDGE_LOOP ( 'NONE', ( #7086, #188 ) ) ;
#6822 = CARTESIAN_POINT ( 'NONE',  ( -16.74999999999999300, -15.50000000000000400, 10.00000000000000000 ) ) ;
#6823 = EDGE_CURVE ( 'NONE', #9996, #2918, #6493, .T. ) ;
#6824 = DIRECTION ( 'NONE',  ( -0.0000000000000000000, -0.0000000000000000000, -1.000000000000000000 ) ) ;
#6825 = ORIENTED_EDGE ( 'NONE', *, *, #8160, .F. ) ;
#6826 = DIRECTION ( 'NONE',  ( 0.0000000000000000000, 0.0000000000000000000, -1.000000000000000000 ) ) ;
#6827 = ORIENTED_EDGE ( 'NONE', *, *, #7600, .F. ) ;
#6828 = ORIENTED_EDGE ( 'NONE', *, *, #6903, .F. ) ;
#6829 = ORIENTED_EDGE ( 'NONE', *, *, #3492, .F. ) ;
#6830 = DIRECTION ( 'NONE',  ( -0.0000000000000000000, -0.0000000000000000000, -1.000000000000000000 ) ) ;
#6831 = CIRCLE ( 'NONE', #2569, 0.5000000000000004400 ) ;
#6832 = ORIENTED_EDGE ( 'NONE', *, *, #5836, .F. ) ;
#6833 = EDGE_LOOP ( 'NONE', ( #6613, #3248, #6943, #6279 ) ) ;
#6834 = EDGE_CURVE ( 'NONE', #8330, #234, #10378, .T. ) ;
#6835 =( GEOMETRIC_REPRESENTATION_CONTEXT ( 3 ) GLOBAL_UNCERTAINTY_ASSIGNED_CONTEXT ( ( #10799 ) ) GLOBAL_UNIT_ASSIGNED_CONTEXT ( ( #4524, #1401, #8660 ) ) REPRESENTATION_CONTEXT ( 'NONE', 'WORKASPACE' ) );
#6836 = ORIENTED_EDGE ( 'NONE', *, *, #8582, .F. ) ;
#6837 = VERTEX_POINT ( 'NONE', #5813 ) ;
#6838 = DIRECTION ( 'NONE',  ( 1.000000000000000000, 0.0000000000000000000, 0.0000000000000000000 ) ) ;
#6839 = ORIENTED_EDGE ( 'NONE', *, *, #9881, .T. ) ;
#6840 = DIRECTION ( 'NONE',  ( 1.000000000000000000, 0.0000000000000000000, 0.0000000000000000000 ) ) ;
#6841 = VERTEX_POINT ( 'NONE', #7427 ) ;
#6842 = FILL_AREA_STYLE_COLOUR ( '', #1790 ) ;
#6843 = ADVANCED_FACE ( 'NONE', ( #5590 ), #659, .F. ) ;
#6844 =( GEOMETRIC_REPRESENTATION_CONTEXT ( 3 ) GLOBAL_UNCERTAINTY_ASSIGNED_CONTEXT ( ( #9390 ) ) GLOBAL_UNIT_ASSIGNED_CONTEXT ( ( #1497, #3250, #2364 ) ) REPRESENTATION_CONTEXT ( 'NONE', 'WORKASPACE' ) );
#6845 = VECTOR ( 'NONE', #6123, 1000.000000000000000 ) ;
#6846 = ORIENTED_EDGE ( 'NONE', *, *, #8684, .F. ) ;
#6847 = CARTESIAN_POINT ( 'NONE',  ( 15.03502403148815200, -15.98624964824929200, -26.99999999999999600 ) ) ;
#6848 = DIRECTION ( 'NONE',  ( -0.0000000000000000000, -0.0000000000000000000, 1.000000000000000000 ) ) ;
#6849 = PLANE ( 'NONE',  #3889 ) ;
#6850 = ADVANCED_FACE ( 'NONE', ( #8977 ), #9892, .F. ) ;
#6851 = DIRECTION ( 'NONE',  ( 1.000000000000000000, 0.0000000000000000000, -8.566576301095410600E-016 ) ) ;
#6852 = VERTEX_POINT ( 'NONE', #9856 ) ;
#6853 = AXIS2_PLACEMENT_3D ( 'NONE', #3474, #8357, #10024 ) ;
#6854 = FILL_AREA_STYLE ('',( #9472 ) ) ;
#6855 = EDGE_CURVE ( 'NONE', #6146, #5663, #8437, .T. ) ;
#6856 = VERTEX_POINT ( 'NONE', #848 ) ;
#6857 = ORIENTED_EDGE ( 'NONE', *, *, #2017, .F. ) ;
#6858 = MECHANICAL_DESIGN_GEOMETRIC_PRESENTATION_REPRESENTATION (  '', ( #5753 ), #10196 ) ;
#6859 = ORIENTED_EDGE ( 'NONE', *, *, #7067, .F. ) ;
#6860 = PRODUCT_DEFINITION ( 'Î´Öª', '', #8404, #5219 ) ;
#6861 = ORIENTED_EDGE ( 'NONE', *, *, #5724, .F. ) ;
#6862 = EDGE_CURVE ( 'NONE', #3029, #2918, #3731, .T. ) ;
#6863 = AXIS2_PLACEMENT_3D ( 'NONE', #232, #6121, #5424 ) ;
#6864 = SURFACE_STYLE_FILL_AREA ( #1666 ) ;
#6865 = EDGE_CURVE ( 'NONE', #8796, #3825, #10364, .T. ) ;
#6866 = EDGE_LOOP ( 'NONE', ( #7180, #20, #3145, #4494 ) ) ;
#6867 = COLOUR_RGB ( '',0.2509803921568627400, 0.2509803921568627400, 0.2509803921568627400 ) ;
#6868 = ORIENTED_EDGE ( 'NONE', *, *, #2896, .T. ) ;
#6869 = DIRECTION ( 'NONE',  ( 0.0000000000000000000, -0.0000000000000000000, -1.000000000000000000 ) ) ;
#6870 = ADVANCED_FACE ( 'NONE', ( #2282 ), #2758, .T. ) ;
#6871 = MECHANICAL_DESIGN_GEOMETRIC_PRESENTATION_REPRESENTATION (  '', ( #4851 ), #9121 ) ;
#6872 = AXIS2_PLACEMENT_3D ( 'NONE', #962, #987, #3647 ) ;
#6873 = CARTESIAN_POINT ( 'NONE',  ( -15.49999999999999600, -15.50000000000000400, 10.00000000000000000 ) ) ;
#6874 = DIRECTION ( 'NONE',  ( -1.000000000000000000, 0.0000000000000000000, -0.0000000000000000000 ) ) ;
#6875 = CIRCLE ( 'NONE', #1018, 10.49999999999999800 ) ;
#6876 = FILL_AREA_STYLE_COLOUR ( '', #7274 ) ;
#6877 = DIRECTION ( 'NONE',  ( -0.0000000000000000000, -0.0000000000000000000, 1.000000000000000000 ) ) ;
#6878 = DIRECTION ( 'NONE',  ( 1.000000000000000000, 0.0000000000000000000, 0.0000000000000000000 ) ) ;
#6879 = CONICAL_SURFACE ( 'NONE', #7414, 1.249999999999999300, 1.029744258676653900 ) ;
#6880 = EDGE_CURVE ( 'NONE', #318, #4473, #5844, .T. ) ;
#6881 = COLOUR_RGB ( '',0.2509803921568627400, 0.2509803921568627400, 0.2509803921568627400 ) ;
#6882 = DIRECTION ( 'NONE',  ( -0.0000000000000000000, 0.0000000000000000000, -1.000000000000000000 ) ) ;
#6883 = DIRECTION ( 'NONE',  ( 0.0000000000000000000, 0.0000000000000000000, -1.000000000000000000 ) ) ;
#6884 = PRESENTATION_STYLE_ASSIGNMENT (( #207 ) ) ;
#6885 = DIRECTION ( 'NONE',  ( 1.000000000000000000, 0.0000000000000000000, 0.0000000000000000000 ) ) ;
#6886 = CIRCLE ( 'NONE', #4485, 1.249999999999999300 ) ;
#6887 = VERTEX_POINT ( 'NONE', #4486 ) ;
#6888 = FILL_AREA_STYLE ('',( #9335 ) ) ;
#6889 = DIRECTION ( 'NONE',  ( 0.0000000000000000000, 0.0000000000000000000, -1.000000000000000000 ) ) ;
#6890 = DIRECTION ( 'NONE',  ( 0.0000000000000000000, 0.0000000000000000000, 1.000000000000000000 ) ) ;
#6891 = SURFACE_STYLE_FILL_AREA ( #8872 ) ;
#6892 = DIRECTION ( 'NONE',  ( 0.0000000000000000000, -1.000000000000000000, 0.0000000000000000000 ) ) ;
#6894 = FACE_OUTER_BOUND ( 'NONE', #2012, .T. ) ;
#6893 = CARTESIAN_POINT ( 'NONE',  ( 0.0000000000000000000, 0.0000000000000000000, -28.99999999999999600 ) ) ;
#6895 = LINE ( 'NONE', #2794, #2026 ) ;
#6896 = SURFACE_STYLE_FILL_AREA ( #4177 ) ;
#6897 = ADVANCED_FACE ( 'NONE', ( #8049 ), #1480, .F. ) ;
#6898 = CIRCLE ( 'NONE', #7436, 4.000000000000000000 ) ;
#6899 =( NAMED_UNIT ( * ) PLANE_ANGLE_UNIT ( ) SI_UNIT ( $, .RADIAN. ) );
#6900 = CARTESIAN_POINT ( 'NONE',  ( -15.50000000000087200, -15.49999999999912400, -27.99999999999999600 ) ) ;
#6901 = ORIENTED_EDGE ( 'NONE', *, *, #4863, .F. ) ;
#6902 = COLOUR_RGB ( '',0.2509803921568627400, 0.2509803921568627400, 0.2509803921568627400 ) ;
#6903 = EDGE_CURVE ( 'NONE', #5663, #3175, #7276, .T. ) ;
#6904 = ADVANCED_FACE ( 'NONE', ( #32 ), #9028, .T. ) ;
#6905 = AXIS2_PLACEMENT_3D ( 'NONE', #7822, #9496, #10362 ) ;
#6906 = CARTESIAN_POINT ( 'NONE',  ( 0.0000000000000000000, 0.0000000000000000000, -26.99999999999999600 ) ) ;
#6907 = CARTESIAN_POINT ( 'NONE',  ( 15.96497596850902500, -14.25001964264521200, -28.49999999999999600 ) ) ;
#6908 = VECTOR ( 'NONE', #8497, 1000.000000000000000 ) ;
#6909 = DIRECTION ( 'NONE',  ( -1.000000000000000000, 0.0000000000000000000, 0.0000000000000000000 ) ) ;
#6910 = DIRECTION ( 'NONE',  ( 0.0000000000000000000, 0.0000000000000000000, 1.000000000000000000 ) ) ;
#6911 =( LENGTH_UNIT ( ) NAMED_UNIT ( * ) SI_UNIT ( .MILLI., .METRE. ) );
#6912 = UNCERTAINTY_MEASURE_WITH_UNIT (LENGTH_MEASURE( 1.000000000000000100E-005 ), #9674, 'distance_accuracy_value', 'NONE');
#6913 = VERTEX_POINT ( 'NONE', #8688 ) ;
#6914 = PRESENTATION_STYLE_ASSIGNMENT (( #2495 ) ) ;
#6915 = CARTESIAN_POINT ( 'NONE',  ( -21.00355339059327200, 17.29644660940670400, -19.00000000000000000 ) ) ;
#6916 = DIRECTION ( 'NONE',  ( 0.0000000000000000000, 0.0000000000000000000, 1.000000000000000000 ) ) ;
#6917 = CARTESIAN_POINT ( 'NONE',  ( 0.0000000000000000000, 0.0000000000000000000, 9.000000000000001800 ) ) ;
#6918 = LINE ( 'NONE', #8763, #605 ) ;
#6919 = MECHANICAL_DESIGN_GEOMETRIC_PRESENTATION_REPRESENTATION (  '', ( #6210 ), #9568 ) ;
#6920 = VECTOR ( 'NONE', #7261, 1000.000000000000000 ) ;
#6921 = STYLED_ITEM ( 'NONE', ( #1179 ), #10174 ) ;
#6922 = ADVANCED_FACE ( 'NONE', ( #2336 ), #9406, .F. ) ;
#6923 = CARTESIAN_POINT ( 'NONE',  ( 21.00355339059327900, -17.29644660940668600, -19.00000000000000000 ) ) ;
#6924 = CARTESIAN_POINT ( 'NONE',  ( 0.0000000000000000000, 0.0000000000000000000, -26.49999999999997500 ) ) ;
#6925 = ORIENTED_EDGE ( 'NONE', *, *, #9617, .T. ) ;
#6926 =( NAMED_UNIT ( * ) SI_UNIT ( $, .STERADIAN. ) SOLID_ANGLE_UNIT ( ) );
#6927 = UNCERTAINTY_MEASURE_WITH_UNIT (LENGTH_MEASURE( 1.000000000000000100E-005 ), #4614, 'distance_accuracy_value', 'NONE');
#6928 = DIRECTION ( 'NONE',  ( 0.0000000000000000000, 0.0000000000000000000, 1.000000000000000000 ) ) ;
#6929 = AXIS2_PLACEMENT_3D ( 'NONE', #3132, #7312, #2275 ) ;
#6930 = PLANE ( 'NONE',  #6805 ) ;
#6931 = EDGE_CURVE ( 'NONE', #6060, #1612, #882, .T. ) ;
#6932 = CARTESIAN_POINT ( 'NONE',  ( 16.74998035735527000, 15.96497596851043000, -26.99999999999999600 ) ) ;
#6933 = CIRCLE ( 'NONE', #3955, 25.00000000000000000 ) ;
#6934 = AXIS2_PLACEMENT_3D ( 'NONE', #2790, #2824, #8762 ) ;
#6935 = EDGE_CURVE ( 'NONE', #9831, #9088, #4843, .T. ) ;
#6936 = ORIENTED_EDGE ( 'NONE', *, *, #7835, .T. ) ;
#6937 =( GEOMETRIC_REPRESENTATION_CONTEXT ( 3 ) GLOBAL_UNCERTAINTY_ASSIGNED_CONTEXT ( ( #4016 ) ) GLOBAL_UNIT_ASSIGNED_CONTEXT ( ( #5627, #5591, #6411 ) ) REPRESENTATION_CONTEXT ( 'NONE', 'WORKASPACE' ) );
#6938 = DIRECTION ( 'NONE',  ( 0.0000000000000000000, 0.0000000000000000000, -1.000000000000000000 ) ) ;
#6939 = CARTESIAN_POINT ( 'NONE',  ( -15.49999999999999600, 15.50000000000087400, -28.49999999999999600 ) ) ;
#6940 =( GEOMETRIC_REPRESENTATION_CONTEXT ( 3 ) GLOBAL_UNCERTAINTY_ASSIGNED_CONTEXT ( ( #2435 ) ) GLOBAL_UNIT_ASSIGNED_CONTEXT ( ( #5077, #8, #5897 ) ) REPRESENTATION_CONTEXT ( 'NONE', 'WORKASPACE' ) );
#6941 = CONICAL_SURFACE ( 'NONE', #1140, 1.999999999999994900, 0.7853981633974460600 ) ;
#6942 = EDGE_CURVE ( 'NONE', #3825, #4247, #199, .T. ) ;
#6943 = ORIENTED_EDGE ( 'NONE', *, *, #7936, .F. ) ;
#6944 = ORIENTED_EDGE ( 'NONE', *, *, #10735, .T. ) ;
#6945 = CARTESIAN_POINT ( 'NONE',  ( 15.49999999999912400, -15.50000000000000200, -28.49999999999999600 ) ) ;
#6946 = ORIENTED_EDGE ( 'NONE', *, *, #8988, .T. ) ;
#6947 = PLANE ( 'NONE',  #7004 ) ;
#6948 = EDGE_LOOP ( 'NONE', ( #385, #769, #8264, #1977, #2548, #10112, #7092, #4115, #4616, #429, #100, #4337 ) ) ;
#6949 = ORIENTED_EDGE ( 'NONE', *, *, #3312, .T. ) ;
#6950 = AXIS2_PLACEMENT_3D ( 'NONE', #7459, #3206, #5743 ) ;
#6951 = CARTESIAN_POINT ( 'NONE',  ( 15.03502403148815200, -16.74998035735574600, -28.49999999999999600 ) ) ;
#6952 = ORIENTED_EDGE ( 'NONE', *, *, #2869, .F. ) ;
#6953 = FILL_AREA_STYLE ('',( #4431 ) ) ;
#6954 = ORIENTED_EDGE ( 'NONE', *, *, #10002, .T. ) ;
#6955 = FILL_AREA_STYLE ('',( #7862 ) ) ;
#6956 = ORIENTED_EDGE ( 'NONE', *, *, #5202, .T. ) ;
#6957 = ORIENTED_EDGE ( 'NONE', *, *, #3007, .F. ) ;
#6958 = ORIENTED_EDGE ( 'NONE', *, *, #10241, .F. ) ;
#6959 = ORIENTED_EDGE ( 'NONE', *, *, #5133, .F. ) ;
#6960 = FILL_AREA_STYLE_COLOUR ( '', #3491 ) ;
#6961 = DIRECTION ( 'NONE',  ( -0.0000000000000000000, -0.0000000000000000000, -1.000000000000000000 ) ) ;
#6962 = ADVANCED_FACE ( 'NONE', ( #7961 ), #616, .T. ) ;
#6963 = DIRECTION ( 'NONE',  ( -0.0000000000000000000, -0.0000000000000000000, -1.000000000000000000 ) ) ;
#6964 = ORIENTED_EDGE ( 'NONE', *, *, #8506, .F. ) ;
#6965 = CARTESIAN_POINT ( 'NONE',  ( 13.32957238623955100, -21.15000000000000600, 4.000000000000003600 ) ) ;
#6966 = ORIENTED_EDGE ( 'NONE', *, *, #9823, .T. ) ;
#6967 =( NAMED_UNIT ( * ) SI_UNIT ( $, .STERADIAN. ) SOLID_ANGLE_UNIT ( ) );
#6968 = DIRECTION ( 'NONE',  ( 8.202002250481357500E-017, -1.000000000000000000, -0.0000000000000000000 ) ) ;
#6969 = EDGE_CURVE ( 'NONE', #234, #1849, #743, .T. ) ;
#6970 = SURFACE_STYLE_FILL_AREA ( #4158 ) ;
#6971 = ORIENTED_EDGE ( 'NONE', *, *, #5236, .T. ) ;
#6972 = DIRECTION ( 'NONE',  ( 0.0000000000000000000, 0.0000000000000000000, 1.000000000000000000 ) ) ;
#6973 = EDGE_CURVE ( 'NONE', #2356, #2106, #7586, .T. ) ;
#6974 =( NAMED_UNIT ( * ) PLANE_ANGLE_UNIT ( ) SI_UNIT ( $, .RADIAN. ) );
#6975 = EDGE_LOOP ( 'NONE', ( #5308, #8309 ) ) ;
#6976 = ADVANCED_FACE ( 'NONE', ( #9147 ), #6242, .F. ) ;
#6977 = VERTEX_POINT ( 'NONE', #4570 ) ;
#6978 = ORIENTED_EDGE ( 'NONE', *, *, #3648, .T. ) ;
#6979 = DIRECTION ( 'NONE',  ( -6.179303022933785000E-015, -1.000000000000000000, 0.0000000000000000000 ) ) ;
#6980 =( NAMED_UNIT ( * ) SI_UNIT ( $, .STERADIAN. ) SOLID_ANGLE_UNIT ( ) );
#6981 = DIRECTION ( 'NONE',  ( -0.0000000000000000000, 1.000000000000000000, -0.0000000000000000000 ) ) ;
#6982 = EDGE_LOOP ( 'NONE', ( #3813, #10230, #4644, #10701 ) ) ;
#6983 = ORIENTED_EDGE ( 'NONE', *, *, #7475, .F. ) ;
#6984 = DIRECTION ( 'NONE',  ( 0.0000000000000000000, 1.000000000000000000, -0.0000000000000000000 ) ) ;
#6985 =( GEOMETRIC_REPRESENTATION_CONTEXT ( 3 ) GLOBAL_UNCERTAINTY_ASSIGNED_CONTEXT ( ( #3826 ) ) GLOBAL_UNIT_ASSIGNED_CONTEXT ( ( #1469, #8035, #10532 ) ) REPRESENTATION_CONTEXT ( 'NONE', 'WORKASPACE' ) );
#6986 = DIRECTION ( 'NONE',  ( -0.0000000000000000000, 1.000000000000000000, -0.0000000000000000000 ) ) ;
#6987 = STYLED_ITEM ( 'NONE', ( #4758 ), #10124 ) ;
#6988 = TOROIDAL_SURFACE ( 'NONE', #9816, 15.50000000000000000, 0.5000000000000000000 ) ;
#6989 = DIRECTION ( 'NONE',  ( 1.000000000000000000, 0.0000000000000000000, 0.0000000000000000000 ) ) ;
#6990 = ORIENTED_EDGE ( 'NONE', *, *, #10617, .T. ) ;
#6991 = MECHANICAL_DESIGN_GEOMETRIC_PRESENTATION_REPRESENTATION (  '', ( #5322 ), #7355 ) ;
#6992 = VECTOR ( 'NONE', #10643, 999.9999999999998900 ) ;
#6994 = VERTEX_POINT ( 'NONE', #4525 ) ;
#6993 = DIRECTION ( 'NONE',  ( 1.000000000000000000, 0.0000000000000000000, 0.0000000000000000000 ) ) ;
#6995 = LINE ( 'NONE', #7137, #154 ) ;
#6996 = CARTESIAN_POINT ( 'NONE',  ( -15.49999999999999600, 15.50000000000000000, 5.500000000000000000 ) ) ;
#6997 = ORIENTED_EDGE ( 'NONE', *, *, #3816, .F. ) ;
#6998 = CARTESIAN_POINT ( 'NONE',  ( -21.14999999999999500, -13.32957238623956400, 4.000000000000003600 ) ) ;
#6999 = CARTESIAN_POINT ( 'NONE',  ( 15.49999999999912400, -15.50000000000000200, -28.49999999999999600 ) ) ;
#7000 =( NAMED_UNIT ( * ) PLANE_ANGLE_UNIT ( ) SI_UNIT ( $, .RADIAN. ) );
#7001 = STYLED_ITEM ( 'NONE', ( #10827 ), #3843 ) ;
#7002 = EDGE_CURVE ( 'NONE', #10194, #7994, #4043, .T. ) ;
#7003 = CARTESIAN_POINT ( 'NONE',  ( 0.5999999999999993100, -39.15000000000002000, -31.85000000000000500 ) ) ;
#7004 = AXIS2_PLACEMENT_3D ( 'NONE', #5314, #6984, #284 ) ;
#7005 = VECTOR ( 'NONE', #2916, 1000.000000000000000 ) ;
#7006 = ORIENTED_EDGE ( 'NONE', *, *, #1550, .T. ) ;
#7007 = PLANE ( 'NONE',  #4481 ) ;
#7008 = DIRECTION ( 'NONE',  ( 1.000000000000000000, 0.0000000000000000000, 1.659555831213623100E-016 ) ) ;
#7009 = FACE_OUTER_BOUND ( 'NONE', #5015, .T. ) ;
#7010 = AXIS2_PLACEMENT_3D ( 'NONE', #7801, #4442, #5166 ) ;
#7011 = FILL_AREA_STYLE_COLOUR ( '', #8478 ) ;
#7012 = EDGE_CURVE ( 'NONE', #9945, #6724, #8494, .T. ) ;
#7013 = VECTOR ( 'NONE', #7022, 1000.000000000000000 ) ;
#7014 = FACE_OUTER_BOUND ( 'NONE', #6816, .T. ) ;
#7015 = CARTESIAN_POINT ( 'NONE',  ( -15.50000000000087200, -15.49999999999912400, -26.99999999999999600 ) ) ;
#7016 = CARTESIAN_POINT ( 'NONE',  ( -1.371348881391340800, -39.15000000000000600, -23.90028382492288000 ) ) ;
#7017 = ORIENTED_EDGE ( 'NONE', *, *, #1291, .F. ) ;
#7018 = PRESENTATION_LAYER_ASSIGNMENT (  '', '', ( #674 ) ) ;
#7019 = ADVANCED_FACE ( 'NONE', ( #5503 ), #5426, .F. ) ;
#7020 = VECTOR ( 'NONE', #9209, 1000.000000000000000 ) ;
#7021 = AXIS2_PLACEMENT_3D ( 'NONE', #10431, #482, #2176 ) ;
#7022 = DIRECTION ( 'NONE',  ( 0.0000000000000000000, -1.000000000000000000, 0.0000000000000000000 ) ) ;
#7023 = DIRECTION ( 'NONE',  ( 0.0000000000000000000, -1.000000000000000000, -0.0000000000000000000 ) ) ;
#7024 = VECTOR ( 'NONE', #572, 1000.000000000000000 ) ;
#7025 = VECTOR ( 'NONE', #9322, 1000.000000000000000 ) ;
#7026 = FACE_OUTER_BOUND ( 'NONE', #4231, .T. ) ;
#7027 = CARTESIAN_POINT ( 'NONE',  ( -16.80716972541453200, 15.98624964825021900, -28.49999999999999600 ) ) ;
#7028 = DIRECTION ( 'NONE',  ( 0.0000000000000000000, 0.0000000000000000000, -1.000000000000000000 ) ) ;
#7029 = EDGE_CURVE ( 'NONE', #9246, #10596, #3260, .T. ) ;
#7030 = CARTESIAN_POINT ( 'NONE',  ( 15.01375035175125200, 15.03502403148986100, -26.99999999999999600 ) ) ;
#7031 = FACE_OUTER_BOUND ( 'NONE', #4344, .T. ) ;
#7032 = CARTESIAN_POINT ( 'NONE',  ( -15.49999999999999600, 15.50000000000087400, -27.99999999999999600 ) ) ;
#7033 =( NAMED_UNIT ( * ) SI_UNIT ( $, .STERADIAN. ) SOLID_ANGLE_UNIT ( ) );
#7034 = CYLINDRICAL_SURFACE ( 'NONE', #4349, 0.5000000000000004400 ) ;
#7035 = ADVANCED_FACE ( 'NONE', ( #4311 ), #3253, .F. ) ;
#7036 = DIRECTION ( 'NONE',  ( -1.000000000000000000, 0.0000000000000000000, 0.0000000000000000000 ) ) ;
#7037 = SURFACE_STYLE_USAGE ( .BOTH. , #6179 ) ;
#7038 = CARTESIAN_POINT ( 'NONE',  ( -3.599999999999997400, -19.15000000000000600, -26.49999999999999600 ) ) ;
#7039 = EDGE_CURVE ( 'NONE', #6778, #9378, #9918, .T. ) ;
#7040 =( NAMED_UNIT ( * ) PLANE_ANGLE_UNIT ( ) SI_UNIT ( $, .RADIAN. ) );
#7041 = FACE_OUTER_BOUND ( 'NONE', #8514, .T. ) ;
#7042 = SURFACE_STYLE_USAGE ( .BOTH. , #10296 ) ;
#7043 = FACE_BOUND ( 'NONE', #3851, .T. ) ;
#7044 = CIRCLE ( 'NONE', #580, 1.249999999999997600 ) ;
#7045 = VERTEX_POINT ( 'NONE', #3919 ) ;
#7046 = DIRECTION ( 'NONE',  ( 1.000000000000000000, 0.0000000000000000000, 0.0000000000000000000 ) ) ;
#7048 = DIRECTION ( 'NONE',  ( -0.0000000000000000000, -0.0000000000000000000, 1.000000000000000000 ) ) ;
#7047 = CYLINDRICAL_SURFACE ( 'NONE', #4346, 2.500000000000000000 ) ;
#7049 = DIRECTION ( 'NONE',  ( -0.0000000000000000000, -0.0000000000000000000, -1.000000000000000000 ) ) ;
#7050 = DIRECTION ( 'NONE',  ( 0.0000000000000000000, -1.000000000000000000, 0.0000000000000000000 ) ) ;
#7051 = DIRECTION ( 'NONE',  ( 0.0000000000000000000, 0.0000000000000000000, 1.000000000000000000 ) ) ;
#7052 = FACE_OUTER_BOUND ( 'NONE', #4205, .T. ) ;
#7053 =( LENGTH_UNIT ( ) NAMED_UNIT ( * ) SI_UNIT ( .MILLI., .METRE. ) );
#7054 = DIRECTION ( 'NONE',  ( -1.000000000000000000, 0.0000000000000000000, 0.0000000000000000000 ) ) ;
#7055 = CIRCLE ( 'NONE', #8891, 3.249999999999997800 ) ;
#7056 = FACE_OUTER_BOUND ( 'NONE', #9325, .T. ) ;
#7057 = UNCERTAINTY_MEASURE_WITH_UNIT (LENGTH_MEASURE( 1.000000000000000100E-005 ), #9172, 'distance_accuracy_value', 'NONE');
#7058 = LINE ( 'NONE', #8245, #2848 ) ;
#7059 = STYLED_ITEM ( 'NONE', ( #7938 ), #5981 ) ;
#7060 = SURFACE_STYLE_FILL_AREA ( #7327 ) ;
#7061 = CARTESIAN_POINT ( 'NONE',  ( 0.0000000000000000000, 0.0000000000000000000, -28.99999999999999600 ) ) ;
#7062 = CARTESIAN_POINT ( 'NONE',  ( 20.00000000000000000, 0.0000000000000000000, -28.99999999999999600 ) ) ;
#7063 = FACE_OUTER_BOUND ( 'NONE', #8782, .T. ) ;
#7064 = ORIENTED_EDGE ( 'NONE', *, *, #6737, .T. ) ;
#7065 = VERTEX_POINT ( 'NONE', #6459 ) ;
#7066 = LINE ( 'NONE', #9649, #5382 ) ;
#7067 = EDGE_CURVE ( 'NONE', #1017, #8018, #6274, .T. ) ;
#7068 = DIRECTION ( 'NONE',  ( -1.000000000000000000, 0.0000000000000000000, 0.0000000000000000000 ) ) ;
#7069 = ORIENTED_EDGE ( 'NONE', *, *, #10204, .F. ) ;
#7070 = AXIS2_PLACEMENT_3D ( 'NONE', #2461, #5040, #8277 ) ;
#7071 = AXIS2_PLACEMENT_3D ( 'NONE', #3398, #5080, #788 ) ;
#7072 = CIRCLE ( 'NONE', #4292, 1.249999999999997600 ) ;
#7073 = FILL_AREA_STYLE_COLOUR ( '', #3364 ) ;
#7074 =( NAMED_UNIT ( * ) SI_UNIT ( $, .STERADIAN. ) SOLID_ANGLE_UNIT ( ) );
#7075 = VECTOR ( 'NONE', #7345, 1000.000000000000000 ) ;
#7076 = CARTESIAN_POINT ( 'NONE',  ( -16.94289321881344200, -21.15000000000000600, 2.000000000000000000 ) ) ;
#7077 = ADVANCED_FACE ( 'NONE', ( #7187 ), #3857, .T. ) ;
#7078 = CARTESIAN_POINT ( 'NONE',  ( -15.49999999999999600, 15.50000000000000000, 10.00000000000000000 ) ) ;
#7079 = STYLED_ITEM ( 'NONE', ( #10276 ), #2405 ) ;
#7080 = ORIENTED_EDGE ( 'NONE', *, *, #8892, .F. ) ;
#7081 = CARTESIAN_POINT ( 'NONE',  ( 15.50000000000000000, 15.50000000000000000, -28.49999999999999600 ) ) ;
#7082 = FACE_BOUND ( 'NONE', #7544, .T. ) ;
#7083 = EDGE_CURVE ( 'NONE', #10063, #1463, #8324, .T. ) ;
#7084 = ORIENTED_EDGE ( 'NONE', *, *, #8864, .F. ) ;
#7085 = DIRECTION ( 'NONE',  ( 0.0000000000000000000, 0.0000000000000000000, 1.000000000000000000 ) ) ;
#7086 = ORIENTED_EDGE ( 'NONE', *, *, #4315, .T. ) ;
#7087 = AXIS2_PLACEMENT_3D ( 'NONE', #3261, #8274, #821 ) ;
#7088 = DIRECTION ( 'NONE',  ( -0.0000000000000000000, -0.0000000000000000000, -1.000000000000000000 ) ) ;
#7089 = CARTESIAN_POINT ( 'NONE',  ( 0.0000000000000000000, 0.0000000000000000000, 12.00000000000000000 ) ) ;
#7090 = EDGE_LOOP ( 'NONE', ( #6757, #9341, #10088 ) ) ;
#7091 = AXIS2_PLACEMENT_3D ( 'NONE', #9436, #8602, #1003 ) ;
#7092 = ORIENTED_EDGE ( 'NONE', *, *, #1148, .T. ) ;
#7093 = FILL_AREA_STYLE ('',( #9445 ) ) ;
#7094 = CARTESIAN_POINT ( 'NONE',  ( -15.03502403149003500, 15.98624964825022200, -28.49999999999999600 ) ) ;
#7095 = ORIENTED_EDGE ( 'NONE', *, *, #10358, .F. ) ;
#7096 = CARTESIAN_POINT ( 'NONE',  ( -15.03502403149003500, 15.01375035175260000, -28.49999999999999600 ) ) ;
#7097 = EDGE_LOOP ( 'NONE', ( #9223, #4802 ) ) ;
#7098 = ADVANCED_FACE ( 'NONE', ( #7910 ), #3167, .F. ) ;
#7099 = ORIENTED_EDGE ( 'NONE', *, *, #1550, .F. ) ;
#7100 = ORIENTED_EDGE ( 'NONE', *, *, #8409, .T. ) ;
#7101 = EDGE_CURVE ( 'NONE', #5265, #9822, #2942, .T. ) ;
#7102 = VERTEX_POINT ( 'NONE', #1383 ) ;
#7103 = EDGE_CURVE ( 'NONE', #5768, #4444, #6817, .T. ) ;
#7104 = DIRECTION ( 'NONE',  ( -0.0000000000000000000, 1.000000000000000000, -0.0000000000000000000 ) ) ;
#7105 =( LENGTH_UNIT ( ) NAMED_UNIT ( * ) SI_UNIT ( .MILLI., .METRE. ) );
#7106 = DIRECTION ( 'NONE',  ( -0.0000000000000000000, -0.0000000000000000000, -1.000000000000000000 ) ) ;
#7107 = DIRECTION ( 'NONE',  ( 1.000000000000000000, 0.0000000000000000000, 0.0000000000000000000 ) ) ;
#7108 = EDGE_LOOP ( 'NONE', ( #940, #5017, #2990, #1166 ) ) ;
#7109 = ORIENTED_EDGE ( 'NONE', *, *, #6221, .T. ) ;
#7110 = DIRECTION ( 'NONE',  ( -0.0000000000000000000, -0.0000000000000000000, 1.000000000000000000 ) ) ;
#7111 = ORIENTED_EDGE ( 'NONE', *, *, #1723, .F. ) ;
#7112 = FILL_AREA_STYLE ('',( #6960 ) ) ;
#7113 = DIRECTION ( 'NONE',  ( 1.000000000000000000, 0.0000000000000000000, 0.0000000000000000000 ) ) ;
#7114 = CARTESIAN_POINT ( 'NONE',  ( -14.19283027458642900, 15.01375035175259500, -26.99999999999999600 ) ) ;
#7115 = CARTESIAN_POINT ( 'NONE',  ( 0.5999999999999992000, -39.15000000000002000, -31.35000000000000100 ) ) ;
#7116 = ORIENTED_EDGE ( 'NONE', *, *, #1509, .T. ) ;
#7117 = FILL_AREA_STYLE_COLOUR ( '', #5872 ) ;
#7118 =( NAMED_UNIT ( * ) SI_UNIT ( $, .STERADIAN. ) SOLID_ANGLE_UNIT ( ) );
#7119 =( LENGTH_UNIT ( ) NAMED_UNIT ( * ) SI_UNIT ( .MILLI., .METRE. ) );
#7120 = EDGE_CURVE ( 'NONE', #8581, #1034, #2357, .T. ) ;
#7121 =( GEOMETRIC_REPRESENTATION_CONTEXT ( 3 ) GLOBAL_UNCERTAINTY_ASSIGNED_CONTEXT ( ( #7717 ) ) GLOBAL_UNIT_ASSIGNED_CONTEXT ( ( #9842, #5734, #3885 ) ) REPRESENTATION_CONTEXT ( 'NONE', 'WORKASPACE' ) );
#7122 = ORIENTED_EDGE ( 'NONE', *, *, #838, .T. ) ;
#7123 = STYLED_ITEM ( 'NONE', ( #2608 ), #474 ) ;
#7124 = CIRCLE ( 'NONE', #1677, 0.5000000000000004400 ) ;
#7125 = EDGE_LOOP ( 'NONE', ( #540, #7890, #6699, #1286 ) ) ;
#7126 = SURFACE_STYLE_USAGE ( .BOTH. , #2904 ) ;
#7127 = CARTESIAN_POINT ( 'NONE',  ( 14.25001964264473400, 15.96497596851043000, -26.99999999999999600 ) ) ;
#7128 = ORIENTED_EDGE ( 'NONE', *, *, #7845, .F. ) ;
#7129 = ORIENTED_EDGE ( 'NONE', *, *, #10201, .T. ) ;
#7130 = CARTESIAN_POINT ( 'NONE',  ( -15.96497596851090600, 14.25001964264614300, -26.99999999999999600 ) ) ;
#7131 = EDGE_LOOP ( 'NONE', ( #3161, #7017 ) ) ;
#7132 = UNCERTAINTY_MEASURE_WITH_UNIT (LENGTH_MEASURE( 1.000000000000000100E-005 ), #266, 'distance_accuracy_value', 'NONE');
#7133 = DIRECTION ( 'NONE',  ( 1.000000000000000000, 0.0000000000000000000, -0.0000000000000000000 ) ) ;
#7134 = DIRECTION ( 'NONE',  ( -0.0000000000000000000, -0.0000000000000000000, 1.000000000000000000 ) ) ;
#7135 = FACE_OUTER_BOUND ( 'NONE', #1035, .T. ) ;
#7136 = ORIENTED_EDGE ( 'NONE', *, *, #5508, .T. ) ;
#7137 = CARTESIAN_POINT ( 'NONE',  ( -16.80716972541454600, 15.01375035175258400, -28.49999999999999600 ) ) ;
#7138 = EDGE_LOOP ( 'NONE', ( #9835, #3939, #2214, #9403 ) ) ;
#7139 =( GEOMETRIC_REPRESENTATION_CONTEXT ( 3 ) GLOBAL_UNCERTAINTY_ASSIGNED_CONTEXT ( ( #383 ) ) GLOBAL_UNIT_ASSIGNED_CONTEXT ( ( #8615, #6899, #1867 ) ) REPRESENTATION_CONTEXT ( 'NONE', 'WORKASPACE' ) );
#7140 = CARTESIAN_POINT ( 'NONE',  ( 16.80716972541264600, -15.98624964824928800, -28.49999999999999600 ) ) ;
#7141 = LINE ( 'NONE', #5434, #8836 ) ;
#7142 = AXIS2_PLACEMENT_3D ( 'NONE', #6050, #9367, #5193 ) ;
#7143 = LINE ( 'NONE', #5964, #3461 ) ;
#7144 = MECHANICAL_DESIGN_GEOMETRIC_PRESENTATION_REPRESENTATION (  '', ( #4763 ), #4909 ) ;
#7145 = CARTESIAN_POINT ( 'NONE',  ( 13.32957238623955800, 21.14999999999999900, -80.84951795962939500 ) ) ;
#7146 = LINE ( 'NONE', #9687, #10383 ) ;
#7147 = EDGE_CURVE ( 'NONE', #2542, #4090, #5522, .T. ) ;
#7148 = DIRECTION ( 'NONE',  ( 0.0000000000000000000, 0.0000000000000000000, -1.000000000000000000 ) ) ;
#7149 = CONICAL_SURFACE ( 'NONE', #9784, 1.249999999999999300, 1.029744258676653900 ) ;
#7150 = CARTESIAN_POINT ( 'NONE',  ( 21.16000000000000000, 13.31369220013741700, 4.000000000000003600 ) ) ;
#7151 = PRESENTATION_LAYER_ASSIGNMENT (  '', '', ( #6600 ) ) ;
#7152 = DIRECTION ( 'NONE',  ( -1.000000000000000000, 0.0000000000000000000, 0.0000000000000000000 ) ) ;
#7153 = EDGE_CURVE ( 'NONE', #97, #8316, #10184, .T. ) ;
#7155 = FACE_OUTER_BOUND ( 'NONE', #2493, .T. ) ;
#7154 = FILL_AREA_STYLE ('',( #5334 ) ) ;
#7156 = AXIS2_PLACEMENT_3D ( 'NONE', #9416, #4581, #3646 ) ;
#7157 = VECTOR ( 'NONE', #1835, 1000.000000000000000 ) ;
#7158 = SURFACE_STYLE_FILL_AREA ( #5195 ) ;
#7159 = FILL_AREA_STYLE ('',( #6152 ) ) ;
#7160 = EDGE_LOOP ( 'NONE', ( #10705, #122 ) ) ;
#7161 = MECHANICAL_DESIGN_GEOMETRIC_PRESENTATION_REPRESENTATION (  '', ( #3006 ), #3568 ) ;
#7162 = CYLINDRICAL_SURFACE ( 'NONE', #3675, 0.5563334663949322000 ) ;
#7163 = EDGE_CURVE ( 'NONE', #3937, #6706, #5135, .T. ) ;
#7164 = DIRECTION ( 'NONE',  ( -8.202002250481356300E-017, 1.000000000000000000, 0.0000000000000000000 ) ) ;
#7165 = CIRCLE ( 'NONE', #1552, 0.5000000000000004400 ) ;
#7166 = FACE_OUTER_BOUND ( 'NONE', #10073, .T. ) ;
#7167 = AXIS2_PLACEMENT_3D ( 'NONE', #2135, #3801, #1320 ) ;
#7168 = STYLED_ITEM ( 'NONE', ( #4251 ), #9483 ) ;
#7169 = CARTESIAN_POINT ( 'NONE',  ( 0.0000000000000000000, 0.0000000000000000000, -20.99999999999999600 ) ) ;
#7170 = FILL_AREA_STYLE ('',( #3022 ) ) ;
#7171 = DIRECTION ( 'NONE',  ( -0.0000000000000000000, -0.0000000000000000000, -1.000000000000000000 ) ) ;
#7172 = DIRECTION ( 'NONE',  ( -0.0000000000000000000, -0.0000000000000000000, -1.000000000000000000 ) ) ;
#7173 = ORIENTED_EDGE ( 'NONE', *, *, #542, .F. ) ;
#7174 = CARTESIAN_POINT ( 'NONE',  ( -15.03502403149003500, 16.74998035735667700, -26.99999999999999600 ) ) ;
#7175 = FACE_OUTER_BOUND ( 'NONE', #3546, .T. ) ;
#7176 = CIRCLE ( 'NONE', #9585, 0.5000000000000004400 ) ;
#7177 = EDGE_CURVE ( 'NONE', #2216, #7479, #4594, .T. ) ;
#7178 = SURFACE_STYLE_USAGE ( .BOTH. , #10472 ) ;
#7179 = VECTOR ( 'NONE', #10709, 1000.000000000000000 ) ;
#7180 = ORIENTED_EDGE ( 'NONE', *, *, #8425, .T. ) ;
#7181 =( LENGTH_UNIT ( ) NAMED_UNIT ( * ) SI_UNIT ( .MILLI., .METRE. ) );
#7182 = CYLINDRICAL_SURFACE ( 'NONE', #1726, 0.5000000000000004400 ) ;
#7183 = PLANE ( 'NONE',  #6518 ) ;
#7184 = EDGE_CURVE ( 'NONE', #10578, #10083, #9545, .T. ) ;
#7185 = FILL_AREA_STYLE_COLOUR ( '', #3866 ) ;
#7186 = EDGE_CURVE ( 'NONE', #2374, #5833, #6021, .T. ) ;
#7187 = FACE_OUTER_BOUND ( 'NONE', #140, .T. ) ;
#7188 = CARTESIAN_POINT ( 'NONE',  ( -17.29644660940671100, -21.00355339059327900, -19.00000000000000000 ) ) ;
#7189 = CARTESIAN_POINT ( 'NONE',  ( 16.74998035735527000, 15.03502403148956300, -28.49999999999999600 ) ) ;
#7190 = ORIENTED_EDGE ( 'NONE', *, *, #7012, .F. ) ;
#7191 = CARTESIAN_POINT ( 'NONE',  ( 21.14999999999999900, 21.14999999999999900, 2.000000000000000000 ) ) ;
#7192 = DIRECTION ( 'NONE',  ( -0.7071067811865460200, 0.0000000000000000000, -0.7071067811865490200 ) ) ;
#7193 = DIRECTION ( 'NONE',  ( -0.7071067811865469100, 0.7071067811865482400, 0.0000000000000000000 ) ) ;
#7194 = ADVANCED_FACE ( 'NONE', ( #7341 ), #8322, .F. ) ;
#7195 = PRESENTATION_STYLE_ASSIGNMENT (( #7959 ) ) ;
#7196 =( GEOMETRIC_REPRESENTATION_CONTEXT ( 3 ) GLOBAL_UNCERTAINTY_ASSIGNED_CONTEXT ( ( #1990 ) ) GLOBAL_UNIT_ASSIGNED_CONTEXT ( ( #7785, #8658, #6066 ) ) REPRESENTATION_CONTEXT ( 'NONE', 'WORKASPACE' ) );
#7197 = PRESENTATION_LAYER_ASSIGNMENT (  '', '', ( #3411 ) ) ;
#7198 = DIRECTION ( 'NONE',  ( 1.000000000000000000, 2.984279490192420800E-013, 0.0000000000000000000 ) ) ;
#7199 = ORIENTED_EDGE ( 'NONE', *, *, #5236, .F. ) ;
#7200 =( NAMED_UNIT ( * ) SI_UNIT ( $, .STERADIAN. ) SOLID_ANGLE_UNIT ( ) );
#7201 = DIRECTION ( 'NONE',  ( 1.000000000000000000, 0.0000000000000000000, 0.0000000000000000000 ) ) ;
#7202 = VECTOR ( 'NONE', #1635, 1000.000000000000000 ) ;
#7203 = SURFACE_SIDE_STYLE ('',( #2544 ) ) ;
#7204 = DIRECTION ( 'NONE',  ( -0.0000000000000000000, -1.000000000000000000, -0.0000000000000000000 ) ) ;
#7205 = ORIENTED_EDGE ( 'NONE', *, *, #3426, .F. ) ;
#7206 = AXIS2_PLACEMENT_3D ( 'NONE', #9811, #1453, #1672 ) ;
#7207 = EDGE_CURVE ( 'NONE', #120, #3954, #1813, .T. ) ;
#7208 = DIRECTION ( 'NONE',  ( -0.7423134210256130400, 0.0000000000000000000, -0.6700528225186809200 ) ) ;
#7209 = VERTEX_POINT ( 'NONE', #9063 ) ;
#7210 = ORIENTED_EDGE ( 'NONE', *, *, #9156, .T. ) ;
#7211 = CARTESIAN_POINT ( 'NONE',  ( -16.80716972541454600, 15.01375035175258400, -26.99999999999999600 ) ) ;
#7212 = ORIENTED_EDGE ( 'NONE', *, *, #10688, .T. ) ;
#7213 = PLANE ( 'NONE',  #6652 ) ;
#7214 = ORIENTED_EDGE ( 'NONE', *, *, #6193, .F. ) ;
#7215 = CARTESIAN_POINT ( 'NONE',  ( 16.74999999999999600, 15.50000000000000000, 5.500000000000000000 ) ) ;
#7216 = FILL_AREA_STYLE_COLOUR ( '', #2097 ) ;
#7217 = VERTEX_POINT ( 'NONE', #4190 ) ;
#7218 = CARTESIAN_POINT ( 'NONE',  ( -13.32957238623954800, -21.15000000000000600, -19.00000000000000400 ) ) ;
#7219 = EDGE_CURVE ( 'NONE', #10337, #97, #6689, .T. ) ;
#7220 = ORIENTED_EDGE ( 'NONE', *, *, #4061, .T. ) ;
#7221 = EDGE_LOOP ( 'NONE', ( #10494, #10231, #7510, #5016 ) ) ;
#7222 = ORIENTED_EDGE ( 'NONE', *, *, #9502, .F. ) ;
#7223 = EDGE_LOOP ( 'NONE', ( #2815, #10840, #2687, #9464 ) ) ;
#7224 = ORIENTED_EDGE ( 'NONE', *, *, #1792, .T. ) ;
#7225 =( NAMED_UNIT ( * ) PLANE_ANGLE_UNIT ( ) SI_UNIT ( $, .RADIAN. ) );
#7226 = DIRECTION ( 'NONE',  ( -1.000000000000000000, 0.0000000000000000000, 0.0000000000000000000 ) ) ;
#7227 = ORIENTED_EDGE ( 'NONE', *, *, #6084, .T. ) ;
#7228 = DIRECTION ( 'NONE',  ( -1.000000000000000000, 0.0000000000000000000, 0.0000000000000000000 ) ) ;
#7229 = CARTESIAN_POINT ( 'NONE',  ( 15.50000000000000000, 15.50000000000000000, -27.99999999999999600 ) ) ;
#7230 =( NAMED_UNIT ( * ) PLANE_ANGLE_UNIT ( ) SI_UNIT ( $, .RADIAN. ) );
#7231 =( GEOMETRIC_REPRESENTATION_CONTEXT ( 3 ) GLOBAL_UNCERTAINTY_ASSIGNED_CONTEXT ( ( #3166 ) ) GLOBAL_UNIT_ASSIGNED_CONTEXT ( ( #2629, #3473, #9292 ) ) REPRESENTATION_CONTEXT ( 'NONE', 'WORKASPACE' ) );
#7232 = LINE ( 'NONE', #1074, #10082 ) ;
#7233 = CARTESIAN_POINT ( 'NONE',  ( 1.799999999999999800, -18.15000000000000600, -30.65000000000000200 ) ) ;
#7234 = ORIENTED_EDGE ( 'NONE', *, *, #4015, .T. ) ;
#7235 = MECHANICAL_DESIGN_GEOMETRIC_PRESENTATION_REPRESENTATION (  '', ( #2317 ), #4640 ) ;
#7236 = PRODUCT ( '17HS15-1504-ME1K', '17HS15-1504-ME1K', '', ( #10177 ) ) ;
#7237 = CARTESIAN_POINT ( 'NONE',  ( -15.50000000000087200, -15.49999999999912400, -28.49999999999999600 ) ) ;
#7238 = ORIENTED_EDGE ( 'NONE', *, *, #2069, .T. ) ;
#7239 = CARTESIAN_POINT ( 'NONE',  ( 21.15000000000000200, -16.94289321881341000, -28.49999999999999600 ) ) ;
#7240 = EDGE_CURVE ( 'NONE', #4250, #7519, #494, .T. ) ;
#7241 = DIRECTION ( 'NONE',  ( 1.000000000000000000, 0.0000000000000000000, 0.0000000000000000000 ) ) ;
#7242 = VERTEX_POINT ( 'NONE', #8244 ) ;
#7243 = DIRECTION ( 'NONE',  ( 0.0000000000000000000, 0.0000000000000000000, 1.000000000000000000 ) ) ;
#7244 = EDGE_LOOP ( 'NONE', ( #9181, #6825, #7755, #244 ) ) ;
#7245 = VERTEX_POINT ( 'NONE', #9094 ) ;
#7246 = COLOUR_RGB ( '',0.2509803921568627400, 0.2509803921568627400, 0.2509803921568627400 ) ;
#7248 = ORIENTED_EDGE ( 'NONE', *, *, #9178, .F. ) ;
#7247 = SURFACE_STYLE_USAGE ( .BOTH. , #8162 ) ;
#7249 = ORIENTED_EDGE ( 'NONE', *, *, #3088, .F. ) ;
#7250 = EDGE_LOOP ( 'NONE', ( #10614, #1725 ) ) ;
#7251 = ADVANCED_FACE ( 'NONE', ( #10447 ), #3001, .T. ) ;
#7252 = UNCERTAINTY_MEASURE_WITH_UNIT (LENGTH_MEASURE( 1.000000000000000100E-005 ), #6481, 'distance_accuracy_value', 'NONE');
#7253 = DIRECTION ( 'NONE',  ( -0.0000000000000000000, -0.0000000000000000000, 1.000000000000000000 ) ) ;
#7254 = DIRECTION ( 'NONE',  ( -1.000000000000000000, 0.0000000000000000000, 0.0000000000000000000 ) ) ;
#7255 = CARTESIAN_POINT ( 'NONE',  ( 21.00355339059327200, 17.29644660940670800, -28.99999999999999600 ) ) ;
#7256 = CARTESIAN_POINT ( 'NONE',  ( -0.6000000000000007500, -39.15000000000002000, -30.85000000000000100 ) ) ;
#7257 = CARTESIAN_POINT ( 'NONE',  ( 16.94289321881343800, 20.64999999999999900, 2.000000000000000000 ) ) ;
#7258 = ORIENTED_EDGE ( 'NONE', *, *, #7329, .T. ) ;
#7259 = VERTEX_POINT ( 'NONE', #3310 ) ;
#7260 = SURFACE_SIDE_STYLE ('',( #2713 ) ) ;
#7261 = DIRECTION ( 'NONE',  ( -1.000000000000000000, 0.0000000000000000000, 0.0000000000000000000 ) ) ;
#7262 = SURFACE_STYLE_USAGE ( .BOTH. , #9951 ) ;
#7263 = FACE_BOUND ( 'NONE', #3686, .T. ) ;
#7264 = DIRECTION ( 'NONE',  ( -0.0000000000000000000, -0.0000000000000000000, -1.000000000000000000 ) ) ;
#7265 = PRESENTATION_STYLE_ASSIGNMENT (( #6169 ) ) ;
#7266 = DIRECTION ( 'NONE',  ( 1.000000000000000000, 3.815920199215875400E-013, -0.0000000000000000000 ) ) ;
#7267 = CARTESIAN_POINT ( 'NONE',  ( -3.434894197822122600, -19.15000000000000600, -21.64999999999999900 ) ) ;
#7268 = VERTEX_POINT ( 'NONE', #722 ) ;
#7269 = AXIS2_PLACEMENT_3D ( 'NONE', #2072, #6143, #1072 ) ;
#7270 = UNCERTAINTY_MEASURE_WITH_UNIT (LENGTH_MEASURE( 1.000000000000000100E-005 ), #1565, 'distance_accuracy_value', 'NONE');
#7271 = DIRECTION ( 'NONE',  ( 0.0000000000000000000, 1.000000000000000000, 0.0000000000000000000 ) ) ;
#7272 = CARTESIAN_POINT ( 'NONE',  ( 15.98624964824874800, 16.80716972541398100, -28.49999999999999600 ) ) ;
#7273 = EDGE_LOOP ( 'NONE', ( #6303, #4129, #9473, #4915 ) ) ;
#7274 = COLOUR_RGB ( '',0.2509803921568627400, 0.2509803921568627400, 0.2509803921568627400 ) ;
#7275 = SURFACE_STYLE_FILL_AREA ( #7154 ) ;
#7276 = CIRCLE ( 'NONE', #8250, 2.799999999999999800 ) ;
#7277 = CARTESIAN_POINT ( 'NONE',  ( 21.15000000000000200, -16.94289321881343800, 9.500000000000000000 ) ) ;
#7278 = DIRECTION ( 'NONE',  ( 0.0000000000000000000, 0.0000000000000000000, -1.000000000000000000 ) ) ;
#7279 = SURFACE_STYLE_FILL_AREA ( #690 ) ;
#7280 = FACE_OUTER_BOUND ( 'NONE', #5565, .T. ) ;
#7281 = FACE_BOUND ( 'NONE', #5143, .T. ) ;
#7282 = PRESENTATION_LAYER_ASSIGNMENT (  '', '', ( #6729 ) ) ;
#7283 = ORIENTED_EDGE ( 'NONE', *, *, #9110, .T. ) ;
#7284 =( GEOMETRIC_REPRESENTATION_CONTEXT ( 3 ) GLOBAL_UNCERTAINTY_ASSIGNED_CONTEXT ( ( #8237 ) ) GLOBAL_UNIT_ASSIGNED_CONTEXT ( ( #1477, #9872, #4812 ) ) REPRESENTATION_CONTEXT ( 'NONE', 'WORKASPACE' ) );
#7285 = CIRCLE ( 'NONE', #7010, 0.5563334663949322000 ) ;
#7286 = EDGE_CURVE ( 'NONE', #9822, #6134, #7721, .T. ) ;
#7287 = STYLED_ITEM ( 'NONE', ( #1906 ), #2362 ) ;
#7288 = DIRECTION ( 'NONE',  ( -0.7071067811865440200, -0.7071067811865510100, 0.0000000000000000000 ) ) ;
#7289 = CYLINDRICAL_SURFACE ( 'NONE', #5676, 2.500000000000000000 ) ;
#7290 = EDGE_CURVE ( 'NONE', #9843, #382, #10717, .T. ) ;
#7291 = FACE_OUTER_BOUND ( 'NONE', #175, .T. ) ;
#7292 = ORIENTED_EDGE ( 'NONE', *, *, #2998, .T. ) ;
#7293 = PLANE ( 'NONE',  #8552 ) ;
#7294 = DIRECTION ( 'NONE',  ( 0.0000000000000000000, 0.0000000000000000000, -1.000000000000000000 ) ) ;
#7295 = CARTESIAN_POINT ( 'NONE',  ( -15.96497596851089900, 16.74998035735668000, -28.49999999999999600 ) ) ;
#7296 = CARTESIAN_POINT ( 'NONE',  ( 14.25000000000000500, -15.50000000000000000, 5.500000000000000000 ) ) ;
#7297 = FILL_AREA_STYLE ('',( #1447 ) ) ;
#7298 = AXIS2_PLACEMENT_3D ( 'NONE', #10286, #6916, #9425 ) ;
#7299 = CARTESIAN_POINT ( 'NONE',  ( 0.0000000000000000000, 0.0000000000000000000, 11.50000000000000000 ) ) ;
#7300 = AXIS2_PLACEMENT_3D ( 'NONE', #3913, #4700, #3040 ) ;
#7301 = DIRECTION ( 'NONE',  ( 1.000000000000000000, 0.0000000000000000000, 0.0000000000000000000 ) ) ;
#7303 = PLANE ( 'NONE',  #1441 ) ;
#7302 = LINE ( 'NONE', #5936, #8871 ) ;
#7304 = CARTESIAN_POINT ( 'NONE',  ( -20.64999999999999500, 16.94289321881343100, -28.49999999999999600 ) ) ;
#7305 = CARTESIAN_POINT ( 'NONE',  ( 16.74998035735527000, 15.96497596851043000, -26.99999999999999600 ) ) ;
#7306 = AXIS2_PLACEMENT_3D ( 'NONE', #7644, #3500, #8484 ) ;
#7307 = EDGE_CURVE ( 'NONE', #7268, #5520, #6413, .T. ) ;
#7308 = EDGE_CURVE ( 'NONE', #7743, #2762, #4996, .T. ) ;
#7309 = COLOUR_RGB ( '',0.2509803921568627400, 0.2509803921568627400, 0.2509803921568627400 ) ;
#7310 = CIRCLE ( 'NONE', #7834, 0.5000000000000004400 ) ;
#7311 = CARTESIAN_POINT ( 'NONE',  ( -1.800000000000000700, -39.15000000000002000, -30.85000000000000100 ) ) ;
#7312 = DIRECTION ( 'NONE',  ( 0.0000000000000000000, -0.0000000000000000000, 1.000000000000000000 ) ) ;
#7313 = PLANE ( 'NONE',  #5656 ) ;
#7314 = ADVANCED_FACE ( 'NONE', ( #2737 ), #4064, .F. ) ;
#7315 = EDGE_LOOP ( 'NONE', ( #1145, #7095, #10746, #6040 ) ) ;
#7316 = PRODUCT_DEFINITION_SHAPE ( 'NONE', 'NONE',  #6860 ) ;
#7317 = FILL_AREA_STYLE ('',( #6554 ) ) ;
#7318 = DIRECTION ( 'NONE',  ( 0.0000000000000000000, 0.0000000000000000000, -1.000000000000000000 ) ) ;
#7319 = DIRECTION ( 'NONE',  ( 2.605923961437087100E-016, -1.000000000000000000, 0.0000000000000000000 ) ) ;
#7320 = FACE_OUTER_BOUND ( 'NONE', #9164, .T. ) ;
#7321 = LINE ( 'NONE', #2270, #5883 ) ;
#7322 = CIRCLE ( 'NONE', #388, 0.5000000000000004400 ) ;
#7323 = LINE ( 'NONE', #1555, #5114 ) ;
#7324 = DIRECTION ( 'NONE',  ( 0.7071067811865510100, -0.7071067811865441300, 0.0000000000000000000 ) ) ;
#7325 = PLANE ( 'NONE',  #10018 ) ;
#7326 = DIRECTION ( 'NONE',  ( 1.000000000000000000, 0.0000000000000000000, 0.0000000000000000000 ) ) ;
#7327 = FILL_AREA_STYLE ('',( #4811 ) ) ;
#7328 = SURFACE_STYLE_USAGE ( .BOTH. , #5695 ) ;
#7329 = EDGE_CURVE ( 'NONE', #10596, #652, #6294, .T. ) ;
#7330 = CARTESIAN_POINT ( 'NONE',  ( 13.32957238623955800, 21.14999999999999900, 4.000000000000003600 ) ) ;
#7331 = ORIENTED_EDGE ( 'NONE', *, *, #3720, .F. ) ;
#7332 = FACE_OUTER_BOUND ( 'NONE', #5862, .T. ) ;
#7333 = AXIS2_PLACEMENT_3D ( 'NONE', #646, #1487, #3202 ) ;
#7334 = DIRECTION ( 'NONE',  ( -0.0000000000000000000, -0.0000000000000000000, 1.000000000000000000 ) ) ;
#7335 = SURFACE_SIDE_STYLE ('',( #5754 ) ) ;
#7336 = DIRECTION ( 'NONE',  ( 0.0000000000000000000, -0.0000000000000000000, -1.000000000000000000 ) ) ;
#7337 = DIRECTION ( 'NONE',  ( -1.000000000000000000, 0.0000000000000000000, 0.0000000000000000000 ) ) ;
#7338 = PLANE ( 'NONE',  #9701 ) ;
#7339 = ORIENTED_EDGE ( 'NONE', *, *, #10345, .F. ) ;
#7340 = ORIENTED_EDGE ( 'NONE', *, *, #8482, .T. ) ;
#7341 = FACE_OUTER_BOUND ( 'NONE', #9595, .T. ) ;
#7342 = FILL_AREA_STYLE ('',( #10674 ) ) ;
#7343 = EDGE_LOOP ( 'NONE', ( #10731, #4880, #7080, #6465, #9838, #2158, #1292, #7339, #10258, #3572, #5596, #3205 ) ) ;
#7344 = DIRECTION ( 'NONE',  ( 0.0000000000000000000, 0.0000000000000000000, 1.000000000000000000 ) ) ;
#7345 = DIRECTION ( 'NONE',  ( -0.0000000000000000000, -0.0000000000000000000, -1.000000000000000000 ) ) ;
#7346 = AXIS2_PLACEMENT_3D ( 'NONE', #1345, #4004, #8059 ) ;
#7347 = MECHANICAL_DESIGN_GEOMETRIC_PRESENTATION_REPRESENTATION (  '', ( #6784 ), #2633 ) ;
#7348 = ADVANCED_FACE ( 'NONE', ( #8901, #630 ), #2594, .T. ) ;
#7349 = ORIENTED_EDGE ( 'NONE', *, *, #4917, .T. ) ;
#7350 = AXIS2_PLACEMENT_3D ( 'NONE', #7169, #9669, #7198 ) ;
#7351 = SURFACE_SIDE_STYLE ('',( #8223 ) ) ;
#7352 = DIRECTION ( 'NONE',  ( -8.202002250481356300E-017, 1.000000000000000000, 0.0000000000000000000 ) ) ;
#7353 = CARTESIAN_POINT ( 'NONE',  ( 0.0000000000000000000, 0.0000000000000000000, -26.99999999999999600 ) ) ;
#7354 = ORIENTED_EDGE ( 'NONE', *, *, #8864, .T. ) ;
#7355 =( GEOMETRIC_REPRESENTATION_CONTEXT ( 3 ) GLOBAL_UNCERTAINTY_ASSIGNED_CONTEXT ( ( #4510 ) ) GLOBAL_UNIT_ASSIGNED_CONTEXT ( ( #8681, #9586, #4598 ) ) REPRESENTATION_CONTEXT ( 'NONE', 'WORKASPACE' ) );
#7356 = VERTEX_POINT ( 'NONE', #5051 ) ;
#7357 = EDGE_CURVE ( 'NONE', #3294, #1295, #368, .T. ) ;
#7358 = ORIENTED_EDGE ( 'NONE', *, *, #7573, .F. ) ;
#7359 = ORIENTED_EDGE ( 'NONE', *, *, #10335, .F. ) ;
#7360 = VECTOR ( 'NONE', #6226, 1000.000000000000000 ) ;
#7361 = EDGE_LOOP ( 'NONE', ( #5812, #1949, #9417, #7775 ) ) ;
#7362 = EDGE_LOOP ( 'NONE', ( #3836, #812 ) ) ;
#7363 = VERTEX_POINT ( 'NONE', #1995 ) ;
#7364 = EDGE_CURVE ( 'NONE', #7356, #4593, #2611, .T. ) ;
#7365 = VERTEX_POINT ( 'NONE', #1143 ) ;
#7366 = AXIS2_PLACEMENT_3D ( 'NONE', #4617, #10501, #2207 ) ;
#7367 = SURFACE_STYLE_USAGE ( .BOTH. , #5650 ) ;
#7368 = CARTESIAN_POINT ( 'NONE',  ( 16.80716972541264600, -15.98624964824928800, -26.99999999999999600 ) ) ;
#7369 = SURFACE_STYLE_USAGE ( .BOTH. , #3193 ) ;
#7370 = AXIS2_PLACEMENT_3D ( 'NONE', #5415, #262, #5375 ) ;
#7371 = ORIENTED_EDGE ( 'NONE', *, *, #9255, .T. ) ;
#7372 = EDGE_CURVE ( 'NONE', #4219, #7259, #8771, .T. ) ;
#7373 = DIRECTION ( 'NONE',  ( 0.0000000000000000000, -0.0000000000000000000, 1.000000000000000000 ) ) ;
#7374 = EDGE_LOOP ( 'NONE', ( #6310, #8302, #6043, #811 ) ) ;
#7375 = FILL_AREA_STYLE_COLOUR ( '', #5365 ) ;
#7376 = CARTESIAN_POINT ( 'NONE',  ( 21.16000000000000000, 13.31369220013741700, 4.000000000000003600 ) ) ;
#7377 = CARTESIAN_POINT ( 'NONE',  ( -1.371348881391340800, -39.15000000000000600, -23.12683120912890200 ) ) ;
#7378 = DIRECTION ( 'NONE',  ( -0.0000000000000000000, 0.0000000000000000000, 1.000000000000000000 ) ) ;
#7379 = PRESENTATION_LAYER_ASSIGNMENT (  '', '', ( #5351 ) ) ;
#7380 = STYLED_ITEM ( 'NONE', ( #3594 ), #9211 ) ;
#7381 = LINE ( 'NONE', #5529, #10218 ) ;
#7382 = ORIENTED_EDGE ( 'NONE', *, *, #3819, .F. ) ;
#7383 =( LENGTH_UNIT ( ) NAMED_UNIT ( * ) SI_UNIT ( .MILLI., .METRE. ) );
#7384 = DIRECTION ( 'NONE',  ( 0.0000000000000000000, 0.0000000000000000000, 1.000000000000000000 ) ) ;
#7385 = DIRECTION ( 'NONE',  ( -0.0000000000000000000, -0.0000000000000000000, -1.000000000000000000 ) ) ;
#7386 = EDGE_CURVE ( 'NONE', #3628, #6913, #7591, .T. ) ;
#7387 = CARTESIAN_POINT ( 'NONE',  ( 15.01375035175125200, 15.96497596851013900, -26.99999999999999600 ) ) ;
#7388 = SURFACE_SIDE_STYLE ('',( #5117 ) ) ;
#7389 = ORIENTED_EDGE ( 'NONE', *, *, #532, .F. ) ;
#7390 = DIRECTION ( 'NONE',  ( -0.0000000000000000000, -0.0000000000000000000, -1.000000000000000000 ) ) ;
#7391 = VECTOR ( 'NONE', #5890, 999.9999999999998900 ) ;
#7392 = ORIENTED_EDGE ( 'NONE', *, *, #9882, .F. ) ;
#7393 = DIRECTION ( 'NONE',  ( 0.0000000000000000000, 0.0000000000000000000, -1.000000000000000000 ) ) ;
#7394 = ORIENTED_EDGE ( 'NONE', *, *, #3507, .F. ) ;
#7395 = ORIENTED_EDGE ( 'NONE', *, *, #5196, .F. ) ;
#7396 = UNCERTAINTY_MEASURE_WITH_UNIT (LENGTH_MEASURE( 1.000000000000000100E-005 ), #6674, 'distance_accuracy_value', 'NONE');
#7397 = ORIENTED_EDGE ( 'NONE', *, *, #10373, .T. ) ;
#7398 = FILL_AREA_STYLE_COLOUR ( '', #7905 ) ;
#7399 = EDGE_CURVE ( 'NONE', #9298, #46, #4854, .T. ) ;
#7400 = LINE ( 'NONE', #2586, #3342 ) ;
#7401 = ORIENTED_EDGE ( 'NONE', *, *, #5162, .T. ) ;
#7402 = EDGE_CURVE ( 'NONE', #10857, #8558, #5512, .T. ) ;
#7403 = DIRECTION ( 'NONE',  ( -1.000000000000000000, 0.0000000000000000000, 0.0000000000000000000 ) ) ;
#7404 =( LENGTH_UNIT ( ) NAMED_UNIT ( * ) SI_UNIT ( .MILLI., .METRE. ) );
#7405 = FACE_BOUND ( 'NONE', #5054, .T. ) ;
#7406 = DIRECTION ( 'NONE',  ( 1.000000000000000000, 0.0000000000000000000, 0.0000000000000000000 ) ) ;
#7407 = ADVANCED_FACE ( 'NONE', ( #9530, #7710 ), #5939, .T. ) ;
#7408 = DIRECTION ( 'NONE',  ( -1.000000000000000000, 0.0000000000000000000, 0.0000000000000000000 ) ) ;
#7409 = VECTOR ( 'NONE', #6131, 1000.000000000000000 ) ;
#7410 = DIRECTION ( 'NONE',  ( -1.000000000000000000, 0.0000000000000000000, 0.0000000000000000000 ) ) ;
#7411 = DIRECTION ( 'NONE',  ( -1.000000000000000000, 0.0000000000000000000, 0.0000000000000000000 ) ) ;
#7412 = DIRECTION ( 'NONE',  ( 0.0000000000000000000, -1.000000000000000000, 0.0000000000000000000 ) ) ;
#7413 = DIRECTION ( 'NONE',  ( 0.0000000000000000000, 0.0000000000000000000, 1.000000000000000000 ) ) ;
#7414 = AXIS2_PLACEMENT_3D ( 'NONE', #8557, #181, #10247 ) ;
#7415 = SURFACE_STYLE_FILL_AREA ( #7609 ) ;
#7416 = VECTOR ( 'NONE', #8832, 1000.000000000000000 ) ;
#7417 = AXIS2_PLACEMENT_3D ( 'NONE', #8253, #4759, #10572 ) ;
#7418 = FACE_OUTER_BOUND ( 'NONE', #6710, .T. ) ;
#7419 = DIRECTION ( 'NONE',  ( 1.000000000000000000, 0.0000000000000000000, 0.0000000000000000000 ) ) ;
#7420 = FILL_AREA_STYLE ('',( #4976 ) ) ;
#7421 =( NAMED_UNIT ( * ) PLANE_ANGLE_UNIT ( ) SI_UNIT ( $, .RADIAN. ) );
#7422 =( NAMED_UNIT ( * ) SI_UNIT ( $, .STERADIAN. ) SOLID_ANGLE_UNIT ( ) );
#7423 = DIRECTION ( 'NONE',  ( -0.7071067811865469100, 0.7071067811865482400, -0.0000000000000000000 ) ) ;
#7424 = ORIENTED_EDGE ( 'NONE', *, *, #880, .F. ) ;
#7425 = DIRECTION ( 'NONE',  ( 0.0000000000000000000, -6.938893903907222100E-015, -1.000000000000000000 ) ) ;
#7426 = DIRECTION ( 'NONE',  ( 1.000000000000000000, 0.0000000000000000000, 0.0000000000000000000 ) ) ;
#7427 = CARTESIAN_POINT ( 'NONE',  ( -15.03502403149003500, 15.98624964825022200, -28.49999999999999600 ) ) ;
#7428 = EDGE_CURVE ( 'NONE', #4196, #9200, #10056, .T. ) ;
#7429 = VECTOR ( 'NONE', #9765, 1000.000000000000000 ) ;
#7430 =( GEOMETRIC_REPRESENTATION_CONTEXT ( 3 ) GLOBAL_UNCERTAINTY_ASSIGNED_CONTEXT ( ( #226 ) ) GLOBAL_UNIT_ASSIGNED_CONTEXT ( ( #2424, #4147, #10743 ) ) REPRESENTATION_CONTEXT ( 'NONE', 'WORKASPACE' ) );
#7431 = VECTOR ( 'NONE', #3188, 1000.000000000000000 ) ;
#7432 = AXIS2_PLACEMENT_3D ( 'NONE', #2463, #5110, #9155 ) ;
#7433 = LINE ( 'NONE', #3980, #1769 ) ;
#7434 = CARTESIAN_POINT ( 'NONE',  ( -19.15000000000000200, 19.14999999999997400, -19.00000000000000000 ) ) ;
#7435 = EDGE_CURVE ( 'NONE', #7102, #6837, #3790, .T. ) ;
#7436 = AXIS2_PLACEMENT_3D ( 'NONE', #7089, #9477, #400 ) ;
#7437 = EDGE_CURVE ( 'NONE', #4920, #1061, #1800, .T. ) ;
#7438 = FACE_OUTER_BOUND ( 'NONE', #3852, .T. ) ;
#7439 = CARTESIAN_POINT ( 'NONE',  ( 16.79644660940670400, -20.79644660940672900, -28.99999999999999600 ) ) ;
#7440 = SURFACE_SIDE_STYLE ('',( #10120 ) ) ;
#7441 = ORIENTED_EDGE ( 'NONE', *, *, #4622, .F. ) ;
#7442 = DIRECTION ( 'NONE',  ( 0.0000000000000000000, -0.0000000000000000000, -1.000000000000000000 ) ) ;
#7443 = CARTESIAN_POINT ( 'NONE',  ( 16.94289321881343500, 20.64999999999999900, 9.500000000000000000 ) ) ;
#7444 = LINE ( 'NONE', #7027, #10538 ) ;
#7445 = DIRECTION ( 'NONE',  ( 0.0000000000000000000, 0.0000000000000000000, -1.000000000000000000 ) ) ;
#7446 = AXIS2_PLACEMENT_3D ( 'NONE', #10394, #9573, #2841 ) ;
#7447 = DIRECTION ( 'NONE',  ( -1.008560160451632500E-016, 0.0000000000000000000, -1.000000000000000000 ) ) ;
#7448 = AXIS2_PLACEMENT_3D ( 'NONE', #9389, #8662, #8591 ) ;
#7449 = FILL_AREA_STYLE_COLOUR ( '', #4300 ) ;
#7450 =( LENGTH_UNIT ( ) NAMED_UNIT ( * ) SI_UNIT ( .MILLI., .METRE. ) );
#7451 = VECTOR ( 'NONE', #8904, 1000.000000000000000 ) ;
#7452 = FACE_OUTER_BOUND ( 'NONE', #5657, .T. ) ;
#7453 = DIRECTION ( 'NONE',  ( -1.000000000000000000, 0.0000000000000000000, 0.0000000000000000000 ) ) ;
#7454 = FILL_AREA_STYLE ('',( #1566 ) ) ;
#7455 = ORIENTED_EDGE ( 'NONE', *, *, #10771, .F. ) ;
#7456 = SURFACE_STYLE_FILL_AREA ( #6777 ) ;
#7457 = EDGE_CURVE ( 'NONE', #7209, #868, #6135, .T. ) ;
#7458 = CARTESIAN_POINT ( 'NONE',  ( -3.434894197822121700, -21.25000000000000700, -21.65000000000000200 ) ) ;
#7459 = CARTESIAN_POINT ( 'NONE',  ( 15.50000000000000000, 15.50000000000000000, -28.49999999999999600 ) ) ;
#7460 = CARTESIAN_POINT ( 'NONE',  ( 0.5999999999999992000, -39.15000000000002000, -31.35000000000000100 ) ) ;
#7461 = CARTESIAN_POINT ( 'NONE',  ( 21.00355339059327200, 17.29644660940670800, -19.00000000000000000 ) ) ;
#7462 = ADVANCED_FACE ( 'NONE', ( #10436 ), #1073, .F. ) ;
#7463 = PRESENTATION_STYLE_ASSIGNMENT (( #8666 ) ) ;
#7464 = CARTESIAN_POINT ( 'NONE',  ( 20.64999999999999900, 16.94289321881343500, -28.49999999999999600 ) ) ;
#7465 = VERTEX_POINT ( 'NONE', #10330 ) ;
#7466 = DIRECTION ( 'NONE',  ( -1.000000000000000000, 0.0000000000000000000, 0.0000000000000000000 ) ) ;
#7467 = CARTESIAN_POINT ( 'NONE',  ( -16.74998035735715300, -15.03502403148862900, -26.99999999999999600 ) ) ;
#7468 = LINE ( 'NONE', #7898, #9927 ) ;
#7469 = DIRECTION ( 'NONE',  ( 0.0000000000000000000, -1.000000000000000000, 0.0000000000000000000 ) ) ;
#7470 = VECTOR ( 'NONE', #9917, 1000.000000000000000 ) ;
#7471 = DIRECTION ( 'NONE',  ( 0.0000000000000000000, -1.000000000000000000, 0.0000000000000000000 ) ) ;
#7472 = ORIENTED_EDGE ( 'NONE', *, *, #4956, .T. ) ;
#7473 = CARTESIAN_POINT ( 'NONE',  ( 0.0000000000000000000, 0.0000000000000000000, -26.49999999999997500 ) ) ;
#7474 = CARTESIAN_POINT ( 'NONE',  ( 11.00000000000000000, 1.347111479062088400E-015, 12.00000000000000000 ) ) ;
#7475 = EDGE_CURVE ( 'NONE', #9912, #9100, #7066, .T. ) ;
#7476 = MECHANICAL_DESIGN_GEOMETRIC_PRESENTATION_REPRESENTATION (  '', ( #5600 ), #7121 ) ;
#7477 = FACE_OUTER_BOUND ( 'NONE', #6575, .T. ) ;
#7478 = PRESENTATION_LAYER_ASSIGNMENT (  '', '', ( #6355 ) ) ;
#7479 = VERTEX_POINT ( 'NONE', #7150 ) ;
#7480 = EDGE_LOOP ( 'NONE', ( #7767, #2761, #3815, #10730, #3531, #6188, #6063, #4313 ) ) ;
#7481 = CIRCLE ( 'NONE', #6140, 0.4999999999999982200 ) ;
#7482 = VERTEX_POINT ( 'NONE', #3692 ) ;
#7483 =( NAMED_UNIT ( * ) SI_UNIT ( $, .STERADIAN. ) SOLID_ANGLE_UNIT ( ) );
#7484 = ORIENTED_EDGE ( 'NONE', *, *, #1224, .T. ) ;
#7485 = EDGE_LOOP ( 'NONE', ( #9420, #4515, #1402, #3676 ) ) ;
#7486 = ORIENTED_EDGE ( 'NONE', *, *, #2931, .T. ) ;
#7487 = VERTEX_POINT ( 'NONE', #6268 ) ;
#7488 = DIRECTION ( 'NONE',  ( 1.000000000000000000, 0.0000000000000000000, 0.0000000000000000000 ) ) ;
#7489 = DIRECTION ( 'NONE',  ( 1.000000000000000000, 0.0000000000000000000, -0.0000000000000000000 ) ) ;
#7490 = ORIENTED_EDGE ( 'NONE', *, *, #5773, .F. ) ;
#7491 = ORIENTED_EDGE ( 'NONE', *, *, #8700, .F. ) ;
#7492 = CARTESIAN_POINT ( 'NONE',  ( -15.49999999999999600, 15.50000000000000000, 5.500000000000000000 ) ) ;
#7493 = VERTEX_POINT ( 'NONE', #4628 ) ;
#7494 = AXIS2_PLACEMENT_3D ( 'NONE', #9173, #10728, #2410 ) ;
#7495 = ORIENTED_EDGE ( 'NONE', *, *, #1335, .T. ) ;
#7496 = AXIS2_PLACEMENT_3D ( 'NONE', #472, #9594, #6326 ) ;
#7497 = CIRCLE ( 'NONE', #932, 25.00000000000000000 ) ;
#7498 = FILL_AREA_STYLE_COLOUR ( '', #977 ) ;
#7499 = DIRECTION ( 'NONE',  ( 4.542762141924073600E-015, 1.000000000000000000, 0.0000000000000000000 ) ) ;
#7500 = PRESENTATION_LAYER_ASSIGNMENT (  '', '', ( #7287 ) ) ;
#7501 = EDGE_CURVE ( 'NONE', #2507, #6808, #6010, .T. ) ;
#7502 = ORIENTED_EDGE ( 'NONE', *, *, #4293, .F. ) ;
#7503 = CARTESIAN_POINT ( 'NONE',  ( -21.14999999999999500, -17.15000000000000200, -28.99999999999999600 ) ) ;
#7504 =( GEOMETRIC_REPRESENTATION_CONTEXT ( 3 ) GLOBAL_UNCERTAINTY_ASSIGNED_CONTEXT ( ( #7057 ) ) GLOBAL_UNIT_ASSIGNED_CONTEXT ( ( #9172, #2481, #8345 ) ) REPRESENTATION_CONTEXT ( 'NONE', 'WORKASPACE' ) );
#7505 = FACE_OUTER_BOUND ( 'NONE', #7273, .T. ) ;
#7506 = EDGE_CURVE ( 'NONE', #5943, #2175, #10173, .T. ) ;
#7507 = ORIENTED_EDGE ( 'NONE', *, *, #542, .T. ) ;
#7508 = AXIS2_PLACEMENT_3D ( 'NONE', #10666, #1409, #4852 ) ;
#7509 = CARTESIAN_POINT ( 'NONE',  ( 21.15000000000000200, -21.15000000000000200, 10.00000000000000000 ) ) ;
#7510 = ORIENTED_EDGE ( 'NONE', *, *, #9402, .F. ) ;
#7511 = ADVANCED_FACE ( 'NONE', ( #888 ), #6376, .F. ) ;
#7512 = ORIENTED_EDGE ( 'NONE', *, *, #10166, .F. ) ;
#7513 = CARTESIAN_POINT ( 'NONE',  ( 15.50000000000000400, -15.50000000000000000, 10.00000000000000000 ) ) ;
#7514 = AXIS2_PLACEMENT_3D ( 'NONE', #7509, #4221, #855 ) ;
#7515 = EDGE_CURVE ( 'NONE', #6456, #3538, #6558, .T. ) ;
#7516 = CYLINDRICAL_SURFACE ( 'NONE', #3932, 2.799999999999999800 ) ;
#7517 = ORIENTED_EDGE ( 'NONE', *, *, #7219, .F. ) ;
#7518 = SURFACE_SIDE_STYLE ('',( #1393 ) ) ;
#7519 = VERTEX_POINT ( 'NONE', #3778 ) ;
#7520 = DIRECTION ( 'NONE',  ( 0.0000000000000000000, 0.0000000000000000000, 1.000000000000000000 ) ) ;
#7521 = ORIENTED_EDGE ( 'NONE', *, *, #8561, .F. ) ;
#7522 = CARTESIAN_POINT ( 'NONE',  ( 0.0000000000000000000, 20.64999999999999900, 10.00000000000000000 ) ) ;
#7523 = DIRECTION ( 'NONE',  ( -1.000000000000000000, -1.235860604586731400E-014, 0.0000000000000000000 ) ) ;
#7524 = STYLED_ITEM ( 'NONE', ( #9216 ), #9705 ) ;
#7525 = VECTOR ( 'NONE', #8628, 1000.000000000000000 ) ;
#7526 = DIRECTION ( 'NONE',  ( -0.0000000000000000000, 1.000000000000000000, -0.0000000000000000000 ) ) ;
#7527 = ORIENTED_EDGE ( 'NONE', *, *, #10396, .T. ) ;
#7528 = SURFACE_STYLE_USAGE ( .BOTH. , #5848 ) ;
#7529 = COLOUR_RGB ( '',0.0000000000000000000, 0.5019607843137254800, 1.000000000000000000 ) ;
#7530 = ORIENTED_EDGE ( 'NONE', *, *, #1605, .T. ) ;
#7531 = DIRECTION ( 'NONE',  ( 0.0000000000000000000, 0.0000000000000000000, 1.000000000000000000 ) ) ;
#7532 = VECTOR ( 'NONE', #5682, 1000.000000000000000 ) ;
#7533 = PRESENTATION_STYLE_ASSIGNMENT (( #8417 ) ) ;
#7534 = VERTEX_POINT ( 'NONE', #8712 ) ;
#7535 =( LENGTH_UNIT ( ) NAMED_UNIT ( * ) SI_UNIT ( .MILLI., .METRE. ) );
#7536 = VECTOR ( 'NONE', #8422, 1000.000000000000000 ) ;
#7537 = SURFACE_STYLE_FILL_AREA ( #2520 ) ;
#7538 = CARTESIAN_POINT ( 'NONE',  ( -20.64999999999999500, -16.94289321881345200, 10.00000000000000000 ) ) ;
#7539 = EDGE_CURVE ( 'NONE', #5285, #10048, #3267, .T. ) ;
#7540 = EDGE_CURVE ( 'NONE', #1738, #8412, #2064, .T. ) ;
#7541 = VECTOR ( 'NONE', #3721, 1000.000000000000000 ) ;
#7542 = CARTESIAN_POINT ( 'NONE',  ( 21.00355339059327200, 17.29644660940670800, -28.49999999999999600 ) ) ;
#7543 = SURFACE_STYLE_USAGE ( .BOTH. , #10042 ) ;
#7544 = EDGE_LOOP ( 'NONE', ( #10862, #4745 ) ) ;
#7545 =( NAMED_UNIT ( * ) PLANE_ANGLE_UNIT ( ) SI_UNIT ( $, .RADIAN. ) );
#7546 = SURFACE_STYLE_USAGE ( .BOTH. , #5932 ) ;
#7547 = SURFACE_STYLE_FILL_AREA ( #6810 ) ;
#7548 = LINE ( 'NONE', #4677, #3100 ) ;
#7549 = CARTESIAN_POINT ( 'NONE',  ( -14.24999999999999600, -15.50000000000000400, 5.500000000000000000 ) ) ;
#7550 = LINE ( 'NONE', #8985, #5604 ) ;
#7551 = DIRECTION ( 'NONE',  ( -0.0000000000000000000, 1.000000000000000000, -0.0000000000000000000 ) ) ;
#7552 = SPHERICAL_SURFACE ( 'NONE', #8203, 0.5000000000000000000 ) ;
#7553 = EDGE_LOOP ( 'NONE', ( #6819, #3330 ) ) ;
#7554 = FILL_AREA_STYLE_COLOUR ( '', #6564 ) ;
#7555 = PRESENTATION_LAYER_ASSIGNMENT (  '', '', ( #8523 ) ) ;
#7556 = AXIS2_PLACEMENT_3D ( 'NONE', #3315, #3244, #5776 ) ;
#7558 =( GEOMETRIC_REPRESENTATION_CONTEXT ( 3 ) GLOBAL_UNCERTAINTY_ASSIGNED_CONTEXT ( ( #9521 ) ) GLOBAL_UNIT_ASSIGNED_CONTEXT ( ( #7404, #2386, #4146 ) ) REPRESENTATION_CONTEXT ( 'NONE', 'WORKASPACE' ) );
#7557 = DIRECTION ( 'NONE',  ( 0.0000000000000000000, 0.0000000000000000000, -1.000000000000000000 ) ) ;
#7559 = CYLINDRICAL_SURFACE ( 'NONE', #6569, 2.749999999999999100 ) ;
#7560 = SURFACE_SIDE_STYLE ('',( #6970 ) ) ;
#7561 = CARTESIAN_POINT ( 'NONE',  ( 0.0000000000000000000, 0.0000000000000000000, -28.99999999999999600 ) ) ;
#7562 = LINE ( 'NONE', #488, #7673 ) ;
#7563 = PRESENTATION_STYLE_ASSIGNMENT (( #5599 ) ) ;
#7564 = ADVANCED_FACE ( 'NONE', ( #7332 ), #6225, .F. ) ;
#7565 =( GEOMETRIC_REPRESENTATION_CONTEXT ( 3 ) GLOBAL_UNCERTAINTY_ASSIGNED_CONTEXT ( ( #1053 ) ) GLOBAL_UNIT_ASSIGNED_CONTEXT ( ( #7983, #7225, #495 ) ) REPRESENTATION_CONTEXT ( 'NONE', 'WORKASPACE' ) );
#7566 = EDGE_CURVE ( 'NONE', #4695, #9708, #10706, .T. ) ;
#7567 = AXIS2_PLACEMENT_3D ( 'NONE', #9526, #2021, #4535 ) ;
#7568 =( LENGTH_UNIT ( ) NAMED_UNIT ( * ) SI_UNIT ( .MILLI., .METRE. ) );
#7569 = EDGE_LOOP ( 'NONE', ( #887, #10332 ) ) ;
#7570 = CIRCLE ( 'NONE', #8050, 0.5000000000000004400 ) ;
#7571 = CARTESIAN_POINT ( 'NONE',  ( -0.1346328369071387000, 2.000000000000000000, 34.00000000000000000 ) ) ;
#7572 =( GEOMETRIC_REPRESENTATION_CONTEXT ( 3 ) GLOBAL_UNCERTAINTY_ASSIGNED_CONTEXT ( ( #4717 ) ) GLOBAL_UNIT_ASSIGNED_CONTEXT ( ( #872, #843, #5127 ) ) REPRESENTATION_CONTEXT ( 'NONE', 'WORKASPACE' ) );
#7573 = EDGE_CURVE ( 'NONE', #1910, #3010, #5124, .T. ) ;
#7574 = FACE_OUTER_BOUND ( 'NONE', #5937, .T. ) ;
#7575 = CARTESIAN_POINT ( 'NONE',  ( -16.74998035735715300, -15.96497596850949400, -26.99999999999999600 ) ) ;
#7576 = DIRECTION ( 'NONE',  ( 0.0000000000000000000, 0.0000000000000000000, -1.000000000000000000 ) ) ;
#7577 = LINE ( 'NONE', #9267, #874 ) ;
#7578 = VECTOR ( 'NONE', #6520, 1000.000000000000000 ) ;
#7579 = SURFACE_SIDE_STYLE ('',( #5371 ) ) ;
#7580 = LINE ( 'NONE', #7376, #8099 ) ;
#7581 =( GEOMETRIC_REPRESENTATION_CONTEXT ( 3 ) GLOBAL_UNCERTAINTY_ASSIGNED_CONTEXT ( ( #1184 ) ) GLOBAL_UNIT_ASSIGNED_CONTEXT ( ( #4856, #3120, #9771 ) ) REPRESENTATION_CONTEXT ( 'NONE', 'WORKASPACE' ) );
#7582 = DIRECTION ( 'NONE',  ( 0.0000000000000000000, 0.0000000000000000000, 1.000000000000000000 ) ) ;
#7583 = VECTOR ( 'NONE', #3785, 1000.000000000000000 ) ;
#7584 = PRESENTATION_LAYER_ASSIGNMENT (  '', '', ( #3099 ) ) ;
#7585 = CARTESIAN_POINT ( 'NONE',  ( -15.49999999999999600, 15.50000000000087400, -28.99999999999999600 ) ) ;
#7586 = LINE ( 'NONE', #6200, #4978 ) ;
#7587 = CIRCLE ( 'NONE', #9487, 2.399999999999999500 ) ;
#7588 = DIRECTION ( 'NONE',  ( 0.0000000000000000000, 0.0000000000000000000, 1.000000000000000000 ) ) ;
#7589 = EDGE_CURVE ( 'NONE', #3701, #3712, #7468, .T. ) ;
#7590 = VERTEX_POINT ( 'NONE', #9611 ) ;
#7591 = LINE ( 'NONE', #9501, #3140 ) ;
#7592 = CARTESIAN_POINT ( 'NONE',  ( 15.49999999999912400, -15.50000000000000200, -26.99999999999999600 ) ) ;
#7593 = CARTESIAN_POINT ( 'NONE',  ( 16.94289321881341300, 21.14999999999999900, -19.00000000000000000 ) ) ;
#7594 = UNCERTAINTY_MEASURE_WITH_UNIT (LENGTH_MEASURE( 1.000000000000000100E-005 ), #1355, 'distance_accuracy_value', 'NONE');
#7595 = EDGE_CURVE ( 'NONE', #902, #318, #6280, .T. ) ;
#7596 = VERTEX_POINT ( 'NONE', #7215 ) ;
#7597 = ORIENTED_EDGE ( 'NONE', *, *, #4863, .T. ) ;
#7598 = TOROIDAL_SURFACE ( 'NONE', #2924, 3.250000000000000000, 0.5000000000000000000 ) ;
#7599 = VERTEX_POINT ( 'NONE', #1186 ) ;
#7600 = EDGE_CURVE ( 'NONE', #3275, #6778, #4052, .T. ) ;
#7601 = CARTESIAN_POINT ( 'NONE',  ( -1.500000000000000200, 2.000000000000000000, 33.49999999999999300 ) ) ;
#7602 = EDGE_LOOP ( 'NONE', ( #6964, #392, #643, #10852 ) ) ;
#7603 = ORIENTED_EDGE ( 'NONE', *, *, #198, .T. ) ;
#7604 = VERTEX_POINT ( 'NONE', #4775 ) ;
#7605 = ORIENTED_EDGE ( 'NONE', *, *, #3489, .F. ) ;
#7606 = CARTESIAN_POINT ( 'NONE',  ( 0.0000000000000000000, 21.14999999999999900, -20.99999999999999600 ) ) ;
#7607 = DIRECTION ( 'NONE',  ( -0.0000000000000000000, -1.000000000000000000, -0.0000000000000000000 ) ) ;
#7608 = EDGE_LOOP ( 'NONE', ( #8799, #9677, #6562, #9584 ) ) ;
#7609 = FILL_AREA_STYLE ('',( #4999 ) ) ;
#7610 = VERTEX_POINT ( 'NONE', #8129 ) ;
#7611 = CARTESIAN_POINT ( 'NONE',  ( 21.15000000000000200, -21.15000000000000200, 9.500000000000000000 ) ) ;
#7612 = ADVANCED_FACE ( 'NONE', ( #3517 ), #3911, .F. ) ;
#7613 = FILL_AREA_STYLE_COLOUR ( '', #3285 ) ;
#7614 = AXIS2_PLACEMENT_3D ( 'NONE', #10475, #1331, #3035 ) ;
#7615 = CARTESIAN_POINT ( 'NONE',  ( -13.09999999999999600, 15.50000000000087400, -27.99999999999999600 ) ) ;
#7616 = SURFACE_STYLE_FILL_AREA ( #5373 ) ;
#7617 = VERTEX_POINT ( 'NONE', #9766 ) ;
#7618 = ORIENTED_EDGE ( 'NONE', *, *, #1521, .T. ) ;
#7619 =( GEOMETRIC_REPRESENTATION_CONTEXT ( 3 ) GLOBAL_UNCERTAINTY_ASSIGNED_CONTEXT ( ( #5329 ) ) GLOBAL_UNIT_ASSIGNED_CONTEXT ( ( #10579, #3075, #3148 ) ) REPRESENTATION_CONTEXT ( 'NONE', 'WORKASPACE' ) );
#7620 = CARTESIAN_POINT ( 'NONE',  ( 17.29644660940670800, 21.00355339059327200, 9.500000000000000000 ) ) ;
#7621 = ORIENTED_EDGE ( 'NONE', *, *, #4053, .T. ) ;
#7622 = CARTESIAN_POINT ( 'NONE',  ( 1.999999999999994900, 0.0000000000000000000, -26.99999999999999600 ) ) ;
#7623 = CARTESIAN_POINT ( 'NONE',  ( -2.500000000000000000, 0.0000000000000000000, 34.00000000000000000 ) ) ;
#7624 = PLANE ( 'NONE',  #9864 ) ;
#7625 = FACE_OUTER_BOUND ( 'NONE', #6061, .T. ) ;
#7626 = ORIENTED_EDGE ( 'NONE', *, *, #10488, .T. ) ;
#7627 = DIRECTION ( 'NONE',  ( 1.235860604586716300E-014, -1.000000000000000000, 0.0000000000000000000 ) ) ;
#7628 = DIRECTION ( 'NONE',  ( -0.6700528225187056800, 0.0000000000000000000, -0.7423134210255908400 ) ) ;
#7629 = EDGE_CURVE ( 'NONE', #143, #6437, #9663, .T. ) ;
#7630 = ORIENTED_EDGE ( 'NONE', *, *, #42, .F. ) ;
#7631 = AXIS2_PLACEMENT_3D ( 'NONE', #9119, #6749, #10043 ) ;
#7632 = STYLED_ITEM ( 'NONE', ( #10169 ), #1091 ) ;
#7633 = MECHANICAL_DESIGN_GEOMETRIC_PRESENTATION_REPRESENTATION (  '', ( #6735 ), #5950 ) ;
#7634 = ORIENTED_EDGE ( 'NONE', *, *, #818, .T. ) ;
#7635 = EDGE_CURVE ( 'NONE', #2227, #5149, #1934, .T. ) ;
#7636 = EDGE_LOOP ( 'NONE', ( #9850, #3016, #6954 ) ) ;
#7637 = CARTESIAN_POINT ( 'NONE',  ( 3.306851934509033700, -21.25000000000000700, -21.64999999999999900 ) ) ;
#7638 = CARTESIAN_POINT ( 'NONE',  ( -1.034555470891353100, 2.000000000000000000, 33.76036669716649600 ) ) ;
#7639 = PRESENTATION_LAYER_ASSIGNMENT (  '', '', ( #4851 ) ) ;
#7640 = ORIENTED_EDGE ( 'NONE', *, *, #777, .T. ) ;
#7641 = MECHANICAL_DESIGN_GEOMETRIC_PRESENTATION_REPRESENTATION (  '', ( #10633 ), #8206 ) ;
#7642 = LINE ( 'NONE', #9026, #10361 ) ;
#7643 = VERTEX_POINT ( 'NONE', #2342 ) ;
#7644 = CARTESIAN_POINT ( 'NONE',  ( 1.339045298307557800, -39.15000000000000600, -23.12683120912890200 ) ) ;
#7645 = PLANE ( 'NONE',  #9845 ) ;
#7646 = VERTEX_POINT ( 'NONE', #2262 ) ;
#7647 = EDGE_LOOP ( 'NONE', ( #9979, #3, #7248, #5915 ) ) ;
#7648 = DIRECTION ( 'NONE',  ( 0.0000000000000000000, 0.0000000000000000000, 1.000000000000000000 ) ) ;
#7649 = EDGE_CURVE ( 'NONE', #5641, #6405, #5240, .T. ) ;
#7650 = EDGE_CURVE ( 'NONE', #2717, #3196, #3915, .T. ) ;
#7651 = COLOUR_RGB ( '',0.2509803921568627400, 0.2509803921568627400, 0.2509803921568627400 ) ;
#7652 = CARTESIAN_POINT ( 'NONE',  ( 0.0000000000000000000, 0.0000000000000000000, 2.000000000000000000 ) ) ;
#7653 = VERTEX_POINT ( 'NONE', #1518 ) ;
#7654 = FACE_BOUND ( 'NONE', #7131, .T. ) ;
#7655 = COLOUR_RGB ( '',0.0000000000000000000, 0.0000000000000000000, 0.0000000000000000000 ) ;
#7656 = DIRECTION ( 'NONE',  ( 1.000000000000000000, 0.0000000000000000000, -0.0000000000000000000 ) ) ;
#7657 = PLANE ( 'NONE',  #155 ) ;
#7658 = TOROIDAL_SURFACE ( 'NONE', #7840, 4.000000000000000000, 0.5000000000000000000 ) ;
#7659 = CARTESIAN_POINT ( 'NONE',  ( 0.0000000000000000000, 0.0000000000000000000, 2.000000000000001800 ) ) ;
#7660 = ADVANCED_FACE ( 'NONE', ( #8239 ), #9797, .F. ) ;
#7661 = SURFACE_SIDE_STYLE ('',( #10190 ) ) ;
#7662 = FACE_OUTER_BOUND ( 'NONE', #366, .T. ) ;
#7663 = COLOUR_RGB ( '',0.2509803921568627400, 0.2509803921568627400, 0.2509803921568627400 ) ;
#7664 = COLOUR_RGB ( '',0.2509803921568627400, 0.2509803921568627400, 0.2509803921568627400 ) ;
#7665 = CARTESIAN_POINT ( 'NONE',  ( -15.01375035175307500, -15.03502403148862900, -28.49999999999999600 ) ) ;
#7666 = EDGE_CURVE ( 'NONE', #7487, #6435, #1411, .T. ) ;
#7667 = PRESENTATION_LAYER_ASSIGNMENT (  '', '', ( #3339 ) ) ;
#7668 = CIRCLE ( 'NONE', #8946, 20.00000000000000000 ) ;
#7669 = ADVANCED_FACE ( 'NONE', ( #9034 ), #8623, .F. ) ;
#7670 = AXIS2_PLACEMENT_3D ( 'NONE', #549, #5422, #10676 ) ;
#7671 = DIRECTION ( 'NONE',  ( -1.000000000000000000, -1.865390464730961800E-015, 0.0000000000000000000 ) ) ;
#7672 = PLANE ( 'NONE',  #9380 ) ;
#7673 = VECTOR ( 'NONE', #6375, 1000.000000000000000 ) ;
#7674 = COLOUR_RGB ( '',0.2509803921568627400, 0.2509803921568627400, 0.2509803921568627400 ) ;
#7675 = SURFACE_SIDE_STYLE ('',( #5957 ) ) ;
#7676 = FACE_OUTER_BOUND ( 'NONE', #7608, .T. ) ;
#7677 = FILL_AREA_STYLE ('',( #5001 ) ) ;
#7678 = CARTESIAN_POINT ( 'NONE',  ( -21.14999999999999500, -16.94289321881345600, -19.00000000000000000 ) ) ;
#7679 = CIRCLE ( 'NONE', #7614, 0.5000000000000004400 ) ;
#7680 = CARTESIAN_POINT ( 'NONE',  ( -15.96497596851091000, 15.01375035175259500, -28.49999999999999600 ) ) ;
#7681 = COLOUR_RGB ( '',0.2509803921568627400, 0.2509803921568627400, 0.2509803921568627400 ) ;
#7682 = CARTESIAN_POINT ( 'NONE',  ( 12.75000000000000200, 15.50000000000000000, -28.49999999999999600 ) ) ;
#7683 = ORIENTED_EDGE ( 'NONE', *, *, #2647, .T. ) ;
#7684 = STYLED_ITEM ( 'NONE', ( #4580 ), #6962 ) ;
#7685 = CIRCLE ( 'NONE', #3495, 2.400000000000001200 ) ;
#7686 = AXIS2_PLACEMENT_3D ( 'NONE', #7950, #7054, #3753 ) ;
#7687 = CIRCLE ( 'NONE', #6232, 0.5000000000000004400 ) ;
#7688 = ADVANCED_FACE ( 'NONE', ( #4710 ), #8490, .T. ) ;
#7690 = STYLED_ITEM ( 'NONE', ( #10533 ), #1127 ) ;
#7689 = DIRECTION ( 'NONE',  ( -1.000000000000000000, 0.0000000000000000000, 0.0000000000000000000 ) ) ;
#7691 = CARTESIAN_POINT ( 'NONE',  ( 0.0000000000000000000, 0.0000000000000000000, -26.99999999999999600 ) ) ;
#7692 = MECHANICAL_DESIGN_GEOMETRIC_PRESENTATION_REPRESENTATION (  '', ( #10320 ), #3768 ) ;
#7693 = FACE_OUTER_BOUND ( 'NONE', #1856, .T. ) ;
#7694 = CARTESIAN_POINT ( 'NONE',  ( 0.0000000000000000000, 0.0000000000000000000, -28.99999999999999600 ) ) ;
#7695 = EDGE_CURVE ( 'NONE', #9831, #7363, #6267, .T. ) ;
#7696 = FACE_OUTER_BOUND ( 'NONE', #2610, .T. ) ;
#7697 = ORIENTED_EDGE ( 'NONE', *, *, #9505, .F. ) ;
#7698 = DIRECTION ( 'NONE',  ( 1.000000000000000000, 0.0000000000000000000, -0.0000000000000000000 ) ) ;
#7699 = STYLED_ITEM ( 'NONE', ( #4037 ), #4351 ) ;
#7700 = EDGE_CURVE ( 'NONE', #4610, #784, #6681, .T. ) ;
#7701 = DIRECTION ( 'NONE',  ( 0.7071067811865469100, -0.7071067811865481300, 0.0000000000000000000 ) ) ;
#7702 =( GEOMETRIC_REPRESENTATION_CONTEXT ( 3 ) GLOBAL_UNCERTAINTY_ASSIGNED_CONTEXT ( ( #4990 ) ) GLOBAL_UNIT_ASSIGNED_CONTEXT ( ( #925, #960, #8420 ) ) REPRESENTATION_CONTEXT ( 'NONE', 'WORKASPACE' ) );
#7703 = CARTESIAN_POINT ( 'NONE',  ( 16.80716972541264600, -15.01375035175166400, -26.99999999999999600 ) ) ;
#7704 = CARTESIAN_POINT ( 'NONE',  ( 15.98624964824874800, 15.03502403148986100, -26.99999999999999600 ) ) ;
#7705 = VECTOR ( 'NONE', #7426, 1000.000000000000000 ) ;
#7706 = VECTOR ( 'NONE', #7758, 1000.000000000000000 ) ;
#7708 = PRESENTATION_LAYER_ASSIGNMENT (  '', '', ( #3788 ) ) ;
#7707 = LINE ( 'NONE', #7722, #5509 ) ;
#7709 = CLOSED_SHELL ( 'NONE', ( #9470, #5981, #9534, #9050, #1127, #7725, #2555, #7716, #9597, #6589, #177, #6128, #1495, #3135, #2606, #1240, #5388, #8713, #3438, #8733, #10162, #9643, #342, #2362, #10570, #190, #1782, #4047, #421, #894, #4886, #6487, #10016, #241, #7894, #10215, #6080, #5864, #2512, #9106, #6425, #8553, #3387, #1613, #1556, #5674, #6203, #8011, #7348, #8791, #6530, #7781, #6644, #7251, #4166, #2405, #5571, #5729, #2131, #2780, #6248, #5763, #7831, #672, #2660, #2070, #4439, #6750, #5514, #6373, #4553, #8844, #731, #362, #8669, #8182, #10664, #6976, #4626, #5807, #1771, #1014, #3179, #3674, #5235, #1823, #7660, #7669, #4506, #8828, #2674, #7314, #2741, #5623, #6182, #578, #6897, #2114, #126, #4399, #3736, #4845, #3496, #510, #5327, #7407, #3994, #4731, #9366, #9764, #10443, #9431, #7745, #8380, #10403, #7019, #955, #5109, #4276, #9904, #5288, #4375, #8656, #5168, #10389, #3230, #2244, #4830, #10225, #10290, #1664, #5350, #65, #3795, #6794, #2219, #10187, #2831, #217, #7511, #3655, #7564, #3895, #7098, #7035, #4574, #7953, #5461, #9260, #3604, #8600, #10107, #1183, #8895, #6922, #3551, #2943, #5176, #1219, #9821, #4332, #9154, #7194, #6850, #9320, #3948, #5713, #458, #10781, #7462, #4387, #9483, #4323, #8126, #2800, #113, #527, #1052, #10061, #1333, #295, #8219, #6904, #2617, #5002, #9306, #135, #6962, #7842, #5058, #277, #8501, #1171, #1720, #8543, #9358, #7880, #8954, #3617, #4679, #7795, #8488, #1000, #9577, #8936, #5918, #8570, #985, #2688, #1996, #1352, #4014, #4944, #2728, #1940, #3566, #9705, #6694, #11, #1845, #2051, #3078, #6409, #163, #3486, #1887, #1404, #5405, #9379, #10722, #1902, #3014, #2343, #1958, #2908, #9008, #1833, #4227, #2301, #9211, #5448, #9409, #8438, #1465, #6015, #6870, #10625, #9854, #4793, #5968, #2182, #2013, #1293, #6026, #4104, #7077, #618, #6843, #1069, #4447, #3278, #3843, #2716, #3336, #3718, #6262, #2846, #6095, #7612, #8278, #10347, #1109, #10828, #845, #10124, #944, #474, #787, #6141, #6329, #6046, #10331, #3537, #8619, #4716, #10174, #9748, #9957, #9519 ) ) ;
#7710 = FACE_BOUND ( 'NONE', #5584, .T. ) ;
#7711 = EDGE_CURVE ( 'NONE', #7242, #4109, #10294, .T. ) ;
#7712 = DIRECTION ( 'NONE',  ( -0.0000000000000000000, -0.0000000000000000000, -1.000000000000000000 ) ) ;
#7713 = CARTESIAN_POINT ( 'NONE',  ( 16.94289321881341700, -20.65000000000000200, 2.000000000000000000 ) ) ;
#7714 = CARTESIAN_POINT ( 'NONE',  ( -1.500000000000000200, 2.000000000000000000, 34.00000000000000000 ) ) ;
#7715 = SURFACE_SIDE_STYLE ('',( #7456 ) ) ;
#7716 = ADVANCED_FACE ( 'NONE', ( #9024 ), #3129, .T. ) ;
#7717 = UNCERTAINTY_MEASURE_WITH_UNIT (LENGTH_MEASURE( 1.000000000000000100E-005 ), #9842, 'distance_accuracy_value', 'NONE');
#7718 = CARTESIAN_POINT ( 'NONE',  ( -12.31064338817349400, -21.25000000000000700, -13.63826179277981000 ) ) ;
#7719 = PRESENTATION_LAYER_ASSIGNMENT (  '', '', ( #7524 ) ) ;
#7720 = ORIENTED_EDGE ( 'NONE', *, *, #4670, .T. ) ;
#7721 = LINE ( 'NONE', #6684, #7202 ) ;
#7722 = CARTESIAN_POINT ( 'NONE',  ( 15.03502403148815200, -15.01375035175166400, -26.99999999999999600 ) ) ;
#7723 = DIRECTION ( 'NONE',  ( 0.0000000000000000000, 0.0000000000000000000, 1.000000000000000000 ) ) ;
#7724 = CARTESIAN_POINT ( 'NONE',  ( 20.65000000000000200, -16.94289321881344200, 10.00000000000000000 ) ) ;
#7725 = ADVANCED_FACE ( 'NONE', ( #2851 ), #4839, .T. ) ;
#7726 = DIRECTION ( 'NONE',  ( -1.000000000000000000, 0.0000000000000000000, -0.0000000000000000000 ) ) ;
#7727 = VERTEX_POINT ( 'NONE', #3373 ) ;
#7728 = CARTESIAN_POINT ( 'NONE',  ( 15.49999999999912400, -15.50000000000000200, -27.99999999999999600 ) ) ;
#7729 = ORIENTED_EDGE ( 'NONE', *, *, #1458, .T. ) ;
#7730 = DIRECTION ( 'NONE',  ( -0.7071067811865441300, -0.7071067811865510100, 0.0000000000000000000 ) ) ;
#7731 = ORIENTED_EDGE ( 'NONE', *, *, #5202, .F. ) ;
#7732 = ORIENTED_EDGE ( 'NONE', *, *, #10473, .T. ) ;
#7733 = CARTESIAN_POINT ( 'NONE',  ( 18.79644660940665400, -18.79644660940677200, 9.500000000000000000 ) ) ;
#7734 = ORIENTED_EDGE ( 'NONE', *, *, #4738, .T. ) ;
#7735 = VERTEX_POINT ( 'NONE', #8232 ) ;
#7736 = EDGE_CURVE ( 'NONE', #2413, #685, #3389, .T. ) ;
#7737 = EDGE_CURVE ( 'NONE', #4328, #2563, #7323, .T. ) ;
#7738 = ORIENTED_EDGE ( 'NONE', *, *, #4106, .T. ) ;
#7739 = ORIENTED_EDGE ( 'NONE', *, *, #7002, .T. ) ;
#7740 = ORIENTED_EDGE ( 'NONE', *, *, #1268, .F. ) ;
#7741 = DIRECTION ( 'NONE',  ( 0.0000000000000000000, 0.0000000000000000000, 1.000000000000000000 ) ) ;
#7742 = FILL_AREA_STYLE_COLOUR ( '', #8547 ) ;
#7743 = VERTEX_POINT ( 'NONE', #9229 ) ;
#7744 = VERTEX_POINT ( 'NONE', #10780 ) ;
#7745 = ADVANCED_FACE ( 'NONE', ( #340 ), #6677, .F. ) ;
#7746 = CIRCLE ( 'NONE', #1709, 0.4999999999999982200 ) ;
#7747 = CARTESIAN_POINT ( 'NONE',  ( -16.80716972541454600, 15.01375035175258400, -28.49999999999999600 ) ) ;
#7748 = SURFACE_STYLE_USAGE ( .BOTH. , #1873 ) ;
#7749 = ORIENTED_EDGE ( 'NONE', *, *, #5333, .T. ) ;
#7750 = CARTESIAN_POINT ( 'NONE',  ( -20.64999999999999500, -16.94289321881344900, 9.500000000000000000 ) ) ;
#7751 =( GEOMETRIC_REPRESENTATION_CONTEXT ( 3 ) GLOBAL_UNCERTAINTY_ASSIGNED_CONTEXT ( ( #6448 ) ) GLOBAL_UNIT_ASSIGNED_CONTEXT ( ( #8486, #2623, #2582 ) ) REPRESENTATION_CONTEXT ( 'NONE', 'WORKASPACE' ) );
#7752 = STYLED_ITEM ( 'NONE', ( #4674 ), #1352 ) ;
#7753 = FACE_OUTER_BOUND ( 'NONE', #10062, .T. ) ;
#7754 = ORIENTED_EDGE ( 'NONE', *, *, #4404, .F. ) ;
#7755 = ORIENTED_EDGE ( 'NONE', *, *, #8611, .T. ) ;
#7756 = CARTESIAN_POINT ( 'NONE',  ( -1.286173548617090100E-014, -21.25000000000000700, -25.94999999999999600 ) ) ;
#7757 = DIRECTION ( 'NONE',  ( -8.202002250481357500E-017, 1.000000000000000000, 0.0000000000000000000 ) ) ;
#7758 = DIRECTION ( 'NONE',  ( -0.0000000000000000000, -0.0000000000000000000, 1.000000000000000000 ) ) ;
#7759 =( LENGTH_UNIT ( ) NAMED_UNIT ( * ) SI_UNIT ( .MILLI., .METRE. ) );
#7760 = CARTESIAN_POINT ( 'NONE',  ( 15.49999999999912400, -15.50000000000000200, -28.49999999999999600 ) ) ;
#7761 = VERTEX_POINT ( 'NONE', #1699 ) ;
#7762 = ORIENTED_EDGE ( 'NONE', *, *, #4989, .F. ) ;
#7763 = CARTESIAN_POINT ( 'NONE',  ( -12.26375928220348000, -15.79874071779671300, -28.99999999999999600 ) ) ;
#7764 = EDGE_CURVE ( 'NONE', #1340, #8190, #4576, .T. ) ;
#7765 = ORIENTED_EDGE ( 'NONE', *, *, #9964, .T. ) ;
#7766 = DIRECTION ( 'NONE',  ( 1.224646799147353200E-016, 1.000000000000000000, -0.0000000000000000000 ) ) ;
#7767 = ORIENTED_EDGE ( 'NONE', *, *, #162, .T. ) ;
#7768 =( GEOMETRIC_REPRESENTATION_CONTEXT ( 3 ) GLOBAL_UNCERTAINTY_ASSIGNED_CONTEXT ( ( #9644 ) ) GLOBAL_UNIT_ASSIGNED_CONTEXT ( ( #4116, #759, #6616 ) ) REPRESENTATION_CONTEXT ( 'NONE', 'WORKASPACE' ) );
#7769 = VERTEX_POINT ( 'NONE', #5762 ) ;
#7770 =( NAMED_UNIT ( * ) PLANE_ANGLE_UNIT ( ) SI_UNIT ( $, .RADIAN. ) );
#7771 = MECHANICAL_DESIGN_GEOMETRIC_PRESENTATION_REPRESENTATION (  '', ( #3998 ), #7572 ) ;
#7772 = LINE ( 'NONE', #7718, #10248 ) ;
#7773 = SURFACE_SIDE_STYLE ('',( #4027 ) ) ;
#7774 = EDGE_CURVE ( 'NONE', #6703, #7045, #2589, .T. ) ;
#7775 = ORIENTED_EDGE ( 'NONE', *, *, #2971, .T. ) ;
#7776 = ORIENTED_EDGE ( 'NONE', *, *, #3224, .F. ) ;
#7777 = CARTESIAN_POINT ( 'NONE',  ( -21.14999999999999500, 16.94289321881344900, 2.000000000000000000 ) ) ;
#7778 = COLOUR_RGB ( '',0.2509803921568627400, 0.2509803921568627400, 0.2509803921568627400 ) ;
#7779 = VERTEX_POINT ( 'NONE', #2489 ) ;
#7780 = AXIS2_PLACEMENT_3D ( 'NONE', #10087, #7820, #1981 ) ;
#7781 = ADVANCED_FACE ( 'NONE', ( #6795, #1128 ), #8313, .T. ) ;
#7782 = AXIS2_PLACEMENT_3D ( 'NONE', #3264, #8236, #9975 ) ;
#7783 =( NAMED_UNIT ( * ) SI_UNIT ( $, .STERADIAN. ) SOLID_ANGLE_UNIT ( ) );
#7784 = CYLINDRICAL_SURFACE ( 'NONE', #7508, 11.00000000000000000 ) ;
#7785 =( LENGTH_UNIT ( ) NAMED_UNIT ( * ) SI_UNIT ( .MILLI., .METRE. ) );
#7786 = CIRCLE ( 'NONE', #6872, 0.5000000000000004400 ) ;
#7787 = DIRECTION ( 'NONE',  ( -0.0000000000000000000, -0.0000000000000000000, 1.000000000000000000 ) ) ;
#7788 = CARTESIAN_POINT ( 'NONE',  ( -16.74998035735715300, -15.96497596850949400, -26.99999999999999600 ) ) ;
#7789 = PRESENTATION_STYLE_ASSIGNMENT (( #6148 ) ) ;
#7790 = EDGE_CURVE ( 'NONE', #2504, #9956, #1117, .T. ) ;
#7791 = CARTESIAN_POINT ( 'NONE',  ( 18.19999999999999900, 15.50000000000000000, -26.99999999999999600 ) ) ;
#7792 = VECTOR ( 'NONE', #6398, 1000.000000000000000 ) ;
#7793 = CARTESIAN_POINT ( 'NONE',  ( -15.98624964825070400, -15.96497596850949400, -26.99999999999999600 ) ) ;
#7794 = ORIENTED_EDGE ( 'NONE', *, *, #2856, .T. ) ;
#7795 = ADVANCED_FACE ( 'NONE', ( #6670 ), #7182, .T. ) ;
#7796 =( NAMED_UNIT ( * ) SI_UNIT ( $, .STERADIAN. ) SOLID_ANGLE_UNIT ( ) );
#7797 = LINE ( 'NONE', #77, #3351 ) ;
#7798 = DIRECTION ( 'NONE',  ( -1.235860604586726600E-014, 1.000000000000000000, 0.0000000000000000000 ) ) ;
#7799 = CIRCLE ( 'NONE', #1157, 2.200000000000000600 ) ;
#7800 = CARTESIAN_POINT ( 'NONE',  ( -16.79644660940670400, 20.79644660940672600, -28.99999999999999600 ) ) ;
#7801 = CARTESIAN_POINT ( 'NONE',  ( 1.339045298307557800, -39.15000000000000600, -24.45661729131780900 ) ) ;
#7802 = CARTESIAN_POINT ( 'NONE',  ( -11.00000000000000000, 0.0000000000000000000, 12.00000000000000000 ) ) ;
#7803 = LINE ( 'NONE', #216, #6250 ) ;
#7804 = CARTESIAN_POINT ( 'NONE',  ( -15.01375035175307500, -15.03502403148862900, -26.99999999999999600 ) ) ;
#7805 = CYLINDRICAL_SURFACE ( 'NONE', #1223, 25.00000000000000000 ) ;
#7806 = LINE ( 'NONE', #3081, #856 ) ;
#7807 = DIRECTION ( 'NONE',  ( -0.0000000000000000000, 1.000000000000000000, -0.0000000000000000000 ) ) ;
#7808 = EDGE_LOOP ( 'NONE', ( #1378, #558, #6199, #5444 ) ) ;
#7809 = SURFACE_STYLE_FILL_AREA ( #3613 ) ;
#7810 = FACE_OUTER_BOUND ( 'NONE', #8659, .T. ) ;
#7811 =( GEOMETRIC_REPRESENTATION_CONTEXT ( 3 ) GLOBAL_UNCERTAINTY_ASSIGNED_CONTEXT ( ( #4307 ) ) GLOBAL_UNIT_ASSIGNED_CONTEXT ( ( #7181, #1371, #8046 ) ) REPRESENTATION_CONTEXT ( 'NONE', 'WORKASPACE' ) );
#7812 = PRESENTATION_LAYER_ASSIGNMENT (  '', '', ( #3890 ) ) ;
#7813 = DIRECTION ( 'NONE',  ( 1.000000000000000000, -6.179303022933785000E-015, 0.0000000000000000000 ) ) ;
#7814 = FILL_AREA_STYLE ('',( #44 ) ) ;
#7815 = FACE_OUTER_BOUND ( 'NONE', #9681, .T. ) ;
#7816 = CARTESIAN_POINT ( 'NONE',  ( -21.14999999999999500, -16.94289321881344900, 10.00000000000000000 ) ) ;
#7817 = DIRECTION ( 'NONE',  ( 0.0000000000000000000, 1.000000000000000000, 0.0000000000000000000 ) ) ;
#7818 = EDGE_LOOP ( 'NONE', ( #8415, #8945, #2125, #10097 ) ) ;
#7819 = CIRCLE ( 'NONE', #9510, 2.700000000000001100 ) ;
#7820 = DIRECTION ( 'NONE',  ( 0.0000000000000000000, 1.000000000000000000, 0.0000000000000000000 ) ) ;
#7821 = CARTESIAN_POINT ( 'NONE',  ( 3.483848208458105100, -19.15000000000000600, -21.79825338369560600 ) ) ;
#7822 = CARTESIAN_POINT ( 'NONE',  ( -15.49999999999999600, 15.50000000000087400, -26.99999999999999600 ) ) ;
#7823 = COLOUR_RGB ( '',0.2509803921568627400, 0.2509803921568627400, 0.2509803921568627400 ) ;
#7824 = MECHANICAL_DESIGN_GEOMETRIC_PRESENTATION_REPRESENTATION (  '', ( #6729 ), #7430 ) ;
#7825 = PRESENTATION_STYLE_ASSIGNMENT (( #5089 ) ) ;
#7826 =( GEOMETRIC_REPRESENTATION_CONTEXT ( 3 ) GLOBAL_UNCERTAINTY_ASSIGNED_CONTEXT ( ( #91 ) ) GLOBAL_UNIT_ASSIGNED_CONTEXT ( ( #4228, #7545, #2584 ) ) REPRESENTATION_CONTEXT ( 'NONE', 'WORKASPACE' ) );
#7827 = CARTESIAN_POINT ( 'NONE',  ( -2.999999999999976900, -19.77371993328518900, -32.50000000000000700 ) ) ;
#7828 = LINE ( 'NONE', #3093, #205 ) ;
#7829 = CARTESIAN_POINT ( 'NONE',  ( -11.00000000000000000, 0.0000000000000000000, 10.00000000000000000 ) ) ;
#7830 = DIRECTION ( 'NONE',  ( -5.351335930702252500E-015, 1.000000000000000000, 0.0000000000000000000 ) ) ;
#7831 = ADVANCED_FACE ( 'NONE', ( #9786 ), #10214, .T. ) ;
#7832 = CARTESIAN_POINT ( 'NONE',  ( 13.32957238623955100, -21.15000000000000600, -80.84951795962939500 ) ) ;
#7833 = DIRECTION ( 'NONE',  ( 6.938893903907222100E-015, 0.0000000000000000000, -1.000000000000000000 ) ) ;
#7834 = AXIS2_PLACEMENT_3D ( 'NONE', #3618, #8533, #9365 ) ;
#7835 = EDGE_CURVE ( 'NONE', #1308, #8941, #2719, .T. ) ;
#7836 = LINE ( 'NONE', #6234, #5640 ) ;
#7837 = DIRECTION ( 'NONE',  ( -1.000000000000000000, 0.0000000000000000000, 0.0000000000000000000 ) ) ;
#7838 = PRESENTATION_LAYER_ASSIGNMENT (  '', '', ( #4699 ) ) ;
#7839 = ORIENTED_EDGE ( 'NONE', *, *, #2427, .F. ) ;
#7840 = AXIS2_PLACEMENT_3D ( 'NONE', #7299, #3085, #8132 ) ;
#7841 =( NAMED_UNIT ( * ) SI_UNIT ( $, .STERADIAN. ) SOLID_ANGLE_UNIT ( ) );
#7842 = ADVANCED_FACE ( 'NONE', ( #4174 ), #5874, .T. ) ;
#7843 = UNCERTAINTY_MEASURE_WITH_UNIT (LENGTH_MEASURE( 1.000000000000000100E-005 ), #3435, 'distance_accuracy_value', 'NONE');
#7844 = AXIS2_PLACEMENT_3D ( 'NONE', #3000, #10515, #3818 ) ;
#7845 = EDGE_CURVE ( 'NONE', #6641, #4695, #3506, .T. ) ;
#7846 = ORIENTED_EDGE ( 'NONE', *, *, #7103, .T. ) ;
#7847 = EDGE_CURVE ( 'NONE', #2499, #9733, #3897, .T. ) ;
#7848 = ORIENTED_EDGE ( 'NONE', *, *, #8164, .F. ) ;
#7849 = DIRECTION ( 'NONE',  ( 0.0000000000000000000, 0.0000000000000000000, -1.000000000000000000 ) ) ;
#7850 = DIRECTION ( 'NONE',  ( 0.0000000000000000000, 0.0000000000000000000, 1.000000000000000000 ) ) ;
#7851 = FACE_OUTER_BOUND ( 'NONE', #5381, .T. ) ;
#7852 = ORIENTED_EDGE ( 'NONE', *, *, #101, .F. ) ;
#7853 = CARTESIAN_POINT ( 'NONE',  ( 1.339045298307557800, -19.15000000000000600, -22.57049774273397000 ) ) ;
#7854 = FILL_AREA_STYLE_COLOUR ( '', #5491 ) ;
#7855 = CARTESIAN_POINT ( 'NONE',  ( -15.01375035175307500, -15.03502403148862900, -26.99999999999999600 ) ) ;
#7856 = ORIENTED_EDGE ( 'NONE', *, *, #6855, .T. ) ;
#7857 = AXIS2_PLACEMENT_3D ( 'NONE', #8511, #1048, #1830 ) ;
#7858 = DIRECTION ( 'NONE',  ( -1.000000000000000000, 0.0000000000000000000, 0.0000000000000000000 ) ) ;
#7859 = VERTEX_POINT ( 'NONE', #3397 ) ;
#7860 = DIRECTION ( 'NONE',  ( -1.000000000000000000, 0.0000000000000000000, 0.0000000000000000000 ) ) ;
#7861 = ORIENTED_EDGE ( 'NONE', *, *, #4796, .T. ) ;
#7862 = FILL_AREA_STYLE_COLOUR ( '', #6552 ) ;
#7863 = EDGE_LOOP ( 'NONE', ( #10321, #9225, #905, #1933 ) ) ;
#7864 = EDGE_LOOP ( 'NONE', ( #8405, #8408, #6020, #10096 ) ) ;
#7865 = ORIENTED_EDGE ( 'NONE', *, *, #5019, .F. ) ;
#7866 = LINE ( 'NONE', #870, #5920 ) ;
#7867 =( LENGTH_UNIT ( ) NAMED_UNIT ( * ) SI_UNIT ( .MILLI., .METRE. ) );
#7868 = VERTEX_POINT ( 'NONE', #1770 ) ;
#7869 = CARTESIAN_POINT ( 'NONE',  ( 0.0000000000000000000, 0.0000000000000000000, 4.000000000000003600 ) ) ;
#7870 = CARTESIAN_POINT ( 'NONE',  ( -13.10000000000087000, -15.49999999999912400, -27.99999999999999600 ) ) ;
#7871 = ORIENTED_EDGE ( 'NONE', *, *, #2572, .T. ) ;
#7872 = VERTEX_POINT ( 'NONE', #6069 ) ;
#7873 = CARTESIAN_POINT ( 'NONE',  ( 15.01375035175125200, 15.03502403148986100, -26.99999999999999600 ) ) ;
#7874 = EDGE_CURVE ( 'NONE', #8941, #3323, #8361, .T. ) ;
#7875 = CIRCLE ( 'NONE', #6005, 2.500000000000000000 ) ;
#7876 = ORIENTED_EDGE ( 'NONE', *, *, #10064, .F. ) ;
#7877 =( GEOMETRIC_REPRESENTATION_CONTEXT ( 3 ) GLOBAL_UNCERTAINTY_ASSIGNED_CONTEXT ( ( #1403 ) ) GLOBAL_UNIT_ASSIGNED_CONTEXT ( ( #3959, #4818, #1454 ) ) REPRESENTATION_CONTEXT ( 'NONE', 'WORKASPACE' ) );
#7878 = CARTESIAN_POINT ( 'NONE',  ( 16.94289321881343500, 20.64999999999999900, 10.00000000000000000 ) ) ;
#7879 = ORIENTED_EDGE ( 'NONE', *, *, #2334, .T. ) ;
#7880 = ADVANCED_FACE ( 'NONE', ( #10550 ), #2178, .T. ) ;
#7881 = ORIENTED_EDGE ( 'NONE', *, *, #8262, .F. ) ;
#7882 = DIRECTION ( 'NONE',  ( -0.0000000000000000000, 1.000000000000000000, -0.0000000000000000000 ) ) ;
#7883 = ORIENTED_EDGE ( 'NONE', *, *, #10204, .T. ) ;
#7884 = CARTESIAN_POINT ( 'NONE',  ( -15.79874071779809700, -12.26375928220170800, -28.99999999999999600 ) ) ;
#7885 = AXIS2_PLACEMENT_3D ( 'NONE', #7229, #9844, #7337 ) ;
#7886 = CARTESIAN_POINT ( 'NONE',  ( -3.516151791541894500, -19.15000000000000600, 0.0000000000000000000 ) ) ;
#7887 =( GEOMETRIC_REPRESENTATION_CONTEXT ( 3 ) GLOBAL_UNCERTAINTY_ASSIGNED_CONTEXT ( ( #3875 ) ) GLOBAL_UNIT_ASSIGNED_CONTEXT ( ( #8758, #7000, #6926 ) ) REPRESENTATION_CONTEXT ( 'NONE', 'WORKASPACE' ) );
#7888 = MECHANICAL_DESIGN_GEOMETRIC_PRESENTATION_REPRESENTATION (  '', ( #7690 ), #6428 ) ;
#7889 = PLANE ( 'NONE',  #7446 ) ;
#7890 = ORIENTED_EDGE ( 'NONE', *, *, #7764, .T. ) ;
#7891 = MECHANICAL_DESIGN_GEOMETRIC_PRESENTATION_REPRESENTATION (  '', ( #9422 ), #9792 ) ;
#7892 = EDGE_LOOP ( 'NONE', ( #3896, #1840 ) ) ;
#7893 = EDGE_CURVE ( 'NONE', #7487, #4733, #7946, .T. ) ;
#7894 = ADVANCED_FACE ( 'NONE', ( #6110 ), #3494, .T. ) ;
#7895 = ORIENTED_EDGE ( 'NONE', *, *, #1670, .T. ) ;
#7896 = DIRECTION ( 'NONE',  ( 1.000000000000000000, 0.0000000000000000000, 0.0000000000000000000 ) ) ;
#7897 = CARTESIAN_POINT ( 'NONE',  ( 15.03502403148815200, -15.98624964824929200, -26.99999999999999600 ) ) ;
#7898 = CARTESIAN_POINT ( 'NONE',  ( 1.799999999999999800, -39.15000000000002000, -29.65000000000000200 ) ) ;
#7899 = CARTESIAN_POINT ( 'NONE',  ( -15.49999999999999600, 15.50000000000087400, -28.49999999999999600 ) ) ;
#7900 =( GEOMETRIC_REPRESENTATION_CONTEXT ( 3 ) GLOBAL_UNCERTAINTY_ASSIGNED_CONTEXT ( ( #10053 ) ) GLOBAL_UNIT_ASSIGNED_CONTEXT ( ( #7450, #2311, #8242 ) ) REPRESENTATION_CONTEXT ( 'NONE', 'WORKASPACE' ) );
#7901 = EDGE_CURVE ( 'NONE', #6438, #6076, #5747, .T. ) ;
#7902 =( NAMED_UNIT ( * ) SI_UNIT ( $, .STERADIAN. ) SOLID_ANGLE_UNIT ( ) );
#7903 = ORIENTED_EDGE ( 'NONE', *, *, #5620, .F. ) ;
#7904 = AXIS2_PLACEMENT_3D ( 'NONE', #2371, #586, #7393 ) ;
#7905 = COLOUR_RGB ( '',0.2509803921568627400, 0.2509803921568627400, 0.2509803921568627400 ) ;
#7906 = VERTEX_POINT ( 'NONE', #7062 ) ;
#7907 = DIRECTION ( 'NONE',  ( 0.0000000000000000000, 0.0000000000000000000, 1.000000000000000000 ) ) ;
#7908 = VECTOR ( 'NONE', #8696, 1000.000000000000100 ) ;
#7909 = FACE_OUTER_BOUND ( 'NONE', #1314, .T. ) ;
#7910 = FACE_OUTER_BOUND ( 'NONE', #5441, .T. ) ;
#7911 =( GEOMETRIC_REPRESENTATION_CONTEXT ( 3 ) GLOBAL_UNCERTAINTY_ASSIGNED_CONTEXT ( ( #10513 ) ) GLOBAL_UNIT_ASSIGNED_CONTEXT ( ( #3792, #1937, #5564 ) ) REPRESENTATION_CONTEXT ( 'NONE', 'WORKASPACE' ) );
#7912 = EDGE_CURVE ( 'NONE', #3423, #104, #7176, .T. ) ;
#7913 = CIRCLE ( 'NONE', #7782, 1.899999999999999000 ) ;
#7914 =( NAMED_UNIT ( * ) SI_UNIT ( $, .STERADIAN. ) SOLID_ANGLE_UNIT ( ) );
#7915 = DIRECTION ( 'NONE',  ( 0.0000000000000000000, 0.0000000000000000000, -1.000000000000000000 ) ) ;
#7916 = DIRECTION ( 'NONE',  ( 0.0000000000000000000, -1.000000000000000000, 0.0000000000000000000 ) ) ;
#7917 =( GEOMETRIC_REPRESENTATION_CONTEXT ( 3 ) GLOBAL_UNCERTAINTY_ASSIGNED_CONTEXT ( ( #5462 ) ) GLOBAL_UNIT_ASSIGNED_CONTEXT ( ( #2445, #9141, #3182 ) ) REPRESENTATION_CONTEXT ( 'NONE', 'WORKASPACE' ) );
#7918 = UNCERTAINTY_MEASURE_WITH_UNIT (LENGTH_MEASURE( 1.000000000000000100E-005 ), #10598, 'distance_accuracy_value', 'NONE');
#7919 = AXIS2_PLACEMENT_3D ( 'NONE', #6939, #3526, #10269 ) ;
#7920 = PLANE ( 'NONE',  #6787 ) ;
#7921 = CARTESIAN_POINT ( 'NONE',  ( 0.0000000000000000000, 0.0000000000000000000, -25.99999999999999600 ) ) ;
#7922 = DIRECTION ( 'NONE',  ( 1.000000000000000000, 0.0000000000000000000, 0.0000000000000000000 ) ) ;
#7923 = DIRECTION ( 'NONE',  ( -1.000000000000000000, 0.0000000000000000000, 0.0000000000000000000 ) ) ;
#7924 = LINE ( 'NONE', #179, #5090 ) ;
#7925 = CIRCLE ( 'NONE', #10841, 2.399999999999999500 ) ;
#7926 = PLANE ( 'NONE',  #8124 ) ;
#7927 = EDGE_CURVE ( 'NONE', #4250, #10588, #1901, .T. ) ;
#7928 = FACE_OUTER_BOUND ( 'NONE', #4225, .T. ) ;
#7929 =( LENGTH_UNIT ( ) NAMED_UNIT ( * ) SI_UNIT ( .MILLI., .METRE. ) );
#7930 = CIRCLE ( 'NONE', #2120, 20.00000000000000000 ) ;
#7931 = CYLINDRICAL_SURFACE ( 'NONE', #10208, 0.5000000000000004400 ) ;
#7932 = CARTESIAN_POINT ( 'NONE',  ( 18.24999999999912600, -15.50000000000000200, -26.99999999999999600 ) ) ;
#7933 = CARTESIAN_POINT ( 'NONE',  ( -18.25000000000087400, -15.49999999999912400, -26.99999999999999600 ) ) ;
#7934 = ADVANCED_FACE ( 'NONE', ( #10811 ), #4418, .T. ) ;
#7935 = FILL_AREA_STYLE ('',( #7216 ) ) ;
#7936 = EDGE_CURVE ( 'NONE', #1612, #7744, #7687, .T. ) ;
#7937 =( NAMED_UNIT ( * ) PLANE_ANGLE_UNIT ( ) SI_UNIT ( $, .RADIAN. ) );
#7938 = PRESENTATION_STYLE_ASSIGNMENT (( #10367 ) ) ;
#7939 = FILL_AREA_STYLE ('',( #2080 ) ) ;
#7940 = SPHERICAL_SURFACE ( 'NONE', #2152, 0.5000000000000000000 ) ;
#7941 = EDGE_CURVE ( 'NONE', #7209, #7519, #10416, .T. ) ;
#7942 = ORIENTED_EDGE ( 'NONE', *, *, #2167, .F. ) ;
#7943 = DIRECTION ( 'NONE',  ( -0.0000000000000000000, -0.0000000000000000000, 1.000000000000000000 ) ) ;
#7945 = SURFACE_STYLE_USAGE ( .BOTH. , #10340 ) ;
#7944 = LINE ( 'NONE', #5188, #2829 ) ;
#7946 = LINE ( 'NONE', #5356, #1780 ) ;
#7947 = CARTESIAN_POINT ( 'NONE',  ( 16.74998035735527000, 15.96497596851043000, -26.99999999999999600 ) ) ;
#7948 = CARTESIAN_POINT ( 'NONE',  ( -17.29644660940671100, -21.00355339059327900, -28.49999999999999600 ) ) ;
#7949 = FILL_AREA_STYLE_COLOUR ( '', #85 ) ;
#7950 = CARTESIAN_POINT ( 'NONE',  ( -3.516151791541894500, -21.25000000000000700, 0.0000000000000000000 ) ) ;
#7951 = DIRECTION ( 'NONE',  ( 1.000000000000000000, 0.0000000000000000000, 0.0000000000000000000 ) ) ;
#7952 = FACE_OUTER_BOUND ( 'NONE', #450, .T. ) ;
#7953 = ADVANCED_FACE ( 'NONE', ( #4165 ), #6947, .F. ) ;
#7954 = PRESENTATION_STYLE_ASSIGNMENT (( #497 ) ) ;
#7955 = ORIENTED_CLOSED_SHELL ( 'NONE', *, #8927, .F. );
#7956 = AXIS2_PLACEMENT_3D ( 'NONE', #2255, #5645, #8120 ) ;
#7957 = CARTESIAN_POINT ( 'NONE',  ( 21.14999999999999900, -13.32957238623955700, -20.99999999999999600 ) ) ;
#7958 = DIRECTION ( 'NONE',  ( 1.000000000000000000, 0.0000000000000000000, 0.0000000000000000000 ) ) ;
#7959 = SURFACE_STYLE_USAGE ( .BOTH. , #8882 ) ;
#7960 = CARTESIAN_POINT ( 'NONE',  ( 14.19283027458454600, -15.98624964824929200, -28.49999999999999600 ) ) ;
#7961 = FACE_OUTER_BOUND ( 'NONE', #5686, .T. ) ;
#7962 = CARTESIAN_POINT ( 'NONE',  ( 21.15000000000000200, -17.14999999999998800, 2.000000000000000000 ) ) ;
#7963 = COLOUR_RGB ( '',0.2509803921568627400, 0.2509803921568627400, 0.2509803921568627400 ) ;
#7964 = CARTESIAN_POINT ( 'NONE',  ( 18.19999999999999900, 15.50000000000000000, -28.49999999999999600 ) ) ;
#7965 = LINE ( 'NONE', #10726, #1539 ) ;
#7966 = ORIENTED_EDGE ( 'NONE', *, *, #3043, .F. ) ;
#7967 = VECTOR ( 'NONE', #1259, 1000.000000000000000 ) ;
#7968 = AXIS2_PLACEMENT_3D ( 'NONE', #84, #6780, #10853 ) ;
#7969 = EDGE_CURVE ( 'NONE', #4444, #5768, #8598, .T. ) ;
#7970 = FILL_AREA_STYLE_COLOUR ( '', #1126 ) ;
#7971 = AXIS2_PLACEMENT_3D ( 'NONE', #10477, #4590, #9539 ) ;
#7972 = DIRECTION ( 'NONE',  ( -1.000000000000000000, 0.0000000000000000000, 0.0000000000000000000 ) ) ;
#7973 = CARTESIAN_POINT ( 'NONE',  ( 20.65000000000000600, -16.94289321881343800, 9.500000000000000000 ) ) ;
#7974 = FACE_OUTER_BOUND ( 'NONE', #3821, .T. ) ;
#7975 =( NAMED_UNIT ( * ) PLANE_ANGLE_UNIT ( ) SI_UNIT ( $, .RADIAN. ) );
#7976 = DIRECTION ( 'NONE',  ( -3.906775442054348700E-013, -1.000000000000000000, 0.0000000000000000000 ) ) ;
#7977 = EDGE_CURVE ( 'NONE', #9708, #9992, #189, .T. ) ;
#7978 = FILL_AREA_STYLE ('',( #4511 ) ) ;
#7979 = AXIS2_PLACEMENT_3D ( 'NONE', #3635, #10267, #7051 ) ;
#7980 = ORIENTED_EDGE ( 'NONE', *, *, #9769, .F. ) ;
#7981 = SURFACE_STYLE_FILL_AREA ( #7454 ) ;
#7982 = EDGE_CURVE ( 'NONE', #3289, #8508, #7444, .T. ) ;
#7983 =( LENGTH_UNIT ( ) NAMED_UNIT ( * ) SI_UNIT ( .MILLI., .METRE. ) );
#7984 = CARTESIAN_POINT ( 'NONE',  ( -16.94289321881344500, -20.65000000000000600, 9.500000000000000000 ) ) ;
#7985 = UNCERTAINTY_MEASURE_WITH_UNIT (LENGTH_MEASURE( 1.000000000000000100E-005 ), #1139, 'distance_accuracy_value', 'NONE');
#7986 = DIRECTION ( 'NONE',  ( 0.0000000000000000000, 1.000000000000000000, 0.0000000000000000000 ) ) ;
#7987 = MECHANICAL_DESIGN_GEOMETRIC_PRESENTATION_REPRESENTATION (  '', ( #5960 ), #1938 ) ;
#7988 = DIRECTION ( 'NONE',  ( 1.000000000000000000, 0.0000000000000000000, -0.0000000000000000000 ) ) ;
#7989 = EDGE_LOOP ( 'NONE', ( #2226, #76, #8575, #3057 ) ) ;
#7990 = MECHANICAL_DESIGN_GEOMETRIC_PRESENTATION_REPRESENTATION (  '', ( #7380 ), #8692 ) ;
#7991 = VERTEX_POINT ( 'NONE', #7884 ) ;
#7992 = CIRCLE ( 'NONE', #7432, 2.750000000000000900 ) ;
#7993 = DIRECTION ( 'NONE',  ( 8.202002250481357500E-017, -1.000000000000000000, -0.0000000000000000000 ) ) ;
#7994 = VERTEX_POINT ( 'NONE', #2878 ) ;
#7995 = CARTESIAN_POINT ( 'NONE',  ( 0.0000000000000000000, 0.0000000000000000000, -25.99999999999999600 ) ) ;
#7996 = ORIENTED_EDGE ( 'NONE', *, *, #10139, .F. ) ;
#7997 = EDGE_LOOP ( 'NONE', ( #10732, #4654, #1468, #1071 ) ) ;
#7998 = VERTEX_POINT ( 'NONE', #4764 ) ;
#7999 = EDGE_CURVE ( 'NONE', #9212, #4639, #9012, .T. ) ;
#8000 = DIRECTION ( 'NONE',  ( 0.0000000000000000000, 0.0000000000000000000, -1.000000000000000000 ) ) ;
#8001 = CARTESIAN_POINT ( 'NONE',  ( 21.14999999999999900, 13.32957238623956000, -20.99999999999999600 ) ) ;
#8002 = FILL_AREA_STYLE ('',( #9524 ) ) ;
#8003 = DIRECTION ( 'NONE',  ( 1.000000000000000000, 0.0000000000000000000, 0.0000000000000000000 ) ) ;
#8004 = EDGE_LOOP ( 'NONE', ( #820, #693 ) ) ;
#8005 = ORIENTED_EDGE ( 'NONE', *, *, #8283, .T. ) ;
#8006 = FILL_AREA_STYLE ('',( #4725 ) ) ;
#8007 = CARTESIAN_POINT ( 'NONE',  ( -15.01375035175305900, -16.80716972541313200, -26.99999999999999600 ) ) ;
#8008 = CIRCLE ( 'NONE', #9785, 3.249999999999997800 ) ;
#8009 = SURFACE_SIDE_STYLE ('',( #6006 ) ) ;
#8010 = ORIENTED_EDGE ( 'NONE', *, *, #3376, .F. ) ;
#8011 = ADVANCED_FACE ( 'NONE', ( #6385, #1251, #6528, #6660, #8348, #9902, #2460 ), #7926, .T. ) ;
#8012 = SURFACE_STYLE_USAGE ( .BOTH. , #5481 ) ;
#8013 = CARTESIAN_POINT ( 'NONE',  ( 15.98624964824874800, 14.19283027458602200, -28.49999999999999600 ) ) ;
#8014 = CARTESIAN_POINT ( 'NONE',  ( -13.31369220013740100, -21.16000000000001100, 4.000000000000003600 ) ) ;
#8015 = CARTESIAN_POINT ( 'NONE',  ( 16.74998035735527000, 15.03502403148956300, -26.99999999999999600 ) ) ;
#8016 = DIRECTION ( 'NONE',  ( -0.0000000000000000000, 0.0000000000000000000, -1.000000000000000000 ) ) ;
#8017 = CIRCLE ( 'NONE', #1284, 1.249999999999997600 ) ;
#8018 = VERTEX_POINT ( 'NONE', #5544 ) ;
#8019 = CARTESIAN_POINT ( 'NONE',  ( 0.0000000000000000000, 0.0000000000000000000, 11.50000000000000000 ) ) ;
#8020 = EDGE_CURVE ( 'NONE', #9733, #10374, #329, .T. ) ;
#8021 = ORIENTED_EDGE ( 'NONE', *, *, #4216, .T. ) ;
#8022 = VERTEX_POINT ( 'NONE', #10534 ) ;
#8023 = AXIS2_PLACEMENT_3D ( 'NONE', #4080, #8287, #9910 ) ;
#8024 = VECTOR ( 'NONE', #8477, 1000.000000000000000 ) ;
#8025 = ORIENTED_EDGE ( 'NONE', *, *, #8647, .F. ) ;
#8026 = CARTESIAN_POINT ( 'NONE',  ( 21.00355339059327200, 17.29644660940670100, 9.500000000000000000 ) ) ;
#8027 = ORIENTED_EDGE ( 'NONE', *, *, #4061, .F. ) ;
#8028 = EDGE_LOOP ( 'NONE', ( #10738, #3281, #4600, #7486 ) ) ;
#8029 = DIRECTION ( 'NONE',  ( -0.0000000000000000000, -0.0000000000000000000, 1.000000000000000000 ) ) ;
#8030 =( NAMED_UNIT ( * ) PLANE_ANGLE_UNIT ( ) SI_UNIT ( $, .RADIAN. ) );
#8031 = DIRECTION ( 'NONE',  ( 1.000000000000000000, 0.0000000000000000000, 0.0000000000000000000 ) ) ;
#8032 = DIRECTION ( 'NONE',  ( -0.0000000000000000000, -0.0000000000000000000, 1.000000000000000000 ) ) ;
#8033 = SURFACE_STYLE_FILL_AREA ( #6000 ) ;
#8034 = ORIENTED_EDGE ( 'NONE', *, *, #9375, .T. ) ;
#8035 =( NAMED_UNIT ( * ) PLANE_ANGLE_UNIT ( ) SI_UNIT ( $, .RADIAN. ) );
#8036 = ORIENTED_EDGE ( 'NONE', *, *, #8831, .F. ) ;
#8037 = DIRECTION ( 'NONE',  ( -0.0000000000000000000, -0.0000000000000000000, -1.000000000000000000 ) ) ;
#8038 = AXIS2_PLACEMENT_3D ( 'NONE', #7377, #571, #6387 ) ;
#8039 = VECTOR ( 'NONE', #6747, 1000.000000000000000 ) ;
#8040 = ORIENTED_EDGE ( 'NONE', *, *, #2335, .T. ) ;
#8041 = AXIS2_PLACEMENT_3D ( 'NONE', #6155, #9553, #3708 ) ;
#8042 = ORIENTED_EDGE ( 'NONE', *, *, #4945, .F. ) ;
#8043 = EDGE_CURVE ( 'NONE', #6345, #10605, #6785, .T. ) ;
#8044 = VECTOR ( 'NONE', #286, 1000.000000000000000 ) ;
#8045 = UNCERTAINTY_MEASURE_WITH_UNIT (LENGTH_MEASURE( 1.000000000000000100E-005 ), #7119, 'distance_accuracy_value', 'NONE');
#8046 =( NAMED_UNIT ( * ) SI_UNIT ( $, .STERADIAN. ) SOLID_ANGLE_UNIT ( ) );
#8047 = FILL_AREA_STYLE_COLOUR ( '', #9372 ) ;
#8048 =( LENGTH_UNIT ( ) NAMED_UNIT ( * ) SI_UNIT ( .MILLI., .METRE. ) );
#8049 = FACE_OUTER_BOUND ( 'NONE', #8672, .T. ) ;
#8050 = AXIS2_PLACEMENT_3D ( 'NONE', #5087, #9124, #8241 ) ;
#8051 = DIRECTION ( 'NONE',  ( -0.0000000000000000000, 1.000000000000000000, -0.0000000000000000000 ) ) ;
#8052 = EDGE_CURVE ( 'NONE', #10677, #5826, #4563, .T. ) ;
#8053 = CYLINDRICAL_SURFACE ( 'NONE', #105, 0.5000000000000004400 ) ;
#8054 = CARTESIAN_POINT ( 'NONE',  ( 0.0000000000000000000, 0.0000000000000000000, 11.50000000000000000 ) ) ;
#8055 = CARTESIAN_POINT ( 'NONE',  ( -15.01375035175306900, -15.96497596850950100, -26.99999999999999600 ) ) ;
#8056 = CARTESIAN_POINT ( 'NONE',  ( -1.800000000000000300, -18.15000000000000600, -29.65000000000000200 ) ) ;
#8057 = ORIENTED_EDGE ( 'NONE', *, *, #6410, .F. ) ;
#8058 = CARTESIAN_POINT ( 'NONE',  ( 15.98624964824874800, 15.03502403148986100, -28.49999999999999600 ) ) ;
#8059 = DIRECTION ( 'NONE',  ( 1.000000000000000000, 0.0000000000000000000, 0.0000000000000000000 ) ) ;
#8060 = DIRECTION ( 'NONE',  ( -0.7071067811865460200, -0.7071067811865491300, 0.0000000000000000000 ) ) ;
#8061 = AXIS2_PLACEMENT_3D ( 'NONE', #10075, #7607, #8450 ) ;
#8062 = EDGE_CURVE ( 'NONE', #7245, #3404, #4301, .T. ) ;
#8063 = CARTESIAN_POINT ( 'NONE',  ( -1.371348881391340800, -39.15000000000000600, -25.01295075771274100 ) ) ;
#8064 = UNCERTAINTY_MEASURE_WITH_UNIT (LENGTH_MEASURE( 1.000000000000000100E-005 ), #5575, 'distance_accuracy_value', 'NONE');
#8065 = LINE ( 'NONE', #3013, #3598 ) ;
#8066 = CARTESIAN_POINT ( 'NONE',  ( -15.98624964825069700, -14.19283027458502200, -28.49999999999999600 ) ) ;
#8067 = CARTESIAN_POINT ( 'NONE',  ( -1.371348881391340800, -19.15000000000000600, -24.45661729131780900 ) ) ;
#8068 = VECTOR ( 'NONE', #308, 1000.000000000000000 ) ;
#8069 = ADVANCED_FACE ( 'NONE', ( #4690 ), #9139, .T. ) ;
#8070 = AXIS2_PLACEMENT_3D ( 'NONE', #9915, #1534, #10756 ) ;
#8071 = FILL_AREA_STYLE_COLOUR ( '', #728 ) ;
#8072 = SURFACE_STYLE_FILL_AREA ( #1993 ) ;
#8073 = DIRECTION ( 'NONE',  ( 0.8571673007021116700, 0.0000000000000000000, 0.5150380749100552700 ) ) ;
#8074 = VECTOR ( 'NONE', #2089, 1000.000000000000000 ) ;
#8075 = DIRECTION ( 'NONE',  ( 0.0000000000000000000, 0.0000000000000000000, -1.000000000000000000 ) ) ;
#8076 = DIRECTION ( 'NONE',  ( 0.0000000000000000000, 0.0000000000000000000, 1.000000000000000000 ) ) ;
#8077 = EDGE_LOOP ( 'NONE', ( #10506, #8649, #7517, #5316 ) ) ;
#8078 = LINE ( 'NONE', #6847, #980 ) ;
#8079 = VECTOR ( 'NONE', #6321, 1000.000000000000000 ) ;
#8080 = CARTESIAN_POINT ( 'NONE',  ( -16.94289321881344500, -20.65000000000000900, 9.500000000000000000 ) ) ;
#8081 = LINE ( 'NONE', #5629, #7179 ) ;
#8082 = ORIENTED_EDGE ( 'NONE', *, *, #4429, .F. ) ;
#8083 = PRESENTATION_STYLE_ASSIGNMENT (( #2406 ) ) ;
#8084 = ORIENTED_EDGE ( 'NONE', *, *, #3907, .T. ) ;
#8085 = CARTESIAN_POINT ( 'NONE',  ( -15.50000000000087200, -15.49999999999912400, -26.99999999999999600 ) ) ;
#8086 = LINE ( 'NONE', #8881, #6553 ) ;
#8087 =( LENGTH_UNIT ( ) NAMED_UNIT ( * ) SI_UNIT ( .MILLI., .METRE. ) );
#8088 = CARTESIAN_POINT ( 'NONE',  ( 0.0000000000000000000, 0.0000000000000000000, -28.99999999999999600 ) ) ;
#8089 = EDGE_CURVE ( 'NONE', #10277, #8788, #8218, .T. ) ;
#8090 = EDGE_CURVE ( 'NONE', #2749, #1437, #2706, .T. ) ;
#8091 = VECTOR ( 'NONE', #3279, 1000.000000000000000 ) ;
#8092 = VECTOR ( 'NONE', #796, 1000.000000000000000 ) ;
#8093 = CARTESIAN_POINT ( 'NONE',  ( 20.64999999999999900, 16.94289321881342800, 9.500000000000000000 ) ) ;
#8094 = DIRECTION ( 'NONE',  ( -1.000000000000000000, 0.0000000000000000000, -0.0000000000000000000 ) ) ;
#8095 = PRESENTATION_STYLE_ASSIGNMENT (( #2246 ) ) ;
#8096 = FILL_AREA_STYLE_COLOUR ( '', #8753 ) ;
#8097 = DIRECTION ( 'NONE',  ( -0.0000000000000000000, -0.0000000000000000000, -1.000000000000000000 ) ) ;
#8098 = CARTESIAN_POINT ( 'NONE',  ( 0.0000000000000000000, 0.0000000000000000000, -28.99999999999999600 ) ) ;
#8099 = VECTOR ( 'NONE', #644, 1000.000000000000000 ) ;
#8100 = VECTOR ( 'NONE', #7943, 1000.000000000000000 ) ;
#8101 = UNCERTAINTY_MEASURE_WITH_UNIT (LENGTH_MEASURE( 1.000000000000000100E-005 ), #3222, 'distance_accuracy_value', 'NONE');
#8102 = ORIENTED_EDGE ( 'NONE', *, *, #9654, .F. ) ;
#8103 = CARTESIAN_POINT ( 'NONE',  ( -2.500000000000000000, 0.0000000000000000000, -25.99999999999999600 ) ) ;
#8104 = SURFACE_SIDE_STYLE ('',( #7279 ) ) ;
#8105 = CARTESIAN_POINT ( 'NONE',  ( -15.98624964825069700, -15.03502403148862900, -26.99999999999999600 ) ) ;
#8106 = VECTOR ( 'NONE', #7048, 1000.000000000000000 ) ;
#8107 = AXIS2_PLACEMENT_3D ( 'NONE', #7899, #1110, #1187 ) ;
#8108 = FACE_OUTER_BOUND ( 'NONE', #10065, .T. ) ;
#8109 = PRESENTATION_LAYER_ASSIGNMENT (  '', '', ( #7752 ) ) ;
#8110 = CARTESIAN_POINT ( 'NONE',  ( 13.09999999999912400, -15.50000000000000200, -28.49999999999999600 ) ) ;
#8111 = EDGE_LOOP ( 'NONE', ( #240, #9867, #7210, #2954 ) ) ;
#8112 = FILL_AREA_STYLE ('',( #10497 ) ) ;
#8113 = CARTESIAN_POINT ( 'NONE',  ( 0.0000000000000000000, 21.14999999999999900, -19.00000000000000000 ) ) ;
#8114 = VECTOR ( 'NONE', #489, 1000.000000000000000 ) ;
#8115 = DIRECTION ( 'NONE',  ( 0.0000000000000000000, 1.000000000000000000, 0.0000000000000000000 ) ) ;
#8116 = SURFACE_STYLE_USAGE ( .BOTH. , #8189 ) ;
#8117 = VERTEX_POINT ( 'NONE', #5469 ) ;
#8118 = STYLED_ITEM ( 'NONE', ( #6539 ), #4014 ) ;
#8119 = EDGE_CURVE ( 'NONE', #5149, #5413, #2036, .T. ) ;
#8120 = DIRECTION ( 'NONE',  ( 0.0000000000000000000, 0.0000000000000000000, 1.000000000000000000 ) ) ;
#8121 = ORIENTED_EDGE ( 'NONE', *, *, #9581, .F. ) ;
#8122 = PRESENTATION_STYLE_ASSIGNMENT (( #6645 ) ) ;
#8123 = ORIENTED_EDGE ( 'NONE', *, *, #9278, .T. ) ;
#8124 = AXIS2_PLACEMENT_3D ( 'NONE', #1281, #10466, #9603 ) ;
#8125 = CARTESIAN_POINT ( 'NONE',  ( -15.49999999999999600, 15.50000000000087400, -28.49999999999999600 ) ) ;
#8126 = ADVANCED_FACE ( 'NONE', ( #6256 ), #3113, .T. ) ;
#8127 = DIRECTION ( 'NONE',  ( 0.0000000000000000000, -0.0000000000000000000, -1.000000000000000000 ) ) ;
#8128 = CARTESIAN_POINT ( 'NONE',  ( 3.599999999999999200, -19.15000000000000600, -20.99999999999999600 ) ) ;
#8129 = CARTESIAN_POINT ( 'NONE',  ( -21.14999999999999500, -13.32957238623956400, -20.99999999999999600 ) ) ;
#8130 = DIRECTION ( 'NONE',  ( 0.0000000000000000000, 0.0000000000000000000, -1.000000000000000000 ) ) ;
#8131 = ORIENTED_EDGE ( 'NONE', *, *, #452, .T. ) ;
#8132 = DIRECTION ( 'NONE',  ( 1.000000000000000000, 0.0000000000000000000, 0.0000000000000000000 ) ) ;
#8133 = AXIS2_PLACEMENT_3D ( 'NONE', #6052, #7766, #129 ) ;
#8134 = EDGE_CURVE ( 'NONE', #9683, #5449, #1381, .T. ) ;
#8135 = EDGE_LOOP ( 'NONE', ( #1698, #5536, #10632, #2600 ) ) ;
#8136 = VERTEX_POINT ( 'NONE', #9713 ) ;
#8137 = EDGE_LOOP ( 'NONE', ( #4454, #4907, #6053, #4561, #6454, #1172, #3194, #8900, #4892, #3893, #4595, #6952 ) ) ;
#8138 = CARTESIAN_POINT ( 'NONE',  ( 0.0000000000000000000, 0.0000000000000000000, 2.000000000000001800 ) ) ;
#8139 = VERTEX_POINT ( 'NONE', #9635 ) ;
#8140 = ORIENTED_EDGE ( 'NONE', *, *, #7969, .T. ) ;
#8141 = CARTESIAN_POINT ( 'NONE',  ( 0.2693558656738568300, 1.999999999999995300, 34.00000000000000700 ) ) ;
#8142 = DIRECTION ( 'NONE',  ( 1.000000000000000000, 0.0000000000000000000, 0.0000000000000000000 ) ) ;
#8143 = ORIENTED_EDGE ( 'NONE', *, *, #9768, .T. ) ;
#8144 = SURFACE_SIDE_STYLE ('',( #8224 ) ) ;
#8145 = CARTESIAN_POINT ( 'NONE',  ( 20.79644660940672900, -16.79644660940671100, 10.00000000000000000 ) ) ;
#8146 = ORIENTED_EDGE ( 'NONE', *, *, #5374, .T. ) ;
#8147 = ORIENTED_EDGE ( 'NONE', *, *, #881, .F. ) ;
#8148 = AXIS2_PLACEMENT_3D ( 'NONE', #1878, #5283, #6878 ) ;
#8149 = CARTESIAN_POINT ( 'NONE',  ( 16.94289321881341300, 20.64999999999999900, -28.49999999999999600 ) ) ;
#8150 = ORIENTED_EDGE ( 'NONE', *, *, #8307, .F. ) ;
#8151 =( NAMED_UNIT ( * ) SI_UNIT ( $, .STERADIAN. ) SOLID_ANGLE_UNIT ( ) );
#8152 = CARTESIAN_POINT ( 'NONE',  ( -0.6000000000000003100, -39.15000000000002000, -30.15000000000000200 ) ) ;
#8153 = EDGE_CURVE ( 'NONE', #7365, #3962, #5480, .T. ) ;
#8154 = SURFACE_SIDE_STYLE ('',( #4182 ) ) ;
#8155 = VERTEX_POINT ( 'NONE', #9830 ) ;
#8156 = CARTESIAN_POINT ( 'NONE',  ( -21.00355339059326800, -17.29644660940672200, 2.000000000000000000 ) ) ;
#8157 = CARTESIAN_POINT ( 'NONE',  ( -16.74998035735715300, -15.03502403148862900, -26.99999999999999600 ) ) ;
#8158 = CARTESIAN_POINT ( 'NONE',  ( 1.339045298307557800, -39.15000000000000600, -23.68316467552383400 ) ) ;
#8159 = VERTEX_POINT ( 'NONE', #1434 ) ;
#8160 = EDGE_CURVE ( 'NONE', #4770, #224, #858, .T. ) ;
#8161 = CYLINDRICAL_SURFACE ( 'NONE', #7496, 0.5000000000000004400 ) ;
#8163 = ORIENTED_EDGE ( 'NONE', *, *, #8719, .T. ) ;
#8162 = SURFACE_SIDE_STYLE ('',( #4837 ) ) ;
#8164 = EDGE_CURVE ( 'NONE', #1513, #6603, #7433, .T. ) ;
#8165 = ORIENTED_EDGE ( 'NONE', *, *, #5431, .F. ) ;
#8166 = CARTESIAN_POINT ( 'NONE',  ( 21.14999999999999900, 21.14999999999999900, -20.99999999999999600 ) ) ;
#8167 = ORIENTED_EDGE ( 'NONE', *, *, #3146, .T. ) ;
#8168 = CARTESIAN_POINT ( 'NONE',  ( -13.31369220013740100, -21.16000000000001100, 63.84951795962940900 ) ) ;
#8169 = ORIENTED_EDGE ( 'NONE', *, *, #9837, .F. ) ;
#8170 = EDGE_LOOP ( 'NONE', ( #261, #7331, #6782, #1729 ) ) ;
#8171 = CARTESIAN_POINT ( 'NONE',  ( -18.74999999999999600, 15.50000000000087400, -28.49999999999999600 ) ) ;
#8172 = CARTESIAN_POINT ( 'NONE',  ( 20.64999999999999900, 21.14999999999999900, -28.49999999999999600 ) ) ;
#8173 = FILL_AREA_STYLE ('',( #3201 ) ) ;
#8174 = CARTESIAN_POINT ( 'NONE',  ( 0.2763593381367829800, 6.999999999999997300, 19.00000000000000400 ) ) ;
#8175 = ORIENTED_EDGE ( 'NONE', *, *, #399, .T. ) ;
#8176 = AXIS2_PLACEMENT_3D ( 'NONE', #3509, #4621, #9969 ) ;
#8177 = AXIS2_PLACEMENT_3D ( 'NONE', #3986, #3946, #2213 ) ;
#8178 = VERTEX_POINT ( 'NONE', #8963 ) ;
#8179 = DIRECTION ( 'NONE',  ( 1.000000000000000000, 0.0000000000000000000, 0.0000000000000000000 ) ) ;
#8180 = CIRCLE ( 'NONE', #5008, 2.799999999999999800 ) ;
#8181 = CARTESIAN_POINT ( 'NONE',  ( 0.0000000000000000000, 0.0000000000000000000, -20.99999999999999600 ) ) ;
#8182 = ADVANCED_FACE ( 'NONE', ( #8732 ), #10687, .F. ) ;
#8183 = ORIENTED_EDGE ( 'NONE', *, *, #9084, .T. ) ;
#8184 = CIRCLE ( 'NONE', #8061, 0.5000000000000004400 ) ;
#8185 = DIRECTION ( 'NONE',  ( -1.000000000000000000, 3.815920199215883900E-013, 0.0000000000000000000 ) ) ;
#8186 = CARTESIAN_POINT ( 'NONE',  ( 12.24999999999912400, -15.50000000000000200, -28.99999999999999600 ) ) ;
#8187 = DIRECTION ( 'NONE',  ( -0.0000000000000000000, -1.000000000000000000, 6.938893903907221300E-015 ) ) ;
#8188 = EDGE_CURVE ( 'NONE', #9332, #5297, #10672, .T. ) ;
#8189 = SURFACE_SIDE_STYLE ('',( #3372 ) ) ;
#8190 = VERTEX_POINT ( 'NONE', #9794 ) ;
#8191 = AXIS2_PLACEMENT_3D ( 'NONE', #5626, #8202, #8279 ) ;
#8192 = UNCERTAINTY_MEASURE_WITH_UNIT (LENGTH_MEASURE( 1.000000000000000100E-005 ), #4141, 'distance_accuracy_value', 'NONE');
#8193 = VECTOR ( 'NONE', #9085, 1000.000000000000000 ) ;
#8194 = VECTOR ( 'NONE', #10031, 1000.000000000000000 ) ;
#8195 = LINE ( 'NONE', #7932, #4280 ) ;
#8196 = EDGE_CURVE ( 'NONE', #9298, #6778, #8209, .T. ) ;
#8197 = LINE ( 'NONE', #2656, #10135 ) ;
#8198 = DIRECTION ( 'NONE',  ( 1.000000000000000000, 0.0000000000000000000, 0.0000000000000000000 ) ) ;
#8199 = LINE ( 'NONE', #1609, #1098 ) ;
#8200 = DIRECTION ( 'NONE',  ( 0.0000000000000000000, 0.0000000000000000000, -1.000000000000000000 ) ) ;
#8201 = DIRECTION ( 'NONE',  ( 0.0000000000000000000, 0.0000000000000000000, -1.000000000000000000 ) ) ;
#8202 = DIRECTION ( 'NONE',  ( -0.6766252893427954200, 0.0000000000000000000, -0.7363275207553895400 ) ) ;
#8203 = AXIS2_PLACEMENT_3D ( 'NONE', #3395, #4253, #10074 ) ;
#8204 = FILL_AREA_STYLE_COLOUR ( '', #3220 ) ;
#8205 = CIRCLE ( 'NONE', #8382, 0.5000000000000006700 ) ;
#8206 =( GEOMETRIC_REPRESENTATION_CONTEXT ( 3 ) GLOBAL_UNCERTAINTY_ASSIGNED_CONTEXT ( ( #9796 ) ) GLOBAL_UNIT_ASSIGNED_CONTEXT ( ( #6011, #2676, #3622 ) ) REPRESENTATION_CONTEXT ( 'NONE', 'WORKASPACE' ) );
#8207 = LINE ( 'NONE', #4810, #7429 ) ;
#8208 = PRESENTATION_STYLE_ASSIGNMENT (( #9459 ) ) ;
#8209 = LINE ( 'NONE', #1505, #8473 ) ;
#8210 = DIRECTION ( 'NONE',  ( 1.224646799147353200E-016, 1.000000000000000000, -0.0000000000000000000 ) ) ;
#8211 = SURFACE_STYLE_USAGE ( .BOTH. , #10636 ) ;
#8212 = EDGE_CURVE ( 'NONE', #7735, #2526, #9627, .T. ) ;
#8213 = EDGE_CURVE ( 'NONE', #120, #9912, #6245, .T. ) ;
#8214 = CONICAL_SURFACE ( 'NONE', #8041, 1.999999999999994900, 0.7853981633974460600 ) ;
#8215 = CARTESIAN_POINT ( 'NONE',  ( 16.94289321881341300, 20.64999999999999900, -28.99999999999999600 ) ) ;
#8216 = SPHERICAL_SURFACE ( 'NONE', #5121, 0.5000000000000000000 ) ;
#8217 = ORIENTED_EDGE ( 'NONE', *, *, #352, .F. ) ;
#8218 = LINE ( 'NONE', #3069, #73 ) ;
#8219 = ADVANCED_FACE ( 'NONE', ( #7810 ), #7034, .T. ) ;
#8220 = FILL_AREA_STYLE_COLOUR ( '', #5622 ) ;
#8221 = DIRECTION ( 'NONE',  ( -0.0000000000000000000, 1.000000000000000000, 0.0000000000000000000 ) ) ;
#8222 = CIRCLE ( 'NONE', #4403, 0.5000000000000004400 ) ;
#8223 = SURFACE_STYLE_FILL_AREA ( #4797 ) ;
#8224 = SURFACE_STYLE_FILL_AREA ( #570 ) ;
#8225 = LINE ( 'NONE', #2900, #10292 ) ;
#8226 =( NAMED_UNIT ( * ) PLANE_ANGLE_UNIT ( ) SI_UNIT ( $, .RADIAN. ) );
#8227 = PRESENTATION_STYLE_ASSIGNMENT (( #5459 ) ) ;
#8228 = CARTESIAN_POINT ( 'NONE',  ( -20.64999999999999500, -16.94289321881346000, -28.99999999999999600 ) ) ;
#8229 = PRESENTATION_STYLE_ASSIGNMENT (( #2122 ) ) ;
#8230 = CARTESIAN_POINT ( 'NONE',  ( -15.96497596851089900, 16.74998035735668000, -28.49999999999999600 ) ) ;
#8231 = CIRCLE ( 'NONE', #1926, 0.5000000000000004400 ) ;
#8232 = CARTESIAN_POINT ( 'NONE',  ( -16.74998035735715300, -15.96497596850949400, -28.49999999999999600 ) ) ;
#8233 = CARTESIAN_POINT ( 'NONE',  ( 0.0000000000000000000, 0.0000000000000000000, 10.00000000000000000 ) ) ;
#8234 = EDGE_CURVE ( 'NONE', #9363, #4450, #9258, .T. ) ;
#8235 = AXIS2_PLACEMENT_3D ( 'NONE', #6223, #256, #9500 ) ;
#8236 = DIRECTION ( 'NONE',  ( 0.0000000000000000000, 0.0000000000000000000, -1.000000000000000000 ) ) ;
#8237 = UNCERTAINTY_MEASURE_WITH_UNIT (LENGTH_MEASURE( 1.000000000000000100E-005 ), #1477, 'distance_accuracy_value', 'NONE');
#8238 = VERTEX_POINT ( 'NONE', #351 ) ;
#8239 = FACE_OUTER_BOUND ( 'NONE', #8698, .T. ) ;
#8240 = PRESENTATION_LAYER_ASSIGNMENT (  '', '', ( #359 ) ) ;
#8241 = DIRECTION ( 'NONE',  ( 0.0000000000000000000, 0.0000000000000000000, -1.000000000000000000 ) ) ;
#8242 =( NAMED_UNIT ( * ) SI_UNIT ( $, .STERADIAN. ) SOLID_ANGLE_UNIT ( ) );
#8243 =( NAMED_UNIT ( * ) SI_UNIT ( $, .STERADIAN. ) SOLID_ANGLE_UNIT ( ) );
#8244 = CARTESIAN_POINT ( 'NONE',  ( 16.94289321881341300, 20.64999999999999900, -28.99999999999999600 ) ) ;
#8245 = CARTESIAN_POINT ( 'NONE',  ( 21.14999999999999900, 21.14999999999999900, 4.000000000000000000 ) ) ;
#8246 = SURFACE_STYLE_FILL_AREA ( #10721 ) ;
#8247 = EDGE_LOOP ( 'NONE', ( #4822, #8928, #6419 ) ) ;
#8248 =( NAMED_UNIT ( * ) PLANE_ANGLE_UNIT ( ) SI_UNIT ( $, .RADIAN. ) );
#8249 = CARTESIAN_POINT ( 'NONE',  ( 20.64999999999999900, 1.693713464724399800E-015, 9.500000000000000000 ) ) ;
#8250 = AXIS2_PLACEMENT_3D ( 'NONE', #4204, #173, #236 ) ;
#8251 = AXIS2_PLACEMENT_3D ( 'NONE', #8149, #7271, #2197 ) ;
#8252 = MECHANICAL_DESIGN_GEOMETRIC_PRESENTATION_REPRESENTATION (  '', ( #10317 ), #8663 ) ;
#8253 = CARTESIAN_POINT ( 'NONE',  ( -18.79644660940670800, 18.79644660940674000, 9.500000000000000000 ) ) ;
#8254 = DIRECTION ( 'NONE',  ( -1.000000000000000000, 0.0000000000000000000, 0.0000000000000000000 ) ) ;
#8255 = CARTESIAN_POINT ( 'NONE',  ( 0.0000000000000000000, 0.0000000000000000000, -33.49999999999999300 ) ) ;
#8256 = VECTOR ( 'NONE', #2679, 1000.000000000000000 ) ;
#8257 =( NAMED_UNIT ( * ) PLANE_ANGLE_UNIT ( ) SI_UNIT ( $, .RADIAN. ) );
#8258 = ORIENTED_EDGE ( 'NONE', *, *, #4912, .F. ) ;
#8259 = AXIS2_PLACEMENT_3D ( 'NONE', #5232, #6830, #10232 ) ;
#8260 = ORIENTED_EDGE ( 'NONE', *, *, #3867, .T. ) ;
#8261 = CIRCLE ( 'NONE', #10060, 0.5000000000000006700 ) ;
#8262 = EDGE_CURVE ( 'NONE', #1248, #8159, #2028, .T. ) ;
#8263 = ORIENTED_EDGE ( 'NONE', *, *, #1148, .F. ) ;
#8264 = ORIENTED_EDGE ( 'NONE', *, *, #4492, .T. ) ;
#8265 = EDGE_LOOP ( 'NONE', ( #4239, #6339, #7683, #3184 ) ) ;
#8266 = UNCERTAINTY_MEASURE_WITH_UNIT (LENGTH_MEASURE( 1.000000000000000100E-005 ), #2119, 'distance_accuracy_value', 'NONE');
#8267 = DIRECTION ( 'NONE',  ( 0.0000000000000000000, 1.000000000000000000, 0.0000000000000000000 ) ) ;
#8268 = ORIENTED_EDGE ( 'NONE', *, *, #9799, .F. ) ;
#8269 = MECHANICAL_DESIGN_GEOMETRIC_PRESENTATION_REPRESENTATION (  '', ( #6600 ), #8829 ) ;
#8270 = EDGE_CURVE ( 'NONE', #6584, #7534, #9003, .T. ) ;
#8271 = EDGE_LOOP ( 'NONE', ( #2797, #6577 ) ) ;
#8272 = PRESENTATION_LAYER_ASSIGNMENT (  '', '', ( #9800 ) ) ;
#8273 = ORIENTED_EDGE ( 'NONE', *, *, #1303, .F. ) ;
#8274 = DIRECTION ( 'NONE',  ( 0.0000000000000000000, 1.000000000000000000, 0.0000000000000000000 ) ) ;
#8275 = CARTESIAN_POINT ( 'NONE',  ( 15.03502403148815200, -15.01375035175166400, -26.99999999999999600 ) ) ;
#8276 = SURFACE_SIDE_STYLE ('',( #4952 ) ) ;
#8277 = DIRECTION ( 'NONE',  ( -1.000000000000000000, 1.224646799147351500E-016, 0.0000000000000000000 ) ) ;
#8278 = ADVANCED_FACE ( 'NONE', ( #4548 ), #8837, .F. ) ;
#8279 = DIRECTION ( 'NONE',  ( -0.7363275207553894300, 0.0000000000000000000, 0.6766252893427953100 ) ) ;
#8280 = CARTESIAN_POINT ( 'NONE',  ( 0.0000000000000000000, 0.0000000000000000000, -26.99999999999999600 ) ) ;
#8281 = AXIS2_PLACEMENT_3D ( 'NONE', #8516, #6031, #5146 ) ;
#8282 = VECTOR ( 'NONE', #1700, 1000.000000000000000 ) ;
#8283 = EDGE_CURVE ( 'NONE', #2175, #4245, #5854, .T. ) ;
#8284 = FILL_AREA_STYLE ('',( #2532 ) ) ;
#8285 = ORIENTED_EDGE ( 'NONE', *, *, #136, .T. ) ;
#8286 = DIRECTION ( 'NONE',  ( 1.000000000000000000, 0.0000000000000000000, 0.0000000000000000000 ) ) ;
#8287 = DIRECTION ( 'NONE',  ( 0.0000000000000000000, -1.000000000000000000, 0.0000000000000000000 ) ) ;
#8288 = FILL_AREA_STYLE ('',( #9064 ) ) ;
#8289 = AXIS2_PLACEMENT_3D ( 'NONE', #5680, #9076, #733 ) ;
#8290 = STYLED_ITEM ( 'NONE', ( #5304 ), #9534 ) ;
#8291 = VECTOR ( 'NONE', #1165, 1000.000000000000000 ) ;
#8292 = ORIENTED_EDGE ( 'NONE', *, *, #9330, .F. ) ;
#8293 = CARTESIAN_POINT ( 'NONE',  ( -21.16000000000000700, -13.31369220013741200, 4.000000000000003600 ) ) ;
#8294 = CARTESIAN_POINT ( 'NONE',  ( -13.31369220013740100, -21.16000000000001100, -20.99999999999999600 ) ) ;
#8295 = DIRECTION ( 'NONE',  ( 1.000000000000000000, 0.0000000000000000000, 0.0000000000000000000 ) ) ;
#8296 = DIRECTION ( 'NONE',  ( 1.000000000000000000, 0.0000000000000000000, 0.0000000000000000000 ) ) ;
#8297 = ORIENTED_EDGE ( 'NONE', *, *, #9744, .T. ) ;
#8298 = PLANE ( 'NONE',  #5537 ) ;
#8299 = ORIENTED_EDGE ( 'NONE', *, *, #2591, .F. ) ;
#8300 = DIRECTION ( 'NONE',  ( -0.0000000000000000000, -0.0000000000000000000, 1.000000000000000000 ) ) ;
#8301 = VECTOR ( 'NONE', #6800, 1000.000000000000000 ) ;
#8302 = ORIENTED_EDGE ( 'NONE', *, *, #9668, .F. ) ;
#8303 = ORIENTED_EDGE ( 'NONE', *, *, #6862, .T. ) ;
#8304 = EDGE_LOOP ( 'NONE', ( #2934, #2772, #8917, #1319 ) ) ;
#8305 = EDGE_CURVE ( 'NONE', #8676, #8022, #3743, .T. ) ;
#8306 = VERTEX_POINT ( 'NONE', #8767 ) ;
#8307 = EDGE_CURVE ( 'NONE', #130, #8774, #9128, .T. ) ;
#8308 = VECTOR ( 'NONE', #1730, 1000.000000000000000 ) ;
#8309 = ORIENTED_EDGE ( 'NONE', *, *, #5493, .F. ) ;
#8310 = FILL_AREA_STYLE ('',( #4178 ) ) ;
#8311 = PLANE ( 'NONE',  #5533 ) ;
#8312 = LINE ( 'NONE', #9633, #3211 ) ;
#8313 = PLANE ( 'NONE',  #9860 ) ;
#8314 = SURFACE_SIDE_STYLE ('',( #3402 ) ) ;
#8315 = CIRCLE ( 'NONE', #8621, 0.5000000000000004400 ) ;
#8316 = VERTEX_POINT ( 'NONE', #7947 ) ;
#8317 = CARTESIAN_POINT ( 'NONE',  ( 2.499999999999999600, 3.061616997868383100E-016, 9.000000000000001800 ) ) ;
#8318 = ORIENTED_EDGE ( 'NONE', *, *, #9130, .F. ) ;
#8319 = CIRCLE ( 'NONE', #8912, 2.799999999999999800 ) ;
#8320 = CARTESIAN_POINT ( 'NONE',  ( 12.74999999999912200, -15.50000000000000200, -28.49999999999999600 ) ) ;
#8321 = DIRECTION ( 'NONE',  ( 1.000000000000000000, 0.0000000000000000000, 0.0000000000000000000 ) ) ;
#8322 = PLANE ( 'NONE',  #663 ) ;
#8323 = AXIS2_PLACEMENT_3D ( 'NONE', #4685, #8075, #3067 ) ;
#8324 = CIRCLE ( 'NONE', #2056, 2.500000000000000000 ) ;
#8325 = FACE_OUTER_BOUND ( 'NONE', #5140, .T. ) ;
#8327 = MECHANICAL_DESIGN_GEOMETRIC_PRESENTATION_REPRESENTATION (  '', ( #24 ), #6215 ) ;
#8326 = DIRECTION ( 'NONE',  ( -0.8571673007021120000, 1.049727191138618300E-016, 0.5150380749100547100 ) ) ;
#8328 = CARTESIAN_POINT ( 'NONE',  ( -1.800000000000000300, -39.15000000000002000, -30.15000000000000200 ) ) ;
#8329 = SURFACE_SIDE_STYLE ('',( #8635 ) ) ;
#8330 = VERTEX_POINT ( 'NONE', #7189 ) ;
#8331 = ADVANCED_FACE ( 'NONE', ( #4678 ), #3360, .T. ) ;
#8332 = CARTESIAN_POINT ( 'NONE',  ( 15.98624964824874800, 14.19283027458602200, -26.99999999999999600 ) ) ;
#8333 = LINE ( 'NONE', #3844, #1232 ) ;
#8334 =( LENGTH_UNIT ( ) NAMED_UNIT ( * ) SI_UNIT ( .MILLI., .METRE. ) );
#8335 = DIRECTION ( 'NONE',  ( 1.000000000000000000, -6.179303022933785000E-015, 0.0000000000000000000 ) ) ;
#8336 = CIRCLE ( 'NONE', #8133, 0.5000000000000004400 ) ;
#8337 = SURFACE_STYLE_USAGE ( .BOTH. , #2482 ) ;
#8338 = AXIS2_PLACEMENT_3D ( 'NONE', #5049, #9201, #793 ) ;
#8339 = EDGE_CURVE ( 'NONE', #8922, #8018, #5608, .T. ) ;
#8340 = PRESENTATION_LAYER_ASSIGNMENT (  '', '', ( #5753 ) ) ;
#8341 = SURFACE_SIDE_STYLE ('',( #691 ) ) ;
#8342 = AXIS2_PLACEMENT_3D ( 'NONE', #3520, #5258, #1041 ) ;
#8343 = VECTOR ( 'NONE', #2818, 1000.000000000000000 ) ;
#8344 = EDGE_CURVE ( 'NONE', #6036, #4882, #6372, .T. ) ;
#8345 =( NAMED_UNIT ( * ) SI_UNIT ( $, .STERADIAN. ) SOLID_ANGLE_UNIT ( ) );
#8346 = VERTEX_POINT ( 'NONE', #9621 ) ;
#8347 = FACE_OUTER_BOUND ( 'NONE', #8170, .T. ) ;
#8348 = FACE_OUTER_BOUND ( 'NONE', #3066, .T. ) ;
#8349 = DIRECTION ( 'NONE',  ( -3.815920199215875400E-013, 1.000000000000000000, 0.0000000000000000000 ) ) ;
#8350 = DIRECTION ( 'NONE',  ( 1.000000000000000000, 0.0000000000000000000, 0.0000000000000000000 ) ) ;
#8351 = PRESENTATION_LAYER_ASSIGNMENT (  '', '', ( #5960 ) ) ;
#8352 = CARTESIAN_POINT ( 'NONE',  ( -15.49999999999999600, 15.50000000000087400, -26.99999999999999600 ) ) ;
#8353 = AXIS2_PLACEMENT_3D ( 'NONE', #7513, #9194, #9906 ) ;
#8354 =( NAMED_UNIT ( * ) PLANE_ANGLE_UNIT ( ) SI_UNIT ( $, .RADIAN. ) );
#8355 = SURFACE_STYLE_FILL_AREA ( #4268 ) ;
#8356 = ORIENTED_EDGE ( 'NONE', *, *, #6331, .T. ) ;
#8357 = DIRECTION ( 'NONE',  ( 0.0000000000000000000, 0.0000000000000000000, -1.000000000000000000 ) ) ;
#8358 = DIRECTION ( 'NONE',  ( -1.000000000000000000, 0.0000000000000000000, 0.0000000000000000000 ) ) ;
#8359 = ORIENTED_EDGE ( 'NONE', *, *, #7290, .T. ) ;
#8360 = CONICAL_SURFACE ( 'NONE', #6018, 1.249999999999997600, 1.029744258676653200 ) ;
#8361 = LINE ( 'NONE', #5150, #3632 ) ;
#8362 = DIRECTION ( 'NONE',  ( -0.0000000000000000000, -0.0000000000000000000, 1.000000000000000000 ) ) ;
#8363 = EDGE_CURVE ( 'NONE', #7617, #1853, #4534, .T. ) ;
#8364 = CARTESIAN_POINT ( 'NONE',  ( -3.599999999999997400, -19.15000000000000600, -26.49999999999999600 ) ) ;
#8365 = CARTESIAN_POINT ( 'NONE',  ( 0.0000000000000000000, 0.0000000000000000000, 34.00000000000000000 ) ) ;
#8366 = PRESENTATION_STYLE_ASSIGNMENT (( #1154 ) ) ;
#8367 = PRESENTATION_STYLE_ASSIGNMENT (( #9021 ) ) ;
#8368 = VECTOR ( 'NONE', #5716, 1000.000000000000000 ) ;
#8369 = SURFACE_SIDE_STYLE ('',( #9506 ) ) ;
#8370 = ORIENTED_EDGE ( 'NONE', *, *, #7736, .T. ) ;
#8371 = CARTESIAN_POINT ( 'NONE',  ( 0.0000000000000000000, 0.0000000000000000000, 63.84951795962940900 ) ) ;
#8372 =( NAMED_UNIT ( * ) SI_UNIT ( $, .STERADIAN. ) SOLID_ANGLE_UNIT ( ) );
#8373 = CARTESIAN_POINT ( 'NONE',  ( 20.64999999999999900, 16.94289321881342800, 10.00000000000000000 ) ) ;
#8374 = CYLINDRICAL_SURFACE ( 'NONE', #9554, 0.5000000000000004400 ) ;
#8375 = SURFACE_SIDE_STYLE ('',( #7537 ) ) ;
#8376 = VERTEX_POINT ( 'NONE', #8453 ) ;
#8377 = FILL_AREA_STYLE_COLOUR ( '', #1634 ) ;
#8378 = DIRECTION ( 'NONE',  ( 1.000000000000000000, -6.938893903907222100E-015, 0.0000000000000000000 ) ) ;
#8379 = FILL_AREA_STYLE_COLOUR ( '', #1652 ) ;
#8380 = ADVANCED_FACE ( 'NONE', ( #6767 ), #9384, .F. ) ;
#8381 = DIRECTION ( 'NONE',  ( 0.0000000000000000000, 0.0000000000000000000, 1.000000000000000000 ) ) ;
#8382 = AXIS2_PLACEMENT_3D ( 'NONE', #9802, #4809, #6309 ) ;
#8383 =( NAMED_UNIT ( * ) PLANE_ANGLE_UNIT ( ) SI_UNIT ( $, .RADIAN. ) );
#8384 = FACE_OUTER_BOUND ( 'NONE', #5945, .T. ) ;
#8385 =( GEOMETRIC_REPRESENTATION_CONTEXT ( 3 ) GLOBAL_UNCERTAINTY_ASSIGNED_CONTEXT ( ( #6671 ) ) GLOBAL_UNIT_ASSIGNED_CONTEXT ( ( #2947, #8812, #477 ) ) REPRESENTATION_CONTEXT ( 'NONE', 'WORKASPACE' ) );
#8386 = VERTEX_POINT ( 'NONE', #7593 ) ;
#8387 = VERTEX_POINT ( 'NONE', #4304 ) ;
#8388 = VECTOR ( 'NONE', #7408, 1000.000000000000000 ) ;
#8389 = DIRECTION ( 'NONE',  ( 0.0000000000000000000, -1.000000000000000000, 0.0000000000000000000 ) ) ;
#8390 = EDGE_LOOP ( 'NONE', ( #3025, #4223, #5614, #5557 ) ) ;
#8391 = UNCERTAINTY_MEASURE_WITH_UNIT (LENGTH_MEASURE( 1.000000000000000100E-005 ), #4761, 'distance_accuracy_value', 'NONE');
#8392 = ORIENTED_EDGE ( 'NONE', *, *, #6014, .T. ) ;
#8393 = CARTESIAN_POINT ( 'NONE',  ( 16.79644660940669700, 20.79644660940673300, 10.00000000000000000 ) ) ;
#8394 = SURFACE_STYLE_USAGE ( .BOTH. , #6620 ) ;
#8395 = ORIENTED_EDGE ( 'NONE', *, *, #1241, .T. ) ;
#8396 = DIRECTION ( 'NONE',  ( 0.7071067811865469100, -0.7071067811865482400, -0.0000000000000000000 ) ) ;
#8397 = ORIENTED_EDGE ( 'NONE', *, *, #10155, .F. ) ;
#8398 = ORIENTED_EDGE ( 'NONE', *, *, #10847, .T. ) ;
#8399 = CARTESIAN_POINT ( 'NONE',  ( 0.0000000000000000000, 0.0000000000000000000, 12.00000000000000000 ) ) ;
#8400 = ORIENTED_EDGE ( 'NONE', *, *, #426, .T. ) ;
#8401 = ORIENTED_EDGE ( 'NONE', *, *, #5836, .T. ) ;
#8402 = AXIS2_PLACEMENT_3D ( 'NONE', #1446, #3335, #9193 ) ;
#8403 = ORIENTED_EDGE ( 'NONE', *, *, #1869, .F. ) ;
#8404 = PRODUCT_DEFINITION_FORMATION_WITH_SPECIFIED_SOURCE ( 'ÈÎºÎ', '', #7236, .NOT_KNOWN. ) ;
#8405 = ORIENTED_EDGE ( 'NONE', *, *, #7103, .F. ) ;
#8406 = SURFACE_SIDE_STYLE ('',( #6535 ) ) ;
#8407 = UNCERTAINTY_MEASURE_WITH_UNIT (LENGTH_MEASURE( 1.000000000000000100E-005 ), #2035, 'distance_accuracy_value', 'NONE');
#8408 = ORIENTED_EDGE ( 'NONE', *, *, #10370, .T. ) ;
#8409 = EDGE_CURVE ( 'NONE', #9683, #10236, #10802, .T. ) ;
#8410 = PRESENTATION_LAYER_ASSIGNMENT (  '', '', ( #7079 ) ) ;
#8411 = EDGE_CURVE ( 'NONE', #8690, #1594, #8199, .T. ) ;
#8412 = VERTEX_POINT ( 'NONE', #9273 ) ;
#8413 = DIRECTION ( 'NONE',  ( -0.0000000000000000000, 1.000000000000000000, -0.0000000000000000000 ) ) ;
#8414 = AXIS2_PLACEMENT_3D ( 'NONE', #5868, #2497, #4365 ) ;
#8415 = ORIENTED_EDGE ( 'NONE', *, *, #3837, .T. ) ;
#8416 = AXIS2_PLACEMENT_3D ( 'NONE', #4813, #4777, #10630 ) ;
#8417 = SURFACE_STYLE_USAGE ( .BOTH. , #7440 ) ;
#8418 = SURFACE_STYLE_USAGE ( .BOTH. , #1767 ) ;
#8419 = VERTEX_POINT ( 'NONE', #10824 ) ;
#8420 =( NAMED_UNIT ( * ) SI_UNIT ( $, .STERADIAN. ) SOLID_ANGLE_UNIT ( ) );
#8421 = CARTESIAN_POINT ( 'NONE',  ( -15.96497596851091000, 15.01375035175259500, -26.99999999999999600 ) ) ;
#8422 = DIRECTION ( 'NONE',  ( -0.0000000000000000000, -0.0000000000000000000, 1.000000000000000000 ) ) ;
#8423 = PRESENTATION_LAYER_ASSIGNMENT (  '', '', ( #4490 ) ) ;
#8424 = EDGE_CURVE ( 'NONE', #5818, #408, #1370, .T. ) ;
#8425 = EDGE_CURVE ( 'NONE', #9304, #6134, #4013, .T. ) ;
#8426 = CIRCLE ( 'NONE', #9391, 0.5563334663949287600 ) ;
#8427 = VERTEX_POINT ( 'NONE', #10030 ) ;
#8428 = DIRECTION ( 'NONE',  ( 0.0000000000000000000, -0.0000000000000000000, 1.000000000000000000 ) ) ;
#8429 = ORIENTED_EDGE ( 'NONE', *, *, #2215, .F. ) ;
#8430 = ORIENTED_EDGE ( 'NONE', *, *, #2294, .F. ) ;
#8431 = ORIENTED_EDGE ( 'NONE', *, *, #178, .T. ) ;
#8432 = STYLED_ITEM ( 'NONE', ( #10619 ), #9748 ) ;
#8433 = VERTEX_POINT ( 'NONE', #5165 ) ;
#8434 =( NAMED_UNIT ( * ) PLANE_ANGLE_UNIT ( ) SI_UNIT ( $, .RADIAN. ) );
#8435 = VERTEX_POINT ( 'NONE', #1716 ) ;
#8436 = DIRECTION ( 'NONE',  ( 1.000000000000000000, 0.0000000000000000000, 0.0000000000000000000 ) ) ;
#8437 = LINE ( 'NONE', #9108, #564 ) ;
#8438 = ADVANCED_FACE ( 'NONE', ( #7026 ), #2541, .T. ) ;
#8439 = ORIENTED_EDGE ( 'NONE', *, *, #1506, .T. ) ;
#8440 = LINE ( 'NONE', #10047, #2665 ) ;
#8441 = VERTEX_POINT ( 'NONE', #871 ) ;
#8442 = VECTOR ( 'NONE', #2142, 1000.000000000000000 ) ;
#8443 = CARTESIAN_POINT ( 'NONE',  ( 16.94289321881343800, 20.64999999999999900, 9.500000000000000000 ) ) ;
#8444 = ORIENTED_EDGE ( 'NONE', *, *, #9639, .T. ) ;
#8445 = VECTOR ( 'NONE', #9188, 1000.000000000000000 ) ;
#8446 = DIRECTION ( 'NONE',  ( -0.0000000000000000000, 0.0000000000000000000, -1.000000000000000000 ) ) ;
#8447 = EDGE_CURVE ( 'NONE', #8435, #5943, #3105, .T. ) ;
#8448 = AXIS2_PLACEMENT_3D ( 'NONE', #10222, #5399, #291 ) ;
#8449 = FACE_BOUND ( 'NONE', #6739, .T. ) ;
#8450 = DIRECTION ( 'NONE',  ( 0.0000000000000000000, 0.0000000000000000000, 1.000000000000000000 ) ) ;
#8451 = VECTOR ( 'NONE', #6343, 1000.000000000000000 ) ;
#8452 = EDGE_LOOP ( 'NONE', ( #1330, #986, #4371, #10312 ) ) ;
#8453 = CARTESIAN_POINT ( 'NONE',  ( 0.5999999999999997600, -39.15000000000002000, -30.65000000000000200 ) ) ;
#8454 = PLANE ( 'NONE',  #664 ) ;
#8455 = DIRECTION ( 'NONE',  ( 1.000000000000000000, 0.0000000000000000000, 0.0000000000000000000 ) ) ;
#8456 = PRESENTATION_STYLE_ASSIGNMENT (( #1718 ) ) ;
#8457 = FILL_AREA_STYLE ('',( #9333 ) ) ;
#8458 = CARTESIAN_POINT ( 'NONE',  ( 13.32957238623955800, 21.14999999999999900, -19.00000000000000400 ) ) ;
#8459 = VECTOR ( 'NONE', #6639, 1000.000000000000000 ) ;
#8460 = CARTESIAN_POINT ( 'NONE',  ( 0.0000000000000000000, 0.0000000000000000000, 4.000000000000003600 ) ) ;
#8461 = AXIS2_PLACEMENT_3D ( 'NONE', #1455, #5738, #1602 ) ;
#8462 = STYLED_ITEM ( 'NONE', ( #10328 ), #10331 ) ;
#8463 = STYLED_ITEM ( 'NONE', ( #9893 ), #1171 ) ;
#8464 = DIRECTION ( 'NONE',  ( -0.0000000000000000000, -0.0000000000000000000, -1.000000000000000000 ) ) ;
#8465 = PRESENTATION_STYLE_ASSIGNMENT (( #10697 ) ) ;
#8466 = CARTESIAN_POINT ( 'NONE',  ( -16.94289321881344200, -21.15000000000000600, -28.49999999999999600 ) ) ;
#8467 = PRESENTATION_LAYER_ASSIGNMENT (  '', '', ( #5126 ) ) ;
#8469 = COLOUR_RGB ( '',0.2509803921568627400, 0.2509803921568627400, 0.2509803921568627400 ) ;
#8468 = DIRECTION ( 'NONE',  ( 1.000000000000000000, 0.0000000000000000000, 0.0000000000000000000 ) ) ;
#8470 = EDGE_CURVE ( 'NONE', #9319, #10103, #6101, .T. ) ;
#8471 = CYLINDRICAL_SURFACE ( 'NONE', #3259, 0.5000000000000006700 ) ;
#8472 = CIRCLE ( 'NONE', #1798, 0.5000000000000004400 ) ;
#8473 = VECTOR ( 'NONE', #6278, 1000.000000000000000 ) ;
#8474 = MECHANICAL_DESIGN_GEOMETRIC_PRESENTATION_REPRESENTATION (  '', ( #4699 ), #4136 ) ;
#8475 = EDGE_CURVE ( 'NONE', #2762, #685, #2564, .T. ) ;
#8476 = STYLED_ITEM ( 'NONE', ( #6002 ), #7842 ) ;
#8477 = DIRECTION ( 'NONE',  ( -6.179303022933785000E-015, -1.000000000000000000, -0.0000000000000000000 ) ) ;
#8478 = COLOUR_RGB ( '',0.2509803921568627400, 0.2509803921568627400, 0.2509803921568627400 ) ;
#8479 = CIRCLE ( 'NONE', #1860, 0.5000000000000004400 ) ;
#8480 = DIRECTION ( 'NONE',  ( -0.0000000000000000000, -1.000000000000000000, -0.0000000000000000000 ) ) ;
#8481 = PRESENTATION_LAYER_ASSIGNMENT (  '', '', ( #3998 ) ) ;
#8482 = EDGE_CURVE ( 'NONE', #2657, #3712, #10136, .T. ) ;
#8483 = CIRCLE ( 'NONE', #8289, 1.999999999999994900 ) ;
#8484 = DIRECTION ( 'NONE',  ( 0.0000000000000000000, 0.0000000000000000000, 1.000000000000000000 ) ) ;
#8485 = LINE ( 'NONE', #6191, #333 ) ;
#8486 =( LENGTH_UNIT ( ) NAMED_UNIT ( * ) SI_UNIT ( .MILLI., .METRE. ) );
#8487 = LINE ( 'NONE', #1265, #7451 ) ;
#8488 = ADVANCED_FACE ( 'NONE', ( #2300 ), #2451, .T. ) ;
#8489 = TOROIDAL_SURFACE ( 'NONE', #1631, 3.249999999999997800, 0.5000000000000000000 ) ;
#8490 = TOROIDAL_SURFACE ( 'NONE', #3687, 4.000000000000000000, 0.5000000000000000000 ) ;
#8491 =( GEOMETRIC_REPRESENTATION_CONTEXT ( 3 ) GLOBAL_UNCERTAINTY_ASSIGNED_CONTEXT ( ( #8101 ) ) GLOBAL_UNIT_ASSIGNED_CONTEXT ( ( #3222, #4135, #3327 ) ) REPRESENTATION_CONTEXT ( 'NONE', 'WORKASPACE' ) );
#8492 = DIRECTION ( 'NONE',  ( -1.239088197126289900E-014, -0.0000000000000000000, 1.000000000000000000 ) ) ;
#8493 = CARTESIAN_POINT ( 'NONE',  ( -21.14999999999999500, 13.32957238623956400, -80.84951795962939500 ) ) ;
#8494 = LINE ( 'NONE', #9623, #4432 ) ;
#8495 = CIRCLE ( 'NONE', #8448, 0.5000000000000004400 ) ;
#8496 = ORIENTED_EDGE ( 'NONE', *, *, #2000, .T. ) ;
#8497 = DIRECTION ( 'NONE',  ( -0.0000000000000000000, -0.0000000000000000000, 1.000000000000000000 ) ) ;
#8498 =( NAMED_UNIT ( * ) PLANE_ANGLE_UNIT ( ) SI_UNIT ( $, .RADIAN. ) );
#8499 = EDGE_CURVE ( 'NONE', #2789, #2316, #1892, .T. ) ;
#8500 = VERTEX_POINT ( 'NONE', #10092 ) ;
#8501 = ADVANCED_FACE ( 'NONE', ( #8859 ), #8996, .T. ) ;
#8502 = DIRECTION ( 'NONE',  ( -0.0000000000000000000, -0.0000000000000000000, 1.000000000000000000 ) ) ;
#8503 = ORIENTED_EDGE ( 'NONE', *, *, #1159, .T. ) ;
#8504 = SURFACE_STYLE_FILL_AREA ( #8002 ) ;
#8505 = VECTOR ( 'NONE', #7385, 1000.000000000000000 ) ;
#8506 = EDGE_CURVE ( 'NONE', #8376, #9212, #6508, .T. ) ;
#8507 = ORIENTED_EDGE ( 'NONE', *, *, #1898, .F. ) ;
#8508 = VERTEX_POINT ( 'NONE', #10058 ) ;
#8509 = VECTOR ( 'NONE', #2498, 1000.000000000000000 ) ;
#8510 = EDGE_CURVE ( 'NONE', #97, #2749, #2685, .T. ) ;
#8511 = CARTESIAN_POINT ( 'NONE',  ( -15.49999999999999600, 15.50000000000087400, -26.99999999999999600 ) ) ;
#8512 = VERTEX_POINT ( 'NONE', #10158 ) ;
#8513 = ORIENTED_EDGE ( 'NONE', *, *, #1084, .T. ) ;
#8514 = EDGE_LOOP ( 'NONE', ( #4918, #9562, #914, #3026 ) ) ;
#8515 = CARTESIAN_POINT ( 'NONE',  ( -15.50000000000087200, -15.49999999999912400, -26.99999999999999600 ) ) ;
#8516 = CARTESIAN_POINT ( 'NONE',  ( 0.0000000000000000000, 0.0000000000000000000, -28.99999999999999600 ) ) ;
#8517 = LINE ( 'NONE', #3301, #6304 ) ;
#8518 = EDGE_LOOP ( 'NONE', ( #6147, #2966, #6997 ) ) ;
#8519 = CARTESIAN_POINT ( 'NONE',  ( -17.90000000000087300, -15.49999999999912400, -26.99999999999999600 ) ) ;
#8520 = ORIENTED_EDGE ( 'NONE', *, *, #98, .F. ) ;
#8521 = DIRECTION ( 'NONE',  ( -1.000000000000000000, -8.202002250481357500E-017, -0.0000000000000000000 ) ) ;
#8522 = UNCERTAINTY_MEASURE_WITH_UNIT (LENGTH_MEASURE( 1.000000000000000100E-005 ), #596, 'distance_accuracy_value', 'NONE');
#8523 = STYLED_ITEM ( 'NONE', ( #10656 ), #6330 ) ;
#8524 = CARTESIAN_POINT ( 'NONE',  ( 0.0000000000000000000, 0.0000000000000000000, 12.00000000000000000 ) ) ;
#8525 = VECTOR ( 'NONE', #3779, 1000.000000000000000 ) ;
#8526 = VERTEX_POINT ( 'NONE', #2782 ) ;
#8527 = ORIENTED_EDGE ( 'NONE', *, *, #10305, .T. ) ;
#8528 = AXIS2_PLACEMENT_3D ( 'NONE', #6509, #4831, #10648 ) ;
#8529 = DIRECTION ( 'NONE',  ( 1.000000000000000000, -0.0000000000000000000, -0.0000000000000000000 ) ) ;
#8530 = ORIENTED_EDGE ( 'NONE', *, *, #2487, .T. ) ;
#8531 = DIRECTION ( 'NONE',  ( 1.000000000000000000, 0.0000000000000000000, -0.0000000000000000000 ) ) ;
#8532 = VERTEX_POINT ( 'NONE', #1850 ) ;
#8533 = DIRECTION ( 'NONE',  ( -1.000000000000000000, 6.938893903907221300E-015, 0.0000000000000000000 ) ) ;
#8534 = FILL_AREA_STYLE_COLOUR ( '', #7309 ) ;
#8535 = LINE ( 'NONE', #8364, #531 ) ;
#8536 = EDGE_LOOP ( 'NONE', ( #6480, #10642, #10, #4850 ) ) ;
#8537 = CARTESIAN_POINT ( 'NONE',  ( 0.0000000000000000000, 0.0000000000000000000, -26.99999999999999600 ) ) ;
#8538 = STYLED_ITEM ( 'NONE', ( #8620 ), #4166 ) ;
#8539 = CARTESIAN_POINT ( 'NONE',  ( -15.96497596851091000, 15.01375035175259500, -28.49999999999999600 ) ) ;
#8540 = EDGE_CURVE ( 'NONE', #1513, #2499, #4282, .T. ) ;
#8541 = EDGE_LOOP ( 'NONE', ( #9576, #10774, #1423, #6669 ) ) ;
#8542 =( GEOMETRIC_REPRESENTATION_CONTEXT ( 3 ) GLOBAL_UNCERTAINTY_ASSIGNED_CONTEXT ( ( #10156 ) ) GLOBAL_UNIT_ASSIGNED_CONTEXT ( ( #8048, #3038, #8898 ) ) REPRESENTATION_CONTEXT ( 'NONE', 'WORKASPACE' ) );
#8543 = ADVANCED_FACE ( 'NONE', ( #8721 ), #8053, .T. ) ;
#8544 = CARTESIAN_POINT ( 'NONE',  ( -1.371348881391340800, -39.15000000000000600, -23.68316467552383000 ) ) ;
#8545 = EDGE_CURVE ( 'NONE', #9558, #7998, #10792, .T. ) ;
#8546 =( GEOMETRIC_REPRESENTATION_CONTEXT ( 3 ) GLOBAL_UNCERTAINTY_ASSIGNED_CONTEXT ( ( #5006 ) ) GLOBAL_UNIT_ASSIGNED_CONTEXT ( ( #9694, #9739, #10559 ) ) REPRESENTATION_CONTEXT ( 'NONE', 'WORKASPACE' ) );
#8547 = COLOUR_RGB ( '',1.000000000000000000, 0.5686274509803921400, 0.02745098039215686200 ) ;
#8548 = VERTEX_POINT ( 'NONE', #1040 ) ;
#8549 = EDGE_CURVE ( 'NONE', #6435, #8419, #1226, .T. ) ;
#8550 = FILL_AREA_STYLE ('',( #5886 ) ) ;
#8551 = CARTESIAN_POINT ( 'NONE',  ( -21.16000000000001100, -13.31369220013740300, 63.84951795962940900 ) ) ;
#8552 = AXIS2_PLACEMENT_3D ( 'NONE', #8125, #2299, #9607 ) ;
#8553 = ADVANCED_FACE ( 'NONE', ( #9619 ), #6640, .F. ) ;
#8554 = ORIENTED_EDGE ( 'NONE', *, *, #9722, .T. ) ;
#8555 = CIRCLE ( 'NONE', #7857, 2.749999999999999100 ) ;
#8556 = ORIENTED_EDGE ( 'NONE', *, *, #2369, .F. ) ;
#8557 = CARTESIAN_POINT ( 'NONE',  ( -15.49999999999999600, 15.50000000000000000, 5.500000000000000000 ) ) ;
#8558 = VERTEX_POINT ( 'NONE', #8539 ) ;
#8559 = ORIENTED_EDGE ( 'NONE', *, *, #8761, .T. ) ;
#8560 = DIRECTION ( 'NONE',  ( -0.0000000000000000000, -0.0000000000000000000, -1.000000000000000000 ) ) ;
#8561 = EDGE_CURVE ( 'NONE', #652, #5023, #4143, .T. ) ;
#8562 = LINE ( 'NONE', #7788, #7525 ) ;
#8563 =( NAMED_UNIT ( * ) SI_UNIT ( $, .STERADIAN. ) SOLID_ANGLE_UNIT ( ) );
#8564 = ORIENTED_EDGE ( 'NONE', *, *, #10002, .F. ) ;
#8565 = CARTESIAN_POINT ( 'NONE',  ( -15.03502403149003500, 15.98624964825022200, -26.99999999999999600 ) ) ;
#8566 = FACE_OUTER_BOUND ( 'NONE', #3820, .T. ) ;
#8568 = ORIENTED_EDGE ( 'NONE', *, *, #8969, .T. ) ;
#8567 = CARTESIAN_POINT ( 'NONE',  ( 0.0000000000000000000, 0.0000000000000000000, 34.00000000000000000 ) ) ;
#8569 = LINE ( 'NONE', #1398, #3855 ) ;
#8570 = ADVANCED_FACE ( 'NONE', ( #7014 ), #6093, .T. ) ;
#8571 = SURFACE_SIDE_STYLE ('',( #9266 ) ) ;
#8572 = DIRECTION ( 'NONE',  ( -1.000000000000000000, 0.0000000000000000000, 0.0000000000000000000 ) ) ;
#8573 = DIRECTION ( 'NONE',  ( 0.0000000000000000000, 0.0000000000000000000, -1.000000000000000000 ) ) ;
#8574 = CARTESIAN_POINT ( 'NONE',  ( -20.64999999999999500, -16.94289321881345600, -28.99999999999999600 ) ) ;
#8575 = ORIENTED_EDGE ( 'NONE', *, *, #1521, .F. ) ;
#8576 = CYLINDRICAL_SURFACE ( 'NONE', #8353, 1.249999999999997600 ) ;
#8577 = VECTOR ( 'NONE', #3833, 1000.000000000000000 ) ;
#8578 = FILL_AREA_STYLE ('',( #7011 ) ) ;
#8579 = DIRECTION ( 'NONE',  ( 1.000000000000000000, 0.0000000000000000000, 0.0000000000000000000 ) ) ;
#8580 = DIRECTION ( 'NONE',  ( 1.000000000000000000, 0.0000000000000000000, -0.0000000000000000000 ) ) ;
#8581 = VERTEX_POINT ( 'NONE', #1262 ) ;
#8582 = EDGE_CURVE ( 'NONE', #4235, #7994, #5728, .T. ) ;
#8583 = MECHANICAL_DESIGN_GEOMETRIC_PRESENTATION_REPRESENTATION (  '', ( #4259 ), #6501 ) ;
#8584 = CIRCLE ( 'NONE', #10342, 0.5000000000000004400 ) ;
#8585 =( GEOMETRIC_REPRESENTATION_CONTEXT ( 3 ) GLOBAL_UNCERTAINTY_ASSIGNED_CONTEXT ( ( #5988 ) ) GLOBAL_UNIT_ASSIGNED_CONTEXT ( ( #684, #2396, #5739 ) ) REPRESENTATION_CONTEXT ( 'NONE', 'WORKASPACE' ) );
#8586 = PLANE ( 'NONE',  #886 ) ;
#8587 = DIRECTION ( 'NONE',  ( 1.000000000000000000, 0.0000000000000000000, 0.0000000000000000000 ) ) ;
#8588 = CYLINDRICAL_SURFACE ( 'NONE', #1338, 0.5000000000000006700 ) ;
#8589 = VECTOR ( 'NONE', #2037, 1000.000000000000000 ) ;
#8590 = DIRECTION ( 'NONE',  ( -1.000000000000000000, 0.0000000000000000000, 0.0000000000000000000 ) ) ;
#8591 = DIRECTION ( 'NONE',  ( -1.000000000000000000, 0.0000000000000000000, 0.0000000000000000000 ) ) ;
#8592 = UNCERTAINTY_MEASURE_WITH_UNIT (LENGTH_MEASURE( 1.000000000000000100E-005 ), #62, 'distance_accuracy_value', 'NONE');
#8593 = CYLINDRICAL_SURFACE ( 'NONE', #7269, 0.5000000000000004400 ) ;
#8594 = DIRECTION ( 'NONE',  ( 1.000000000000000000, 0.0000000000000000000, 0.0000000000000000000 ) ) ;
#8595 = DIRECTION ( 'NONE',  ( -0.0000000000000000000, -0.0000000000000000000, -1.000000000000000000 ) ) ;
#8596 = CARTESIAN_POINT ( 'NONE',  ( 16.94289321881343100, -20.65000000000000200, -28.49999999999999600 ) ) ;
#8597 = ORIENTED_EDGE ( 'NONE', *, *, #1092, .T. ) ;
#8598 = CIRCLE ( 'NONE', #7567, 1.249999999999999300 ) ;
#8599 = CARTESIAN_POINT ( 'NONE',  ( -15.50000000000087200, -15.49999999999912400, -28.49999999999999600 ) ) ;
#8600 = ADVANCED_FACE ( 'NONE', ( #5324 ), #3740, .F. ) ;
#8601 = CARTESIAN_POINT ( 'NONE',  ( 20.64999999999999900, 16.94289321881343500, -28.49999999999999600 ) ) ;
#8602 = DIRECTION ( 'NONE',  ( -0.0000000000000000000, -1.000000000000000000, -0.0000000000000000000 ) ) ;
#8603 =( GEOMETRIC_REPRESENTATION_CONTEXT ( 3 ) GLOBAL_UNCERTAINTY_ASSIGNED_CONTEXT ( ( #2894 ) ) GLOBAL_UNIT_ASSIGNED_CONTEXT ( ( #7759, #4400, #7796 ) ) REPRESENTATION_CONTEXT ( 'NONE', 'WORKASPACE' ) );
#8604 = FACE_OUTER_BOUND ( 'NONE', #9344, .T. ) ;
#8605 = DIRECTION ( 'NONE',  ( -1.000000000000000000, 0.0000000000000000000, 0.0000000000000000000 ) ) ;
#8606 = EDGE_CURVE ( 'NONE', #6437, #143, #6886, .T. ) ;
#8607 = EDGE_LOOP ( 'NONE', ( #6117, #2553 ) ) ;
#8608 = VECTOR ( 'NONE', #2444, 1000.000000000000000 ) ;
#8609 = ORIENTED_EDGE ( 'NONE', *, *, #7029, .F. ) ;
#8610 = FILL_AREA_STYLE_COLOUR ( '', #5252 ) ;
#8611 = EDGE_CURVE ( 'NONE', #4770, #3294, #10256, .T. ) ;
#8612 = CARTESIAN_POINT ( 'NONE',  ( -21.14999999999999500, -13.32957238623956400, 2.000000000000001800 ) ) ;
#8613 = AXIS2_PLACEMENT_3D ( 'NONE', #93, #3451, #7488 ) ;
#8614 = VECTOR ( 'NONE', #9926, 1000.000000000000000 ) ;
#8615 =( LENGTH_UNIT ( ) NAMED_UNIT ( * ) SI_UNIT ( .MILLI., .METRE. ) );
#8616 = FILL_AREA_STYLE ('',( #4385 ) ) ;
#8617 = LINE ( 'NONE', #4194, #1660 ) ;
#8618 = CYLINDRICAL_SURFACE ( 'NONE', #7956, 0.5000000000000004400 ) ;
#8619 = ADVANCED_FACE ( 'NONE', ( #9756 ), #6086, .T. ) ;
#8621 = AXIS2_PLACEMENT_3D ( 'NONE', #2552, #705, #4960 ) ;
#8620 = PRESENTATION_STYLE_ASSIGNMENT (( #832 ) ) ;
#8622 = ORIENTED_EDGE ( 'NONE', *, *, #5856, .F. ) ;
#8623 = CYLINDRICAL_SURFACE ( 'NONE', #5615, 1.249999999999999300 ) ;
#8624 = EDGE_CURVE ( 'NONE', #6603, #2112, #7925, .T. ) ;
#8625 = DIRECTION ( 'NONE',  ( -1.000000000000000000, 0.0000000000000000000, 0.0000000000000000000 ) ) ;
#8626 = CARTESIAN_POINT ( 'NONE',  ( 20.65000000000000200, -16.94289321881341000, -28.49999999999999600 ) ) ;
#8627 = LINE ( 'NONE', #10430, #4191 ) ;
#8628 = DIRECTION ( 'NONE',  ( 0.0000000000000000000, 1.000000000000000000, 0.0000000000000000000 ) ) ;
#8629 = PRESENTATION_LAYER_ASSIGNMENT (  '', '', ( #8432 ) ) ;
#8630 = ORIENTED_EDGE ( 'NONE', *, *, #8234, .F. ) ;
#8631 = VECTOR ( 'NONE', #6721, 1000.000000000000000 ) ;
#8632 = CARTESIAN_POINT ( 'NONE',  ( 0.0000000000000000000, 0.0000000000000000000, 9.000000000000001800 ) ) ;
#8633 = CARTESIAN_POINT ( 'NONE',  ( 0.0000000000000000000, 0.0000000000000000000, -26.99999999999999600 ) ) ;
#8634 = DIRECTION ( 'NONE',  ( 1.000000000000000000, 0.0000000000000000000, 0.0000000000000000000 ) ) ;
#8635 = SURFACE_STYLE_FILL_AREA ( #9991 ) ;
#8636 = EDGE_LOOP ( 'NONE', ( #5144, #762 ) ) ;
#8637 = DIRECTION ( 'NONE',  ( 1.000000000000000000, 0.0000000000000000000, 0.0000000000000000000 ) ) ;
#8638 = VERTEX_POINT ( 'NONE', #4631 ) ;
#8639 = CARTESIAN_POINT ( 'NONE',  ( 16.94289321881341700, -21.15000000000000200, 10.00000000000000000 ) ) ;
#8640 = FACE_OUTER_BOUND ( 'NONE', #5179, .T. ) ;
#8641 = EDGE_LOOP ( 'NONE', ( #4609, #1328 ) ) ;
#8642 = DIRECTION ( 'NONE',  ( 0.0000000000000000000, 0.0000000000000000000, -1.000000000000000000 ) ) ;
#8643 = CARTESIAN_POINT ( 'NONE',  ( 20.65000000000000200, -16.94289321881343800, 10.00000000000000000 ) ) ;
#8644 = VERTEX_POINT ( 'NONE', #9503 ) ;
#8645 = EDGE_CURVE ( 'NONE', #5558, #247, #9479, .T. ) ;
#8646 = SURFACE_SIDE_STYLE ('',( #4024 ) ) ;
#8647 = EDGE_CURVE ( 'NONE', #9843, #4961, #9877, .T. ) ;
#8648 = ORIENTED_EDGE ( 'NONE', *, *, #3283, .F. ) ;
#8649 = ORIENTED_EDGE ( 'NONE', *, *, #8510, .F. ) ;
#8650 = VERTEX_POINT ( 'NONE', #4664 ) ;
#8651 = DIRECTION ( 'NONE',  ( 1.000000000000000000, -3.815920199215883900E-013, -0.0000000000000000000 ) ) ;
#8652 = ORIENTED_EDGE ( 'NONE', *, *, #5822, .F. ) ;
#8653 = ORIENTED_EDGE ( 'NONE', *, *, #8089, .T. ) ;
#8654 = ORIENTED_EDGE ( 'NONE', *, *, #3374, .T. ) ;
#8655 = CYLINDRICAL_SURFACE ( 'NONE', #10119, 0.5000000000000004400 ) ;
#8656 = ADVANCED_FACE ( 'NONE', ( #3593 ), #1147, .F. ) ;
#8657 = ORIENTED_EDGE ( 'NONE', *, *, #8645, .F. ) ;
#8658 =( NAMED_UNIT ( * ) PLANE_ANGLE_UNIT ( ) SI_UNIT ( $, .RADIAN. ) );
#8659 = EDGE_LOOP ( 'NONE', ( #4788, #9421, #1435, #8664 ) ) ;
#8660 =( NAMED_UNIT ( * ) SI_UNIT ( $, .STERADIAN. ) SOLID_ANGLE_UNIT ( ) );
#8661 = AXIS2_PLACEMENT_3D ( 'NONE', #3761, #8784, #7107 ) ;
#8662 = DIRECTION ( 'NONE',  ( 0.0000000000000000000, 0.0000000000000000000, -1.000000000000000000 ) ) ;
#8663 =( GEOMETRIC_REPRESENTATION_CONTEXT ( 3 ) GLOBAL_UNCERTAINTY_ASSIGNED_CONTEXT ( ( #7594 ) ) GLOBAL_UNIT_ASSIGNED_CONTEXT ( ( #1355, #365, #3799 ) ) REPRESENTATION_CONTEXT ( 'NONE', 'WORKASPACE' ) );
#8664 = ORIENTED_EDGE ( 'NONE', *, *, #3951, .F. ) ;
#8665 =( NAMED_UNIT ( * ) PLANE_ANGLE_UNIT ( ) SI_UNIT ( $, .RADIAN. ) );
#8666 = SURFACE_STYLE_USAGE ( .BOTH. , #5320 ) ;
#8667 = MECHANICAL_DESIGN_GEOMETRIC_PRESENTATION_REPRESENTATION (  '', ( #5126 ), #9244 ) ;
#8668 = ORIENTED_EDGE ( 'NONE', *, *, #4368, .F. ) ;
#8669 = ADVANCED_FACE ( 'NONE', ( #2010 ), #9579, .F. ) ;
#8670 = DIRECTION ( 'NONE',  ( -0.0000000000000000000, -0.0000000000000000000, -1.000000000000000000 ) ) ;
#8671 = DIRECTION ( 'NONE',  ( 0.0000000000000000000, -1.000000000000000000, 0.0000000000000000000 ) ) ;
#8672 = EDGE_LOOP ( 'NONE', ( #6209, #1704, #5287, #7220 ) ) ;
#8673 = MECHANICAL_DESIGN_GEOMETRIC_PRESENTATION_REPRESENTATION (  '', ( #5132 ), #1721 ) ;
#8674 = EDGE_CURVE ( 'NONE', #3954, #9100, #4001, .T. ) ;
#8675 = ORIENTED_EDGE ( 'NONE', *, *, #1118, .T. ) ;
#8676 = VERTEX_POINT ( 'NONE', #2265 ) ;
#8677 = STYLED_ITEM ( 'NONE', ( #9775 ), #8219 ) ;
#8678 = VERTEX_POINT ( 'NONE', #7218 ) ;
#8679 = ORIENTED_EDGE ( 'NONE', *, *, #5724, .T. ) ;
#8680 = FILL_AREA_STYLE ('',( #9532 ) ) ;
#8681 =( LENGTH_UNIT ( ) NAMED_UNIT ( * ) SI_UNIT ( .MILLI., .METRE. ) );
#8682 = MECHANICAL_DESIGN_GEOMETRIC_PRESENTATION_REPRESENTATION (  '', ( #4994 ), #230 ) ;
#8683 = CIRCLE ( 'NONE', #3442, 0.5000000000000004400 ) ;
#8684 = EDGE_CURVE ( 'NONE', #3450, #2106, #1619, .T. ) ;
#8685 = FILL_AREA_STYLE ('',( #10381 ) ) ;
#8686 = ORIENTED_EDGE ( 'NONE', *, *, #9178, .T. ) ;
#8687 = ORIENTED_EDGE ( 'NONE', *, *, #1670, .F. ) ;
#8688 = CARTESIAN_POINT ( 'NONE',  ( -12.75000000000000000, 15.50000000000087400, -28.49999999999999600 ) ) ;
#8689 = PLANE ( 'NONE',  #1532 ) ;
#8690 = VERTEX_POINT ( 'NONE', #9542 ) ;
#8691 = MECHANICAL_DESIGN_GEOMETRIC_PRESENTATION_REPRESENTATION (  '', ( #1168 ), #2315 ) ;
#8692 =( GEOMETRIC_REPRESENTATION_CONTEXT ( 3 ) GLOBAL_UNCERTAINTY_ASSIGNED_CONTEXT ( ( #436 ) ) GLOBAL_UNIT_ASSIGNED_CONTEXT ( ( #1323, #6255, #3765 ) ) REPRESENTATION_CONTEXT ( 'NONE', 'WORKASPACE' ) );
#8693 = FILL_AREA_STYLE ('',( #323 ) ) ;
#8694 = PRESENTATION_STYLE_ASSIGNMENT (( #7546 ) ) ;
#8695 = ORIENTED_EDGE ( 'NONE', *, *, #619, .T. ) ;
#8696 = DIRECTION ( 'NONE',  ( 0.7071067811865460200, 0.7071067811865490200, -0.0000000000000000000 ) ) ;
#8697 = LINE ( 'NONE', #9569, #8442 ) ;
#8698 = EDGE_LOOP ( 'NONE', ( #8824, #3540, #8140 ) ) ;
#8699 = CARTESIAN_POINT ( 'NONE',  ( 15.50000000000000000, 15.50000000000000000, -26.99999999999999600 ) ) ;
#8700 = EDGE_CURVE ( 'NONE', #10458, #4274, #10246, .T. ) ;
#8701 = SURFACE_STYLE_FILL_AREA ( #8550 ) ;
#8702 = CIRCLE ( 'NONE', #3554, 1.250000000000001100 ) ;
#8703 = CARTESIAN_POINT ( 'NONE',  ( -15.50000000000087200, -15.49999999999912400, -28.99999999999999600 ) ) ;
#8704 =( NAMED_UNIT ( * ) PLANE_ANGLE_UNIT ( ) SI_UNIT ( $, .RADIAN. ) );
#8705 = COLOUR_RGB ( '',0.2509803921568627400, 0.2509803921568627400, 0.2509803921568627400 ) ;
#8706 = DIRECTION ( 'NONE',  ( 0.0000000000000000000, 0.0000000000000000000, 1.000000000000000000 ) ) ;
#8707 = ORIENTED_EDGE ( 'NONE', *, *, #8344, .F. ) ;
#8708 = CARTESIAN_POINT ( 'NONE',  ( 16.80716972541264600, -15.98624964824928800, -26.99999999999999600 ) ) ;
#8709 = DIRECTION ( 'NONE',  ( -0.7423134210255906100, 0.0000000000000000000, 0.6700528225187056800 ) ) ;
#8710 = DIRECTION ( 'NONE',  ( -0.0000000000000000000, -1.000000000000000000, -0.0000000000000000000 ) ) ;
#8711 = SURFACE_STYLE_FILL_AREA ( #1625 ) ;
#8712 = CARTESIAN_POINT ( 'NONE',  ( 12.75000000000000200, 15.50000000000000000, -26.99999999999999600 ) ) ;
#8713 = ADVANCED_FACE ( 'NONE', ( #958 ), #7784, .T. ) ;
#8714 = DIRECTION ( 'NONE',  ( -0.0000000000000000000, 1.000000000000000000, -0.0000000000000000000 ) ) ;
#8715 = VECTOR ( 'NONE', #2031, 1000.000000000000000 ) ;
#8716 = EDGE_CURVE ( 'NONE', #4245, #6222, #7146, .T. ) ;
#8717 = SURFACE_SIDE_STYLE ('',( #2951 ) ) ;
#8718 = CARTESIAN_POINT ( 'NONE',  ( 21.14999999999999900, 16.94289321881343500, -19.00000000000000000 ) ) ;
#8719 = EDGE_CURVE ( 'NONE', #6456, #7590, #5458, .T. ) ;
#8720 = FACE_OUTER_BOUND ( 'NONE', #4113, .T. ) ;
#8721 = FACE_OUTER_BOUND ( 'NONE', #6614, .T. ) ;
#8722 = CARTESIAN_POINT ( 'NONE',  ( 0.0000000000000000000, 0.0000000000000000000, 4.000000000000003600 ) ) ;
#8723 = VECTOR ( 'NONE', #10547, 1000.000000000000000 ) ;
#8724 = CARTESIAN_POINT ( 'NONE',  ( -17.29644660940670400, 21.00355339059327200, -28.49999999999999600 ) ) ;
#8725 = CARTESIAN_POINT ( 'NONE',  ( 18.79644660940666200, 18.79644660940675700, -28.49999999999999600 ) ) ;
#8726 = CARTESIAN_POINT ( 'NONE',  ( -20.64999999999999500, 0.0000000000000000000, -28.99999999999999600 ) ) ;
#8727 = FACE_OUTER_BOUND ( 'NONE', #2001, .T. ) ;
#8728 = VECTOR ( 'NONE', #9869, 1000.000000000000000 ) ;
#8729 =( LENGTH_UNIT ( ) NAMED_UNIT ( * ) SI_UNIT ( .MILLI., .METRE. ) );
#8730 = PRESENTATION_STYLE_ASSIGNMENT (( #6605 ) ) ;
#8731 = DIRECTION ( 'NONE',  ( 8.202002250481357500E-017, -1.000000000000000000, -0.0000000000000000000 ) ) ;
#8732 = FACE_OUTER_BOUND ( 'NONE', #2615, .T. ) ;
#8733 = ADVANCED_FACE ( 'NONE', ( #1872 ), #7658, .T. ) ;
#8734 = PRESENTATION_LAYER_ASSIGNMENT (  '', '', ( #9698 ) ) ;
#8735 = UNCERTAINTY_MEASURE_WITH_UNIT (LENGTH_MEASURE( 1.000000000000000100E-005 ), #7867, 'distance_accuracy_value', 'NONE');
#8736 = AXIS2_PLACEMENT_3D ( 'NONE', #1467, #3973, #4904 ) ;
#8737 = CARTESIAN_POINT ( 'NONE',  ( 21.15000000000000200, -21.15000000000000200, -20.99999999999999600 ) ) ;
#8738 =( NAMED_UNIT ( * ) PLANE_ANGLE_UNIT ( ) SI_UNIT ( $, .RADIAN. ) );
#8739 = LINE ( 'NONE', #4366, #5611 ) ;
#8740 = DIRECTION ( 'NONE',  ( 1.000000000000000000, 0.0000000000000000000, 0.0000000000000000000 ) ) ;
#8741 = VERTEX_POINT ( 'NONE', #3952 ) ;
#8742 = FILL_AREA_STYLE_COLOUR ( '', #3864 ) ;
#8743 = VECTOR ( 'NONE', #10785, 1000.000000000000000 ) ;
#8744 = SURFACE_STYLE_FILL_AREA ( #1361 ) ;
#8745 = DIRECTION ( 'NONE',  ( 0.0000000000000000000, -1.000000000000000000, 0.0000000000000000000 ) ) ;
#8746 = EDGE_CURVE ( 'NONE', #1863, #2655, #4130, .T. ) ;
#8747 = DIRECTION ( 'NONE',  ( -0.0000000000000000000, -0.0000000000000000000, -1.000000000000000000 ) ) ;
#8748 = LINE ( 'NONE', #5810, #10287 ) ;
#8749 = ORIENTED_EDGE ( 'NONE', *, *, #8624, .T. ) ;
#8750 = AXIS2_PLACEMENT_3D ( 'NONE', #7473, #1627, #3229 ) ;
#8751 = CIRCLE ( 'NONE', #5331, 11.00000000000000000 ) ;
#8752 = MECHANICAL_DESIGN_GEOMETRIC_PRESENTATION_REPRESENTATION (  '', ( #3688 ), #7826 ) ;
#8753 = COLOUR_RGB ( '',0.2509803921568627400, 0.2509803921568627400, 0.2509803921568627400 ) ;
#8754 = CARTESIAN_POINT ( 'NONE',  ( 0.0000000000000000000, 21.14999999999999900, 9.500000000000000000 ) ) ;
#8755 = TOROIDAL_SURFACE ( 'NONE', #6934, 4.000000000000000000, 0.5000000000000000000 ) ;
#8756 = CARTESIAN_POINT ( 'NONE',  ( -16.80716972541454600, 15.01375035175258400, -26.99999999999999600 ) ) ;
#8757 = VECTOR ( 'NONE', #4029, 1000.000000000000000 ) ;
#8758 =( LENGTH_UNIT ( ) NAMED_UNIT ( * ) SI_UNIT ( .MILLI., .METRE. ) );
#8759 = EDGE_CURVE ( 'NONE', #1340, #902, #10507, .T. ) ;
#8760 = DIRECTION ( 'NONE',  ( 0.0000000000000000000, 0.0000000000000000000, 1.000000000000000000 ) ) ;
#8761 = EDGE_CURVE ( 'NONE', #4274, #6045, #698, .T. ) ;
#8762 = DIRECTION ( 'NONE',  ( 1.000000000000000000, 0.0000000000000000000, 0.0000000000000000000 ) ) ;
#8763 = CARTESIAN_POINT ( 'NONE',  ( 16.74999999999999600, 15.50000000000000000, 5.500000000000000000 ) ) ;
#8764 = COLOUR_RGB ( '',0.0000000000000000000, 0.0000000000000000000, 0.0000000000000000000 ) ;
#8765 = FACE_OUTER_BOUND ( 'NONE', #7374, .T. ) ;
#8766 = VERTEX_POINT ( 'NONE', #1449 ) ;
#8767 = CARTESIAN_POINT ( 'NONE',  ( -2.500558451929132200, -19.15000000000000600, -22.49338270868220500 ) ) ;
#8768 = MECHANICAL_DESIGN_GEOMETRIC_PRESENTATION_REPRESENTATION (  '', ( #827 ), #3157 ) ;
#8769 = COLOUR_RGB ( '',0.2509803921568627400, 0.2509803921568627400, 0.2509803921568627400 ) ;
#8770 = VERTEX_POINT ( 'NONE', #10553 ) ;
#8771 = LINE ( 'NONE', #7038, #1138 ) ;
#8772 = CARTESIAN_POINT ( 'NONE',  ( 15.98624964824874800, 15.03502403148986100, -26.99999999999999600 ) ) ;
#8773 = MECHANICAL_DESIGN_GEOMETRIC_PRESENTATION_REPRESENTATION (  '', ( #313 ), #1235 ) ;
#8774 = VERTEX_POINT ( 'NONE', #7330 ) ;
#8775 = CARTESIAN_POINT ( 'NONE',  ( -21.16000000000000700, -13.31369220013741200, 63.84951795962940900 ) ) ;
#8776 = DIRECTION ( 'NONE',  ( 0.0000000000000000000, 0.0000000000000000000, -1.000000000000000000 ) ) ;
#8777 = CIRCLE ( 'NONE', #6752, 3.500000000000000000 ) ;
#8778 = EDGE_CURVE ( 'NONE', #10374, #9733, #7913, .T. ) ;
#8779 = VERTEX_POINT ( 'NONE', #9806 ) ;
#8780 = EDGE_CURVE ( 'NONE', #3954, #9831, #9111, .T. ) ;
#8781 = CARTESIAN_POINT ( 'NONE',  ( -2.499999999999999600, 0.0000000000000000000, 9.000000000000001800 ) ) ;
#8782 = EDGE_LOOP ( 'NONE', ( #8926, #4828, #5819, #7794, #7100, #1647, #9428, #943, #5032, #3842, #8809, #2979 ) ) ;
#8783 = SURFACE_SIDE_STYLE ('',( #4269 ) ) ;
#8784 = DIRECTION ( 'NONE',  ( 0.0000000000000000000, 0.0000000000000000000, 1.000000000000000000 ) ) ;
#8785 = CARTESIAN_POINT ( 'NONE',  ( 16.80716972541264600, -15.98624964824928800, -28.49999999999999600 ) ) ;
#8786 = ORIENTED_EDGE ( 'NONE', *, *, #6637, .F. ) ;
#8787 = ORIENTED_EDGE ( 'NONE', *, *, #8305, .F. ) ;
#8788 = VERTEX_POINT ( 'NONE', #789 ) ;
#8789 = VERTEX_POINT ( 'NONE', #3232 ) ;
#8790 = ORIENTED_EDGE ( 'NONE', *, *, #1178, .T. ) ;
#8791 = ADVANCED_FACE ( 'NONE', ( #161, #6496 ), #637, .T. ) ;
#8792 = CARTESIAN_POINT ( 'NONE',  ( 1.339045298307557800, -39.15000000000000600, -23.12683120912890200 ) ) ;
#8793 = DIRECTION ( 'NONE',  ( -0.0000000000000000000, -0.0000000000000000000, -1.000000000000000000 ) ) ;
#8794 = EDGE_LOOP ( 'NONE', ( #10224, #10821, #3914, #1952 ) ) ;
#8795 = DIRECTION ( 'NONE',  ( -1.000000000000000000, 0.0000000000000000000, 0.0000000000000000000 ) ) ;
#8796 = VERTEX_POINT ( 'NONE', #10019 ) ;
#8797 = CARTESIAN_POINT ( 'NONE',  ( 0.0000000000000000000, 0.0000000000000000000, 10.00000000000000000 ) ) ;
#8798 = CARTESIAN_POINT ( 'NONE',  ( -2.500558451929132200, -21.25000000000000700, -22.49338270868220800 ) ) ;
#8799 = ORIENTED_EDGE ( 'NONE', *, *, #7982, .T. ) ;
#8800 = ORIENTED_EDGE ( 'NONE', *, *, #10370, .F. ) ;
#8801 = FILL_AREA_STYLE_COLOUR ( '', #611 ) ;
#8802 = DIRECTION ( 'NONE',  ( 1.000000000000000000, 0.0000000000000000000, 0.0000000000000000000 ) ) ;
#8803 = EDGE_CURVE ( 'NONE', #3323, #6887, #10127, .T. ) ;
#8804 = PRESENTATION_LAYER_ASSIGNMENT (  '', '', ( #7059 ) ) ;
#8805 = VERTEX_POINT ( 'NONE', #8317 ) ;
#8806 = SURFACE_STYLE_USAGE ( .BOTH. , #8646 ) ;
#8807 = AXIS2_PLACEMENT_3D ( 'NONE', #4931, #9093, #7411 ) ;
#8808 = CARTESIAN_POINT ( 'NONE',  ( -21.14999999999999500, -21.15000000000000600, 4.000000000000000000 ) ) ;
#8809 = ORIENTED_EDGE ( 'NONE', *, *, #4025, .T. ) ;
#8810 = DIRECTION ( 'NONE',  ( 1.000000000000000000, 0.0000000000000000000, 0.0000000000000000000 ) ) ;
#8811 = VECTOR ( 'NONE', #4643, 1000.000000000000000 ) ;
#8813 = ORIENTED_EDGE ( 'NONE', *, *, #7083, .F. ) ;
#8812 =( NAMED_UNIT ( * ) PLANE_ANGLE_UNIT ( ) SI_UNIT ( $, .RADIAN. ) );
#8814 = CARTESIAN_POINT ( 'NONE',  ( 16.94289321881341700, -20.65000000000000200, 10.00000000000000000 ) ) ;
#8815 = SURFACE_SIDE_STYLE ('',( #4964 ) ) ;
#8816 = AXIS2_PLACEMENT_3D ( 'NONE', #2447, #10833, #4951 ) ;
#8817 = MECHANICAL_DESIGN_GEOMETRIC_PRESENTATION_REPRESENTATION (  '', ( #6921 ), #9921 ) ;
#8818 =( GEOMETRIC_REPRESENTATION_CONTEXT ( 3 ) GLOBAL_UNCERTAINTY_ASSIGNED_CONTEXT ( ( #1740 ) ) GLOBAL_UNIT_ASSIGNED_CONTEXT ( ( #8087, #10549, #6450 ) ) REPRESENTATION_CONTEXT ( 'NONE', 'WORKASPACE' ) );
#8819 = ORIENTED_EDGE ( 'NONE', *, *, #591, .T. ) ;
#8820 = MECHANICAL_DESIGN_GEOMETRIC_PRESENTATION_REPRESENTATION (  '', ( #6433 ), #6219 ) ;
#8822 = ORIENTED_EDGE ( 'NONE', *, *, #5952, .T. ) ;
#8821 =( NAMED_UNIT ( * ) PLANE_ANGLE_UNIT ( ) SI_UNIT ( $, .RADIAN. ) );
#8823 = EDGE_CURVE ( 'NONE', #5390, #8770, #3465, .T. ) ;
#8824 = ORIENTED_EDGE ( 'NONE', *, *, #1645, .F. ) ;
#8825 = EDGE_LOOP ( 'NONE', ( #6314, #6731 ) ) ;
#8826 = CARTESIAN_POINT ( 'NONE',  ( -13.32957238623955800, 21.14999999999999900, -80.84951795962939500 ) ) ;
#8827 = DIRECTION ( 'NONE',  ( -1.000000000000000000, 0.0000000000000000000, 0.0000000000000000000 ) ) ;
#8828 = ADVANCED_FACE ( 'NONE', ( #8842 ), #8576, .F. ) ;
#8829 =( GEOMETRIC_REPRESENTATION_CONTEXT ( 3 ) GLOBAL_UNCERTAINTY_ASSIGNED_CONTEXT ( ( #5129 ) ) GLOBAL_UNIT_ASSIGNED_CONTEXT ( ( #2431, #6719, #8563 ) ) REPRESENTATION_CONTEXT ( 'NONE', 'WORKASPACE' ) );
#8830 =( NAMED_UNIT ( * ) SI_UNIT ( $, .STERADIAN. ) SOLID_ANGLE_UNIT ( ) );
#8831 = EDGE_CURVE ( 'NONE', #3175, #5663, #8319, .T. ) ;
#8832 = DIRECTION ( 'NONE',  ( -1.000000000000000000, 0.0000000000000000000, 0.0000000000000000000 ) ) ;
#8833 = ORIENTED_EDGE ( 'NONE', *, *, #6239, .F. ) ;
#8834 = ORIENTED_EDGE ( 'NONE', *, *, #6048, .F. ) ;
#8835 = CARTESIAN_POINT ( 'NONE',  ( -20.64999999999999500, -16.94289321881346000, -28.49999999999999600 ) ) ;
#8836 = VECTOR ( 'NONE', #8740, 1000.000000000000000 ) ;
#8837 = PLANE ( 'NONE',  #3710 ) ;
#8838 = AXIS2_PLACEMENT_3D ( 'NONE', #6675, #1624, #8378 ) ;
#8839 = EDGE_CURVE ( 'NONE', #1432, #418, #6875, .T. ) ;
#8840 = FILL_AREA_STYLE_COLOUR ( '', #9891 ) ;
#8841 = ORIENTED_EDGE ( 'NONE', *, *, #8270, .F. ) ;
#8842 = FACE_OUTER_BOUND ( 'NONE', #1427, .T. ) ;
#8843 = DIRECTION ( 'NONE',  ( -1.000000000000000000, 0.0000000000000000000, 0.0000000000000000000 ) ) ;
#8844 = ADVANCED_FACE ( 'NONE', ( #438 ), #9087, .F. ) ;
#8845 = AXIS2_PLACEMENT_3D ( 'NONE', #6662, #6696, #3352 ) ;
#8846 = LINE ( 'NONE', #10353, #8577 ) ;
#8847 = PRESENTATION_STYLE_ASSIGNMENT (( #9688 ) ) ;
#8848 = AXIS2_PLACEMENT_3D ( 'NONE', #505, #7915, #4571 ) ;
#8849 = DIRECTION ( 'NONE',  ( 0.0000000000000000000, -0.0000000000000000000, -1.000000000000000000 ) ) ;
#8850 = CARTESIAN_POINT ( 'NONE',  ( 16.94289321881343800, 21.14999999999999900, 2.000000000000000000 ) ) ;
#8851 = FACE_OUTER_BOUND ( 'NONE', #3535, .T. ) ;
#8852 = DIRECTION ( 'NONE',  ( -0.0000000000000000000, 1.000000000000000000, -0.0000000000000000000 ) ) ;
#8853 = CARTESIAN_POINT ( 'NONE',  ( 14.19283027458454100, -15.01375035175166400, -26.99999999999999600 ) ) ;
#8854 = ORIENTED_EDGE ( 'NONE', *, *, #4557, .F. ) ;
#8855 = SURFACE_STYLE_FILL_AREA ( #3153 ) ;
#8856 = DIRECTION ( 'NONE',  ( 0.0000000000000000000, 0.0000000000000000000, 1.000000000000000000 ) ) ;
#8857 = CIRCLE ( 'NONE', #9787, 3.249999999999996000 ) ;
#8858 = LINE ( 'NONE', #1969, #1766 ) ;
#8859 = FACE_OUTER_BOUND ( 'NONE', #3432, .T. ) ;
#8860 = UNCERTAINTY_MEASURE_WITH_UNIT (LENGTH_MEASURE( 1.000000000000000100E-005 ), #191, 'distance_accuracy_value', 'NONE');
#8861 = CARTESIAN_POINT ( 'NONE',  ( 17.29644660940670400, -21.00355339059327500, -28.49999999999999600 ) ) ;
#8862 = FILL_AREA_STYLE ('',( #9609 ) ) ;
#8863 = DIRECTION ( 'NONE',  ( -1.000000000000000000, 0.0000000000000000000, -0.0000000000000000000 ) ) ;
#8864 = EDGE_CURVE ( 'NONE', #6196, #9319, #3457, .T. ) ;
#8865 = SURFACE_STYLE_USAGE ( .BOTH. , #2997 ) ;
#8866 = FACE_OUTER_BOUND ( 'NONE', #6338, .T. ) ;
#8867 =( NAMED_UNIT ( * ) PLANE_ANGLE_UNIT ( ) SI_UNIT ( $, .RADIAN. ) );
#8868 = EDGE_CURVE ( 'NONE', #10458, #5774, #3723, .T. ) ;
#8869 = ORIENTED_EDGE ( 'NONE', *, *, #660, .T. ) ;
#8870 = CARTESIAN_POINT ( 'NONE',  ( -21.14999999999999500, 16.94289321881344900, 2.000000000000000000 ) ) ;
#8871 = VECTOR ( 'NONE', #901, 1000.000000000000000 ) ;
#8872 = FILL_AREA_STYLE ('',( #8840 ) ) ;
#8873 = UNCERTAINTY_MEASURE_WITH_UNIT (LENGTH_MEASURE( 1.000000000000000100E-005 ), #345, 'distance_accuracy_value', 'NONE');
#8874 = DIRECTION ( 'NONE',  ( -0.0000000000000000000, -0.0000000000000000000, 1.000000000000000000 ) ) ;
#8875 = TOROIDAL_SURFACE ( 'NONE', #9113, 3.250000000000000000, 0.5000000000000000000 ) ;
#8876 = CIRCLE ( 'NONE', #5045, 0.5000000000000004400 ) ;
#8877 = ORIENTED_EDGE ( 'NONE', *, *, #3819, .T. ) ;
#8878 = MECHANICAL_DESIGN_GEOMETRIC_PRESENTATION_REPRESENTATION (  '', ( #4608 ), #7196 ) ;
#8879 = AXIS2_PLACEMENT_3D ( 'NONE', #5496, #8029, #7951 ) ;
#8880 = DIRECTION ( 'NONE',  ( 0.0000000000000000000, 0.0000000000000000000, 1.000000000000000000 ) ) ;
#8881 = CARTESIAN_POINT ( 'NONE',  ( 21.14999999999999900, 21.14999999999999900, 2.000000000000000000 ) ) ;
#8882 = SURFACE_SIDE_STYLE ('',( #8504 ) ) ;
#8883 = DIRECTION ( 'NONE',  ( -0.0000000000000000000, -0.0000000000000000000, -1.000000000000000000 ) ) ;
#8884 = SURFACE_STYLE_FILL_AREA ( #1237 ) ;
#8885 =( NAMED_UNIT ( * ) SI_UNIT ( $, .STERADIAN. ) SOLID_ANGLE_UNIT ( ) );
#8886 = LINE ( 'NONE', #9240, #8092 ) ;
#8887 = VECTOR ( 'NONE', #9759, 1000.000000000000000 ) ;
#8888 = CIRCLE ( 'NONE', #8023, 0.5000000000000004400 ) ;
#8889 = ORIENTED_EDGE ( 'NONE', *, *, #6414, .F. ) ;
#8890 = VECTOR ( 'NONE', #6491, 1000.000000000000000 ) ;
#8891 = AXIS2_PLACEMENT_3D ( 'NONE', #7585, #3446, #5013 ) ;
#8892 = EDGE_CURVE ( 'NONE', #10072, #8441, #2546, .T. ) ;
#8893 = DIRECTION ( 'NONE',  ( 1.156482317317871300E-015, 9.485470569283075900E-032, -1.000000000000000000 ) ) ;
#8894 = PRESENTATION_LAYER_ASSIGNMENT (  '', '', ( #9046 ) ) ;
#8895 = ADVANCED_FACE ( 'NONE', ( #2930 ), #9158, .F. ) ;
#8896 = VECTOR ( 'NONE', #7106, 1000.000000000000000 ) ;
#8897 = DIRECTION ( 'NONE',  ( 7.885106708985490300E-017, 0.0000000000000000000, 1.000000000000000000 ) ) ;
#8898 =( NAMED_UNIT ( * ) SI_UNIT ( $, .STERADIAN. ) SOLID_ANGLE_UNIT ( ) );
#8899 = AXIS2_PLACEMENT_3D ( 'NONE', #4638, #470, #4241 ) ;
#8900 = ORIENTED_EDGE ( 'NONE', *, *, #452, .F. ) ;
#8901 = FACE_OUTER_BOUND ( 'NONE', #8641, .T. ) ;
#8902 = EDGE_CURVE ( 'NONE', #418, #1432, #10371, .T. ) ;
#8903 = CARTESIAN_POINT ( 'NONE',  ( 21.14999999999999900, 17.14999999999997400, 9.500000000000000000 ) ) ;
#8904 = DIRECTION ( 'NONE',  ( -1.000000000000000000, -1.865390464730955100E-015, -0.0000000000000000000 ) ) ;
#8905 = CARTESIAN_POINT ( 'NONE',  ( -4.000000000000000000, 4.898587196589412800E-016, -28.49999999999999600 ) ) ;
#8906 = FILL_AREA_STYLE ('',( #3918 ) ) ;
#8907 = FILL_AREA_STYLE_COLOUR ( '', #7674 ) ;
#8908 = PRESENTATION_LAYER_ASSIGNMENT (  '', '', ( #469 ) ) ;
#8909 = UNCERTAINTY_MEASURE_WITH_UNIT (LENGTH_MEASURE( 1.000000000000000100E-005 ), #9133, 'distance_accuracy_value', 'NONE');
#8910 = CARTESIAN_POINT ( 'NONE',  ( 17.14999999999995200, 21.15000000000000600, -28.49999999999999600 ) ) ;
#8911 = ORIENTED_EDGE ( 'NONE', *, *, #8549, .T. ) ;
#8912 = AXIS2_PLACEMENT_3D ( 'NONE', #4926, #4031, #4888 ) ;
#8913 = ORIENTED_EDGE ( 'NONE', *, *, #2787, .T. ) ;
#8914 = LINE ( 'NONE', #8975, #8388 ) ;
#8915 = ORIENTED_EDGE ( 'NONE', *, *, #9014, .T. ) ;
#8916 = ORIENTED_EDGE ( 'NONE', *, *, #4175, .T. ) ;
#8917 = ORIENTED_EDGE ( 'NONE', *, *, #7437, .T. ) ;
#8918 = EDGE_CURVE ( 'NONE', #6808, #1410, #560, .T. ) ;
#8919 = CARTESIAN_POINT ( 'NONE',  ( -15.96497596851089900, 16.74998035735668000, -26.99999999999999600 ) ) ;
#8920 = CARTESIAN_POINT ( 'NONE',  ( 21.14999999999999900, 16.94289321881343500, -28.49999999999999600 ) ) ;
#8921 = DIRECTION ( 'NONE',  ( 1.000000000000000000, 0.0000000000000000000, 0.0000000000000000000 ) ) ;
#8922 = VERTEX_POINT ( 'NONE', #9232 ) ;
#8923 = ORIENTED_EDGE ( 'NONE', *, *, #2946, .F. ) ;
#8924 = ORIENTED_EDGE ( 'NONE', *, *, #3283, .T. ) ;
#8925 = DIRECTION ( 'NONE',  ( 1.000000000000000000, 0.0000000000000000000, 0.0000000000000000000 ) ) ;
#8926 = ORIENTED_EDGE ( 'NONE', *, *, #9858, .F. ) ;
#8927 = CLOSED_SHELL ( 'NONE', ( #7688, #2462, #10273, #8069, #7934, #5227, #10239, #8331, #4491, #5278, #5218, #10508, #3513, #4351 ) ) ;
#8928 = ORIENTED_EDGE ( 'NONE', *, *, #2116, .T. ) ;
#8929 = COLOUR_RGB ( '',0.0000000000000000000, 0.5019607843137254800, 0.2509803921568627400 ) ;
#8930 = ORIENTED_EDGE ( 'NONE', *, *, #7695, .F. ) ;
#8931 = CARTESIAN_POINT ( 'NONE',  ( 15.96497596850902500, -15.98624964824928800, -26.99999999999999600 ) ) ;
#8932 = EDGE_LOOP ( 'NONE', ( #360, #10854, #5541, #2604, #7512 ) ) ;
#8933 = CARTESIAN_POINT ( 'NONE',  ( 3.500000000000000000, 0.0000000000000000000, 10.00000000000000000 ) ) ;
#8934 = DIRECTION ( 'NONE',  ( -1.000000000000000000, 0.0000000000000000000, 0.0000000000000000000 ) ) ;
#8935 = DIRECTION ( 'NONE',  ( -1.000000000000000000, 0.0000000000000000000, -0.0000000000000000000 ) ) ;
#8936 = ADVANCED_FACE ( 'NONE', ( #7135 ), #6205, .T. ) ;
#8937 = DIRECTION ( 'NONE',  ( 1.000000000000000000, 0.0000000000000000000, 0.0000000000000000000 ) ) ;
#8938 = SPHERICAL_SURFACE ( 'NONE', #8251, 0.5000000000000000000 ) ;
#8939 = ORIENTED_EDGE ( 'NONE', *, *, #7207, .T. ) ;
#8940 = PLANE ( 'NONE',  #5386 ) ;
#8941 = VERTEX_POINT ( 'NONE', #7615 ) ;
#8942 = DIRECTION ( 'NONE',  ( -1.000000000000000000, 0.0000000000000000000, 0.0000000000000000000 ) ) ;
#8943 = CARTESIAN_POINT ( 'NONE',  ( 13.09999999999912400, -15.50000000000000200, -26.99999999999999600 ) ) ;
#8944 = DIRECTION ( 'NONE',  ( 1.000000000000000000, 0.0000000000000000000, 0.0000000000000000000 ) ) ;
#8945 = ORIENTED_EDGE ( 'NONE', *, *, #2523, .F. ) ;
#8946 = AXIS2_PLACEMENT_3D ( 'NONE', #2217, #6341, #10582 ) ;
#8947 =( GEOMETRIC_REPRESENTATION_CONTEXT ( 3 ) GLOBAL_UNCERTAINTY_ASSIGNED_CONTEXT ( ( #4038 ) ) GLOBAL_UNIT_ASSIGNED_CONTEXT ( ( #187, #1842, #7033 ) ) REPRESENTATION_CONTEXT ( 'NONE', 'WORKASPACE' ) );
#8948 = ORIENTED_EDGE ( 'NONE', *, *, #1442, .F. ) ;
#8949 =( NAMED_UNIT ( * ) PLANE_ANGLE_UNIT ( ) SI_UNIT ( $, .RADIAN. ) );
#8950 = ORIENTED_EDGE ( 'NONE', *, *, #2998, .F. ) ;
#8951 = ORIENTED_EDGE ( 'NONE', *, *, #3312, .F. ) ;
#8952 = DIRECTION ( 'NONE',  ( 0.0000000000000000000, 0.0000000000000000000, 1.000000000000000000 ) ) ;
#8953 = FILL_AREA_STYLE ('',( #4012 ) ) ;
#8954 = ADVANCED_FACE ( 'NONE', ( #8968 ), #5951, .T. ) ;
#8955 =( LENGTH_UNIT ( ) NAMED_UNIT ( * ) SI_UNIT ( .MILLI., .METRE. ) );
#8956 = DIRECTION ( 'NONE',  ( 1.000000000000000000, 0.0000000000000000000, 0.0000000000000000000 ) ) ;
#8957 = PLANE ( 'NONE',  #10192 ) ;
#8958 = CIRCLE ( 'NONE', #7021, 2.500000000000000000 ) ;
#8959 = VERTEX_POINT ( 'NONE', #863 ) ;
#8960 = CARTESIAN_POINT ( 'NONE',  ( 2.500000000000000000, 0.0000000000000000000, -26.49999999999997500 ) ) ;
#8961 = CIRCLE ( 'NONE', #5500, 2.400000000000001200 ) ;
#8962 = EDGE_LOOP ( 'NONE', ( #10055, #792, #109, #1324 ) ) ;
#8963 = CARTESIAN_POINT ( 'NONE',  ( -17.29644660940671500, -21.00355339059328200, 9.500000000000000000 ) ) ;
#8964 = STYLED_ITEM ( 'NONE', ( #9161 ), #7725 ) ;
#8965 = ORIENTED_EDGE ( 'NONE', *, *, #4928, .T. ) ;
#8966 = AXIS2_PLACEMENT_3D ( 'NONE', #3273, #9774, #7226 ) ;
#8967 = CARTESIAN_POINT ( 'NONE',  ( 0.0000000000000000000, 21.14999999999999900, 4.000000000000000000 ) ) ;
#8968 = FACE_OUTER_BOUND ( 'NONE', #9192, .T. ) ;
#8969 = EDGE_CURVE ( 'NONE', #652, #9541, #8440, .T. ) ;
#8970 = CARTESIAN_POINT ( 'NONE',  ( 15.49999999999912400, -15.50000000000000200, -27.99999999999999600 ) ) ;
#8971 = ORIENTED_EDGE ( 'NONE', *, *, #94, .T. ) ;
#8972 = CARTESIAN_POINT ( 'NONE',  ( -15.01375035175305900, -16.80716972541313200, -26.99999999999999600 ) ) ;
#8973 = VECTOR ( 'NONE', #1836, 1000.000000000000000 ) ;
#8974 = DIRECTION ( 'NONE',  ( 7.817771884311253300E-016, 1.000000000000000000, -0.0000000000000000000 ) ) ;
#8975 = CARTESIAN_POINT ( 'NONE',  ( 2.999999999999979600, -18.15000000000000600, -28.99999999999999600 ) ) ;
#8976 = CYLINDRICAL_SURFACE ( 'NONE', #3848, 0.5000000000000004400 ) ;
#8977 = FACE_OUTER_BOUND ( 'NONE', #2409, .T. ) ;
#8978 = STYLED_ITEM ( 'NONE', ( #597 ), #4439 ) ;
#8979 = AXIS2_PLACEMENT_3D ( 'NONE', #1155, #2084, #9660 ) ;
#8980 = PRESENTATION_STYLE_ASSIGNMENT (( #6229 ) ) ;
#8981 = DIRECTION ( 'NONE',  ( -0.7071067811865453500, 0.7071067811865496800, 0.0000000000000000000 ) ) ;
#8982 = SURFACE_STYLE_USAGE ( .BOTH. , #2967 ) ;
#8983 = ORIENTED_EDGE ( 'NONE', *, *, #8212, .T. ) ;
#8984 = CARTESIAN_POINT ( 'NONE',  ( 15.98624964824874800, 16.80716972541398100, -28.49999999999999600 ) ) ;
#8985 = CARTESIAN_POINT ( 'NONE',  ( 15.98624964824874800, 14.19283027458602200, -26.99999999999999600 ) ) ;
#8986 = EDGE_CURVE ( 'NONE', #8238, #7045, #7400, .T. ) ;
#8987 = VECTOR ( 'NONE', #6013, 1000.000000000000000 ) ;
#8988 = EDGE_CURVE ( 'NONE', #10319, #1277, #9745, .T. ) ;
#8989 = LINE ( 'NONE', #8826, #3741 ) ;
#8990 = COLOUR_RGB ( '',0.0000000000000000000, 0.0000000000000000000, 0.0000000000000000000 ) ;
#8991 = VECTOR ( 'NONE', #7882, 1000.000000000000000 ) ;
#8992 = EDGE_LOOP ( 'NONE', ( #5511, #7006, #3809, #3532, #3657, #1032, #4246, #8496 ) ) ;
#8993 = CARTESIAN_POINT ( 'NONE',  ( 15.96497596850902000, -16.74998035735574600, -26.99999999999999600 ) ) ;
#8994 = FILL_AREA_STYLE ('',( #5744 ) ) ;
#8995 = DIRECTION ( 'NONE',  ( 0.0000000000000000000, -1.000000000000000000, 0.0000000000000000000 ) ) ;
#8996 = CYLINDRICAL_SURFACE ( 'NONE', #889, 0.5000000000000004400 ) ;
#8997 =( GEOMETRIC_REPRESENTATION_CONTEXT ( 3 ) GLOBAL_UNCERTAINTY_ASSIGNED_CONTEXT ( ( #1231 ) ) GLOBAL_UNIT_ASSIGNED_CONTEXT ( ( #9377, #6974, #7841 ) ) REPRESENTATION_CONTEXT ( 'NONE', 'WORKASPACE' ) );
#8998 = DIRECTION ( 'NONE',  ( -1.000000000000000000, 0.0000000000000000000, 0.0000000000000000000 ) ) ;
#8999 = CARTESIAN_POINT ( 'NONE',  ( -12.47004919909368500, -19.15000000000000600, -13.57034765783714500 ) ) ;
#9000 = SURFACE_STYLE_FILL_AREA ( #9938 ) ;
#9001 = CARTESIAN_POINT ( 'NONE',  ( 15.49999999999912400, -15.50000000000000200, -28.99999999999999600 ) ) ;
#9002 = LINE ( 'NONE', #4379, #4407 ) ;
#9003 = CIRCLE ( 'NONE', #3988, 2.749999999999997300 ) ;
#9004 = UNCERTAINTY_MEASURE_WITH_UNIT (LENGTH_MEASURE( 1.000000000000000100E-005 ), #3658, 'distance_accuracy_value', 'NONE');
#9005 = VERTEX_POINT ( 'NONE', #3399 ) ;
#9006 = LINE ( 'NONE', #9396, #6779 ) ;
#9007 = DIRECTION ( 'NONE',  ( -0.0000000000000000000, 0.0000000000000000000, -1.000000000000000000 ) ) ;
#9008 = ADVANCED_FACE ( 'NONE', ( #9601 ), #6988, .F. ) ;
#9009 = ORIENTED_EDGE ( 'NONE', *, *, #4842, .F. ) ;
#9010 = SURFACE_STYLE_FILL_AREA ( #2156 ) ;
#9011 = DIRECTION ( 'NONE',  ( 1.000000000000000000, 0.0000000000000000000, 0.0000000000000000000 ) ) ;
#9012 = LINE ( 'NONE', #10577, #3766 ) ;
#9013 = DIRECTION ( 'NONE',  ( 0.7071067811865475700, -0.7071067811865475700, 0.0000000000000000000 ) ) ;
#9014 = EDGE_CURVE ( 'NONE', #4733, #3186, #7786, .T. ) ;
#9015 = DIRECTION ( 'NONE',  ( 0.0000000000000000000, -0.0000000000000000000, -1.000000000000000000 ) ) ;
#9016 = PRESENTATION_LAYER_ASSIGNMENT (  '', '', ( #7123 ) ) ;
#9017 = SURFACE_STYLE_FILL_AREA ( #4905 ) ;
#9018 = ORIENTED_EDGE ( 'NONE', *, *, #5888, .F. ) ;
#9019 = SURFACE_STYLE_USAGE ( .BOTH. , #7260 ) ;
#9020 = CIRCLE ( 'NONE', #9175, 3.249999999999996000 ) ;
#9021 = SURFACE_STYLE_USAGE ( .BOTH. , #9126 ) ;
#9022 =( LENGTH_UNIT ( ) NAMED_UNIT ( * ) SI_UNIT ( .MILLI., .METRE. ) );
#9023 = DIRECTION ( 'NONE',  ( 0.0000000000000000000, 0.0000000000000000000, -1.000000000000000000 ) ) ;
#9024 = FACE_OUTER_BOUND ( 'NONE', #4502, .T. ) ;
#9025 = DIRECTION ( 'NONE',  ( 0.0000000000000000000, 0.0000000000000000000, 1.000000000000000000 ) ) ;
#9026 = CARTESIAN_POINT ( 'NONE',  ( -20.79644660940672600, 16.79644660940672200, 10.00000000000000000 ) ) ;
#9027 = DIRECTION ( 'NONE',  ( 1.000000000000000000, 0.0000000000000000000, 0.0000000000000000000 ) ) ;
#9028 = CYLINDRICAL_SURFACE ( 'NONE', #931, 0.5000000000000004400 ) ;
#9029 =( GEOMETRIC_REPRESENTATION_CONTEXT ( 3 ) GLOBAL_UNCERTAINTY_ASSIGNED_CONTEXT ( ( #2199 ) ) GLOBAL_UNIT_ASSIGNED_CONTEXT ( ( #7053, #3752, #4604 ) ) REPRESENTATION_CONTEXT ( 'NONE', 'WORKASPACE' ) );
#9030 = AXIS2_PLACEMENT_3D ( 'NONE', #9988, #10029, #6690 ) ;
#9031 = PRESENTATION_LAYER_ASSIGNMENT (  '', '', ( #8463 ) ) ;
#9032 = VECTOR ( 'NONE', #6848, 1000.000000000000000 ) ;
#9033 = VERTEX_POINT ( 'NONE', #7678 ) ;
#9034 = FACE_OUTER_BOUND ( 'NONE', #5823, .T. ) ;
#9035 = PLANE ( 'NONE',  #10678 ) ;
#9036 = MECHANICAL_DESIGN_GEOMETRIC_PRESENTATION_REPRESENTATION (  '', ( #5475 ), #1503 ) ;
#9037 = EDGE_LOOP ( 'NONE', ( #4479, #639 ) ) ;
#9038 = DIRECTION ( 'NONE',  ( -1.000000000000000000, -2.605923961437087100E-016, 0.0000000000000000000 ) ) ;
#9039 = EDGE_CURVE ( 'NONE', #2872, #1910, #3076, .T. ) ;
#9040 = LINE ( 'NONE', #3680, #8896 ) ;
#9041 = AXIS2_PLACEMENT_3D ( 'NONE', #6044, #6883, #10221 ) ;
#9042 = EDGE_CURVE ( 'NONE', #8644, #10602, #2793, .T. ) ;
#9043 = EDGE_LOOP ( 'NONE', ( #9855, #2778, #1727, #5782 ) ) ;
#9044 = FACE_BOUND ( 'NONE', #7097, .T. ) ;
#9045 = ORIENTED_EDGE ( 'NONE', *, *, #1586, .T. ) ;
#9046 = STYLED_ITEM ( 'NONE', ( #10038 ), #7880 ) ;
#9047 = DIRECTION ( 'NONE',  ( 0.0000000000000000000, -1.000000000000000000, 0.0000000000000000000 ) ) ;
#9048 = CARTESIAN_POINT ( 'NONE',  ( 0.0000000000000000000, 0.0000000000000000000, 34.00000000000000000 ) ) ;
#9049 = DIRECTION ( 'NONE',  ( 1.000000000000000000, 0.0000000000000000000, 0.0000000000000000000 ) ) ;
#9050 = ADVANCED_FACE ( 'NONE', ( #5576 ), #1874, .T. ) ;
#9051 = CARTESIAN_POINT ( 'NONE',  ( -21.00355339059326800, -17.29644660940672900, -28.99999999999999600 ) ) ;
#9052 = ORIENTED_EDGE ( 'NONE', *, *, #3249, .T. ) ;
#9053 = AXIS2_PLACEMENT_3D ( 'NONE', #9275, #8605, #2786 ) ;
#9054 = UNCERTAINTY_MEASURE_WITH_UNIT (LENGTH_MEASURE( 1.000000000000000100E-005 ), #6911, 'distance_accuracy_value', 'NONE');
#9055 = EDGE_CURVE ( 'NONE', #7534, #6584, #1606, .T. ) ;
#9056 = ORIENTED_EDGE ( 'NONE', *, *, #9858, .T. ) ;
#9057 = ORIENTED_EDGE ( 'NONE', *, *, #9300, .F. ) ;
#9058 = CARTESIAN_POINT ( 'NONE',  ( 21.15000000000000200, -17.14999999999998800, 10.00000000000000000 ) ) ;
#9059 = VERTEX_POINT ( 'NONE', #2733 ) ;
#9060 = CARTESIAN_POINT ( 'NONE',  ( -17.14999999999999100, -21.15000000000000600, 10.00000000000000000 ) ) ;
#9061 = ORIENTED_EDGE ( 'NONE', *, *, #6545, .F. ) ;
#9062 = DIRECTION ( 'NONE',  ( -1.000000000000000000, 1.224646799147353500E-016, 0.0000000000000000000 ) ) ;
#9063 = CARTESIAN_POINT ( 'NONE',  ( 12.26375928220259400, 15.79874071779740400, -28.99999999999999600 ) ) ;
#9064 = FILL_AREA_STYLE_COLOUR ( '', #1891 ) ;
#9065 = CIRCLE ( 'NONE', #10616, 20.00000000000000000 ) ;
#9066 = ORIENTED_EDGE ( 'NONE', *, *, #1811, .T. ) ;
#9067 = ORIENTED_EDGE ( 'NONE', *, *, #1655, .T. ) ;
#9068 = AXIS2_PLACEMENT_3D ( 'NONE', #5804, #4826, #9954 ) ;
#9069 = CARTESIAN_POINT ( 'NONE',  ( 15.01375035175125200, 16.80716972541398100, -28.49999999999999600 ) ) ;
#9070 = ORIENTED_EDGE ( 'NONE', *, *, #5518, .T. ) ;
#9071 = DIRECTION ( 'NONE',  ( 0.0000000000000000000, 0.0000000000000000000, 1.000000000000000000 ) ) ;
#9072 = VERTEX_POINT ( 'NONE', #7855 ) ;
#9073 = EDGE_CURVE ( 'NONE', #6698, #3019, #8683, .T. ) ;
#9074 = VECTOR ( 'NONE', #6851, 1000.000000000000000 ) ;
#9075 = ORIENTED_EDGE ( 'NONE', *, *, #5085, .F. ) ;
#9076 = DIRECTION ( 'NONE',  ( 0.0000000000000000000, 0.0000000000000000000, 1.000000000000000000 ) ) ;
#9077 = DIRECTION ( 'NONE',  ( 0.0000000000000000000, -1.000000000000000000, 0.0000000000000000000 ) ) ;
#9078 =( LENGTH_UNIT ( ) NAMED_UNIT ( * ) SI_UNIT ( .MILLI., .METRE. ) );
#9079 = ORIENTED_EDGE ( 'NONE', *, *, #9314, .F. ) ;
#9080 = UNCERTAINTY_MEASURE_WITH_UNIT (LENGTH_MEASURE( 1.000000000000000100E-005 ), #1893, 'distance_accuracy_value', 'NONE');
#9081 = EDGE_CURVE ( 'NONE', #5926, #10153, #7772, .T. ) ;
#9082 = CIRCLE ( 'NONE', #9528, 2.400000000000001200 ) ;
#9083 = EDGE_LOOP ( 'NONE', ( #3661, #4222 ) ) ;
#9084 = EDGE_CURVE ( 'NONE', #3641, #7779, #6357, .T. ) ;
#9085 = DIRECTION ( 'NONE',  ( 1.659555831213623100E-016, 0.0000000000000000000, -1.000000000000000000 ) ) ;
#9086 = DIRECTION ( 'NONE',  ( 0.7071067811865475700, -0.7071067811865475700, -4.906538933386793300E-015 ) ) ;
#9087 = PLANE ( 'NONE',  #6097 ) ;
#9088 = VERTEX_POINT ( 'NONE', #2770 ) ;
#9089 = ORIENTED_EDGE ( 'NONE', *, *, #3449, .T. ) ;
#9090 = ORIENTED_EDGE ( 'NONE', *, *, #3171, .F. ) ;
#9091 = DIRECTION ( 'NONE',  ( 1.000000000000000000, 0.0000000000000000000, 0.0000000000000000000 ) ) ;
#9092 = ORIENTED_EDGE ( 'NONE', *, *, #9039, .T. ) ;
#9093 = DIRECTION ( 'NONE',  ( -0.0000000000000000000, -0.0000000000000000000, -1.000000000000000000 ) ) ;
#9094 = CARTESIAN_POINT ( 'NONE',  ( 15.96497596850902500, -14.25001964264521200, -26.99999999999999600 ) ) ;
#9095 = DIRECTION ( 'NONE',  ( 8.202002250481356300E-017, -1.000000000000000000, 0.0000000000000000000 ) ) ;
#9096 = ORIENTED_EDGE ( 'NONE', *, *, #1375, .F. ) ;
#9097 = AXIS2_PLACEMENT_3D ( 'NONE', #2138, #5354, #6170 ) ;
#9098 =( GEOMETRIC_REPRESENTATION_CONTEXT ( 3 ) GLOBAL_UNCERTAINTY_ASSIGNED_CONTEXT ( ( #3375 ) ) GLOBAL_UNIT_ASSIGNED_CONTEXT ( ( #8955, #695, #6591 ) ) REPRESENTATION_CONTEXT ( 'NONE', 'WORKASPACE' ) );
#9099 = DIRECTION ( 'NONE',  ( 0.0000000000000000000, 1.000000000000000000, 0.0000000000000000000 ) ) ;
#9100 = VERTEX_POINT ( 'NONE', #4428 ) ;
#9101 = DIRECTION ( 'NONE',  ( 0.0000000000000000000, -0.0000000000000000000, -1.000000000000000000 ) ) ;
#9102 =( NAMED_UNIT ( * ) PLANE_ANGLE_UNIT ( ) SI_UNIT ( $, .RADIAN. ) );
#9104 = EDGE_LOOP ( 'NONE', ( #1957, #6609, #4748, #9045 ) ) ;
#9103 = SURFACE_SIDE_STYLE ('',( #1504 ) ) ;
#9105 = LINE ( 'NONE', #2835, #7908 ) ;
#9106 = ADVANCED_FACE ( 'NONE', ( #4132 ), #1620, .F. ) ;
#9107 = DIRECTION ( 'NONE',  ( 1.000000000000000000, 0.0000000000000000000, 0.0000000000000000000 ) ) ;
#9108 = CARTESIAN_POINT ( 'NONE',  ( -2.799999999999999800, 3.429011037612588800E-016, 9.000000000000001800 ) ) ;
#9109 = PRESENTATION_LAYER_ASSIGNMENT (  '', '', ( #8538 ) ) ;
#9110 = EDGE_CURVE ( 'NONE', #5023, #3728, #8562, .T. ) ;
#9111 = LINE ( 'NONE', #2305, #2430 ) ;
#9112 = MECHANICAL_DESIGN_GEOMETRIC_PRESENTATION_REPRESENTATION (  '', ( #4834 ), #2715 ) ;
#9113 = AXIS2_PLACEMENT_3D ( 'NONE', #8599, #2707, #3588 ) ;
#9114 = EDGE_CURVE ( 'NONE', #4983, #8796, #5300, .T. ) ;
#9115 = FILL_AREA_STYLE ('',( #1212 ) ) ;
#9116 = FILL_AREA_STYLE_COLOUR ( '', #4671 ) ;
#9117 = ORIENTED_EDGE ( 'NONE', *, *, #5637, .T. ) ;
#9118 = DIRECTION ( 'NONE',  ( 0.0000000000000000000, 1.000000000000000000, 0.0000000000000000000 ) ) ;
#9119 = CARTESIAN_POINT ( 'NONE',  ( 0.5999999999999996400, -39.15000000000002000, -30.15000000000000200 ) ) ;
#9120 = PLANE ( 'NONE',  #1989 ) ;
#9121 =( GEOMETRIC_REPRESENTATION_CONTEXT ( 3 ) GLOBAL_UNCERTAINTY_ASSIGNED_CONTEXT ( ( #3958 ) ) GLOBAL_UNIT_ASSIGNED_CONTEXT ( ( #4541, #8665, #1181 ) ) REPRESENTATION_CONTEXT ( 'NONE', 'WORKASPACE' ) );
#9122 = FILL_AREA_STYLE ('',( #8204 ) ) ;
#9123 = AXIS2_PLACEMENT_3D ( 'NONE', #413, #4687, #9604 ) ;
#9124 = DIRECTION ( 'NONE',  ( -0.0000000000000000000, -1.000000000000000000, -0.0000000000000000000 ) ) ;
#9125 = VECTOR ( 'NONE', #5205, 1000.000000000000000 ) ;
#9126 = SURFACE_SIDE_STYLE ('',( #5881 ) ) ;
#9127 = FACE_OUTER_BOUND ( 'NONE', #1560, .T. ) ;
#9128 = CIRCLE ( 'NONE', #1086, 25.00000000000000000 ) ;
#9129 = DIRECTION ( 'NONE',  ( -0.6766252893427940900, 0.0000000000000000000, 0.7363275207553905400 ) ) ;
#9130 = EDGE_CURVE ( 'NONE', #4328, #8136, #817, .T. ) ;
#9131 = CARTESIAN_POINT ( 'NONE',  ( 0.0000000000000000000, 0.0000000000000000000, 33.49999999999999300 ) ) ;
#9132 = CYLINDRICAL_SURFACE ( 'NONE', #7979, 0.5000000000000004400 ) ;
#9133 =( LENGTH_UNIT ( ) NAMED_UNIT ( * ) SI_UNIT ( .MILLI., .METRE. ) );
#9134 = CARTESIAN_POINT ( 'NONE',  ( 15.50000000000000000, 15.50000000000000000, 10.00000000000000000 ) ) ;
#9136 = SURFACE_STYLE_FILL_AREA ( #3756 ) ;
#9135 = PLANE ( 'NONE',  #10554 ) ;
#9137 = ORIENTED_EDGE ( 'NONE', *, *, #9639, .F. ) ;
#9138 = SURFACE_STYLE_FILL_AREA ( #10253 ) ;
#9139 = CYLINDRICAL_SURFACE ( 'NONE', #1511, 2.500000000000000000 ) ;
#9140 =( NAMED_UNIT ( * ) PLANE_ANGLE_UNIT ( ) SI_UNIT ( $, .RADIAN. ) );
#9141 =( NAMED_UNIT ( * ) PLANE_ANGLE_UNIT ( ) SI_UNIT ( $, .RADIAN. ) );
#9142 = DIRECTION ( 'NONE',  ( -6.179303022933785000E-015, -1.000000000000000000, -0.0000000000000000000 ) ) ;
#9143 = DIRECTION ( 'NONE',  ( 0.0000000000000000000, 0.0000000000000000000, -1.000000000000000000 ) ) ;
#9144 = ORIENTED_EDGE ( 'NONE', *, *, #6483, .F. ) ;
#9145 = FACE_OUTER_BOUND ( 'NONE', #5270, .T. ) ;
#9146 = SURFACE_STYLE_USAGE ( .BOTH. , #8341 ) ;
#9147 = FACE_OUTER_BOUND ( 'NONE', #1056, .T. ) ;
#9148 =( LENGTH_UNIT ( ) NAMED_UNIT ( * ) SI_UNIT ( .MILLI., .METRE. ) );
#9149 = CARTESIAN_POINT ( 'NONE',  ( 16.94289321881341300, 21.14999999999999900, -28.99999999999999600 ) ) ;
#9150 = DIRECTION ( 'NONE',  ( 0.0000000000000000000, -1.000000000000000000, 0.0000000000000000000 ) ) ;
#9151 = FILL_AREA_STYLE ('',( #8047 ) ) ;
#9152 = FACE_OUTER_BOUND ( 'NONE', #5904, .T. ) ;
#9153 = DIRECTION ( 'NONE',  ( 0.0000000000000000000, 0.0000000000000000000, -1.000000000000000000 ) ) ;
#9154 = ADVANCED_FACE ( 'NONE', ( #2539 ), #5838, .T. ) ;
#9155 = DIRECTION ( 'NONE',  ( -1.000000000000000000, 0.0000000000000000000, 0.0000000000000000000 ) ) ;
#9156 = EDGE_CURVE ( 'NONE', #2542, #4773, #267, .T. ) ;
#9157 = MECHANICAL_DESIGN_GEOMETRIC_PRESENTATION_REPRESENTATION (  '', ( #9698 ), #7811 ) ;
#9158 = PLANE ( 'NONE',  #4577 ) ;
#9159 = CYLINDRICAL_SURFACE ( 'NONE', #8414, 25.00000000000000000 ) ;
#9160 = ORIENTED_EDGE ( 'NONE', *, *, #10481, .F. ) ;
#9161 = PRESENTATION_STYLE_ASSIGNMENT (( #4103 ) ) ;
#9162 = STYLED_ITEM ( 'NONE', ( #1665 ), #295 ) ;
#9163 =( LENGTH_UNIT ( ) NAMED_UNIT ( * ) SI_UNIT ( .MILLI., .METRE. ) );
#9164 = EDGE_LOOP ( 'NONE', ( #6305, #5671, #7227, #9438 ) ) ;
#9165 = VECTOR ( 'NONE', #7412, 1000.000000000000000 ) ;
#9166 = FILL_AREA_STYLE_COLOUR ( '', #3431 ) ;
#9167 =( NAMED_UNIT ( * ) SI_UNIT ( $, .STERADIAN. ) SOLID_ANGLE_UNIT ( ) );
#9168 = DIRECTION ( 'NONE',  ( -0.0000000000000000000, -0.0000000000000000000, -1.000000000000000000 ) ) ;
#9169 = SURFACE_SIDE_STYLE ('',( #6096 ) ) ;
#9170 = DIRECTION ( 'NONE',  ( 0.0000000000000000000, 0.0000000000000000000, 1.000000000000000000 ) ) ;
#9171 = CARTESIAN_POINT ( 'NONE',  ( -15.96497596851089900, 16.74998035735668000, -26.99999999999999600 ) ) ;
#9172 =( LENGTH_UNIT ( ) NAMED_UNIT ( * ) SI_UNIT ( .MILLI., .METRE. ) );
#9173 = CARTESIAN_POINT ( 'NONE',  ( -17.14999999999997700, 21.14999999999999900, -28.99999999999999600 ) ) ;
#9174 = ORIENTED_EDGE ( 'NONE', *, *, #10412, .T. ) ;
#9175 = AXIS2_PLACEMENT_3D ( 'NONE', #3854, #2473, #8142 ) ;
#9176 = ORIENTED_EDGE ( 'NONE', *, *, #2264, .T. ) ;
#9177 = SURFACE_STYLE_FILL_AREA ( #7297 ) ;
#9178 = EDGE_CURVE ( 'NONE', #9072, #7617, #9732, .T. ) ;
#9179 = ORIENTED_EDGE ( 'NONE', *, *, #5486, .T. ) ;
#9180 = VERTEX_POINT ( 'NONE', #8785 ) ;
#9181 = ORIENTED_EDGE ( 'NONE', *, *, #4997, .F. ) ;
#9182 = EDGE_CURVE ( 'NONE', #133, #3541, #3065, .T. ) ;
#9183 = ORIENTED_EDGE ( 'NONE', *, *, #8043, .F. ) ;
#9184 = MECHANICAL_DESIGN_GEOMETRIC_PRESENTATION_REPRESENTATION (  '', ( #1451 ), #3916 ) ;
#9185 = ORIENTED_EDGE ( 'NONE', *, *, #8645, .T. ) ;
#9186 = ORIENTED_EDGE ( 'NONE', *, *, #10724, .F. ) ;
#9187 = DIRECTION ( 'NONE',  ( -0.0000000000000000000, 1.000000000000000000, -0.0000000000000000000 ) ) ;
#9188 = DIRECTION ( 'NONE',  ( -0.0000000000000000000, -0.0000000000000000000, -1.000000000000000000 ) ) ;
#9189 = ORIENTED_EDGE ( 'NONE', *, *, #1509, .F. ) ;
#9190 = VERTEX_POINT ( 'NONE', #6365 ) ;
#9191 = DIRECTION ( 'NONE',  ( -0.0000000000000000000, -0.0000000000000000000, -1.000000000000000000 ) ) ;
#9192 = EDGE_LOOP ( 'NONE', ( #5624, #4348, #655, #8707 ) ) ;
#9193 = DIRECTION ( 'NONE',  ( 0.0000000000000000000, 0.0000000000000000000, 1.000000000000000000 ) ) ;
#9194 = DIRECTION ( 'NONE',  ( -0.0000000000000000000, -0.0000000000000000000, 1.000000000000000000 ) ) ;
#9195 = AXIS2_PLACEMENT_3D ( 'NONE', #10462, #6359, #7201 ) ;
#9196 = CYLINDRICAL_SURFACE ( 'NONE', #7142, 2.799999999999999800 ) ;
#9197 = EDGE_CURVE ( 'NONE', #133, #3541, #8958, .T. ) ;
#9198 = EDGE_LOOP ( 'NONE', ( #4353, #3931, #10293, #7205 ) ) ;
#9199 = CARTESIAN_POINT ( 'NONE',  ( 1.339045298307557800, -39.15000000000000600, -24.45661729131780900 ) ) ;
#9200 = VERTEX_POINT ( 'NONE', #8853 ) ;
#9201 = DIRECTION ( 'NONE',  ( 0.0000000000000000000, 0.0000000000000000000, -1.000000000000000000 ) ) ;
#9202 = UNCERTAINTY_MEASURE_WITH_UNIT (LENGTH_MEASURE( 1.000000000000000100E-005 ), #8334, 'distance_accuracy_value', 'NONE');
#9203 = DIRECTION ( 'NONE',  ( 0.0000000000000000000, 1.000000000000000000, 0.0000000000000000000 ) ) ;
#9204 = SURFACE_STYLE_USAGE ( .BOTH. , #933 ) ;
#9205 = AXIS2_PLACEMENT_3D ( 'NONE', #4059, #8267, #4916 ) ;
#9206 = ORIENTED_EDGE ( 'NONE', *, *, #3074, .F. ) ;
#9207 = CARTESIAN_POINT ( 'NONE',  ( 15.49999999999912400, -15.50000000000000200, -28.99999999999999600 ) ) ;
#9208 = SURFACE_SIDE_STYLE ('',( #4153 ) ) ;
#9209 = DIRECTION ( 'NONE',  ( -1.000000000000000000, 0.0000000000000000000, 4.956352788505164300E-016 ) ) ;
#9210 = EDGE_LOOP ( 'NONE', ( #2648, #3034 ) ) ;
#9211 = ADVANCED_FACE ( 'NONE', ( #25 ), #449, .F. ) ;
#9212 = VERTEX_POINT ( 'NONE', #5471 ) ;
#9213 = FILL_AREA_STYLE ('',( #7498 ) ) ;
#9214 = DIRECTION ( 'NONE',  ( -1.000000000000000000, 0.0000000000000000000, 0.0000000000000000000 ) ) ;
#9215 = UNCERTAINTY_MEASURE_WITH_UNIT (LENGTH_MEASURE( 1.000000000000000100E-005 ), #2402, 'distance_accuracy_value', 'NONE');
#9216 = PRESENTATION_STYLE_ASSIGNMENT (( #4487 ) ) ;
#9217 = ORIENTED_EDGE ( 'NONE', *, *, #1118, .F. ) ;
#9218 = VERTEX_POINT ( 'NONE', #1249 ) ;
#9219 = ORIENTED_EDGE ( 'NONE', *, *, #1213, .T. ) ;
#9220 = DIRECTION ( 'NONE',  ( 0.0000000000000000000, -1.000000000000000000, 0.0000000000000000000 ) ) ;
#9221 = PLANE ( 'NONE',  #2100 ) ;
#9222 = EDGE_CURVE ( 'NONE', #6282, #5641, #1744, .T. ) ;
#9223 = ORIENTED_EDGE ( 'NONE', *, *, #8499, .F. ) ;
#9224 = EDGE_CURVE ( 'NONE', #6441, #7102, #5954, .T. ) ;
#9225 = ORIENTED_EDGE ( 'NONE', *, *, #6673, .F. ) ;
#9226 = CARTESIAN_POINT ( 'NONE',  ( 15.03502403148815200, -15.98624964824929200, -28.49999999999999600 ) ) ;
#9227 = CARTESIAN_POINT ( 'NONE',  ( 0.0000000000000000000, 0.0000000000000000000, 33.49999999999999300 ) ) ;
#9228 = FACE_OUTER_BOUND ( 'NONE', #5921, .T. ) ;
#9229 = CARTESIAN_POINT ( 'NONE',  ( 4.000000000000000000, 0.0000000000000000000, 12.00000000000000000 ) ) ;
#9230 = CARTESIAN_POINT ( 'NONE',  ( -16.94289321881344200, -20.65000000000000600, -28.49999999999999600 ) ) ;
#9231 = VERTEX_POINT ( 'NONE', #7174 ) ;
#9232 = CARTESIAN_POINT ( 'NONE',  ( 15.96497596850902000, -16.74998035735574600, -28.49999999999999600 ) ) ;
#9233 = COLOUR_RGB ( '',0.2509803921568627400, 0.2509803921568627400, 0.2509803921568627400 ) ;
#9234 = CARTESIAN_POINT ( 'NONE',  ( 15.50000000000000400, -15.50000000000000000, 5.500000000000000000 ) ) ;
#9235 = VECTOR ( 'NONE', #1283, 1000.000000000000000 ) ;
#9236 = ORIENTED_EDGE ( 'NONE', *, *, #1224, .F. ) ;
#9237 =( GEOMETRIC_REPRESENTATION_CONTEXT ( 3 ) GLOBAL_UNCERTAINTY_ASSIGNED_CONTEXT ( ( #8522 ) ) GLOBAL_UNIT_ASSIGNED_CONTEXT ( ( #596, #2458, #10741 ) ) REPRESENTATION_CONTEXT ( 'NONE', 'WORKASPACE' ) );
#9238 = AXIS2_PLACEMENT_3D ( 'NONE', #2893, #10295, #218 ) ;
#9239 = SURFACE_STYLE_FILL_AREA ( #463 ) ;
#9241 = AXIS2_PLACEMENT_3D ( 'NONE', #9048, #8200, #8934 ) ;
#9240 = CARTESIAN_POINT ( 'NONE',  ( 0.5999999999999993100, -39.15000000000002000, -31.85000000000000500 ) ) ;
#9242 = LINE ( 'NONE', #9559, #3087 ) ;
#9243 = DIRECTION ( 'NONE',  ( 0.0000000000000000000, 0.0000000000000000000, 1.000000000000000000 ) ) ;
#9244 =( GEOMETRIC_REPRESENTATION_CONTEXT ( 3 ) GLOBAL_UNCERTAINTY_ASSIGNED_CONTEXT ( ( #6796 ) ) GLOBAL_UNIT_ASSIGNED_CONTEXT ( ( #1464, #9852, #548 ) ) REPRESENTATION_CONTEXT ( 'NONE', 'WORKASPACE' ) );
#9245 = SURFACE_STYLE_USAGE ( .BOTH. , #9169 ) ;
#9246 = VERTEX_POINT ( 'NONE', #8007 ) ;
#9247 = CIRCLE ( 'NONE', #6070, 0.5000000000000004400 ) ;
#9248 = CARTESIAN_POINT ( 'NONE',  ( -2.799999999999999800, 3.429011037612588800E-016, 10.00000000000000000 ) ) ;
#9249 = AXIS2_PLACEMENT_3D ( 'NONE', #681, #6576, #1524 ) ;
#9250 = EDGE_CURVE ( 'NONE', #9962, #1248, #2002, .T. ) ;
#9251 =( GEOMETRIC_REPRESENTATION_CONTEXT ( 3 ) GLOBAL_UNCERTAINTY_ASSIGNED_CONTEXT ( ( #8045 ) ) GLOBAL_UNIT_ASSIGNED_CONTEXT ( ( #7119, #1229, #4599 ) ) REPRESENTATION_CONTEXT ( 'NONE', 'WORKASPACE' ) );
#9252 = LINE ( 'NONE', #3463, #7025 ) ;
#9253 = CARTESIAN_POINT ( 'NONE',  ( 0.0000000000000000000, 0.0000000000000000000, 9.000000000000001800 ) ) ;
#9254 = PRESENTATION_LAYER_ASSIGNMENT (  '', '', ( #6453 ) ) ;
#9255 = EDGE_CURVE ( 'NONE', #408, #5026, #5450, .T. ) ;
#9256 =( NAMED_UNIT ( * ) PLANE_ANGLE_UNIT ( ) SI_UNIT ( $, .RADIAN. ) );
#9257 = CARTESIAN_POINT ( 'NONE',  ( 0.0000000000000000000, 0.0000000000000000000, -28.99999999999999600 ) ) ;
#9258 = LINE ( 'NONE', #3787, #4817 ) ;
#9259 = CARTESIAN_POINT ( 'NONE',  ( 0.0000000000000000000, 0.0000000000000000000, 2.000000000000001800 ) ) ;
#9260 = ADVANCED_FACE ( 'NONE', ( #10644 ), #3729, .F. ) ;
#9261 =( LENGTH_UNIT ( ) NAMED_UNIT ( * ) SI_UNIT ( .MILLI., .METRE. ) );
#9262 = CARTESIAN_POINT ( 'NONE',  ( 0.0000000000000000000, 0.0000000000000000000, 10.00000000000000000 ) ) ;
#9263 = STYLED_ITEM ( 'NONE', ( #5313 ), #9320 ) ;
#9264 = VECTOR ( 'NONE', #9432, 1000.000000000000000 ) ;
#9265 = CARTESIAN_POINT ( 'NONE',  ( 15.98624964824874800, 16.80716972541398100, -26.99999999999999600 ) ) ;
#9266 = SURFACE_STYLE_FILL_AREA ( #6888 ) ;
#9267 = CARTESIAN_POINT ( 'NONE',  ( -2.500000000000000000, 0.0000000000000000000, -25.99999999999999600 ) ) ;
#9268 = DIRECTION ( 'NONE',  ( -1.000000000000000000, 0.0000000000000000000, -0.0000000000000000000 ) ) ;
#9269 = EDGE_LOOP ( 'NONE', ( #8834, #9056, #908, #10091, #5048, #10734, #3056, #8520 ) ) ;
#9270 = CARTESIAN_POINT ( 'NONE',  ( -15.96497596851090600, 14.25001964264614300, -26.99999999999999600 ) ) ;
#9271 = EDGE_CURVE ( 'NONE', #6134, #9180, #2668, .T. ) ;
#9272 = DIRECTION ( 'NONE',  ( -0.0000000000000000000, -0.0000000000000000000, -1.000000000000000000 ) ) ;
#9273 = CARTESIAN_POINT ( 'NONE',  ( 16.75000000000000000, 15.50000000000000000, 10.00000000000000000 ) ) ;
#9274 = CIRCLE ( 'NONE', #6037, 0.5000000000000004400 ) ;
#9275 = CARTESIAN_POINT ( 'NONE',  ( -16.74998035735715300, -15.96497596850949400, -26.99999999999999600 ) ) ;
#9276 = SURFACE_STYLE_FILL_AREA ( #4747 ) ;
#9277 = FACE_OUTER_BOUND ( 'NONE', #7480, .T. ) ;
#9278 = EDGE_CURVE ( 'NONE', #8419, #7242, #8697, .T. ) ;
#9279 = EDGE_CURVE ( 'NONE', #9996, #9310, #8180, .T. ) ;
#9280 = FACE_OUTER_BOUND ( 'NONE', #4345, .T. ) ;
#9281 = CYLINDRICAL_SURFACE ( 'NONE', #6905, 2.749999999999999100 ) ;
#9282 = CARTESIAN_POINT ( 'NONE',  ( -0.6589493591756423500, 1.999999999999999600, 33.89747120467745100 ) ) ;
#9283 = ORIENTED_EDGE ( 'NONE', *, *, #3527, .F. ) ;
#9284 = SURFACE_STYLE_FILL_AREA ( #2891 ) ;
#9285 = CARTESIAN_POINT ( 'NONE',  ( 0.0000000000000000000, 0.0000000000000000000, -25.99999999999999600 ) ) ;
#9286 = CARTESIAN_POINT ( 'NONE',  ( 0.0000000000000000000, 0.0000000000000000000, -28.99999999999999600 ) ) ;
#9287 = CARTESIAN_POINT ( 'NONE',  ( -2.460600675144407300E-016, -18.15000000000000600, 0.0000000000000000000 ) ) ;
#9288 = VECTOR ( 'NONE', #1976, 1000.000000000000000 ) ;
#9289 =( GEOMETRIC_REPRESENTATION_CONTEXT ( 3 ) GLOBAL_UNCERTAINTY_ASSIGNED_CONTEXT ( ( #5201 ) ) GLOBAL_UNIT_ASSIGNED_CONTEXT ( ( #4167, #9997, #6661 ) ) REPRESENTATION_CONTEXT ( 'NONE', 'WORKASPACE' ) );
#9290 = ORIENTED_EDGE ( 'NONE', *, *, #6048, .T. ) ;
#9291 = FACE_BOUND ( 'NONE', #10590, .T. ) ;
#9292 =( NAMED_UNIT ( * ) SI_UNIT ( $, .STERADIAN. ) SOLID_ANGLE_UNIT ( ) );
#9293 = ORIENTED_EDGE ( 'NONE', *, *, #10099, .F. ) ;
#9294 = CARTESIAN_POINT ( 'NONE',  ( 14.19283027458454600, -15.98624964824929200, -26.99999999999999600 ) ) ;
#9295 = ORIENTED_EDGE ( 'NONE', *, *, #380, .F. ) ;
#9296 = DIRECTION ( 'NONE',  ( -1.000000000000000000, 0.0000000000000000000, 0.0000000000000000000 ) ) ;
#9297 = DIRECTION ( 'NONE',  ( -0.0000000000000000000, -0.0000000000000000000, -1.000000000000000000 ) ) ;
#9298 = VERTEX_POINT ( 'NONE', #3873 ) ;
#9299 = DIRECTION ( 'NONE',  ( -0.7423134210255907300, 0.0000000000000000000, 0.6700528225187055700 ) ) ;
#9300 = EDGE_CURVE ( 'NONE', #5392, #7868, #5067, .T. ) ;
#9301 = ORIENTED_EDGE ( 'NONE', *, *, #3074, .T. ) ;
#9302 = CARTESIAN_POINT ( 'NONE',  ( 15.96497596850902500, -14.25001964264521200, -26.99999999999999600 ) ) ;
#9303 = ORIENTED_EDGE ( 'NONE', *, *, #9654, .T. ) ;
#9304 = VERTEX_POINT ( 'NONE', #327 ) ;
#9305 = AXIS2_PLACEMENT_3D ( 'NONE', #8233, #1557, #2425 ) ;
#9306 = ADVANCED_FACE ( 'NONE', ( #431 ), #283, .T. ) ;
#9307 = DIRECTION ( 'NONE',  ( 0.0000000000000000000, 0.0000000000000000000, -1.000000000000000000 ) ) ;
#9308 = CIRCLE ( 'NONE', #4327, 0.5563334663949322000 ) ;
#9309 = ORIENTED_EDGE ( 'NONE', *, *, #8761, .F. ) ;
#9310 = VERTEX_POINT ( 'NONE', #4955 ) ;
#9311 = EDGE_LOOP ( 'NONE', ( #4527, #4730, #8833, #4265, #8559, #3199, #7371, #3969 ) ) ;
#9312 = EDGE_CURVE ( 'NONE', #9541, #7735, #4514, .T. ) ;
#9313 = AXIS2_PLACEMENT_3D ( 'NONE', #8905, #3091, #5630 ) ;
#9314 = EDGE_CURVE ( 'NONE', #7482, #1432, #1208, .T. ) ;
#9315 = ORIENTED_EDGE ( 'NONE', *, *, #6834, .F. ) ;
#9316 = DIRECTION ( 'NONE',  ( 1.000000000000000000, 0.0000000000000000000, 0.0000000000000000000 ) ) ;
#9317 = PLANE ( 'NONE',  #9750 ) ;
#9318 = CIRCLE ( 'NONE', #4275, 0.5000000000000004400 ) ;
#9319 = VERTEX_POINT ( 'NONE', #7538 ) ;
#9320 = ADVANCED_FACE ( 'NONE', ( #4382 ), #9221, .F. ) ;
#9321 = AXIS2_PLACEMENT_3D ( 'NONE', #1753, #6691, #9243 ) ;
#9322 = DIRECTION ( 'NONE',  ( -8.202002250481356300E-017, 1.000000000000000000, 0.0000000000000000000 ) ) ;
#9323 = CARTESIAN_POINT ( 'NONE',  ( -14.19283027458642900, 15.98624964825022200, -26.99999999999999600 ) ) ;
#9324 = CARTESIAN_POINT ( 'NONE',  ( -15.79874071779676800, 12.26375928220340900, -28.99999999999999600 ) ) ;
#9325 = EDGE_LOOP ( 'NONE', ( #9560, #10366, #5042, #4252 ) ) ;
#9326 = SURFACE_STYLE_USAGE ( .BOTH. , #9386 ) ;
#9327 = UNCERTAINTY_MEASURE_WITH_UNIT (LENGTH_MEASURE( 1.000000000000000100E-005 ), #444, 'distance_accuracy_value', 'NONE');
#9328 = DIRECTION ( 'NONE',  ( -0.7071067811865361400, 8.659560562354793600E-017, 0.7071067811865589000 ) ) ;
#9329 = EDGE_CURVE ( 'NONE', #4771, #4733, #5191, .T. ) ;
#9330 = EDGE_CURVE ( 'NONE', #5818, #8779, #35, .T. ) ;
#9331 = SURFACE_STYLE_FILL_AREA ( #2724 ) ;
#9332 = VERTEX_POINT ( 'NONE', #1362 ) ;
#9333 = FILL_AREA_STYLE_COLOUR ( '', #6902 ) ;
#9334 = SURFACE_SIDE_STYLE ('',( #988 ) ) ;
#9335 = FILL_AREA_STYLE_COLOUR ( '', #867 ) ;
#9336 = CARTESIAN_POINT ( 'NONE',  ( 0.0000000000000000000, 0.0000000000000000000, -28.99999999999999600 ) ) ;
#9337 = DIRECTION ( 'NONE',  ( -1.000000000000000000, 0.0000000000000000000, 0.0000000000000000000 ) ) ;
#9338 = VERTEX_POINT ( 'NONE', #3290 ) ;
#9339 =( NAMED_UNIT ( * ) SI_UNIT ( $, .STERADIAN. ) SOLID_ANGLE_UNIT ( ) );
#9340 = SPHERICAL_SURFACE ( 'NONE', #5843, 0.5000000000000000000 ) ;
#9341 = ORIENTED_EDGE ( 'NONE', *, *, #7635, .T. ) ;
#9342 = CARTESIAN_POINT ( 'NONE',  ( 21.15000000000000200, -16.94289321881341000, -19.00000000000000000 ) ) ;
#9343 = EDGE_LOOP ( 'NONE', ( #2076, #5442, #219, #7224 ) ) ;
#9344 = EDGE_LOOP ( 'NONE', ( #1970, #5567, #1608, #8915, #4111, #6720 ) ) ;
#9345 = ORIENTED_EDGE ( 'NONE', *, *, #1928, .F. ) ;
#9346 = EDGE_LOOP ( 'NONE', ( #5421, #3945, #3800 ) ) ;
#9347 = CIRCLE ( 'NONE', #5092, 2.700000000000001100 ) ;
#9348 = ORIENTED_EDGE ( 'NONE', *, *, #2722, .T. ) ;
#9349 = DIRECTION ( 'NONE',  ( 0.0000000000000000000, 0.0000000000000000000, -1.000000000000000000 ) ) ;
#9350 = VECTOR ( 'NONE', #6773, 1000.000000000000000 ) ;
#9351 = EDGE_CURVE ( 'NONE', #4773, #1956, #9347, .T. ) ;
#9352 = AXIS2_PLACEMENT_3D ( 'NONE', #9680, #4659, #2260 ) ;
#9353 = PRESENTATION_LAYER_ASSIGNMENT (  '', '', ( #4673 ) ) ;
#9354 = CARTESIAN_POINT ( 'NONE',  ( -15.98624964825069300, -16.80716972541312200, -28.49999999999999600 ) ) ;
#9355 = CARTESIAN_POINT ( 'NONE',  ( 15.96497596850902000, -16.74998035735574600, -26.99999999999999600 ) ) ;
#9356 = DIRECTION ( 'NONE',  ( 0.0000000000000000000, 0.0000000000000000000, 1.000000000000000000 ) ) ;
#9357 = DIRECTION ( 'NONE',  ( 1.000000000000000000, 0.0000000000000000000, 0.0000000000000000000 ) ) ;
#9358 = ADVANCED_FACE ( 'NONE', ( #2417 ), #3978, .T. ) ;
#9359 = SURFACE_STYLE_USAGE ( .BOTH. , #10080 ) ;
#9360 = CYLINDRICAL_SURFACE ( 'NONE', #6286, 0.5000000000000004400 ) ;
#9361 = CARTESIAN_POINT ( 'NONE',  ( 20.65000000000000200, -16.94289321881343800, 2.000000000000000000 ) ) ;
#9362 = MECHANICAL_DESIGN_GEOMETRIC_PRESENTATION_REPRESENTATION (  '', ( #10826 ), #3407 ) ;
#9363 = VERTEX_POINT ( 'NONE', #4726 ) ;
#9364 = AXIS2_PLACEMENT_3D ( 'NONE', #5708, #3055, #26 ) ;
#9365 = DIRECTION ( 'NONE',  ( -6.938893903907222100E-015, -1.000000000000000000, 0.0000000000000000000 ) ) ;
#9366 = ADVANCED_FACE ( 'NONE', ( #10102 ), #1687, .F. ) ;
#9367 = DIRECTION ( 'NONE',  ( -0.0000000000000000000, -0.0000000000000000000, -1.000000000000000000 ) ) ;
#9368 = VECTOR ( 'NONE', #9664, 1000.000000000000000 ) ;
#9369 = CARTESIAN_POINT ( 'NONE',  ( -20.64999999999999500, 16.94289321881344900, 10.00000000000000000 ) ) ;
#9370 = PRESENTATION_LAYER_ASSIGNMENT (  '', '', ( #6433 ) ) ;
#9372 = COLOUR_RGB ( '',0.2509803921568627400, 0.2509803921568627400, 0.2509803921568627400 ) ;
#9371 = DIRECTION ( 'NONE',  ( -0.0000000000000000000, 1.000000000000000000, -0.0000000000000000000 ) ) ;
#9373 = EDGE_CURVE ( 'NONE', #2612, #3450, #1611, .T. ) ;
#9374 = PRESENTATION_LAYER_ASSIGNMENT (  '', '', ( #7699 ) ) ;
#9375 = EDGE_CURVE ( 'NONE', #4605, #2517, #1984, .T. ) ;
#9376 = DIRECTION ( 'NONE',  ( 0.0000000000000000000, 0.0000000000000000000, 1.000000000000000000 ) ) ;
#9377 =( LENGTH_UNIT ( ) NAMED_UNIT ( * ) SI_UNIT ( .MILLI., .METRE. ) );
#9378 = VERTEX_POINT ( 'NONE', #38 ) ;
#9379 = ADVANCED_FACE ( 'NONE', ( #10235 ), #5944, .F. ) ;
#9380 = AXIS2_PLACEMENT_3D ( 'NONE', #2692, #4254, #6874 ) ;
#9381 = EDGE_CURVE ( 'NONE', #4299, #8346, #6392, .T. ) ;
#9382 = DIRECTION ( 'NONE',  ( -0.0000000000000000000, -0.0000000000000000000, 1.000000000000000000 ) ) ;
#9383 = DIRECTION ( 'NONE',  ( 0.7071067811865460200, 0.7071067811865490200, -0.0000000000000000000 ) ) ;
#9384 = PLANE ( 'NONE',  #10071 ) ;
#9385 = LINE ( 'NONE', #150, #2346 ) ;
#9386 = SURFACE_SIDE_STYLE ('',( #2980 ) ) ;
#9387 = ORIENTED_EDGE ( 'NONE', *, *, #9084, .F. ) ;
#9388 = AXIS2_PLACEMENT_3D ( 'NONE', #6732, #4168, #10797 ) ;
#9389 = CARTESIAN_POINT ( 'NONE',  ( 15.50000000000000000, 15.50000000000000000, -27.99999999999999600 ) ) ;
#9390 = UNCERTAINTY_MEASURE_WITH_UNIT (LENGTH_MEASURE( 1.000000000000000100E-005 ), #1497, 'distance_accuracy_value', 'NONE');
#9391 = AXIS2_PLACEMENT_3D ( 'NONE', #3794, #9702, #8776 ) ;
#9392 = DIRECTION ( 'NONE',  ( -4.542762141924063400E-015, 1.000000000000000000, -0.0000000000000000000 ) ) ;
#9393 = DIRECTION ( 'NONE',  ( 1.000000000000000000, 8.202002250481357500E-017, -7.885106708985490300E-017 ) ) ;
#9394 = CARTESIAN_POINT ( 'NONE',  ( 21.00355339059327900, -17.29644660940671100, 10.00000000000000000 ) ) ;
#9395 = CIRCLE ( 'NONE', #4206, 0.5000000000000004400 ) ;
#9396 = CARTESIAN_POINT ( 'NONE',  ( -17.90000000000087300, -15.49999999999912400, -28.49999999999999600 ) ) ;
#9397 = ORIENTED_EDGE ( 'NONE', *, *, #7969, .F. ) ;
#9398 = COLOUR_RGB ( '',0.2509803921568627400, 0.2509803921568627400, 0.2509803921568627400 ) ;
#9399 = CARTESIAN_POINT ( 'NONE',  ( 2.372516188615975800, -21.25000000000000700, -22.49338270868220800 ) ) ;
#9400 = DIRECTION ( 'NONE',  ( 0.7071067811865496800, 0.7071067811865453500, 0.0000000000000000000 ) ) ;
#9401 = SURFACE_STYLE_FILL_AREA ( #10379 ) ;
#9402 = EDGE_CURVE ( 'NONE', #9822, #1438, #3329, .T. ) ;
#9403 = ORIENTED_EDGE ( 'NONE', *, *, #5456, .F. ) ;
#9404 =( NAMED_UNIT ( * ) PLANE_ANGLE_UNIT ( ) SI_UNIT ( $, .RADIAN. ) );
#9405 = AXIS2_PLACEMENT_3D ( 'NONE', #7804, #6022, #10203 ) ;
#9406 = PLANE ( 'NONE',  #4536 ) ;
#9407 = DIRECTION ( 'NONE',  ( 0.0000000000000000000, 0.0000000000000000000, -1.000000000000000000 ) ) ;
#9408 = PRESENTATION_STYLE_ASSIGNMENT (( #7528 ) ) ;
#9409 = ADVANCED_FACE ( 'NONE', ( #8566 ), #9317, .T. ) ;
#9410 = EDGE_LOOP ( 'NONE', ( #9859, #6859, #8648, #5790 ) ) ;
#9411 = ORIENTED_EDGE ( 'NONE', *, *, #8746, .F. ) ;
#9412 = DIRECTION ( 'NONE',  ( -1.224646799147353200E-016, 1.000000000000000000, 0.0000000000000000000 ) ) ;
#9413 = LINE ( 'NONE', #9051, #10850 ) ;
#9414 = ORIENTED_EDGE ( 'NONE', *, *, #8778, .F. ) ;
#9415 = CARTESIAN_POINT ( 'NONE',  ( -20.64999999999999500, 16.94289321881343100, -28.49999999999999600 ) ) ;
#9416 = CARTESIAN_POINT ( 'NONE',  ( 16.94289321881343500, -20.65000000000000200, -28.49999999999999600 ) ) ;
#9417 = ORIENTED_EDGE ( 'NONE', *, *, #5923, .T. ) ;
#9418 = AXIS2_PLACEMENT_3D ( 'NONE', #555, #2172, #2206 ) ;
#9419 = DIRECTION ( 'NONE',  ( -1.000000000000000000, 0.0000000000000000000, 0.0000000000000000000 ) ) ;
#9420 = ORIENTED_EDGE ( 'NONE', *, *, #4583, .T. ) ;
#9421 = ORIENTED_EDGE ( 'NONE', *, *, #9278, .F. ) ;
#9422 = STYLED_ITEM ( 'NONE', ( #4937 ), #1720 ) ;
#9423 = CARTESIAN_POINT ( 'NONE',  ( 0.0000000000000000000, 0.0000000000000000000, 9.500000000000000000 ) ) ;
#9424 = ORIENTED_EDGE ( 'NONE', *, *, #7649, .T. ) ;
#9425 = DIRECTION ( 'NONE',  ( 1.000000000000000000, 0.0000000000000000000, 0.0000000000000000000 ) ) ;
#9426 = ORIENTED_EDGE ( 'NONE', *, *, #8545, .F. ) ;
#9427 = ORIENTED_EDGE ( 'NONE', *, *, #5757, .T. ) ;
#9428 = ORIENTED_EDGE ( 'NONE', *, *, #10692, .T. ) ;
#9429 = ORIENTED_EDGE ( 'NONE', *, *, #4493, .F. ) ;
#9430 = ORIENTED_EDGE ( 'NONE', *, *, #1540, .T. ) ;
#9431 = ADVANCED_FACE ( 'NONE', ( #5825 ), #5891, .F. ) ;
#9432 = DIRECTION ( 'NONE',  ( -0.0000000000000000000, 1.000000000000000000, -0.0000000000000000000 ) ) ;
#9433 = CIRCLE ( 'NONE', #1134, 2.749999999999999100 ) ;
#9434 = DIRECTION ( 'NONE',  ( -0.0000000000000000000, -0.0000000000000000000, 1.000000000000000000 ) ) ;
#9435 = MECHANICAL_DESIGN_GEOMETRIC_PRESENTATION_REPRESENTATION (  '', ( #8538 ), #9638 ) ;
#9436 = CARTESIAN_POINT ( 'NONE',  ( 0.5999999999999992000, -18.15000000000000600, -31.35000000000000100 ) ) ;
#9437 = EDGE_CURVE ( 'NONE', #10236, #4855, #1066, .T. ) ;
#9438 = ORIENTED_EDGE ( 'NONE', *, *, #10640, .T. ) ;
#9439 = SURFACE_STYLE_USAGE ( .BOTH. , #7661 ) ;
#9440 = AXIS2_PLACEMENT_3D ( 'NONE', #7694, #4338, #1786 ) ;
#9441 = LINE ( 'NONE', #60, #10343 ) ;
#9442 = EDGE_LOOP ( 'NONE', ( #1756, #6412, #10573, #10634, #7876 ) ) ;
#9443 =( NAMED_UNIT ( * ) SI_UNIT ( $, .STERADIAN. ) SOLID_ANGLE_UNIT ( ) );
#9444 = EDGE_CURVE ( 'NONE', #8548, #8789, #3711, .T. ) ;
#9445 = FILL_AREA_STYLE_COLOUR ( '', #2593 ) ;
#9446 = DIRECTION ( 'NONE',  ( 0.0000000000000000000, 1.000000000000000000, 0.0000000000000000000 ) ) ;
#9447 = VERTEX_POINT ( 'NONE', #726 ) ;
#9448 = ORIENTED_EDGE ( 'NONE', *, *, #5715, .T. ) ;
#9449 = PRESENTATION_LAYER_ASSIGNMENT (  '', '', ( #9874 ) ) ;
#9450 = STYLED_ITEM ( 'NONE', ( #6356 ), #8844 ) ;
#9451 = ORIENTED_EDGE ( 'NONE', *, *, #8424, .T. ) ;
#9452 = SURFACE_SIDE_STYLE ('',( #2813 ) ) ;
#9453 = DIRECTION ( 'NONE',  ( -1.000000000000000000, 0.0000000000000000000, 0.0000000000000000000 ) ) ;
#9454 = CARTESIAN_POINT ( 'NONE',  ( -13.31369220013742600, 21.15999999999999700, -20.99999999999999600 ) ) ;
#9455 = EDGE_LOOP ( 'NONE', ( #5653, #10226, #1420, #10309 ) ) ;
#9456 = ORIENTED_EDGE ( 'NONE', *, *, #7515, .F. ) ;
#9457 = DIRECTION ( 'NONE',  ( 1.000000000000000000, 0.0000000000000000000, 0.0000000000000000000 ) ) ;
#9458 = EDGE_CURVE ( 'NONE', #6394, #1277, #8961, .T. ) ;
#9459 = SURFACE_STYLE_USAGE ( .BOTH. , #357 ) ;
#9460 = VERTEX_POINT ( 'NONE', #7311 ) ;
#9461 = FILL_AREA_STYLE ('',( #2739 ) ) ;
#9462 = LINE ( 'NONE', #8993, #1734 ) ;
#9464 = ORIENTED_EDGE ( 'NONE', *, *, #10358, .T. ) ;
#9463 = CARTESIAN_POINT ( 'NONE',  ( -1.371348881391340800, -39.15000000000000600, -24.45661729131780900 ) ) ;
#9465 = TOROIDAL_SURFACE ( 'NONE', #9097, 11.50000000000000000, 0.5000000000000000000 ) ;
#9466 = SURFACE_STYLE_FILL_AREA ( #7814 ) ;
#9467 = CARTESIAN_POINT ( 'NONE',  ( -1.800000000000000300, -39.15000000000002000, -29.65000000000000200 ) ) ;
#9468 = ORIENTED_EDGE ( 'NONE', *, *, #2325, .F. ) ;
#9469 =( NAMED_UNIT ( * ) PLANE_ANGLE_UNIT ( ) SI_UNIT ( $, .RADIAN. ) );
#9470 = ADVANCED_FACE ( 'NONE', ( #9735 ), #1865, .T. ) ;
#9471 = CARTESIAN_POINT ( 'NONE',  ( -15.98624964825069300, -16.80716972541312200, -28.49999999999999600 ) ) ;
#9472 = FILL_AREA_STYLE_COLOUR ( '', #3879 ) ;
#9473 = ORIENTED_EDGE ( 'NONE', *, *, #9330, .T. ) ;
#9474 = CARTESIAN_POINT ( 'NONE',  ( -16.94289321881343100, 21.14999999999999900, -28.49999999999999600 ) ) ;
#9475 = CIRCLE ( 'NONE', #3633, 2.750000000000000900 ) ;
#9476 = PRESENTATION_STYLE_ASSIGNMENT (( #6159 ) ) ;
#9477 = DIRECTION ( 'NONE',  ( -0.0000000000000000000, -0.0000000000000000000, -1.000000000000000000 ) ) ;
#9478 = CIRCLE ( 'NONE', #7167, 0.5563334663949287600 ) ;
#9479 = CIRCLE ( 'NONE', #6380, 16.00000000000000000 ) ;
#9480 = DIRECTION ( 'NONE',  ( -1.000000000000000000, 0.0000000000000000000, 0.0000000000000000000 ) ) ;
#9481 = DIRECTION ( 'NONE',  ( 0.0000000000000000000, -1.000000000000000000, 0.0000000000000000000 ) ) ;
#9482 = ORIENTED_EDGE ( 'NONE', *, *, #9114, .F. ) ;
#9483 = ADVANCED_FACE ( 'NONE', ( #4781 ), #6346, .T. ) ;
#9484 = MECHANICAL_DESIGN_GEOMETRIC_PRESENTATION_REPRESENTATION (  '', ( #3127 ), #2194 ) ;
#9485 = VECTOR ( 'NONE', #6565, 1000.000000000000000 ) ;
#9486 = CONICAL_SURFACE ( 'NONE', #5141, 1.249999999999999300, 1.029744258676653900 ) ;
#9487 = AXIS2_PLACEMENT_3D ( 'NONE', #6220, #453, #4623 ) ;
#9488 = DIRECTION ( 'NONE',  ( -0.0000000000000000000, -0.0000000000000000000, 1.000000000000000000 ) ) ;
#9489 = DIRECTION ( 'NONE',  ( -0.0000000000000000000, -0.0000000000000000000, -1.000000000000000000 ) ) ;
#9490 = CONICAL_SURFACE ( 'NONE', #4539, 1.249999999999997600, 1.029744258676653200 ) ;
#9491 = DIRECTION ( 'NONE',  ( 0.0000000000000000000, 0.0000000000000000000, 1.000000000000000000 ) ) ;
#9492 = LINE ( 'NONE', #9354, #5976 ) ;
#9493 = EDGE_LOOP ( 'NONE', ( #4897, #4217, #9827, #9075 ) ) ;
#9494 = SURFACE_STYLE_FILL_AREA ( #7112 ) ;
#9495 = CARTESIAN_POINT ( 'NONE',  ( -16.94289321881344200, 20.64999999999999900, 2.000000000000000000 ) ) ;
#9496 = DIRECTION ( 'NONE',  ( -0.0000000000000000000, -0.0000000000000000000, -1.000000000000000000 ) ) ;
#9497 = LINE ( 'NONE', #10510, #5985 ) ;
#9498 = LINE ( 'NONE', #866, #9773 ) ;
#9499 = PRESENTATION_STYLE_ASSIGNMENT (( #8116 ) ) ;
#9500 = DIRECTION ( 'NONE',  ( 1.000000000000000000, 0.0000000000000000000, 0.0000000000000000000 ) ) ;
#9501 = CARTESIAN_POINT ( 'NONE',  ( -12.75000000000000000, 15.50000000000087400, -26.99999999999999600 ) ) ;
#9502 = EDGE_CURVE ( 'NONE', #9848, #9561, #9857, .T. ) ;
#9503 = CARTESIAN_POINT ( 'NONE',  ( -18.24999999999999600, 15.50000000000087400, -26.99999999999999600 ) ) ;
#9504 = DIRECTION ( 'NONE',  ( 0.0000000000000000000, 0.0000000000000000000, -1.000000000000000000 ) ) ;
#9505 = EDGE_CURVE ( 'NONE', #658, #8922, #9462, .T. ) ;
#9506 = SURFACE_STYLE_FILL_AREA ( #5061 ) ;
#9507 = ORIENTED_EDGE ( 'NONE', *, *, #9351, .F. ) ;
#9508 = CIRCLE ( 'NONE', #9578, 0.5563334663949322000 ) ;
#9509 = DIRECTION ( 'NONE',  ( 1.000000000000000000, 0.0000000000000000000, 0.0000000000000000000 ) ) ;
#9510 = AXIS2_PLACEMENT_3D ( 'NONE', #6118, #8642, #7837 ) ;
#9511 = CARTESIAN_POINT ( 'NONE',  ( -21.00355339059326800, -17.29644660940672200, 9.500000000000000000 ) ) ;
#9512 = DIRECTION ( 'NONE',  ( 0.0000000000000000000, 0.0000000000000000000, -1.000000000000000000 ) ) ;
#9513 = AXIS2_PLACEMENT_3D ( 'NONE', #5847, #28, #6788 ) ;
#9514 = CIRCLE ( 'NONE', #6813, 0.5563334663949322000 ) ;
#9515 = CARTESIAN_POINT ( 'NONE',  ( 21.15000000000000200, -21.15000000000000200, -28.49999999999999600 ) ) ;
#9516 = FACE_OUTER_BOUND ( 'NONE', #4461, .T. ) ;
#9517 = VECTOR ( 'NONE', #8747, 1000.000000000000000 ) ;
#9518 = AXIS2_PLACEMENT_3D ( 'NONE', #7713, #4390, #10211 ) ;
#9519 = ADVANCED_FACE ( 'NONE', ( #6198 ), #656, .T. ) ;
#9520 = EDGE_CURVE ( 'NONE', #382, #6196, #7642, .T. ) ;
#9521 = UNCERTAINTY_MEASURE_WITH_UNIT (LENGTH_MEASURE( 1.000000000000000100E-005 ), #7404, 'distance_accuracy_value', 'NONE');
#9522 = EDGE_CURVE ( 'NONE', #4983, #1137, #5439, .T. ) ;
#9523 = PLANE ( 'NONE',  #50 ) ;
#9524 = FILL_AREA_STYLE_COLOUR ( '', #1547 ) ;
#9525 = DIRECTION ( 'NONE',  ( 0.7071067811865361400, 0.0000000000000000000, 0.7071067811865589000 ) ) ;
#9526 = CARTESIAN_POINT ( 'NONE',  ( -15.49999999999999600, -15.50000000000000400, 5.500000000000000000 ) ) ;
#9527 = DIRECTION ( 'NONE',  ( 0.0000000000000000000, 0.0000000000000000000, -1.000000000000000000 ) ) ;
#9528 = AXIS2_PLACEMENT_3D ( 'NONE', #174, #2165, #3862 ) ;
#9529 = VERTEX_POINT ( 'NONE', #1573 ) ;
#9530 = FACE_OUTER_BOUND ( 'NONE', #2266, .T. ) ;
#9531 = DIRECTION ( 'NONE',  ( 0.0000000000000000000, 0.0000000000000000000, 1.000000000000000000 ) ) ;
#9532 = FILL_AREA_STYLE_COLOUR ( '', #6265 ) ;
#9533 = DIRECTION ( 'NONE',  ( -0.0000000000000000000, 1.000000000000000000, -0.0000000000000000000 ) ) ;
#9534 = ADVANCED_FACE ( 'NONE', ( #2139 ), #6464, .T. ) ;
#9535 = CARTESIAN_POINT ( 'NONE',  ( 13.09999999999912400, -15.50000000000000200, -27.99999999999999600 ) ) ;
#9536 =( LENGTH_UNIT ( ) NAMED_UNIT ( * ) SI_UNIT ( .MILLI., .METRE. ) );
#9537 = DIRECTION ( 'NONE',  ( -0.0000000000000000000, 0.0000000000000000000, 1.000000000000000000 ) ) ;
#9538 = FACE_OUTER_BOUND ( 'NONE', #7160, .T. ) ;
#9539 = DIRECTION ( 'NONE',  ( 0.0000000000000000000, 0.0000000000000000000, -1.000000000000000000 ) ) ;
#9540 = DIRECTION ( 'NONE',  ( 0.0000000000000000000, 1.000000000000000000, -0.0000000000000000000 ) ) ;
#9541 = VERTEX_POINT ( 'NONE', #1424 ) ;
#9542 = CARTESIAN_POINT ( 'NONE',  ( 16.74998035735527000, 15.03502403148956300, -26.99999999999999600 ) ) ;
#9543 = ORIENTED_EDGE ( 'NONE', *, *, #6257, .F. ) ;
#9544 =( NAMED_UNIT ( * ) SI_UNIT ( $, .STERADIAN. ) SOLID_ANGLE_UNIT ( ) );
#9545 = CIRCLE ( 'NONE', #3764, 0.5000000000000004400 ) ;
#9546 = ORIENTED_EDGE ( 'NONE', *, *, #8969, .F. ) ;
#9547 = DIRECTION ( 'NONE',  ( 0.0000000000000000000, 0.0000000000000000000, -1.000000000000000000 ) ) ;
#9548 = CARTESIAN_POINT ( 'NONE',  ( -21.14999999999999500, -21.15000000000000600, -19.00000000000000000 ) ) ;
#9549 = VERTEX_POINT ( 'NONE', #7763 ) ;
#9550 = EDGE_CURVE ( 'NONE', #3010, #5155, #6610, .T. ) ;
#9551 =( LENGTH_UNIT ( ) NAMED_UNIT ( * ) SI_UNIT ( .MILLI., .METRE. ) );
#9552 = DIRECTION ( 'NONE',  ( -0.0000000000000000000, -0.0000000000000000000, 1.000000000000000000 ) ) ;
#9553 = DIRECTION ( 'NONE',  ( 0.0000000000000000000, 0.0000000000000000000, -1.000000000000000000 ) ) ;
#9554 = AXIS2_PLACEMENT_3D ( 'NONE', #8215, #9886, #721 ) ;
#9555 = ORIENTED_EDGE ( 'NONE', *, *, #8052, .F. ) ;
#9556 = EDGE_LOOP ( 'NONE', ( #4648, #1601, #6567 ) ) ;
#9557 = DIRECTION ( 'NONE',  ( 0.0000000000000000000, -1.000000000000000000, 0.0000000000000000000 ) ) ;
#9558 = VERTEX_POINT ( 'NONE', #7637 ) ;
#9559 = CARTESIAN_POINT ( 'NONE',  ( 0.0000000000000000000, -19.15000000000000600, -25.10661729131781100 ) ) ;
#9560 = ORIENTED_EDGE ( 'NONE', *, *, #9373, .F. ) ;
#9561 = VERTEX_POINT ( 'NONE', #8373 ) ;
#9562 = ORIENTED_EDGE ( 'NONE', *, *, #7399, .F. ) ;
#9563 = VERTEX_POINT ( 'NONE', #10167 ) ;
#9564 = SURFACE_STYLE_USAGE ( .BOTH. , #9452 ) ;
#9565 = CARTESIAN_POINT ( 'NONE',  ( 1.999999999999994900, 0.0000000000000000000, -26.99999999999999600 ) ) ;
#9566 = ORIENTED_EDGE ( 'NONE', *, *, #5638, .F. ) ;
#9567 = DIRECTION ( 'NONE',  ( 0.0000000000000000000, 0.0000000000000000000, 1.000000000000000000 ) ) ;
#9568 =( GEOMETRIC_REPRESENTATION_CONTEXT ( 3 ) GLOBAL_UNCERTAINTY_ASSIGNED_CONTEXT ( ( #720 ) ) GLOBAL_UNIT_ASSIGNED_CONTEXT ( ( #6541, #3094, #3887 ) ) REPRESENTATION_CONTEXT ( 'NONE', 'WORKASPACE' ) );
#9569 = CARTESIAN_POINT ( 'NONE',  ( 0.0000000000000000000, 20.64999999999999900, -28.99999999999999600 ) ) ;
#9570 = AXIS2_PLACEMENT_3D ( 'NONE', #10755, #7526, #5053 ) ;
#9571 = LINE ( 'NONE', #8293, #10745 ) ;
#9572 = ORIENTED_EDGE ( 'NONE', *, *, #2898, .T. ) ;
#9573 = DIRECTION ( 'NONE',  ( 0.0000000000000000000, -1.000000000000000000, 0.0000000000000000000 ) ) ;
#9574 = AXIS2_PLACEMENT_3D ( 'NONE', #7460, #2439, #1610 ) ;
#9575 = EDGE_CURVE ( 'NONE', #3404, #9304, #4244, .T. ) ;
#9576 = ORIENTED_EDGE ( 'NONE', *, *, #3433, .T. ) ;
#9577 = ADVANCED_FACE ( 'NONE', ( #4641 ), #1596, .T. ) ;
#9578 = AXIS2_PLACEMENT_3D ( 'NONE', #1114, #1966, #9547 ) ;
#9579 = PLANE ( 'NONE',  #5074 ) ;
#9580 = LINE ( 'NONE', #7094, #3961 ) ;
#9581 = EDGE_CURVE ( 'NONE', #8159, #4219, #4910, .T. ) ;
#9582 = ORIENTED_EDGE ( 'NONE', *, *, #10217, .F. ) ;
#9583 = DIRECTION ( 'NONE',  ( 1.000000000000000000, 0.0000000000000000000, 0.0000000000000000000 ) ) ;
#9584 = ORIENTED_EDGE ( 'NONE', *, *, #6055, .T. ) ;
#9585 = AXIS2_PLACEMENT_3D ( 'NONE', #7750, #9567, #5282 ) ;
#9586 =( NAMED_UNIT ( * ) PLANE_ANGLE_UNIT ( ) SI_UNIT ( $, .RADIAN. ) );
#9587 = CARTESIAN_POINT ( 'NONE',  ( 0.0000000000000000000, 0.0000000000000000000, -26.99999999999999600 ) ) ;
#9588 = PRESENTATION_LAYER_ASSIGNMENT (  '', '', ( #3086 ) ) ;
#9589 = EDGE_CURVE ( 'NONE', #4620, #4961, #1055, .T. ) ;
#9590 = FILL_AREA_STYLE ('',( #3749 ) ) ;
#9591 = ORIENTED_EDGE ( 'NONE', *, *, #6880, .F. ) ;
#9592 = ORIENTED_EDGE ( 'NONE', *, *, #10617, .F. ) ;
#9593 = DIRECTION ( 'NONE',  ( -0.0000000000000000000, 1.000000000000000000, -0.0000000000000000000 ) ) ;
#9594 = DIRECTION ( 'NONE',  ( -0.0000000000000000000, 1.000000000000000000, -0.0000000000000000000 ) ) ;
#9595 = EDGE_LOOP ( 'NONE', ( #4248, #6990, #3445, #1639 ) ) ;
#9596 = ORIENTED_EDGE ( 'NONE', *, *, #3192, .F. ) ;
#9597 = ADVANCED_FACE ( 'NONE', ( #6062 ), #10228, .T. ) ;
#9598 = ORIENTED_EDGE ( 'NONE', *, *, #7629, .T. ) ;
#9599 = MECHANICAL_DESIGN_GEOMETRIC_PRESENTATION_REPRESENTATION (  '', ( #2662 ), #3241 ) ;
#9600 =( GEOMETRIC_REPRESENTATION_CONTEXT ( 3 ) GLOBAL_UNCERTAINTY_ASSIGNED_CONTEXT ( ( #8909 ) ) GLOBAL_UNIT_ASSIGNED_CONTEXT ( ( #9133, #10791, #8151 ) ) REPRESENTATION_CONTEXT ( 'NONE', 'WORKASPACE' ) );
#9601 = FACE_OUTER_BOUND ( 'NONE', #2533, .T. ) ;
#9602 = ORIENTED_EDGE ( 'NONE', *, *, #4151, .F. ) ;
#9603 = DIRECTION ( 'NONE',  ( 0.0000000000000000000, 0.0000000000000000000, -1.000000000000000000 ) ) ;
#9604 = DIRECTION ( 'NONE',  ( 0.0000000000000000000, -0.0000000000000000000, -1.000000000000000000 ) ) ;
#9605 = SURFACE_STYLE_FILL_AREA ( #5038 ) ;
#9606 = EDGE_CURVE ( 'NONE', #8441, #5290, #9719, .T. ) ;
#9607 = DIRECTION ( 'NONE',  ( -1.000000000000000000, 0.0000000000000000000, -0.0000000000000000000 ) ) ;
#9608 = CARTESIAN_POINT ( 'NONE',  ( -16.80716972541453200, 15.98624964825021900, -26.99999999999999600 ) ) ;
#9609 = FILL_AREA_STYLE_COLOUR ( '', #4805 ) ;
#9610 = PRESENTATION_STYLE_ASSIGNMENT (( #5898 ) ) ;
#9611 = CARTESIAN_POINT ( 'NONE',  ( 17.29644660940670800, 21.00355339059327200, 2.000000000000000000 ) ) ;
#9612 = CARTESIAN_POINT ( 'NONE',  ( -15.98624964825069300, -16.80716972541312200, -26.99999999999999600 ) ) ;
#9613 = LINE ( 'NONE', #10483, #7416 ) ;
#9614 = EDGE_CURVE ( 'NONE', #422, #7487, #2654, .T. ) ;
#9616 = CYLINDRICAL_SURFACE ( 'NONE', #8879, 1.249999999999997600 ) ;
#9615 = CARTESIAN_POINT ( 'NONE',  ( -15.50000000000087200, -15.49999999999912400, -28.49999999999999600 ) ) ;
#9617 = EDGE_CURVE ( 'NONE', #3763, #5155, #5178, .T. ) ;
#9618 = FACE_OUTER_BOUND ( 'NONE', #8992, .T. ) ;
#9619 = FACE_OUTER_BOUND ( 'NONE', #4373, .T. ) ;
#9620 =( NAMED_UNIT ( * ) SI_UNIT ( $, .STERADIAN. ) SOLID_ANGLE_UNIT ( ) );
#9621 = CARTESIAN_POINT ( 'NONE',  ( 0.0000000000000000000, 2.000000000000000000, 34.00000000000000000 ) ) ;
#9622 = DIRECTION ( 'NONE',  ( -0.7071067811865493500, 0.7071067811865456900, -0.0000000000000000000 ) ) ;
#9623 = CARTESIAN_POINT ( 'NONE',  ( 21.15000000000000200, -21.15000000000000200, -20.99999999999999600 ) ) ;
#9624 = PLANE ( 'NONE',  #1494 ) ;
#9625 = CIRCLE ( 'NONE', #103, 0.5000000000000004400 ) ;
#9626 = CARTESIAN_POINT ( 'NONE',  ( -15.98624964825069700, -14.19283027458502200, -26.99999999999999600 ) ) ;
#9627 = LINE ( 'NONE', #3746, #2696 ) ;
#9628 = AXIS2_PLACEMENT_3D ( 'NONE', #1131, #4579, #6295 ) ;
#9629 = AXIS2_PLACEMENT_3D ( 'NONE', #8596, #3584, #2703 ) ;
#9630 = PRESENTATION_STYLE_ASSIGNMENT (( #7037 ) ) ;
#9631 = DIRECTION ( 'NONE',  ( 1.000000000000000000, 0.0000000000000000000, 0.0000000000000000000 ) ) ;
#9632 = VECTOR ( 'NONE', #8670, 1000.000000000000000 ) ;
#9633 = CARTESIAN_POINT ( 'NONE',  ( 16.80716972541264600, -15.98624964824928800, -26.99999999999999600 ) ) ;
#9634 = FACE_OUTER_BOUND ( 'NONE', #6423, .T. ) ;
#9635 = CARTESIAN_POINT ( 'NONE',  ( -21.16000000000001100, -13.31369220013740300, 4.000000000000003600 ) ) ;
#9636 = EDGE_LOOP ( 'NONE', ( #3325, #9841, #1575, #9736 ) ) ;
#9637 = LINE ( 'NONE', #9265, #3112 ) ;
#9638 =( GEOMETRIC_REPRESENTATION_CONTEXT ( 3 ) GLOBAL_UNCERTAINTY_ASSIGNED_CONTEXT ( ( #4924 ) ) GLOBAL_UNIT_ASSIGNED_CONTEXT ( ( #3405, #5159, #930 ) ) REPRESENTATION_CONTEXT ( 'NONE', 'WORKASPACE' ) );
#9639 = EDGE_CURVE ( 'NONE', #7590, #9332, #809, .T. ) ;
#9640 = SURFACE_STYLE_USAGE ( .BOTH. , #2956 ) ;
#9641 = VECTOR ( 'NONE', #2597, 999.9999999999998900 ) ;
#9642 = AXIS2_PLACEMENT_3D ( 'NONE', #1745, #10051, #6756 ) ;
#9643 = ADVANCED_FACE ( 'NONE', ( #2254 ), #7516, .F. ) ;
#9644 = UNCERTAINTY_MEASURE_WITH_UNIT (LENGTH_MEASURE( 1.000000000000000100E-005 ), #4116, 'distance_accuracy_value', 'NONE');
#9645 = ORIENTED_EDGE ( 'NONE', *, *, #4207, .T. ) ;
#9646 = CARTESIAN_POINT ( 'NONE',  ( -16.94289321881344200, 21.14999999999999900, 9.500000000000000000 ) ) ;
#9647 = DIRECTION ( 'NONE',  ( -0.0000000000000000000, -1.000000000000000000, -0.0000000000000000000 ) ) ;
#9648 = VECTOR ( 'NONE', #709, 1000.000000000000000 ) ;
#9649 = CARTESIAN_POINT ( 'NONE',  ( 15.01375035175125200, 15.03502403148986100, -28.49999999999999600 ) ) ;
#9650 = EDGE_CURVE ( 'NONE', #4087, #10302, #14, .T. ) ;
#9651 = DIRECTION ( 'NONE',  ( 1.000000000000000000, 0.0000000000000000000, 0.0000000000000000000 ) ) ;
#9652 = AXIS2_PLACEMENT_3D ( 'NONE', #6007, #10188, #4468 ) ;
#9653 = DIRECTION ( 'NONE',  ( 0.0000000000000000000, -1.000000000000000000, 0.0000000000000000000 ) ) ;
#9654 = EDGE_CURVE ( 'NONE', #6913, #235, #2919, .T. ) ;
#9655 = SURFACE_STYLE_FILL_AREA ( #8173 ) ;
#9656 = LINE ( 'NONE', #2936, #8106 ) ;
#9657 = CARTESIAN_POINT ( 'NONE',  ( -15.96497596851090600, 14.25001964264614300, -28.49999999999999600 ) ) ;
#9658 = CARTESIAN_POINT ( 'NONE',  ( -1.371348881391340800, -19.15000000000000600, -23.12683120912890200 ) ) ;
#9659 = FACE_OUTER_BOUND ( 'NONE', #4389, .T. ) ;
#9660 = DIRECTION ( 'NONE',  ( 0.0000000000000000000, 0.0000000000000000000, 1.000000000000000000 ) ) ;
#9661 = AXIS2_PLACEMENT_3D ( 'NONE', #4430, #8745, #5286 ) ;
#9662 = ORIENTED_EDGE ( 'NONE', *, *, #1655, .F. ) ;
#9663 = CIRCLE ( 'NONE', #6667, 1.249999999999999300 ) ;
#9664 = DIRECTION ( 'NONE',  ( -0.0000000000000000000, 1.000000000000000000, -0.0000000000000000000 ) ) ;
#9665 = AXIS2_PLACEMENT_3D ( 'NONE', #8524, #7582, #896 ) ;
#9666 = DIRECTION ( 'NONE',  ( 0.7071067811865482400, 0.7071067811865469100, -0.0000000000000000000 ) ) ;
#9667 = SURFACE_STYLE_FILL_AREA ( #2103 ) ;
#9668 = EDGE_CURVE ( 'NONE', #8644, #3628, #8555, .T. ) ;
#9669 = DIRECTION ( 'NONE',  ( -0.0000000000000000000, -0.0000000000000000000, -1.000000000000000000 ) ) ;
#9670 = ORIENTED_EDGE ( 'NONE', *, *, #3648, .F. ) ;
#9671 = CARTESIAN_POINT ( 'NONE',  ( 14.25001964264473400, 15.96497596851043000, -28.49999999999999600 ) ) ;
#9672 = CARTESIAN_POINT ( 'NONE',  ( 15.96497596850902500, -15.01375035175166400, -26.99999999999999600 ) ) ;
#9673 = PRESENTATION_STYLE_ASSIGNMENT (( #1673 ) ) ;
#9674 =( LENGTH_UNIT ( ) NAMED_UNIT ( * ) SI_UNIT ( .MILLI., .METRE. ) );
#9675 = DIRECTION ( 'NONE',  ( -0.0000000000000000000, -0.0000000000000000000, -1.000000000000000000 ) ) ;
#9676 = LINE ( 'NONE', #7802, #1417 ) ;
#9677 = ORIENTED_EDGE ( 'NONE', *, *, #222, .F. ) ;
#9678 = VERTEX_POINT ( 'NONE', #883 ) ;
#9679 = ORIENTED_EDGE ( 'NONE', *, *, #1012, .F. ) ;
#9680 = CARTESIAN_POINT ( 'NONE',  ( 0.0000000000000000000, -21.25000000000000700, 0.0000000000000000000 ) ) ;
#9681 = EDGE_LOOP ( 'NONE', ( #8027, #5791, #10234, #5916, #10329 ) ) ;
#9682 = CARTESIAN_POINT ( 'NONE',  ( 1.799999999999999400, -18.15000000000000600, -30.85000000000000100 ) ) ;
#9683 = VERTEX_POINT ( 'NONE', #134 ) ;
#9684 = DIRECTION ( 'NONE',  ( -1.000000000000000000, -3.861347820635129200E-013, 0.0000000000000000000 ) ) ;
#9685 = PLANE ( 'NONE',  #22 ) ;
#9686 = EDGE_LOOP ( 'NONE', ( #2211, #10520, #1027, #8749 ) ) ;
#9687 = CARTESIAN_POINT ( 'NONE',  ( -15.96497596851089900, 16.74998035735668000, -28.49999999999999600 ) ) ;
#9688 = SURFACE_STYLE_USAGE ( .BOTH. , #4665 ) ;
#9689 = ORIENTED_EDGE ( 'NONE', *, *, #1479, .T. ) ;
#9690 = ORIENTED_EDGE ( 'NONE', *, *, #2294, .T. ) ;
#9691 = ORIENTED_EDGE ( 'NONE', *, *, #7711, .T. ) ;
#9692 = ORIENTED_EDGE ( 'NONE', *, *, #2944, .F. ) ;
#9693 = FILL_AREA_STYLE ('',( #10558 ) ) ;
#9694 =( LENGTH_UNIT ( ) NAMED_UNIT ( * ) SI_UNIT ( .MILLI., .METRE. ) );
#9695 = ORIENTED_EDGE ( 'NONE', *, *, #1669, .F. ) ;
#9696 = CARTESIAN_POINT ( 'NONE',  ( 0.0000000000000000000, 0.0000000000000000000, 9.500000000000000000 ) ) ;
#9697 = EDGE_CURVE ( 'NONE', #10302, #4605, #543, .T. ) ;
#9698 = STYLED_ITEM ( 'NONE', ( #2307 ), #6046 ) ;
#9699 = FACE_OUTER_BOUND ( 'NONE', #1812, .T. ) ;
#9700 = CARTESIAN_POINT ( 'NONE',  ( 15.96497596850902500, -14.25001964264521200, -28.49999999999999600 ) ) ;
#9701 = AXIS2_PLACEMENT_3D ( 'NONE', #8174, #7378, #5704 ) ;
#9702 = DIRECTION ( 'NONE',  ( 0.0000000000000000000, -1.000000000000000000, 0.0000000000000000000 ) ) ;
#9703 = ORIENTED_EDGE ( 'NONE', *, *, #9222, .F. ) ;
#9704 = DIRECTION ( 'NONE',  ( 1.000000000000000000, 1.865390464730955100E-015, 0.0000000000000000000 ) ) ;
#9705 = ADVANCED_FACE ( 'NONE', ( #1326 ), #9340, .T. ) ;
#9706 = TOROIDAL_SURFACE ( 'NONE', #405, 1.900000000000002800, 0.5000000000000000000 ) ;
#9708 = VERTEX_POINT ( 'NONE', #6024 ) ;
#9707 = DIRECTION ( 'NONE',  ( 8.202002250481357500E-017, -1.000000000000000000, 0.0000000000000000000 ) ) ;
#9709 = ORIENTED_EDGE ( 'NONE', *, *, #6317, .F. ) ;
#9710 = PLANE ( 'NONE',  #961 ) ;
#9711 = DIRECTION ( 'NONE',  ( 0.0000000000000000000, -1.000000000000000000, 0.0000000000000000000 ) ) ;
#9712 = CARTESIAN_POINT ( 'NONE',  ( -15.01375035175307500, -15.03502403148862900, -28.49999999999999600 ) ) ;
#9713 = CARTESIAN_POINT ( 'NONE',  ( -21.14999999999999500, -16.94289321881345600, -28.49999999999999600 ) ) ;
#9714 = ORIENTED_EDGE ( 'NONE', *, *, #5751, .F. ) ;
#9715 = AXIS2_PLACEMENT_3D ( 'NONE', #2271, #538, #4786 ) ;
#9716 = AXIS2_PLACEMENT_3D ( 'NONE', #3995, #9805, #7445 ) ;
#9717 = ORIENTED_EDGE ( 'NONE', *, *, #2382, .F. ) ;
#9718 = AXIS2_PLACEMENT_3D ( 'NONE', #358, #2938, #9512 ) ;
#9719 = LINE ( 'NONE', #7665, #8024 ) ;
#9721 = ORIENTED_EDGE ( 'NONE', *, *, #9606, .T. ) ;
#9720 = CARTESIAN_POINT ( 'NONE',  ( 0.5999999999999996400, -39.15000000000002000, -30.15000000000000200 ) ) ;
#9722 = EDGE_CURVE ( 'NONE', #8676, #95, #1973, .T. ) ;
#9723 = ORIENTED_EDGE ( 'NONE', *, *, #4861, .F. ) ;
#9724 = ORIENTED_EDGE ( 'NONE', *, *, #10132, .T. ) ;
#9725 = DIRECTION ( 'NONE',  ( 0.0000000000000000000, -0.0000000000000000000, -1.000000000000000000 ) ) ;
#9726 = DIRECTION ( 'NONE',  ( -0.0000000000000000000, -0.0000000000000000000, 1.000000000000000000 ) ) ;
#9727 = CARTESIAN_POINT ( 'NONE',  ( 15.49999999999912400, -15.50000000000000200, -28.49999999999999600 ) ) ;
#9728 = UNCERTAINTY_MEASURE_WITH_UNIT (LENGTH_MEASURE( 1.000000000000000100E-005 ), #3870, 'distance_accuracy_value', 'NONE');
#9729 = STYLED_ITEM ( 'NONE', ( #1250 ), #4626 ) ;
#9730 = DIRECTION ( 'NONE',  ( 1.000000000000000000, 0.0000000000000000000, 0.0000000000000000000 ) ) ;
#9731 = EDGE_CURVE ( 'NONE', #10602, #6913, #1852, .T. ) ;
#9732 = LINE ( 'NONE', #2808, #8044 ) ;
#9733 = VERTEX_POINT ( 'NONE', #1013 ) ;
#9734 = MECHANICAL_DESIGN_GEOMETRIC_PRESENTATION_REPRESENTATION (  '', ( #2008 ), #4284 ) ;
#9735 = FACE_OUTER_BOUND ( 'NONE', #2128, .T. ) ;
#9736 = ORIENTED_EDGE ( 'NONE', *, *, #8988, .F. ) ;
#9737 = DIRECTION ( 'NONE',  ( 0.7071067811865469100, -0.7071067811865482400, -0.0000000000000000000 ) ) ;
#9738 = DIRECTION ( 'NONE',  ( -0.0000000000000000000, -0.0000000000000000000, -1.000000000000000000 ) ) ;
#9739 =( NAMED_UNIT ( * ) PLANE_ANGLE_UNIT ( ) SI_UNIT ( $, .RADIAN. ) );
#9740 = CIRCLE ( 'NONE', #8838, 0.5000000000000004400 ) ;
#9741 = DIRECTION ( 'NONE',  ( 0.7071067811865460200, 8.659560562354913100E-017, -0.7071067811865490200 ) ) ;
#9742 = ORIENTED_EDGE ( 'NONE', *, *, #10305, .F. ) ;
#9743 = STYLED_ITEM ( 'NONE', ( #4057 ), #3566 ) ;
#9744 = EDGE_CURVE ( 'NONE', #6076, #4605, #7124, .T. ) ;
#9745 = LINE ( 'NONE', #3441, #7536 ) ;
#9746 = CARTESIAN_POINT ( 'NONE',  ( -17.40000000000087600, -15.49999999999912400, -27.99999999999999600 ) ) ;
#9747 = FACE_BOUND ( 'NONE', #5210, .T. ) ;
#9748 = ADVANCED_FACE ( 'NONE', ( #7753 ), #8689, .T. ) ;
#9749 = PRESENTATION_STYLE_ASSIGNMENT (( #7042 ) ) ;
#9750 = AXIS2_PLACEMENT_3D ( 'NONE', #10137, #4249, #5070 ) ;
#9751 = SURFACE_STYLE_FILL_AREA ( #5750 ) ;
#9752 = CARTESIAN_POINT ( 'NONE',  ( 1.799999999999999800, -39.15000000000002000, -30.15000000000000200 ) ) ;
#9753 = CARTESIAN_POINT ( 'NONE',  ( 15.49999999999912400, -15.50000000000000200, -28.99999999999999600 ) ) ;
#9754 = CARTESIAN_POINT ( 'NONE',  ( 15.03502403148815200, -16.74998035735574600, -26.99999999999999600 ) ) ;
#9755 = PLANE ( 'NONE',  #8323 ) ;
#9756 = FACE_OUTER_BOUND ( 'NONE', #523, .T. ) ;
#9757 = ORIENTED_EDGE ( 'NONE', *, *, #10028, .T. ) ;
#9758 = COLOUR_RGB ( '',0.5607843137254902000, 0.3098039215686274600, 0.0000000000000000000 ) ;
#9759 = DIRECTION ( 'NONE',  ( 1.000000000000000000, 0.0000000000000000000, 0.0000000000000000000 ) ) ;
#9760 = LINE ( 'NONE', #1350, #10659 ) ;
#9761 = CYLINDRICAL_SURFACE ( 'NONE', #7333, 0.5563334663949322000 ) ;
#9762 = ORIENTED_EDGE ( 'NONE', *, *, #197, .T. ) ;
#9763 = VECTOR ( 'NONE', #3348, 1000.000000000000000 ) ;
#9764 = ADVANCED_FACE ( 'NONE', ( #2911 ), #238, .F. ) ;
#9765 = DIRECTION ( 'NONE',  ( -0.0000000000000000000, -0.0000000000000000000, 1.000000000000000000 ) ) ;
#9766 = CARTESIAN_POINT ( 'NONE',  ( -14.25001964264661700, -15.03502403148863200, -26.99999999999999600 ) ) ;
#9767 = DIRECTION ( 'NONE',  ( 0.0000000000000000000, 0.0000000000000000000, 1.000000000000000000 ) ) ;
#9768 = EDGE_CURVE ( 'NONE', #3284, #658, #2646, .T. ) ;
#9769 = EDGE_CURVE ( 'NONE', #8139, #3275, #9847, .T. ) ;
#9770 = FACE_OUTER_BOUND ( 'NONE', #508, .T. ) ;
#9771 =( NAMED_UNIT ( * ) SI_UNIT ( $, .STERADIAN. ) SOLID_ANGLE_UNIT ( ) );
#9772 = CARTESIAN_POINT ( 'NONE',  ( 16.94289321881341300, 20.64999999999999900, -19.00000000000000000 ) ) ;
#9774 = DIRECTION ( 'NONE',  ( -0.0000000000000000000, -0.0000000000000000000, -1.000000000000000000 ) ) ;
#9773 = VECTOR ( 'NONE', #8492, 1000.000000000000000 ) ;
#9775 = PRESENTATION_STYLE_ASSIGNMENT (( #2970 ) ) ;
#9776 = DIRECTION ( 'NONE',  ( -1.000000000000000000, 0.0000000000000000000, 0.0000000000000000000 ) ) ;
#9777 = DIRECTION ( 'NONE',  ( 0.0000000000000000000, 0.0000000000000000000, -1.000000000000000000 ) ) ;
#9778 = COLOUR_RGB ( '',0.2509803921568627400, 0.2509803921568627400, 0.2509803921568627400 ) ;
#9779 = CARTESIAN_POINT ( 'NONE',  ( -0.6000000000000006400, -39.15000000000002000, -31.85000000000000500 ) ) ;
#9780 = DIRECTION ( 'NONE',  ( -1.000000000000000000, 0.0000000000000000000, 0.0000000000000000000 ) ) ;
#9781 = CARTESIAN_POINT ( 'NONE',  ( -15.49999999999999600, 15.50000000000087400, -27.99999999999999600 ) ) ;
#9782 = CIRCLE ( 'NONE', #8736, 3.249999999999999600 ) ;
#9783 = ORIENTED_EDGE ( 'NONE', *, *, #6379, .T. ) ;
#9784 = AXIS2_PLACEMENT_3D ( 'NONE', #9937, #2302, #747 ) ;
#9785 = AXIS2_PLACEMENT_3D ( 'NONE', #1299, #1334, #5517 ) ;
#9786 = FACE_OUTER_BOUND ( 'NONE', #1198, .T. ) ;
#9787 = AXIS2_PLACEMENT_3D ( 'NONE', #1257, #3691, #2150 ) ;
#9788 = CARTESIAN_POINT ( 'NONE',  ( 18.79644660940673300, 18.79644660940669700, 9.500000000000000000 ) ) ;
#9789 = DIRECTION ( 'NONE',  ( -1.865390464730961800E-015, 1.000000000000000000, -0.0000000000000000000 ) ) ;
#9790 = DIRECTION ( 'NONE',  ( -1.000000000000000000, -0.0000000000000000000, 0.0000000000000000000 ) ) ;
#9791 = SURFACE_STYLE_USAGE ( .BOTH. , #10499 ) ;
#9792 =( GEOMETRIC_REPRESENTATION_CONTEXT ( 3 ) GLOBAL_UNCERTAINTY_ASSIGNED_CONTEXT ( ( #2075 ) ) GLOBAL_UNIT_ASSIGNED_CONTEXT ( ( #3207, #576, #3929 ) ) REPRESENTATION_CONTEXT ( 'NONE', 'WORKASPACE' ) );
#9793 = FACE_OUTER_BOUND ( 'NONE', #4464, .T. ) ;
#9794 = CARTESIAN_POINT ( 'NONE',  ( -12.75000000000087200, -15.49999999999912400, -28.49999999999999600 ) ) ;
#9795 = CIRCLE ( 'NONE', #10603, 0.5000000000000006700 ) ;
#9796 = UNCERTAINTY_MEASURE_WITH_UNIT (LENGTH_MEASURE( 1.000000000000000100E-005 ), #6011, 'distance_accuracy_value', 'NONE');
#9797 = CONICAL_SURFACE ( 'NONE', #5947, 1.249999999999999300, 1.029744258676653900 ) ;
#9798 = AXIS2_PLACEMENT_3D ( 'NONE', #8055, #4746, #3046 ) ;
#9799 = EDGE_CURVE ( 'NONE', #2872, #2504, #1190, .T. ) ;
#9800 = STYLED_ITEM ( 'NONE', ( #10283 ), #7831 ) ;
#9801 = COLOUR_RGB ( '',0.2509803921568627400, 0.2509803921568627400, 0.2509803921568627400 ) ;
#9802 = CARTESIAN_POINT ( 'NONE',  ( 20.65000000000000200, -16.94289321881344200, 9.500000000000000000 ) ) ;
#9803 = DIRECTION ( 'NONE',  ( 0.0000000000000000000, 1.000000000000000000, 0.0000000000000000000 ) ) ;
#9804 = DIRECTION ( 'NONE',  ( 1.000000000000000000, 0.0000000000000000000, 0.0000000000000000000 ) ) ;
#9805 = DIRECTION ( 'NONE',  ( 0.0000000000000000000, -1.000000000000000000, 0.0000000000000000000 ) ) ;
#9806 = CARTESIAN_POINT ( 'NONE',  ( -3.516151791541895800, -21.25000000000000700, -21.79825338369560200 ) ) ;
#9807 = AXIS2_PLACEMENT_3D ( 'NONE', #10793, #6657, #8436 ) ;
#9808 = EDGE_LOOP ( 'NONE', ( #6983, #2256, #7382, #2093, #9315, #9206, #4881, #7111, #785, #6957, #4341, #5100 ) ) ;
#9809 = EDGE_CURVE ( 'NONE', #9944, #10319, #9082, .T. ) ;
#9810 = PLANE ( 'NONE',  #4821 ) ;
#9811 = CARTESIAN_POINT ( 'NONE',  ( 15.50000000000000000, 15.50000000000000000, -27.99999999999999600 ) ) ;
#9812 = CARTESIAN_POINT ( 'NONE',  ( 0.0000000000000000000, 0.0000000000000000000, -20.99999999999999600 ) ) ;
#9813 = PRESENTATION_LAYER_ASSIGNMENT (  '', '', ( #404 ) ) ;
#9814 = VECTOR ( 'NONE', #727, 1000.000000000000000 ) ;
#9815 = ORIENTED_EDGE ( 'NONE', *, *, #6444, .T. ) ;
#9816 = AXIS2_PLACEMENT_3D ( 'NONE', #9262, #7648, #10148 ) ;
#9817 = ORIENTED_EDGE ( 'NONE', *, *, #10128, .F. ) ;
#9818 = CARTESIAN_POINT ( 'NONE',  ( -17.29644660940671500, -21.00355339059328200, 2.000000000000000000 ) ) ;
#9819 = EDGE_LOOP ( 'NONE', ( #5268, #5123, #3042, #638 ) ) ;
#9820 = DIRECTION ( 'NONE',  ( -1.000000000000000000, -5.211847922874174100E-016, 0.0000000000000000000 ) ) ;
#9821 = ADVANCED_FACE ( 'NONE', ( #4633 ), #9706, .T. ) ;
#9822 = VERTEX_POINT ( 'NONE', #201 ) ;
#9823 = EDGE_CURVE ( 'NONE', #1463, #10063, #3443, .T. ) ;
#9824 = CARTESIAN_POINT ( 'NONE',  ( -15.98624964825069700, -14.19283027458502200, -26.99999999999999600 ) ) ;
#9825 = CARTESIAN_POINT ( 'NONE',  ( 14.19283027458454600, -15.98624964824929200, -26.99999999999999600 ) ) ;
#9826 = CARTESIAN_POINT ( 'NONE',  ( -20.64999999999999500, 16.94289321881344900, 9.500000000000000000 ) ) ;
#9827 = ORIENTED_EDGE ( 'NONE', *, *, #10707, .F. ) ;
#9828 = ORIENTED_EDGE ( 'NONE', *, *, #6637, .T. ) ;
#9829 = ORIENTED_EDGE ( 'NONE', *, *, #1580, .T. ) ;
#9830 = CARTESIAN_POINT ( 'NONE',  ( 21.14999999999999900, -13.32957238623955700, -19.00000000000000400 ) ) ;
#9831 = VERTEX_POINT ( 'NONE', #7127 ) ;
#9832 = ORIENTED_EDGE ( 'NONE', *, *, #7790, .F. ) ;
#9833 = VECTOR ( 'NONE', #3552, 1000.000000000000100 ) ;
#9834 = ORIENTED_EDGE ( 'NONE', *, *, #9402, .T. ) ;
#9835 = ORIENTED_EDGE ( 'NONE', *, *, #10555, .F. ) ;
#9836 = EDGE_CURVE ( 'NONE', #3728, #2526, #1316, .T. ) ;
#9837 = EDGE_CURVE ( 'NONE', #6706, #3937, #8426, .T. ) ;
#9838 = ORIENTED_EDGE ( 'NONE', *, *, #6568, .F. ) ;
#9839 = CARTESIAN_POINT ( 'NONE',  ( -15.49999999999999600, 15.50000000000087400, -26.99999999999999600 ) ) ;
#9840 = DIRECTION ( 'NONE',  ( -0.0000000000000000000, -0.0000000000000000000, -1.000000000000000000 ) ) ;
#9841 = ORIENTED_EDGE ( 'NONE', *, *, #2369, .T. ) ;
#9842 =( LENGTH_UNIT ( ) NAMED_UNIT ( * ) SI_UNIT ( .MILLI., .METRE. ) );
#9843 = VERTEX_POINT ( 'NONE', #7878 ) ;
#9844 = DIRECTION ( 'NONE',  ( -0.0000000000000000000, -0.0000000000000000000, 1.000000000000000000 ) ) ;
#9845 = AXIS2_PLACEMENT_3D ( 'NONE', #10106, #1697, #3396 ) ;
#9846 = PRESENTATION_LAYER_ASSIGNMENT (  '', '', ( #2700 ) ) ;
#9847 = LINE ( 'NONE', #8551, #406 ) ;
#9848 = VERTEX_POINT ( 'NONE', #8026 ) ;
#9849 = CARTESIAN_POINT ( 'NONE',  ( 21.16000000000000000, 13.31369220013741700, -20.99999999999999600 ) ) ;
#9850 = ORIENTED_EDGE ( 'NONE', *, *, #7635, .F. ) ;
#9851 =( LENGTH_UNIT ( ) NAMED_UNIT ( * ) SI_UNIT ( .MILLI., .METRE. ) );
#9852 =( NAMED_UNIT ( * ) PLANE_ANGLE_UNIT ( ) SI_UNIT ( $, .RADIAN. ) );
#9853 = CARTESIAN_POINT ( 'NONE',  ( -15.01375035175307500, -15.03502403148862900, -26.99999999999999600 ) ) ;
#9854 = ADVANCED_FACE ( 'NONE', ( #7505 ), #2092, .T. ) ;
#9855 = ORIENTED_EDGE ( 'NONE', *, *, #3923, .F. ) ;
#9856 = CARTESIAN_POINT ( 'NONE',  ( -2.616151791541896400, -19.15000000000000600, -25.10661729131781100 ) ) ;
#9857 = CIRCLE ( 'NONE', #8070, 0.4999999999999982200 ) ;
#9858 = EDGE_CURVE ( 'NONE', #4119, #6299, #132, .T. ) ;
#9859 = ORIENTED_EDGE ( 'NONE', *, *, #8339, .T. ) ;
#9860 = AXIS2_PLACEMENT_3D ( 'NONE', #786, #9153, #9973 ) ;
#9861 = PRESENTATION_LAYER_ASSIGNMENT (  '', '', ( #5404 ) ) ;
#9862 = ORIENTED_EDGE ( 'NONE', *, *, #136, .F. ) ;
#9863 = UNCERTAINTY_MEASURE_WITH_UNIT (LENGTH_MEASURE( 1.000000000000000100E-005 ), #9022, 'distance_accuracy_value', 'NONE');
#9864 = AXIS2_PLACEMENT_3D ( 'NONE', #5120, #3382, #7523 ) ;
#9865 = VECTOR ( 'NONE', #10815, 1000.000000000000000 ) ;
#9866 = EDGE_CURVE ( 'NONE', #9945, #8678, #10480, .T. ) ;
#9867 = ORIENTED_EDGE ( 'NONE', *, *, #6370, .T. ) ;
#9868 = DIRECTION ( 'NONE',  ( -8.202002250481356300E-017, 1.000000000000000000, 0.0000000000000000000 ) ) ;
#9869 = DIRECTION ( 'NONE',  ( 1.000000000000000000, -3.730780929461923600E-015, 0.0000000000000000000 ) ) ;
#9870 = CIRCLE ( 'NONE', #440, 20.00000000000000000 ) ;
#9871 = DIRECTION ( 'NONE',  ( -0.8571673007021116700, 1.049727191138617800E-016, 0.5150380749100552700 ) ) ;
#9872 =( NAMED_UNIT ( * ) PLANE_ANGLE_UNIT ( ) SI_UNIT ( $, .RADIAN. ) );
#9873 = COLOUR_RGB ( '',0.2509803921568627400, 0.2509803921568627400, 0.2509803921568627400 ) ;
#9874 = STYLED_ITEM ( 'NONE', ( #2562 ), #5058 ) ;
#9875 =( LENGTH_UNIT ( ) NAMED_UNIT ( * ) SI_UNIT ( .MILLI., .METRE. ) );
#9876 = STYLED_ITEM ( 'NONE', ( #2814 ), #8543 ) ;
#9877 = CIRCLE ( 'NONE', #534, 0.5000000000000004400 ) ;
#9878 = DIRECTION ( 'NONE',  ( 0.0000000000000000000, 0.0000000000000000000, 1.000000000000000000 ) ) ;
#9879 = CARTESIAN_POINT ( 'NONE',  ( -16.74998035735715300, -15.96497596850949400, -26.99999999999999600 ) ) ;
#9880 = FACE_OUTER_BOUND ( 'NONE', #10490, .T. ) ;
#9881 = EDGE_CURVE ( 'NONE', #6592, #4920, #3185, .T. ) ;
#9882 = EDGE_CURVE ( 'NONE', #5966, #46, #6601, .T. ) ;
#9883 = LINE ( 'NONE', #4042, #1085 ) ;
#9884 = DIRECTION ( 'NONE',  ( -0.0000000000000000000, 1.000000000000000000, -0.0000000000000000000 ) ) ;
#9885 = FILL_AREA_STYLE_COLOUR ( '', #3583 ) ;
#9886 = DIRECTION ( 'NONE',  ( 0.0000000000000000000, 0.0000000000000000000, -1.000000000000000000 ) ) ;
#9887 =( NAMED_UNIT ( * ) PLANE_ANGLE_UNIT ( ) SI_UNIT ( $, .RADIAN. ) );
#9888 = SURFACE_STYLE_FILL_AREA ( #1294 ) ;
#9889 = CARTESIAN_POINT ( 'NONE',  ( 1.339045298307557800, -19.15000000000000600, -23.12683120912890200 ) ) ;
#9890 = DIRECTION ( 'NONE',  ( 1.000000000000000000, 0.0000000000000000000, 0.0000000000000000000 ) ) ;
#9891 = COLOUR_RGB ( '',0.2509803921568627400, 0.2509803921568627400, 0.2509803921568627400 ) ;
#9892 = PLANE ( 'NONE',  #7494 ) ;
#9893 = PRESENTATION_STYLE_ASSIGNMENT (( #6407 ) ) ;
#9894 = FACE_OUTER_BOUND ( 'NONE', #6333, .T. ) ;
#9895 = CIRCLE ( 'NONE', #1015, 11.50000000000000000 ) ;
#9896 = DIRECTION ( 'NONE',  ( 0.0000000000000000000, 0.0000000000000000000, -1.000000000000000000 ) ) ;
#9897 = DIRECTION ( 'NONE',  ( 0.0000000000000000000, 0.0000000000000000000, 1.000000000000000000 ) ) ;
#9898 = ORIENTED_EDGE ( 'NONE', *, *, #8780, .F. ) ;
#9899 = DIRECTION ( 'NONE',  ( 0.0000000000000000000, 0.0000000000000000000, -1.000000000000000000 ) ) ;
#9900 = SPHERICAL_SURFACE ( 'NONE', #7780, 0.5000000000000000000 ) ;
#9901 = DIRECTION ( 'NONE',  ( -1.000000000000000000, 0.0000000000000000000, 0.0000000000000000000 ) ) ;
#9902 = FACE_BOUND ( 'NONE', #9083, .T. ) ;
#9903 = FILL_AREA_STYLE ('',( #3300 ) ) ;
#9904 = ADVANCED_FACE ( 'NONE', ( #798 ), #9624, .F. ) ;
#9905 = EDGE_CURVE ( 'NONE', #9033, #4334, #10350, .T. ) ;
#9906 = DIRECTION ( 'NONE',  ( 1.000000000000000000, 0.0000000000000000000, 0.0000000000000000000 ) ) ;
#9907 =( GEOMETRIC_REPRESENTATION_CONTEXT ( 3 ) GLOBAL_UNCERTAINTY_ASSIGNED_CONTEXT ( ( #7270 ) ) GLOBAL_UNIT_ASSIGNED_CONTEXT ( ( #1565, #2433, #8243 ) ) REPRESENTATION_CONTEXT ( 'NONE', 'WORKASPACE' ) );
#9908 = LINE ( 'NONE', #6629, #8091 ) ;
#9909 = FACE_OUTER_BOUND ( 'NONE', #7244, .T. ) ;
#9910 = DIRECTION ( 'NONE',  ( 0.0000000000000000000, 0.0000000000000000000, -1.000000000000000000 ) ) ;
#9911 = SURFACE_STYLE_USAGE ( .BOTH. , #1529 ) ;
#9912 = VERTEX_POINT ( 'NONE', #6243 ) ;
#9913 = CIRCLE ( 'NONE', #6154, 0.5000000000000004400 ) ;
#9914 = DIRECTION ( 'NONE',  ( 7.817771884311254300E-016, 1.000000000000000000, 0.0000000000000000000 ) ) ;
#9915 = CARTESIAN_POINT ( 'NONE',  ( 20.64999999999999900, 16.94289321881343100, 9.500000000000000000 ) ) ;
#9916 = DIRECTION ( 'NONE',  ( 0.0000000000000000000, -0.0000000000000000000, 1.000000000000000000 ) ) ;
#9917 = DIRECTION ( 'NONE',  ( -4.542762141924042900E-015, -1.000000000000000000, 0.0000000000000000000 ) ) ;
#9918 = CIRCLE ( 'NONE', #1493, 25.00000000000000000 ) ;
#9919 =( NAMED_UNIT ( * ) SI_UNIT ( $, .STERADIAN. ) SOLID_ANGLE_UNIT ( ) );
#9920 = AXIS2_PLACEMENT_3D ( 'NONE', #6733, #6938, #9480 ) ;
#9921 =( GEOMETRIC_REPRESENTATION_CONTEXT ( 3 ) GLOBAL_UNCERTAINTY_ASSIGNED_CONTEXT ( ( #5510 ) ) GLOBAL_UNIT_ASSIGNED_CONTEXT ( ( #10057, #2437, #1607 ) ) REPRESENTATION_CONTEXT ( 'NONE', 'WORKASPACE' ) );
#9922 = CIRCLE ( 'NONE', #4611, 0.5000000000000004400 ) ;
#9923 = CIRCLE ( 'NONE', #7968, 1.900000000000002400 ) ;
#9924 =( NAMED_UNIT ( * ) SI_UNIT ( $, .STERADIAN. ) SOLID_ANGLE_UNIT ( ) );
#9925 = EDGE_LOOP ( 'NONE', ( #2085, #516, #9670, #647 ) ) ;
#9926 = DIRECTION ( 'NONE',  ( 0.0000000000000000000, -0.0000000000000000000, -1.000000000000000000 ) ) ;
#9927 = VECTOR ( 'NONE', #5447, 1000.000000000000000 ) ;
#9928 = AXIS2_PLACEMENT_3D ( 'NONE', #6119, #10129, #5452 ) ;
#9929 = EDGE_CURVE ( 'NONE', #7872, #1473, #3560, .T. ) ;
#9930 = FACE_OUTER_BOUND ( 'NONE', #1822, .T. ) ;
#9931 = CARTESIAN_POINT ( 'NONE',  ( -16.74998035735715300, -15.96497596850949400, -28.49999999999999600 ) ) ;
#9932 = EDGE_CURVE ( 'NONE', #6841, #10270, #9580, .T. ) ;
#9933 = ORIENTED_EDGE ( 'NONE', *, *, #9575, .T. ) ;
#9934 = AXIS2_PLACEMENT_3D ( 'NONE', #6034, #7817, #4426 ) ;
#9935 = DIRECTION ( 'NONE',  ( 0.0000000000000000000, 0.0000000000000000000, 1.000000000000000000 ) ) ;
#9936 =( LENGTH_UNIT ( ) NAMED_UNIT ( * ) SI_UNIT ( .MILLI., .METRE. ) );
#9937 = CARTESIAN_POINT ( 'NONE',  ( -15.49999999999999600, -15.50000000000000400, 5.500000000000000000 ) ) ;
#9938 = FILL_AREA_STYLE ('',( #10698 ) ) ;
#9939 = DIRECTION ( 'NONE',  ( -1.000000000000000000, -3.815920199215875400E-013, 0.0000000000000000000 ) ) ;
#9940 = CARTESIAN_POINT ( 'NONE',  ( 0.0000000000000000000, 0.0000000000000000000, -20.99999999999999600 ) ) ;
#9941 = AXIS2_PLACEMENT_3D ( 'NONE', #6065, #6809, #3464 ) ;
#9942 = EDGE_CURVE ( 'NONE', #5265, #9304, #10753, .T. ) ;
#9943 = ORIENTED_EDGE ( 'NONE', *, *, #9837, .T. ) ;
#9944 = VERTEX_POINT ( 'NONE', #10423 ) ;
#9945 = VERTEX_POINT ( 'NONE', #3824 ) ;
#9946 = DIRECTION ( 'NONE',  ( -1.000000000000000000, 0.0000000000000000000, 0.0000000000000000000 ) ) ;
#9947 = ORIENTED_EDGE ( 'NONE', *, *, #5416, .T. ) ;
#9948 = AXIS2_PLACEMENT_3D ( 'NONE', #6415, #7334, #10557 ) ;
#9949 = ORIENTED_EDGE ( 'NONE', *, *, #9055, .F. ) ;
#9950 = ORIENTED_EDGE ( 'NONE', *, *, #162, .F. ) ;
#9951 = SURFACE_SIDE_STYLE ('',( #9276 ) ) ;
#9952 = AXIS2_PLACEMENT_3D ( 'NONE', #8460, #9349, #4312 ) ;
#9953 = ORIENTED_EDGE ( 'NONE', *, *, #9836, .F. ) ;
#9954 = DIRECTION ( 'NONE',  ( 0.0000000000000000000, 0.0000000000000000000, 1.000000000000000000 ) ) ;
#9955 = ORIENTED_EDGE ( 'NONE', *, *, #119, .T. ) ;
#9956 = VERTEX_POINT ( 'NONE', #4675 ) ;
#9957 = ADVANCED_FACE ( 'NONE', ( #3829 ), #8161, .T. ) ;
#9958 = FACE_OUTER_BOUND ( 'NONE', #6717, .T. ) ;
#9959 = CARTESIAN_POINT ( 'NONE',  ( 1.339045298307557800, -39.15000000000000600, -23.90028382492287700 ) ) ;
#9960 =( NAMED_UNIT ( * ) PLANE_ANGLE_UNIT ( ) SI_UNIT ( $, .RADIAN. ) );
#9961 = DIRECTION ( 'NONE',  ( -0.0000000000000000000, -0.0000000000000000000, 1.000000000000000000 ) ) ;
#9962 = VERTEX_POINT ( 'NONE', #10604 ) ;
#9963 = SURFACE_SIDE_STYLE ('',( #1079 ) ) ;
#9964 = EDGE_CURVE ( 'NONE', #3186, #8532, #7381, .T. ) ;
#9965 = FACE_OUTER_BOUND ( 'NONE', #9636, .T. ) ;
#9966 = VERTEX_POINT ( 'NONE', #1462 ) ;
#9967 = ORIENTED_EDGE ( 'NONE', *, *, #2538, .T. ) ;
#9968 = MECHANICAL_DESIGN_GEOMETRIC_PRESENTATION_REPRESENTATION (  '', ( #6273 ), #6835 ) ;
#9969 = DIRECTION ( 'NONE',  ( 1.000000000000000000, 0.0000000000000000000, 0.0000000000000000000 ) ) ;
#9970 =( NAMED_UNIT ( * ) SI_UNIT ( $, .STERADIAN. ) SOLID_ANGLE_UNIT ( ) );
#9971 = CARTESIAN_POINT ( 'NONE',  ( -2.799999999999999800, 3.429011037612588800E-016, 9.000000000000001800 ) ) ;
#9972 = CARTESIAN_POINT ( 'NONE',  ( -20.64999999999999500, 16.94289321881344900, 9.500000000000000000 ) ) ;
#9973 = DIRECTION ( 'NONE',  ( -1.000000000000000000, 0.0000000000000000000, -0.0000000000000000000 ) ) ;
#9974 = ORIENTED_EDGE ( 'NONE', *, *, #9224, .T. ) ;
#9975 = DIRECTION ( 'NONE',  ( -1.000000000000000000, 0.0000000000000000000, 0.0000000000000000000 ) ) ;
#9976 = ORIENTED_EDGE ( 'NONE', *, *, #10724, .T. ) ;
#9977 = SURFACE_STYLE_FILL_AREA ( #1686 ) ;
#9978 = ORIENTED_EDGE ( 'NONE', *, *, #7927, .T. ) ;
#9979 = ORIENTED_EDGE ( 'NONE', *, *, #6687, .T. ) ;
#9980 = DIRECTION ( 'NONE',  ( -0.0000000000000000000, -0.0000000000000000000, -1.000000000000000000 ) ) ;
#9981 = EDGE_LOOP ( 'NONE', ( #10733, #4082, #8121, #6161 ) ) ;
#9982 = UNCERTAINTY_MEASURE_WITH_UNIT (LENGTH_MEASURE( 1.000000000000000100E-005 ), #3028, 'distance_accuracy_value', 'NONE');
#9983 = CARTESIAN_POINT ( 'NONE',  ( 0.0000000000000000000, 0.0000000000000000000, 63.84951795962940900 ) ) ;
#9984 = AXIS2_PLACEMENT_3D ( 'NONE', #6431, #8883, #8921 ) ;
#9986 = AXIS2_PLACEMENT_3D ( 'NONE', #7130, #2198, #9704 ) ;
#9985 = CARTESIAN_POINT ( 'NONE',  ( -3.599999999999997400, -19.15000000000000600, -26.49999999999999600 ) ) ;
#9987 = VECTOR ( 'NONE', #8560, 1000.000000000000000 ) ;
#9988 = CARTESIAN_POINT ( 'NONE',  ( 0.0000000000000000000, 0.0000000000000000000, 10.00000000000000000 ) ) ;
#9989 = ORIENTED_EDGE ( 'NONE', *, *, #2642, .F. ) ;
#9990 = DIRECTION ( 'NONE',  ( -0.0000000000000000000, 0.0000000000000000000, -1.000000000000000000 ) ) ;
#9991 = FILL_AREA_STYLE ('',( #6623 ) ) ;
#9992 = VERTEX_POINT ( 'NONE', #9818 ) ;
#9993 = CARTESIAN_POINT ( 'NONE',  ( 3.500000000000000000, 0.0000000000000000000, 11.50000000000000000 ) ) ;
#9994 = SPHERICAL_SURFACE ( 'NONE', #3060, 0.5000000000000000000 ) ;
#9995 = LINE ( 'NONE', #5243, #9350 ) ;
#9996 = VERTEX_POINT ( 'NONE', #10718 ) ;
#9997 =( NAMED_UNIT ( * ) PLANE_ANGLE_UNIT ( ) SI_UNIT ( $, .RADIAN. ) );
#9998 = CARTESIAN_POINT ( 'NONE',  ( 2.372516188615975800, -19.15000000000000600, -22.49338270868220800 ) ) ;
#9999 = CARTESIAN_POINT ( 'NONE',  ( 15.03502403148815200, -15.01375035175166400, -28.49999999999999600 ) ) ;
#10000 = UNCERTAINTY_MEASURE_WITH_UNIT (LENGTH_MEASURE( 1.000000000000000100E-005 ), #4893, 'distance_accuracy_value', 'NONE');
#10001 = CARTESIAN_POINT ( 'NONE',  ( -1.371348881391340800, -39.15000000000000600, -24.45661729131780900 ) ) ;
#10002 = EDGE_CURVE ( 'NONE', #5413, #5149, #8017, .T. ) ;
#10003 = PRESENTATION_STYLE_ASSIGNMENT (( #8865 ) ) ;
#10004 = MECHANICAL_DESIGN_GEOMETRIC_PRESENTATION_REPRESENTATION (  '', ( #4919 ), #225 ) ;
#10005 = VECTOR ( 'NONE', #6038, 1000.000000000000000 ) ;
#10006 = CIRCLE ( 'NONE', #1708, 0.5000000000000004400 ) ;
#10007 = SURFACE_STYLE_FILL_AREA ( #7939 ) ;
#10008 = DIRECTION ( 'NONE',  ( -0.0000000000000000000, -0.0000000000000000000, -1.000000000000000000 ) ) ;
#10009 = LINE ( 'NONE', #4908, #6202 ) ;
#10010 = VECTOR ( 'NONE', #10606, 1000.000000000000000 ) ;
#10011 = EDGE_CURVE ( 'NONE', #7868, #6977, #5802, .T. ) ;
#10012 =( NAMED_UNIT ( * ) SI_UNIT ( $, .STERADIAN. ) SOLID_ANGLE_UNIT ( ) );
#10013 = FILL_AREA_STYLE_COLOUR ( '', #7655 ) ;
#10014 = DIRECTION ( 'NONE',  ( -0.0000000000000000000, 1.000000000000000000, -0.0000000000000000000 ) ) ;
#10015 = EDGE_LOOP ( 'NONE', ( #5245, #3681 ) ) ;
#10016 = ADVANCED_FACE ( 'NONE', ( #9965 ), #666, .T. ) ;
#10017 = APPLICATION_PROTOCOL_DEFINITION ( 'draft international standard', 'automotive_design', 1998, #3337 ) ;
#10018 = AXIS2_PLACEMENT_3D ( 'NONE', #375, #3152, #10437 ) ;
#10019 = CARTESIAN_POINT ( 'NONE',  ( -21.14999999999999500, 16.94289321881344900, 9.500000000000000000 ) ) ;
#10020 = CYLINDRICAL_SURFACE ( 'NONE', #1772, 2.749999999999997300 ) ;
#10021 = FACE_OUTER_BOUND ( 'NONE', #2801, .T. ) ;
#10022 = PRESENTATION_LAYER_ASSIGNMENT (  '', '', ( #2873 ) ) ;
#10023 = FACE_OUTER_BOUND ( 'NONE', #7090, .T. ) ;
#10024 = DIRECTION ( 'NONE',  ( -1.000000000000000000, 0.0000000000000000000, 0.0000000000000000000 ) ) ;
#10025 = CIRCLE ( 'NONE', #5211, 2.750000000000000900 ) ;
#10026 = DIRECTION ( 'NONE',  ( 0.0000000000000000000, 0.0000000000000000000, -1.000000000000000000 ) ) ;
#10027 = CARTESIAN_POINT ( 'NONE',  ( 20.65000000000000200, -16.94289321881341300, -28.49999999999999600 ) ) ;
#10028 = EDGE_CURVE ( 'NONE', #1863, #6977, #6056, .T. ) ;
#10029 = DIRECTION ( 'NONE',  ( -0.0000000000000000000, -0.0000000000000000000, 1.000000000000000000 ) ) ;
#10030 = CARTESIAN_POINT ( 'NONE',  ( 15.03502403148815200, -15.01375035175166400, -26.99999999999999600 ) ) ;
#10032 = FACE_OUTER_BOUND ( 'NONE', #3288, .T. ) ;
#10031 = DIRECTION ( 'NONE',  ( -8.202002250481356300E-017, 1.000000000000000000, 0.0000000000000000000 ) ) ;
#10033 = VERTEX_POINT ( 'NONE', #575 ) ;
#10034 = FACE_OUTER_BOUND ( 'NONE', #7362, .T. ) ;
#10035 = LINE ( 'NONE', #8332, #8608 ) ;
#10036 = DIRECTION ( 'NONE',  ( -0.0000000000000000000, -1.000000000000000000, -0.0000000000000000000 ) ) ;
#10037 = ORIENTED_EDGE ( 'NONE', *, *, #9381, .T. ) ;
#10038 = PRESENTATION_STYLE_ASSIGNMENT (( #10146 ) ) ;
#10039 = SURFACE_STYLE_USAGE ( .BOTH. , #3296 ) ;
#10040 = SURFACE_STYLE_USAGE ( .BOTH. , #10842 ) ;
#10041 = VECTOR ( 'NONE', #1781, 1000.000000000000000 ) ;
#10042 = SURFACE_SIDE_STYLE ('',( #7415 ) ) ;
#10043 = DIRECTION ( 'NONE',  ( 0.0000000000000000000, 0.0000000000000000000, 1.000000000000000000 ) ) ;
#10044 = PLANE ( 'NONE',  #7071 ) ;
#10045 = FACE_OUTER_BOUND ( 'NONE', #227, .T. ) ;
#10046 =( GEOMETRIC_REPRESENTATION_CONTEXT ( 3 ) GLOBAL_UNCERTAINTY_ASSIGNED_CONTEXT ( ( #8860 ) ) GLOBAL_UNIT_ASSIGNED_CONTEXT ( ( #191, #8498, #6047 ) ) REPRESENTATION_CONTEXT ( 'NONE', 'WORKASPACE' ) );
#10047 = CARTESIAN_POINT ( 'NONE',  ( -15.98624964825070400, -15.96497596850949400, -26.99999999999999600 ) ) ;
#10048 = VERTEX_POINT ( 'NONE', #9069 ) ;
#10049 = STYLED_ITEM ( 'NONE', ( #8095 ), #944 ) ;
#10050 = PLANE ( 'NONE',  #3912 ) ;
#10051 = DIRECTION ( 'NONE',  ( 0.0000000000000000000, -1.000000000000000000, 0.0000000000000000000 ) ) ;
#10052 = CIRCLE ( 'NONE', #9629, 0.5000000000000004400 ) ;
#10053 = UNCERTAINTY_MEASURE_WITH_UNIT (LENGTH_MEASURE( 1.000000000000000100E-005 ), #7450, 'distance_accuracy_value', 'NONE');
#10054 = CARTESIAN_POINT ( 'NONE',  ( 12.79999999999999900, 15.50000000000000000, -28.49999999999999600 ) ) ;
#10055 = ORIENTED_EDGE ( 'NONE', *, *, #10264, .F. ) ;
#10056 = LINE ( 'NONE', #9294, #5769 ) ;
#10057 =( LENGTH_UNIT ( ) NAMED_UNIT ( * ) SI_UNIT ( .MILLI., .METRE. ) );
#10058 = CARTESIAN_POINT ( 'NONE',  ( -16.80716972541453200, 15.98624964825021900, -28.49999999999999600 ) ) ;
#10059 =( GEOMETRIC_REPRESENTATION_CONTEXT ( 3 ) GLOBAL_UNCERTAINTY_ASSIGNED_CONTEXT ( ( #10786 ) ) GLOBAL_UNIT_ASSIGNED_CONTEXT ( ( #4183, #10812, #4226 ) ) REPRESENTATION_CONTEXT ( 'NONE', 'WORKASPACE' ) );
#10060 = AXIS2_PLACEMENT_3D ( 'NONE', #10702, #5764, #710 ) ;
#10061 = ADVANCED_FACE ( 'NONE', ( #5934 ), #8938, .T. ) ;
#10062 = EDGE_LOOP ( 'NONE', ( #1325, #274 ) ) ;
#10063 = VERTEX_POINT ( 'NONE', #8103 ) ;
#10064 = EDGE_CURVE ( 'NONE', #7519, #868, #5036, .T. ) ;
#10065 = EDGE_LOOP ( 'NONE', ( #10078, #8787, #8554, #6489 ) ) ;
#10066 = FILL_AREA_STYLE_COLOUR ( '', #7246 ) ;
#10067 = DIRECTION ( 'NONE',  ( 1.000000000000000000, 0.0000000000000000000, -0.0000000000000000000 ) ) ;
#10068 = ORIENTED_EDGE ( 'NONE', *, *, #2971, .F. ) ;
#10069 = PRESENTATION_LAYER_ASSIGNMENT (  '', '', ( #8978 ) ) ;
#10070 = ORIENTED_EDGE ( 'NONE', *, *, #3569, .T. ) ;
#10071 = AXIS2_PLACEMENT_3D ( 'NONE', #5384, #2603, #9990 ) ;
#10072 = VERTEX_POINT ( 'NONE', #8066 ) ;
#10073 = EDGE_LOOP ( 'NONE', ( #6901, #118, #569, #819 ) ) ;
#10074 = DIRECTION ( 'NONE',  ( 1.000000000000000000, 0.0000000000000000000, 0.0000000000000000000 ) ) ;
#10075 = CARTESIAN_POINT ( 'NONE',  ( -0.6000000000000007500, -18.15000000000000600, -31.35000000000000100 ) ) ;
#10076 = ORIENTED_EDGE ( 'NONE', *, *, #6092, .F. ) ;
#10077 = DIRECTION ( 'NONE',  ( -0.0000000000000000000, -0.0000000000000000000, -1.000000000000000000 ) ) ;
#10078 = ORIENTED_EDGE ( 'NONE', *, *, #2681, .F. ) ;
#10079 =( NAMED_UNIT ( * ) PLANE_ANGLE_UNIT ( ) SI_UNIT ( $, .RADIAN. ) );
#10080 = SURFACE_SIDE_STYLE ('',( #281 ) ) ;
#10081 = AXIS2_PLACEMENT_3D ( 'NONE', #208, #10352, #1945 ) ;
#10082 = VECTOR ( 'NONE', #259, 1000.000000000000000 ) ;
#10083 = VERTEX_POINT ( 'NONE', #9779 ) ;
#10084 = EDGE_CURVE ( 'NONE', #8500, #6624, #2771, .T. ) ;
#10085 = ORIENTED_EDGE ( 'NONE', *, *, #5751, .T. ) ;
#10086 = EDGE_CURVE ( 'NONE', #9944, #10199, #4352, .T. ) ;
#10087 = CARTESIAN_POINT ( 'NONE',  ( 16.94289321881343800, 20.64999999999999900, 9.500000000000000000 ) ) ;
#10088 = ORIENTED_EDGE ( 'NONE', *, *, #8119, .T. ) ;
#10089 = CARTESIAN_POINT ( 'NONE',  ( 3.500000000000000000, 0.0000000000000000000, 10.00000000000000000 ) ) ;
#10090 = CARTESIAN_POINT ( 'NONE',  ( 0.5999999999999993100, -18.15000000000000600, -31.85000000000000500 ) ) ;
#10091 = ORIENTED_EDGE ( 'NONE', *, *, #1078, .T. ) ;
#10092 = CARTESIAN_POINT ( 'NONE',  ( 1.339045298307557800, -39.15000000000000600, -22.57049774273397000 ) ) ;
#10093 = FILL_AREA_STYLE ('',( #1272 ) ) ;
#10094 = PRESENTATION_STYLE_ASSIGNMENT (( #2274 ) ) ;
#10095 = ORIENTED_EDGE ( 'NONE', *, *, #9110, .F. ) ;
#10096 = ORIENTED_EDGE ( 'NONE', *, *, #1188, .F. ) ;
#10097 = ORIENTED_EDGE ( 'NONE', *, *, #7566, .F. ) ;
#10098 = DIRECTION ( 'NONE',  ( 1.000000000000000000, 0.0000000000000000000, 0.0000000000000000000 ) ) ;
#10099 = EDGE_CURVE ( 'NONE', #4869, #4639, #3953, .T. ) ;
#10100 = VERTEX_POINT ( 'NONE', #545 ) ;
#10101 = AXIS2_PLACEMENT_3D ( 'NONE', #8567, #8706, #6885 ) ;
#10102 = FACE_OUTER_BOUND ( 'NONE', #2540, .T. ) ;
#10103 = VERTEX_POINT ( 'NONE', #614 ) ;
#10104 = CARTESIAN_POINT ( 'NONE',  ( 21.15000000000000200, -21.15000000000000200, -19.00000000000000000 ) ) ;
#10105 = CARTESIAN_POINT ( 'NONE',  ( 0.0000000000000000000, 0.0000000000000000000, 10.00000000000000000 ) ) ;
#10106 = CARTESIAN_POINT ( 'NONE',  ( 0.0000000000000000000, 0.0000000000000000000, 4.000000000000000000 ) ) ;
#10107 = ADVANCED_FACE ( 'NONE', ( #7625 ), #4866, .F. ) ;
#10108 = UNCERTAINTY_MEASURE_WITH_UNIT (LENGTH_MEASURE( 1.000000000000000100E-005 ), #6526, 'distance_accuracy_value', 'NONE');
#10109 = ORIENTED_EDGE ( 'NONE', *, *, #3106, .T. ) ;
#10110 = SURFACE_STYLE_USAGE ( .BOTH. , #4291 ) ;
#10111 = DIRECTION ( 'NONE',  ( 1.000000000000000000, 0.0000000000000000000, -0.0000000000000000000 ) ) ;
#10112 = ORIENTED_EDGE ( 'NONE', *, *, #7506, .T. ) ;
#10113 =( LENGTH_UNIT ( ) NAMED_UNIT ( * ) SI_UNIT ( .MILLI., .METRE. ) );
#10114 = VECTOR ( 'NONE', #4993, 1000.000000000000000 ) ;
#10115 = FILL_AREA_STYLE_COLOUR ( '', #356 ) ;
#10116 = ORIENTED_EDGE ( 'NONE', *, *, #9697, .F. ) ;
#10117 = PRESENTATION_LAYER_ASSIGNMENT (  '', '', ( #5675 ) ) ;
#10118 = VECTOR ( 'NONE', #10651, 1000.000000000000100 ) ;
#10119 = AXIS2_PLACEMENT_3D ( 'NONE', #1848, #907, #4440 ) ;
#10120 = SURFACE_STYLE_FILL_AREA ( #8310 ) ;
#10122 = AXIS2_PLACEMENT_3D ( 'NONE', #3116, #3154, #9011 ) ;
#10121 = SURFACE_SIDE_STYLE ('',( #8355 ) ) ;
#10123 = CARTESIAN_POINT ( 'NONE',  ( 15.01375035175125200, 16.80716972541398100, -26.99999999999999600 ) ) ;
#10124 = ADVANCED_FACE ( 'NONE', ( #4619 ), #6654, .T. ) ;
#10125 = CARTESIAN_POINT ( 'NONE',  ( 12.26375928220177300, -15.79874071779804500, -28.99999999999999600 ) ) ;
#10126 = AXIS2_PLACEMENT_3D ( 'NONE', #2505, #10825, #8295 ) ;
#10127 = CIRCLE ( 'NONE', #5213, 2.399999999999999500 ) ;
#10128 = EDGE_CURVE ( 'NONE', #8638, #9848, #10470, .T. ) ;
#10129 = DIRECTION ( 'NONE',  ( 0.0000000000000000000, 0.0000000000000000000, 1.000000000000000000 ) ) ;
#10130 = LINE ( 'NONE', #8639, #8987 ) ;
#10131 = STYLED_ITEM ( 'NONE', ( #10548 ), #4447 ) ;
#10132 = EDGE_CURVE ( 'NONE', #8139, #9298, #9571, .T. ) ;
#10133 = LINE ( 'NONE', #9626, #3877 ) ;
#10134 = AXIS2_PLACEMENT_3D ( 'NONE', #10356, #5393, #6208 ) ;
#10135 = VECTOR ( 'NONE', #7712, 1000.000000000000000 ) ;
#10136 = CIRCLE ( 'NONE', #9513, 0.5000000000000004400 ) ;
#10137 = CARTESIAN_POINT ( 'NONE',  ( -1.854663769187156100E-014, -21.25000000000000700, -21.64999999999999500 ) ) ;
#10138 = MECHANICAL_DESIGN_GEOMETRIC_PRESENTATION_REPRESENTATION (  '', ( #3086 ), #1731 ) ;
#10139 = EDGE_CURVE ( 'NONE', #8741, #1885, #6323, .T. ) ;
#10140 = CYLINDRICAL_SURFACE ( 'NONE', #461, 0.5000000000000004400 ) ;
#10141 = DIRECTION ( 'NONE',  ( 0.7363275207553905400, 0.0000000000000000000, 0.6766252893427940900 ) ) ;
#10142 = LINE ( 'NONE', #8972, #5216 ) ;
#10143 = CIRCLE ( 'NONE', #5173, 0.5563334663949322000 ) ;
#10144 = CARTESIAN_POINT ( 'NONE',  ( 15.50000000000000000, 15.50000000000000000, -27.99999999999999600 ) ) ;
#10145 = CIRCLE ( 'NONE', #3096, 25.00000000000000000 ) ;
#10146 = SURFACE_STYLE_USAGE ( .BOTH. , #4322 ) ;
#10147 = AXIS2_PLACEMENT_3D ( 'NONE', #6945, #9488, #8956 ) ;
#10148 = DIRECTION ( 'NONE',  ( 1.000000000000000000, 0.0000000000000000000, 0.0000000000000000000 ) ) ;
#10149 = AXIS2_PLACEMENT_3D ( 'NONE', #6804, #10067, #8446 ) ;
#10150 = VECTOR ( 'NONE', #1037, 1000.000000000000000 ) ;
#10151 = FILL_AREA_STYLE_COLOUR ( '', #5097 ) ;
#10152 = DIRECTION ( 'NONE',  ( -0.0000000000000000000, 1.000000000000000000, -0.0000000000000000000 ) ) ;
#10153 = VERTEX_POINT ( 'NONE', #7458 ) ;
#10154 = CIRCLE ( 'NONE', #9661, 0.5000000000000004400 ) ;
#10155 = EDGE_CURVE ( 'NONE', #4920, #4299, #7875, .T. ) ;
#10156 = UNCERTAINTY_MEASURE_WITH_UNIT (LENGTH_MEASURE( 1.000000000000000100E-005 ), #8048, 'distance_accuracy_value', 'NONE');
#10157 = CARTESIAN_POINT ( 'NONE',  ( -15.01375035175305900, -16.80716972541313200, -26.99999999999999600 ) ) ;
#10158 = CARTESIAN_POINT ( 'NONE',  ( 18.24999999999912600, -15.50000000000000200, -28.49999999999999600 ) ) ;
#10159 = CARTESIAN_POINT ( 'NONE',  ( -2.799999999999999800, 0.0000000000000000000, -26.99999999999999600 ) ) ;
#10160 = CIRCLE ( 'NONE', #5065, 0.5563334663949287600 ) ;
#10161 = LINE ( 'NONE', #7188, #10689 ) ;
#10162 = ADVANCED_FACE ( 'NONE', ( #5677 ), #4889, .F. ) ;
#10163 = CARTESIAN_POINT ( 'NONE',  ( 3.000000000000023100, -18.15000000000000600, -32.50000000000000000 ) ) ;
#10164 = EDGE_CURVE ( 'NONE', #4219, #9962, #8535, .T. ) ;
#10165 = PLANE ( 'NONE',  #9405 ) ;
#10166 = EDGE_CURVE ( 'NONE', #5449, #10236, #2245, .T. ) ;
#10167 = CARTESIAN_POINT ( 'NONE',  ( 15.98624964824874800, 14.19283027458602200, -26.99999999999999600 ) ) ;
#10168 = PRESENTATION_STYLE_ASSIGNMENT (( #7945 ) ) ;
#10169 = PRESENTATION_STYLE_ASSIGNMENT (( #5865 ) ) ;
#10170 = LINE ( 'NONE', #8113, #2596 ) ;
#10171 = LINE ( 'NONE', #6337, #5761 ) ;
#10172 = ORIENTED_EDGE ( 'NONE', *, *, #9156, .F. ) ;
#10173 = LINE ( 'NONE', #457, #1271 ) ;
#10174 = ADVANCED_FACE ( 'NONE', ( #397 ), #6173, .T. ) ;
#10175 = CARTESIAN_POINT ( 'NONE',  ( 1.799999999999999400, -18.15000000000000600, -31.85000000000000500 ) ) ;
#10176 = CARTESIAN_POINT ( 'NONE',  ( -14.24999999999999600, 15.50000000000000000, 10.00000000000000000 ) ) ;
#10177 = PRODUCT_CONTEXT ( 'NONE', #3337, 'mechanical' ) ;
#10178 = CYLINDRICAL_SURFACE ( 'NONE', #2236, 3.500000000000000000 ) ;
#10179 = MECHANICAL_DESIGN_GEOMETRIC_PRESENTATION_REPRESENTATION (  '', ( #794 ), #7751 ) ;
#10180 = FILL_AREA_STYLE_COLOUR ( '', #4512 ) ;
#10181 = UNCERTAINTY_MEASURE_WITH_UNIT (LENGTH_MEASURE( 1.000000000000000100E-005 ), #10860, 'distance_accuracy_value', 'NONE');
#10182 = PRESENTATION_LAYER_ASSIGNMENT (  '', '', ( #989 ) ) ;
#10183 = ORIENTED_EDGE ( 'NONE', *, *, #4804, .F. ) ;
#10184 = LINE ( 'NONE', #7305, #1010 ) ;
#10185 = CARTESIAN_POINT ( 'NONE',  ( 0.0000000000000000000, 0.0000000000000000000, -20.99999999999999600 ) ) ;
#10186 =( NAMED_UNIT ( * ) SI_UNIT ( $, .STERADIAN. ) SOLID_ANGLE_UNIT ( ) );
#10187 = ADVANCED_FACE ( 'NONE', ( #10608 ), #841, .F. ) ;
#10188 = DIRECTION ( 'NONE',  ( -0.0000000000000000000, -0.0000000000000000000, -1.000000000000000000 ) ) ;
#10189 =( LENGTH_UNIT ( ) NAMED_UNIT ( * ) SI_UNIT ( .MILLI., .METRE. ) );
#10190 = SURFACE_STYLE_FILL_AREA ( #4343 ) ;
#10191 = EDGE_LOOP ( 'NONE', ( #9933, #1626, #3400, #5167 ) ) ;
#10192 = AXIS2_PLACEMENT_3D ( 'NONE', #1500, #4949, #10684 ) ;
#10193 = EDGE_CURVE ( 'NONE', #6584, #10588, #9441, .T. ) ;
#10194 = VERTEX_POINT ( 'NONE', #4333 ) ;
#10195 = ORIENTED_EDGE ( 'NONE', *, *, #2334, .F. ) ;
#10196 =( GEOMETRIC_REPRESENTATION_CONTEXT ( 3 ) GLOBAL_UNCERTAINTY_ASSIGNED_CONTEXT ( ( #1858 ) ) GLOBAL_UNIT_ASSIGNED_CONTEXT ( ( #4735, #10551, #2304 ) ) REPRESENTATION_CONTEXT ( 'NONE', 'WORKASPACE' ) );
#10197 = EDGE_LOOP ( 'NONE', ( #1569, #3589, #2492, #7848 ) ) ;
#10198 = CARTESIAN_POINT ( 'NONE',  ( 0.0000000000000000000, 0.0000000000000000000, 34.00000000000000000 ) ) ;
#10199 = VERTEX_POINT ( 'NONE', #5877 ) ;
#10200 = ORIENTED_EDGE ( 'NONE', *, *, #67, .F. ) ;
#10201 = EDGE_CURVE ( 'NONE', #152, #8959, #2637, .T. ) ;
#10202 = AXIS2_PLACEMENT_3D ( 'NONE', #10304, #6972, #2903 ) ;
#10203 = DIRECTION ( 'NONE',  ( -1.000000000000000000, 4.542762141924042900E-015, 0.0000000000000000000 ) ) ;
#10204 = EDGE_CURVE ( 'NONE', #6977, #1104, #7497, .T. ) ;
#10205 = ORIENTED_EDGE ( 'NONE', *, *, #7629, .F. ) ;
#10206 = ORIENTED_EDGE ( 'NONE', *, *, #6627, .F. ) ;
#10207 = DIRECTION ( 'NONE',  ( 0.0000000000000000000, 0.0000000000000000000, -1.000000000000000000 ) ) ;
#10208 = AXIS2_PLACEMENT_3D ( 'NONE', #4844, #2385, #744 ) ;
#10209 = MECHANICAL_DESIGN_GEOMETRIC_PRESENTATION_REPRESENTATION (  '', ( #9450 ), #6463 ) ;
#10210 = DIRECTION ( 'NONE',  ( -9.085524283848065300E-015, -1.000000000000000000, -0.0000000000000000000 ) ) ;
#10211 = DIRECTION ( 'NONE',  ( 1.000000000000000000, 0.0000000000000000000, 0.0000000000000000000 ) ) ;
#10212 = CARTESIAN_POINT ( 'NONE',  ( -15.50000000000000000, 1.928818708657081300E-015, 9.500000000000000000 ) ) ;
#10213 = ORIENTED_EDGE ( 'NONE', *, *, #5697, .F. ) ;
#10214 = PLANE ( 'NONE',  #5889 ) ;
#10215 = ADVANCED_FACE ( 'NONE', ( #1576 ), #10600, .F. ) ;
#10216 = DIRECTION ( 'NONE',  ( 1.000000000000000000, 0.0000000000000000000, 0.0000000000000000000 ) ) ;
#10217 = EDGE_CURVE ( 'NONE', #2717, #784, #3032, .T. ) ;
#10218 = VECTOR ( 'NONE', #3101, 1000.000000000000000 ) ;
#10219 = ORIENTED_EDGE ( 'NONE', *, *, #10408, .T. ) ;
#10220 = CARTESIAN_POINT ( 'NONE',  ( -3.599999999999998300, -19.15000000000000600, -20.99999999999999600 ) ) ;
#10221 = DIRECTION ( 'NONE',  ( -1.000000000000000000, 0.0000000000000000000, 0.0000000000000000000 ) ) ;
#10222 = CARTESIAN_POINT ( 'NONE',  ( -0.6000000000000007500, -39.15000000000002000, -31.35000000000000100 ) ) ;
#10223 = CARTESIAN_POINT ( 'NONE',  ( 0.5999999999999992000, -39.15000000000002000, -30.85000000000000100 ) ) ;
#10224 = ORIENTED_EDGE ( 'NONE', *, *, #7083, .T. ) ;
#10225 = ADVANCED_FACE ( 'NONE', ( #522 ), #3478, .F. ) ;
#10226 = ORIENTED_EDGE ( 'NONE', *, *, #2466, .T. ) ;
#10227 = DIRECTION ( 'NONE',  ( 0.7071067811865469100, 0.7071067811865482400, -0.0000000000000000000 ) ) ;
#10228 = CYLINDRICAL_SURFACE ( 'NONE', #2664, 20.00000000000000000 ) ;
#10229 = ORIENTED_EDGE ( 'NONE', *, *, #2920, .F. ) ;
#10230 = ORIENTED_EDGE ( 'NONE', *, *, #687, .F. ) ;
#10231 = ORIENTED_EDGE ( 'NONE', *, *, #2487, .F. ) ;
#10232 = DIRECTION ( 'NONE',  ( 1.000000000000000000, 0.0000000000000000000, 0.0000000000000000000 ) ) ;
#10233 = PRESENTATION_STYLE_ASSIGNMENT (( #4537 ) ) ;
#10234 = ORIENTED_EDGE ( 'NONE', *, *, #5758, .F. ) ;
#10235 = FACE_OUTER_BOUND ( 'NONE', #9819, .T. ) ;
#10236 = VERTEX_POINT ( 'NONE', #10125 ) ;
#10237 = DIRECTION ( 'NONE',  ( 1.000000000000000000, 0.0000000000000000000, 1.659555831213623100E-016 ) ) ;
#10238 = LINE ( 'NONE', #9712, #7532 ) ;
#10239 = ADVANCED_FACE ( 'NONE', ( #3422 ), #7657, .T. ) ;
#10240 = CIRCLE ( 'NONE', #1090, 16.00000000000000000 ) ;
#10241 = EDGE_CURVE ( 'NONE', #4334, #2110, #5028, .T. ) ;
#10242 = ORIENTED_EDGE ( 'NONE', *, *, #3561, .F. ) ;
#10243 = MECHANICAL_DESIGN_GEOMETRIC_PRESENTATION_REPRESENTATION (  '', ( #7 ), #1482 ) ;
#10244 = DIRECTION ( 'NONE',  ( -0.7363275207553894300, 0.0000000000000000000, 0.6766252893427953100 ) ) ;
#10245 =( LENGTH_UNIT ( ) NAMED_UNIT ( * ) SI_UNIT ( .MILLI., .METRE. ) );
#10246 = LINE ( 'NONE', #565, #2677 ) ;
#10247 = DIRECTION ( 'NONE',  ( 1.000000000000000000, 0.0000000000000000000, 0.0000000000000000000 ) ) ;
#10248 = VECTOR ( 'NONE', #1948, 1000.000000000000100 ) ;
#10249 = DIRECTION ( 'NONE',  ( -0.0000000000000000000, -0.0000000000000000000, -1.000000000000000000 ) ) ;
#10250 = APPLICATION_PROTOCOL_DEFINITION ( 'draft international standard', 'automotive_design', 1998, #1876 ) ;
#10251 = VECTOR ( 'NONE', #6981, 1000.000000000000000 ) ;
#10252 = VECTOR ( 'NONE', #5233, 1000.000000000000000 ) ;
#10253 = FILL_AREA_STYLE ('',( #10151 ) ) ;
#10254 = CARTESIAN_POINT ( 'NONE',  ( 2.583848208458104300, -21.25000000000000700, -25.10661729131781100 ) ) ;
#10255 = CARTESIAN_POINT ( 'NONE',  ( -13.31369220013742600, 21.15999999999999700, -20.99999999999999600 ) ) ;
#10256 = LINE ( 'NONE', #6271, #3227 ) ;
#10257 = AXIS2_PLACEMENT_3D ( 'NONE', #9696, #3049, #645 ) ;
#10258 = ORIENTED_EDGE ( 'NONE', *, *, #5083, .F. ) ;
#10259 = LINE ( 'NONE', #3262, #9485 ) ;
#10260 = COLOUR_RGB ( '',0.2509803921568627400, 0.2509803921568627400, 0.2509803921568627400 ) ;
#10261 = STYLED_ITEM ( 'NONE', ( #10804 ), #2617 ) ;
#10263 = LINE ( 'NONE', #3755, #5335 ) ;
#10262 = CARTESIAN_POINT ( 'NONE',  ( 1.500000000000000200, 2.000000000000000000, 33.49999999999999300 ) ) ;
#10264 = EDGE_CURVE ( 'NONE', #7365, #8500, #9308, .T. ) ;
#10265 = FACE_OUTER_BOUND ( 'NONE', #8636, .T. ) ;
#10266 = EDGE_CURVE ( 'NONE', #9246, #6994, #3305, .T. ) ;
#10267 = DIRECTION ( 'NONE',  ( -0.0000000000000000000, 1.000000000000000000, -0.0000000000000000000 ) ) ;
#10268 = AXIS2_PLACEMENT_3D ( 'NONE', #7115, #427, #2928 ) ;
#10269 = DIRECTION ( 'NONE',  ( 1.000000000000000000, 0.0000000000000000000, 0.0000000000000000000 ) ) ;
#10270 = VERTEX_POINT ( 'NONE', #3518 ) ;
#10271 = LINE ( 'NONE', #7680, #5224 ) ;
#10272 = PRESENTATION_LAYER_ASSIGNMENT (  '', '', ( #9743 ) ) ;
#10273 = ADVANCED_FACE ( 'NONE', ( #6164 ), #9196, .F. ) ;
#10274 = EDGE_CURVE ( 'NONE', #8238, #4096, #649, .T. ) ;
#10275 =( NAMED_UNIT ( * ) PLANE_ANGLE_UNIT ( ) SI_UNIT ( $, .RADIAN. ) );
#10276 = PRESENTATION_STYLE_ASSIGNMENT (( #5326 ) ) ;
#10277 = VERTEX_POINT ( 'NONE', #5164 ) ;
#10278 = DIRECTION ( 'NONE',  ( -0.0000000000000000000, -0.0000000000000000000, 1.000000000000000000 ) ) ;
#10279 = VECTOR ( 'NONE', #10725, 1000.000000000000000 ) ;
#10280 = ORIENTED_EDGE ( 'NONE', *, *, #4293, .T. ) ;
#10281 =( NAMED_UNIT ( * ) PLANE_ANGLE_UNIT ( ) SI_UNIT ( $, .RADIAN. ) );
#10282 = VECTOR ( 'NONE', #5501, 1000.000000000000000 ) ;
#10283 = PRESENTATION_STYLE_ASSIGNMENT (( #3503 ) ) ;
#10284 = AXIS2_PLACEMENT_3D ( 'NONE', #9253, #6769, #10098 ) ;
#10285 = DIRECTION ( 'NONE',  ( 1.000000000000000000, -0.0000000000000000000, -0.0000000000000000000 ) ) ;
#10286 = CARTESIAN_POINT ( 'NONE',  ( 0.0000000000000000000, 0.0000000000000000000, 9.000000000000001800 ) ) ;
#10287 = VECTOR ( 'NONE', #765, 1000.000000000000000 ) ;
#10288 = COLOUR_RGB ( '',0.2509803921568627400, 0.2509803921568627400, 0.2509803921568627400 ) ;
#10289 = SPHERICAL_SURFACE ( 'NONE', #2854, 0.5000000000000000000 ) ;
#10290 = ADVANCED_FACE ( 'NONE', ( #6049 ), #1783, .F. ) ;
#10291 = DIRECTION ( 'NONE',  ( 1.000000000000000000, 0.0000000000000000000, -1.008560160451632500E-016 ) ) ;
#10292 = VECTOR ( 'NONE', #10375, 1000.000000000000000 ) ;
#10293 = ORIENTED_EDGE ( 'NONE', *, *, #5549, .F. ) ;
#10294 = LINE ( 'NONE', #5830, #879 ) ;
#10295 = DIRECTION ( 'NONE',  ( 3.730780929461923600E-015, 1.000000000000000000, -0.0000000000000000000 ) ) ;
#10296 = SURFACE_SIDE_STYLE ('',( #10007 ) ) ;
#10297 = UNCERTAINTY_MEASURE_WITH_UNIT (LENGTH_MEASURE( 1.000000000000000100E-005 ), #5341, 'distance_accuracy_value', 'NONE');
#10298 = LINE ( 'NONE', #3607, #9288 ) ;
#10299 = DIRECTION ( 'NONE',  ( 1.659555831213623100E-016, 0.0000000000000000000, -1.000000000000000000 ) ) ;
#10300 = COLOUR_RGB ( '',0.2509803921568627400, 0.2509803921568627400, 0.2509803921568627400 ) ;
#10301 = EDGE_CURVE ( 'NONE', #10446, #3175, #7866, .T. ) ;
#10302 = VERTEX_POINT ( 'NONE', #8466 ) ;
#10303 = VECTOR ( 'NONE', #5411, 1000.000000000000000 ) ;
#10304 = CARTESIAN_POINT ( 'NONE',  ( 0.0000000000000000000, 0.0000000000000000000, 10.00000000000000000 ) ) ;
#10305 = EDGE_CURVE ( 'NONE', #9088, #942, #4751, .T. ) ;
#10306 = DIRECTION ( 'NONE',  ( -0.0000000000000000000, 0.0000000000000000000, -1.000000000000000000 ) ) ;
#10307 = UNCERTAINTY_MEASURE_WITH_UNIT (LENGTH_MEASURE( 1.000000000000000100E-005 ), #407, 'distance_accuracy_value', 'NONE');
#10308 = ORIENTED_EDGE ( 'NONE', *, *, #8918, .T. ) ;
#10309 = ORIENTED_EDGE ( 'NONE', *, *, #10086, .F. ) ;
#10310 = DIRECTION ( 'NONE',  ( -8.202002250481356300E-017, 1.000000000000000000, 0.0000000000000000000 ) ) ;
#10311 = VECTOR ( 'NONE', #8130, 1000.000000000000000 ) ;
#10312 = ORIENTED_EDGE ( 'NONE', *, *, #6103, .F. ) ;
#10313 = CARTESIAN_POINT ( 'NONE',  ( -4.000000000000000000, 4.898587196589412800E-016, -28.99999999999999600 ) ) ;
#10314 = AXIS2_PLACEMENT_3D ( 'NONE', #9257, #7576, #2525 ) ;
#10315 = AXIS2_PLACEMENT_3D ( 'NONE', #6284, #2127, #10492 ) ;
#10316 = ORIENTED_EDGE ( 'NONE', *, *, #5549, .T. ) ;
#10317 = STYLED_ITEM ( 'NONE', ( #2173 ), #1069 ) ;
#10318 = DIRECTION ( 'NONE',  ( 0.0000000000000000000, 0.0000000000000000000, 1.000000000000000000 ) ) ;
#10319 = VERTEX_POINT ( 'NONE', #7870 ) ;
#10320 = STYLED_ITEM ( 'NONE', ( #5779 ), #1823 ) ;
#10321 = ORIENTED_EDGE ( 'NONE', *, *, #2896, .F. ) ;
#10322 = DIRECTION ( 'NONE',  ( 1.000000000000000000, 0.0000000000000000000, 0.0000000000000000000 ) ) ;
#10323 = EDGE_LOOP ( 'NONE', ( #146, #9236, #1289, #7214, #7190, #492, #3928, #1824, #10859, #8034, #8507, #9174 ) ) ;
#10324 = ORIENTED_EDGE ( 'NONE', *, *, #9437, .T. ) ;
#10325 = ORIENTED_EDGE ( 'NONE', *, *, #3850, .F. ) ;
#10326 = ORIENTED_EDGE ( 'NONE', *, *, #3481, .T. ) ;
#10327 = DIRECTION ( 'NONE',  ( 0.0000000000000000000, 0.0000000000000000000, 1.000000000000000000 ) ) ;
#10328 = PRESENTATION_STYLE_ASSIGNMENT (( #6145 ) ) ;
#10329 = ORIENTED_EDGE ( 'NONE', *, *, #4015, .F. ) ;
#10330 = CARTESIAN_POINT ( 'NONE',  ( -1.800000000000000700, -39.15000000000002000, -31.85000000000000500 ) ) ;
#10331 = ADVANCED_FACE ( 'NONE', ( #1702 ), #8655, .T. ) ;
#10332 = ORIENTED_EDGE ( 'NONE', *, *, #3561, .T. ) ;
#10333 = PRESENTATION_LAYER_ASSIGNMENT (  '', '', ( #7001 ) ) ;
#10334 = SURFACE_SIDE_STYLE ('',( #3861 ) ) ;
#10335 = EDGE_CURVE ( 'NONE', #6913, #10602, #6440, .T. ) ;
#10336 = DIRECTION ( 'NONE',  ( 0.0000000000000000000, 0.0000000000000000000, -1.000000000000000000 ) ) ;
#10337 = VERTEX_POINT ( 'NONE', #936 ) ;
#10338 =( GEOMETRIC_REPRESENTATION_CONTEXT ( 3 ) GLOBAL_UNCERTAINTY_ASSIGNED_CONTEXT ( ( #7252 ) ) GLOBAL_UNIT_ASSIGNED_CONTEXT ( ( #6481, #3111, #4021 ) ) REPRESENTATION_CONTEXT ( 'NONE', 'WORKASPACE' ) );
#10339 = PLANE ( 'NONE',  #10629 ) ;
#10340 = SURFACE_SIDE_STYLE ('',( #10696 ) ) ;
#10341 = CARTESIAN_POINT ( 'NONE',  ( -14.25001964264661500, -15.96497596850949400, -26.99999999999999600 ) ) ;
#10342 = AXIS2_PLACEMENT_3D ( 'NONE', #5197, #6087, #1854 ) ;
#10343 = VECTOR ( 'NONE', #3412, 1000.000000000000000 ) ;
#10344 = ORIENTED_EDGE ( 'NONE', *, *, #8839, .F. ) ;
#10345 = EDGE_CURVE ( 'NONE', #911, #9541, #1169, .T. ) ;
#10346 = ORIENTED_EDGE ( 'NONE', *, *, #8339, .F. ) ;
#10347 = ADVANCED_FACE ( 'NONE', ( #9699 ), #3591, .F. ) ;
#10348 = AXIS2_PLACEMENT_3D ( 'NONE', #7921, #3679, #5280 ) ;
#10349 = AXIS2_PLACEMENT_3D ( 'NONE', #3834, #2953, #371 ) ;
#10350 = CIRCLE ( 'NONE', #10315, 0.5000000000000004400 ) ;
#10351 = ORIENTED_EDGE ( 'NONE', *, *, #8868, .F. ) ;
#10352 = DIRECTION ( 'NONE',  ( 0.0000000000000000000, -1.000000000000000000, 0.0000000000000000000 ) ) ;
#10353 = CARTESIAN_POINT ( 'NONE',  ( -15.01375035175306900, -14.19283027458502200, -26.99999999999999600 ) ) ;
#10354 = ORIENTED_EDGE ( 'NONE', *, *, #2844, .F. ) ;
#10355 = VERTEX_POINT ( 'NONE', #2781 ) ;
#10356 = CARTESIAN_POINT ( 'NONE',  ( -16.94289321881344200, -20.65000000000000600, 2.000000000000000000 ) ) ;
#10357 = ORIENTED_EDGE ( 'NONE', *, *, #1029, .T. ) ;
#10358 = EDGE_CURVE ( 'NONE', #6580, #1683, #4470, .T. ) ;
#10359 =( NAMED_UNIT ( * ) SI_UNIT ( $, .STERADIAN. ) SOLID_ANGLE_UNIT ( ) );
#10360 = ORIENTED_EDGE ( 'NONE', *, *, #619, .F. ) ;
#10361 = VECTOR ( 'NONE', #4088, 999.9999999999998900 ) ;
#10363 = ORIENTED_EDGE ( 'NONE', *, *, #7977, .T. ) ;
#10362 = DIRECTION ( 'NONE',  ( -1.000000000000000000, 0.0000000000000000000, 0.0000000000000000000 ) ) ;
#10364 = LINE ( 'NONE', #7777, #10252 ) ;
#10365 = DIRECTION ( 'NONE',  ( -1.224646799147353200E-016, 1.000000000000000000, 0.0000000000000000000 ) ) ;
#10366 = ORIENTED_EDGE ( 'NONE', *, *, #668, .F. ) ;
#10367 = SURFACE_STYLE_USAGE ( .BOTH. , #337 ) ;
#10368 = DIRECTION ( 'NONE',  ( 0.0000000000000000000, 0.0000000000000000000, 1.000000000000000000 ) ) ;
#10369 = DIRECTION ( 'NONE',  ( -1.000000000000000000, -1.235860604586726600E-014, 0.0000000000000000000 ) ) ;
#10370 = EDGE_CURVE ( 'NONE', #5768, #5803, #2237, .T. ) ;
#10371 = CIRCLE ( 'NONE', #9665, 10.49999999999999800 ) ;
#10372 = ORIENTED_EDGE ( 'NONE', *, *, #6665, .F. ) ;
#10373 = EDGE_CURVE ( 'NONE', #10588, #4250, #9433, .T. ) ;
#10374 = VERTEX_POINT ( 'NONE', #5412 ) ;
#10375 = DIRECTION ( 'NONE',  ( 0.0000000000000000000, 1.000000000000000000, 0.0000000000000000000 ) ) ;
#10376 = LINE ( 'NONE', #5998, #1082 ) ;
#10377 = DIRECTION ( 'NONE',  ( 0.0000000000000000000, 0.0000000000000000000, 1.000000000000000000 ) ) ;
#10378 = LINE ( 'NONE', #768, #3084 ) ;
#10379 = FILL_AREA_STYLE ('',( #10645 ) ) ;
#10380 = DIRECTION ( 'NONE',  ( 0.0000000000000000000, 0.0000000000000000000, 1.000000000000000000 ) ) ;
#10381 = FILL_AREA_STYLE_COLOUR ( '', #3760 ) ;
#10382 = VECTOR ( 'NONE', #10310, 1000.000000000000000 ) ;
#10383 = VECTOR ( 'NONE', #1302, 1000.000000000000000 ) ;
#10384 = DIRECTION ( 'NONE',  ( 1.000000000000000000, 8.202002250481357500E-017, -0.0000000000000000000 ) ) ;
#10385 = ORIENTED_EDGE ( 'NONE', *, *, #5220, .T. ) ;
#10386 = CARTESIAN_POINT ( 'NONE',  ( -20.64999999999999500, -21.15000000000000600, -28.49999999999999600 ) ) ;
#10387 = PRESENTATION_LAYER_ASSIGNMENT (  '', '', ( #794 ) ) ;
#10388 = FACE_OUTER_BOUND ( 'NONE', #3992, .T. ) ;
#10389 = ADVANCED_FACE ( 'NONE', ( #9958 ), #2853, .F. ) ;
#10390 = AXIS2_PLACEMENT_3D ( 'NONE', #9788, #6473, #6628 ) ;
#10391 = DIRECTION ( 'NONE',  ( 9.085524283848147300E-015, 1.000000000000000000, -0.0000000000000000000 ) ) ;
#10392 = DIRECTION ( 'NONE',  ( -0.0000000000000000000, -0.0000000000000000000, 1.000000000000000000 ) ) ;
#10393 = VECTOR ( 'NONE', #8396, 999.9999999999998900 ) ;
#10394 = CARTESIAN_POINT ( 'NONE',  ( 0.5999999999999992000, -39.15000000000002000, -31.35000000000000100 ) ) ;
#10395 = CONICAL_SURFACE ( 'NONE', #40, 1.249999999999997600, 1.029744258676653200 ) ;
#10396 = EDGE_CURVE ( 'NONE', #1910, #8548, #2888, .T. ) ;
#10397 = CARTESIAN_POINT ( 'NONE',  ( 12.25315615270489800, -19.15000000000000600, -13.57457495348708700 ) ) ;
#10398 = CYLINDRICAL_SURFACE ( 'NONE', #632, 0.4999999999999982200 ) ;
#10399 = AXIS2_PLACEMENT_3D ( 'NONE', #904, #19, #9268 ) ;
#10400 = VECTOR ( 'NONE', #9868, 1000.000000000000000 ) ;
#10401 = AXIS2_PLACEMENT_3D ( 'NONE', #10628, #635, #1519 ) ;
#10402 = COLOUR_RGB ( '',0.2509803921568627400, 0.2509803921568627400, 0.2509803921568627400 ) ;
#10403 = ADVANCED_FACE ( 'NONE', ( #6716 ), #6081, .F. ) ;
#10404 =( LENGTH_UNIT ( ) NAMED_UNIT ( * ) SI_UNIT ( .MILLI., .METRE. ) );
#10405 = DIRECTION ( 'NONE',  ( 0.0000000000000000000, 0.0000000000000000000, 1.000000000000000000 ) ) ;
#10406 = DIRECTION ( 'NONE',  ( 1.000000000000000000, 1.235860604586731400E-014, 0.0000000000000000000 ) ) ;
#10407 = DIRECTION ( 'NONE',  ( -0.0000000000000000000, -0.0000000000000000000, -1.000000000000000000 ) ) ;
#10408 = EDGE_CURVE ( 'NONE', #9005, #3684, #7232, .T. ) ;
#10409 = DIRECTION ( 'NONE',  ( -1.000000000000000000, 0.0000000000000000000, -6.938893903907221300E-015 ) ) ;
#10410 = MECHANICAL_DESIGN_GEOMETRIC_PRESENTATION_REPRESENTATION (  '', ( #5203 ), #3355 ) ;
#10411 = DIRECTION ( 'NONE',  ( -0.0000000000000000000, -0.0000000000000000000, -1.000000000000000000 ) ) ;
#10412 = EDGE_CURVE ( 'NONE', #8766, #3964, #2764, .T. ) ;
#10413 = ORIENTED_EDGE ( 'NONE', *, *, #10736, .T. ) ;
#10414 = DIRECTION ( 'NONE',  ( 1.659555831213623100E-016, 0.0000000000000000000, -1.000000000000000000 ) ) ;
#10415 = PLANE ( 'NONE',  #1643 ) ;
#10416 = CIRCLE ( 'NONE', #5337, 3.249999999999996000 ) ;
#10417 = DIRECTION ( 'NONE',  ( 1.000000000000000000, 0.0000000000000000000, 0.0000000000000000000 ) ) ;
#10418 = AXIS2_PLACEMENT_3D ( 'NONE', #6906, #1871, #5927 ) ;
#10419 = CARTESIAN_POINT ( 'NONE',  ( -1.371348881391340800, -19.15000000000000600, -22.57049774273397300 ) ) ;
#10420 = PRESENTATION_LAYER_ASSIGNMENT (  '', '', ( #1451 ) ) ;
#10421 = CIRCLE ( 'NONE', #9388, 25.00000000000000000 ) ;
#10422 = CARTESIAN_POINT ( 'NONE',  ( 15.98624964824874800, 15.03502403148986100, -28.49999999999999600 ) ) ;
#10423 = CARTESIAN_POINT ( 'NONE',  ( -17.90000000000087300, -15.49999999999912400, -27.99999999999999600 ) ) ;
#10424 = CIRCLE ( 'NONE', #3696, 0.5000000000000006700 ) ;
#10425 = SURFACE_STYLE_FILL_AREA ( #4152 ) ;
#10426 = FACE_OUTER_BOUND ( 'NONE', #5281, .T. ) ;
#10427 = EDGE_CURVE ( 'NONE', #4109, #3196, #5408, .T. ) ;
#10428 = EDGE_CURVE ( 'NONE', #5149, #254, #10864, .T. ) ;
#10429 = DIRECTION ( 'NONE',  ( 1.000000000000000000, 0.0000000000000000000, 0.0000000000000000000 ) ) ;
#10430 = CARTESIAN_POINT ( 'NONE',  ( 17.29644660940670800, 21.00355339059327200, 10.00000000000000000 ) ) ;
#10431 = CARTESIAN_POINT ( 'NONE',  ( 0.0000000000000000000, 0.0000000000000000000, 19.00000000000000400 ) ) ;
#10432 = FACE_OUTER_BOUND ( 'NONE', #10464, .T. ) ;
#10433 = CYLINDRICAL_SURFACE ( 'NONE', #4823, 0.5563334663949287600 ) ;
#10434 = COLOUR_RGB ( '',0.2509803921568627400, 0.2509803921568627400, 0.2509803921568627400 ) ;
#10435 = ORIENTED_EDGE ( 'NONE', *, *, #7147, .T. ) ;
#10436 = FACE_OUTER_BOUND ( 'NONE', #18, .T. ) ;
#10437 = DIRECTION ( 'NONE',  ( -1.427022914853926000E-014, -1.000000000000000000, 0.0000000000000000000 ) ) ;
#10438 = CARTESIAN_POINT ( 'NONE',  ( 0.0000000000000000000, 0.0000000000000000000, -20.99999999999999600 ) ) ;
#10439 = UNCERTAINTY_MEASURE_WITH_UNIT (LENGTH_MEASURE( 1.000000000000000100E-005 ), #10189, 'distance_accuracy_value', 'NONE');
#10440 = CYLINDRICAL_SURFACE ( 'NONE', #5636, 2.400000000000003000 ) ;
#10441 = DIRECTION ( 'NONE',  ( 1.000000000000000000, 0.0000000000000000000, 0.0000000000000000000 ) ) ;
#10442 = LINE ( 'NONE', #4942, #7470 ) ;
#10443 = ADVANCED_FACE ( 'NONE', ( #4229 ), #9685, .F. ) ;
#10444 = DIRECTION ( 'NONE',  ( -1.000000000000000000, 0.0000000000000000000, 0.0000000000000000000 ) ) ;
#10445 = DIRECTION ( 'NONE',  ( 1.000000000000000000, 0.0000000000000000000, 0.0000000000000000000 ) ) ;
#10446 = VERTEX_POINT ( 'NONE', #2820 ) ;
#10447 = FACE_OUTER_BOUND ( 'NONE', #3203, .T. ) ;
#10448 = EDGE_CURVE ( 'NONE', #3924, #7761, #8008, .T. ) ;
#10449 = AXIS2_PLACEMENT_3D ( 'NONE', #4696, #456, #8127 ) ;
#10450 = LINE ( 'NONE', #2791, #1016 ) ;
#10451 = SURFACE_STYLE_USAGE ( .BOTH. , #3052 ) ;
#10452 = STYLED_ITEM ( 'NONE', ( #7954 ), #277 ) ;
#10453 = EDGE_LOOP ( 'NONE', ( #1946, #4584 ) ) ;
#10454 = ORIENTED_EDGE ( 'NONE', *, *, #6903, .T. ) ;
#10455 = DIRECTION ( 'NONE',  ( -1.000000000000000000, 0.0000000000000000000, 0.0000000000000000000 ) ) ;
#10456 = ORIENTED_EDGE ( 'NONE', *, *, #10011, .F. ) ;
#10457 = ORIENTED_EDGE ( 'NONE', *, *, #2826, .F. ) ;
#10458 = VERTEX_POINT ( 'NONE', #1144 ) ;
#10459 = ORIENTED_EDGE ( 'NONE', *, *, #4768, .T. ) ;
#10460 = CARTESIAN_POINT ( 'NONE',  ( -2.999999999999976900, -18.15000000000000600, -28.99999999999999600 ) ) ;
#10461 = CARTESIAN_POINT ( 'NONE',  ( 15.03502403148815200, -15.01375035175166400, -28.49999999999999600 ) ) ;
#10462 = CARTESIAN_POINT ( 'NONE',  ( 0.0000000000000000000, 0.0000000000000000000, -28.99999999999999600 ) ) ;
#10463 = PLANE ( 'NONE',  #9628 ) ;
#10464 = EDGE_LOOP ( 'NONE', ( #1943, #1828, #2667, #5184, #4122, #1307, #1475, #4083 ) ) ;
#10465 = ORIENTED_EDGE ( 'NONE', *, *, #3507, .T. ) ;
#10466 = DIRECTION ( 'NONE',  ( 0.0000000000000000000, -1.000000000000000000, -0.0000000000000000000 ) ) ;
#10467 = MECHANICAL_DESIGN_GEOMETRIC_PRESENTATION_REPRESENTATION (  '', ( #5675 ), #9029 ) ;
#10468 = DIRECTION ( 'NONE',  ( -0.0000000000000000000, 1.000000000000000000, -0.0000000000000000000 ) ) ;
#10469 = AXIS2_PLACEMENT_3D ( 'NONE', #1636, #5093, #1679 ) ;
#10470 = CIRCLE ( 'NONE', #10469, 0.5000000000000004400 ) ;
#10471 = AXIS2_PLACEMENT_3D ( 'NONE', #801, #9916, #7489 ) ;
#10472 = SURFACE_SIDE_STYLE ('',( #1266 ) ) ;
#10473 = EDGE_CURVE ( 'NONE', #422, #8419, #7746, .T. ) ;
#10474 = ORIENTED_EDGE ( 'NONE', *, *, #1078, .F. ) ;
#10475 = CARTESIAN_POINT ( 'NONE',  ( -16.94289321881343100, 20.64999999999999900, -28.49999999999999600 ) ) ;
#10476 = CARTESIAN_POINT ( 'NONE',  ( 2.999999999999980000, -19.77371993328518900, -28.99999999999999600 ) ) ;
#10477 = CARTESIAN_POINT ( 'NONE',  ( 1.799999999999999400, -39.15000000000002000, -31.35000000000000100 ) ) ;
#10478 = DIRECTION ( 'NONE',  ( 1.000000000000000000, -3.906775442054348700E-013, 0.0000000000000000000 ) ) ;
#10479 = AXIS2_PLACEMENT_3D ( 'NONE', #10185, #1841, #4364 ) ;
#10480 = LINE ( 'NONE', #1313, #5432 ) ;
#10481 = EDGE_CURVE ( 'NONE', #7596, #8412, #5547, .T. ) ;
#10482 = ORIENTED_EDGE ( 'NONE', *, *, #6257, .T. ) ;
#10483 = CARTESIAN_POINT ( 'NONE',  ( 15.03502403148815200, -15.98624964824929200, -28.49999999999999600 ) ) ;
#10484 = MECHANICAL_DESIGN_GEOMETRIC_PRESENTATION_REPRESENTATION (  '', ( #594 ), #10693 ) ;
#10485 = CARTESIAN_POINT ( 'NONE',  ( -1.371348881391340800, -39.15000000000000600, -22.57049774273397300 ) ) ;
#10486 = SURFACE_SIDE_STYLE ('',( #5617 ) ) ;
#10487 = STYLED_ITEM ( 'NONE', ( #825 ), #3278 ) ;
#10488 = EDGE_CURVE ( 'NONE', #10103, #2374, #5277, .T. ) ;
#10489 =( LENGTH_UNIT ( ) NAMED_UNIT ( * ) SI_UNIT ( .MILLI., .METRE. ) );
#10490 = EDGE_LOOP ( 'NONE', ( #7740, #6764, #7846 ) ) ;
#10491 = VERTEX_POINT ( 'NONE', #4776 ) ;
#10492 = DIRECTION ( 'NONE',  ( 1.000000000000000000, 0.0000000000000000000, 0.0000000000000000000 ) ) ;
#10493 = ORIENTED_EDGE ( 'NONE', *, *, #8902, .T. ) ;
#10494 = ORIENTED_EDGE ( 'NONE', *, *, #9271, .T. ) ;
#10495 = MECHANICAL_DESIGN_GEOMETRIC_PRESENTATION_REPRESENTATION (  '', ( #4789 ), #1877 ) ;
#10496 =( GEOMETRIC_REPRESENTATION_CONTEXT ( 3 ) GLOBAL_UNCERTAINTY_ASSIGNED_CONTEXT ( ( #2253 ) ) GLOBAL_UNIT_ASSIGNED_CONTEXT ( ( #9851, #6506, #3176 ) ) REPRESENTATION_CONTEXT ( 'NONE', 'WORKASPACE' ) );
#10497 = FILL_AREA_STYLE_COLOUR ( '', #2438 ) ;
#10498 = ORIENTED_EDGE ( 'NONE', *, *, #2017, .T. ) ;
#10499 = SURFACE_SIDE_STYLE ('',( #4125 ) ) ;
#10500 = ORIENTED_EDGE ( 'NONE', *, *, #7435, .T. ) ;
#10501 = DIRECTION ( 'NONE',  ( 0.0000000000000000000, 0.0000000000000000000, -1.000000000000000000 ) ) ;
#10502 = DIRECTION ( 'NONE',  ( -0.0000000000000000000, -0.0000000000000000000, 1.000000000000000000 ) ) ;
#10503 = LINE ( 'NONE', #411, #10779 ) ;
#10504 = LINE ( 'NONE', #8275, #8039 ) ;
#10505 = CARTESIAN_POINT ( 'NONE',  ( -3.500000000000000000, 4.286263797015736600E-016, 11.50000000000000000 ) ) ;
#10506 = ORIENTED_EDGE ( 'NONE', *, *, #1723, .T. ) ;
#10507 = CIRCLE ( 'NONE', #8416, 2.750000000000000900 ) ;
#10508 = ADVANCED_FACE ( 'NONE', ( #4879, #2626 ), #7183, .T. ) ;
#10509 = PLANE ( 'NONE',  #4448 ) ;
#10510 = CARTESIAN_POINT ( 'NONE',  ( -14.24999999999999600, -15.50000000000000400, 5.500000000000000000 ) ) ;
#10511 = COLOUR_RGB ( '',0.2509803921568627400, 0.2509803921568627400, 0.2509803921568627400 ) ;
#10512 =( LENGTH_UNIT ( ) NAMED_UNIT ( * ) SI_UNIT ( .MILLI., .METRE. ) );
#10513 = UNCERTAINTY_MEASURE_WITH_UNIT (LENGTH_MEASURE( 1.000000000000000100E-005 ), #3792, 'distance_accuracy_value', 'NONE');
#10514 = EDGE_CURVE ( 'NONE', #3924, #7209, #9065, .T. ) ;
#10515 = DIRECTION ( 'NONE',  ( -0.0000000000000000000, 1.000000000000000000, -0.0000000000000000000 ) ) ;
#10516 = PRESENTATION_LAYER_ASSIGNMENT (  '', '', ( #2684 ) ) ;
#10517 = FACE_OUTER_BOUND ( 'NONE', #6948, .T. ) ;
#10518 = CARTESIAN_POINT ( 'NONE',  ( 1.270437991958183200, 2.000000000000000000, 33.63773720482508600 ) ) ;
#10519 = CARTESIAN_POINT ( 'NONE',  ( -16.94289321881344200, -20.65000000000000600, -28.49999999999999600 ) ) ;
#10520 = ORIENTED_EDGE ( 'NONE', *, *, #320, .T. ) ;
#10521 = DIRECTION ( 'NONE',  ( 0.0000000000000000000, 0.0000000000000000000, -1.000000000000000000 ) ) ;
#10522 = DIRECTION ( 'NONE',  ( 0.0000000000000000000, 0.0000000000000000000, 1.000000000000000000 ) ) ;
#10523 = VECTOR ( 'NONE', #9371, 1000.000000000000000 ) ;
#10524 = VECTOR ( 'NONE', #4552, 1000.000000000000000 ) ;
#10525 = DIRECTION ( 'NONE',  ( 4.542762141924042900E-015, 1.000000000000000000, 0.0000000000000000000 ) ) ;
#10526 = FILL_AREA_STYLE_COLOUR ( '', #7663 ) ;
#10527 = PRESENTATION_LAYER_ASSIGNMENT (  '', '', ( #5740 ) ) ;
#10528 = AXIS2_PLACEMENT_3D ( 'NONE', #9972, #9118, #10441 ) ;
#10529 = VECTOR ( 'NONE', #1886, 1000.000000000000000 ) ;
#10530 =( NAMED_UNIT ( * ) PLANE_ANGLE_UNIT ( ) SI_UNIT ( $, .RADIAN. ) );
#10531 = DIRECTION ( 'NONE',  ( 0.0000000000000000000, 0.0000000000000000000, -1.000000000000000000 ) ) ;
#10532 =( NAMED_UNIT ( * ) SI_UNIT ( $, .STERADIAN. ) SOLID_ANGLE_UNIT ( ) );
#10533 = PRESENTATION_STYLE_ASSIGNMENT (( #5538 ) ) ;
#10534 = CARTESIAN_POINT ( 'NONE',  ( -1.371348881391340800, -39.15000000000000600, -25.01295075771274100 ) ) ;
#10535 = EDGE_LOOP ( 'NONE', ( #4342, #6868, #10344, #9079 ) ) ;
#10536 =( NAMED_UNIT ( * ) SI_UNIT ( $, .STERADIAN. ) SOLID_ANGLE_UNIT ( ) );
#10537 = SURFACE_STYLE_FILL_AREA ( #8457 ) ;
#10538 = VECTOR ( 'NONE', #5436, 1000.000000000000000 ) ;
#10539 = AXIS2_PLACEMENT_3D ( 'NONE', #5811, #8335, #3322 ) ;
#10540 = EDGE_CURVE ( 'NONE', #1410, #5136, #6831, .T. ) ;
#10541 = PLANE ( 'NONE',  #3471 ) ;
#10542 = SURFACE_STYLE_FILL_AREA ( #4331 ) ;
#10543 = CIRCLE ( 'NONE', #3908, 1.249999999999999300 ) ;
#10544 = EDGE_LOOP ( 'NONE', ( #2348, #7441, #3137, #6555 ) ) ;
#10545 = MECHANICAL_DESIGN_GEOMETRIC_PRESENTATION_REPRESENTATION (  '', ( #9046 ), #4211 ) ;
#10546 = EDGE_LOOP ( 'NONE', ( #8813, #1202 ) ) ;
#10547 = DIRECTION ( 'NONE',  ( -1.000000000000000000, 6.179303022933785000E-015, -0.0000000000000000000 ) ) ;
#10548 = PRESENTATION_STYLE_ASSIGNMENT (( #6649 ) ) ;
#10549 =( NAMED_UNIT ( * ) PLANE_ANGLE_UNIT ( ) SI_UNIT ( $, .RADIAN. ) );
#10550 = FACE_OUTER_BOUND ( 'NONE', #3702, .T. ) ;
#10551 =( NAMED_UNIT ( * ) PLANE_ANGLE_UNIT ( ) SI_UNIT ( $, .RADIAN. ) );
#10552 = DIRECTION ( 'NONE',  ( -0.7071067811865475700, -0.7071067811865475700, -0.0000000000000000000 ) ) ;
#10553 = CARTESIAN_POINT ( 'NONE',  ( 21.15000000000000200, -16.94289321881343800, 2.000000000000000000 ) ) ;
#10554 = AXIS2_PLACEMENT_3D ( 'NONE', #6586, #7988, #10522 ) ;
#10555 = EDGE_CURVE ( 'NONE', #2542, #250, #384, .T. ) ;
#10556 = VECTOR ( 'NONE', #4243, 1000.000000000000000 ) ;
#10557 = DIRECTION ( 'NONE',  ( -1.000000000000000000, 0.0000000000000000000, 0.0000000000000000000 ) ) ;
#10558 = FILL_AREA_STYLE_COLOUR ( '', #8764 ) ;
#10559 =( NAMED_UNIT ( * ) SI_UNIT ( $, .STERADIAN. ) SOLID_ANGLE_UNIT ( ) );
#10560 = VECTOR ( 'NONE', #5619, 1000.000000000000000 ) ;
#10561 = SURFACE_SIDE_STYLE ('',( #3904 ) ) ;
#10562 = CARTESIAN_POINT ( 'NONE',  ( 0.0000000000000000000, 0.0000000000000000000, -25.99999999999999600 ) ) ;
#10563 = CARTESIAN_POINT ( 'NONE',  ( 1.500000000000000200, 2.000000000000000000, 19.00000000000000400 ) ) ;
#10564 = AXIS2_PLACEMENT_3D ( 'NONE', #9361, #6882, #6989 ) ;
#10565 = ORIENTED_EDGE ( 'NONE', *, *, #5142, .T. ) ;
#10566 = AXIS2_PLACEMENT_3D ( 'NONE', #6715, #1701, #6814 ) ;
#10567 = DIRECTION ( 'NONE',  ( 0.0000000000000000000, 0.0000000000000000000, -1.000000000000000000 ) ) ;
#10568 = SURFACE_SIDE_STYLE ('',( #168 ) ) ;
#10569 = DIRECTION ( 'NONE',  ( -0.0000000000000000000, -0.0000000000000000000, -1.000000000000000000 ) ) ;
#10570 = ADVANCED_FACE ( 'NONE', ( #2376 ), #7598, .T. ) ;
#10571 = EDGE_CURVE ( 'NONE', #4602, #7769, #4339, .T. ) ;
#10572 = DIRECTION ( 'NONE',  ( 0.7071067811865475700, -0.7071067811865475700, 0.0000000000000000000 ) ) ;
#10573 = ORIENTED_EDGE ( 'NONE', *, *, #3088, .T. ) ;
#10574 = SURFACE_SIDE_STYLE ('',( #9667 ) ) ;
#10575 = VECTOR ( 'NONE', #3380, 1000.000000000000000 ) ;
#10576 =( NAMED_UNIT ( * ) PLANE_ANGLE_UNIT ( ) SI_UNIT ( $, .RADIAN. ) );
#10577 = CARTESIAN_POINT ( 'NONE',  ( 0.5999999999999996400, -39.15000000000002000, -29.65000000000000200 ) ) ;
#10578 = VERTEX_POINT ( 'NONE', #7256 ) ;
#10579 =( LENGTH_UNIT ( ) NAMED_UNIT ( * ) SI_UNIT ( .MILLI., .METRE. ) );
#10580 = ORIENTED_EDGE ( 'NONE', *, *, #6521, .T. ) ;
#10581 = ORIENTED_EDGE ( 'NONE', *, *, #464, .T. ) ;
#10582 = DIRECTION ( 'NONE',  ( -1.000000000000000000, 0.0000000000000000000, 0.0000000000000000000 ) ) ;
#10583 = DIRECTION ( 'NONE',  ( 0.0000000000000000000, 0.0000000000000000000, 1.000000000000000000 ) ) ;
#10584 = CARTESIAN_POINT ( 'NONE',  ( -15.49999999999999600, -15.50000000000000400, 5.500000000000000000 ) ) ;
#10585 = DIRECTION ( 'NONE',  ( -0.0000000000000000000, -0.0000000000000000000, 1.000000000000000000 ) ) ;
#10586 = ORIENTED_EDGE ( 'NONE', *, *, #7666, .F. ) ;
#10587 = DIRECTION ( 'NONE',  ( 0.0000000000000000000, -1.000000000000000000, 0.0000000000000000000 ) ) ;
#10588 = VERTEX_POINT ( 'NONE', #4736 ) ;
#10589 = ORIENTED_EDGE ( 'NONE', *, *, #6483, .T. ) ;
#10590 = EDGE_LOOP ( 'NONE', ( #3709, #3413 ) ) ;
#10591 = FILL_AREA_STYLE_COLOUR ( '', #10686 ) ;
#10592 = ORIENTED_EDGE ( 'NONE', *, *, #5206, .T. ) ;
#10593 = ORIENTED_EDGE ( 'NONE', *, *, #7589, .T. ) ;
#10594 = PLANE ( 'NONE',  #1579 ) ;
#10595 = DIRECTION ( 'NONE',  ( 0.0000000000000000000, -0.0000000000000000000, -1.000000000000000000 ) ) ;
#10596 = VERTEX_POINT ( 'NONE', #9612 ) ;
#10597 = DIRECTION ( 'NONE',  ( -1.000000000000000000, 1.224646799147349500E-016, 0.0000000000000000000 ) ) ;
#10598 =( LENGTH_UNIT ( ) NAMED_UNIT ( * ) SI_UNIT ( .MILLI., .METRE. ) );
#10599 = STYLED_ITEM ( 'NONE', ( #593 ), #5807 ) ;
#10600 = CYLINDRICAL_SURFACE ( 'NONE', #3971, 2.750000000000000900 ) ;
#10601 = ORIENTED_EDGE ( 'NONE', *, *, #5757, .F. ) ;
#10602 = VERTEX_POINT ( 'NONE', #5589 ) ;
#10603 = AXIS2_PLACEMENT_3D ( 'NONE', #4841, #7288, #7324 ) ;
#10604 = CARTESIAN_POINT ( 'NONE',  ( 3.599999999999998800, -19.15000000000000600, -26.49999999999999600 ) ) ;
#10605 = VERTEX_POINT ( 'NONE', #5652 ) ;
#10606 = DIRECTION ( 'NONE',  ( -0.0000000000000000000, -0.0000000000000000000, 1.000000000000000000 ) ) ;
#10607 = PLANE ( 'NONE',  #7670 ) ;
#10608 = FACE_OUTER_BOUND ( 'NONE', #9925, .T. ) ;
#10609 = DIRECTION ( 'NONE',  ( 1.000000000000000000, 0.0000000000000000000, 0.0000000000000000000 ) ) ;
#10610 = ORIENTED_EDGE ( 'NONE', *, *, #3782, .T. ) ;
#10611 =( LENGTH_UNIT ( ) NAMED_UNIT ( * ) SI_UNIT ( .MILLI., .METRE. ) );
#10612 = CARTESIAN_POINT ( 'NONE',  ( 0.5999999999999992000, -39.15000000000002000, -30.85000000000000100 ) ) ;
#10613 = CARTESIAN_POINT ( 'NONE',  ( 20.64999999999999900, 16.94289321881343100, 2.000000000000000000 ) ) ;
#10614 = ORIENTED_EDGE ( 'NONE', *, *, #9055, .T. ) ;
#10615 = AXIS2_PLACEMENT_3D ( 'NONE', #3814, #424, #2996 ) ;
#10616 = AXIS2_PLACEMENT_3D ( 'NONE', #2927, #4629, #5484 ) ;
#10617 = EDGE_CURVE ( 'NONE', #4247, #4983, #5783, .T. ) ;
#10618 = AXIS2_PLACEMENT_3D ( 'NONE', #6758, #7588, #5842 ) ;
#10619 = PRESENTATION_STYLE_ASSIGNMENT (( #5385 ) ) ;
#10621 = ORIENTED_EDGE ( 'NONE', *, *, #3234, .T. ) ;
#10620 = DIRECTION ( 'NONE',  ( -0.0000000000000000000, -1.000000000000000000, -0.0000000000000000000 ) ) ;
#10622 = EDGE_CURVE ( 'NONE', #4334, #4328, #9413, .T. ) ;
#10623 = ORIENTED_EDGE ( 'NONE', *, *, #167, .T. ) ;
#10624 = ORIENTED_EDGE ( 'NONE', *, *, #2869, .T. ) ;
#10625 = ADVANCED_FACE ( 'NONE', ( #3534 ), #3117, .F. ) ;
#10626 = VERTEX_POINT ( 'NONE', #3231 ) ;
#10627 = DIRECTION ( 'NONE',  ( -0.7071067811865475700, -0.7071067811865475700, -0.0000000000000000000 ) ) ;
#10628 = CARTESIAN_POINT ( 'NONE',  ( 12.24999999999912400, -15.50000000000000200, -28.49999999999999600 ) ) ;
#10629 = AXIS2_PLACEMENT_3D ( 'NONE', #2034, #16, #1671 ) ;
#10630 = DIRECTION ( 'NONE',  ( -1.000000000000000000, 0.0000000000000000000, 0.0000000000000000000 ) ) ;
#10631 = UNCERTAINTY_MEASURE_WITH_UNIT (LENGTH_MEASURE( 1.000000000000000100E-005 ), #5152, 'distance_accuracy_value', 'NONE');
#10632 = ORIENTED_EDGE ( 'NONE', *, *, #4768, .F. ) ;
#10633 = STYLED_ITEM ( 'NONE', ( #5340 ), #8501 ) ;
#10634 = ORIENTED_EDGE ( 'NONE', *, *, #2145, .F. ) ;
#10635 = PLANE ( 'NONE',  #9249 ) ;
#10636 = SURFACE_SIDE_STYLE ('',( #9655 ) ) ;
#10637 = CARTESIAN_POINT ( 'NONE',  ( 18.79644660940675000, -18.79644660940667200, -28.49999999999999600 ) ) ;
#10638 = VERTEX_POINT ( 'NONE', #673 ) ;
#10639 = AXIS2_PLACEMENT_3D ( 'NONE', #2018, #7023, #3644 ) ;
#10640 = EDGE_CURVE ( 'NONE', #2527, #6658, #504, .T. ) ;
#10641 = EDGE_CURVE ( 'NONE', #9319, #104, #7481, .T. ) ;
#10642 = ORIENTED_EDGE ( 'NONE', *, *, #9809, .F. ) ;
#10643 = DIRECTION ( 'NONE',  ( 0.7071067811865482400, 0.7071067811865469100, -0.0000000000000000000 ) ) ;
#10644 = FACE_OUTER_BOUND ( 'NONE', #503, .T. ) ;
#10645 = FILL_AREA_STYLE_COLOUR ( '', #3144 ) ;
#10646 = ORIENTED_EDGE ( 'NONE', *, *, #320, .F. ) ;
#10647 = CONICAL_SURFACE ( 'NONE', #9941, 1.249999999999997600, 1.029744258676653200 ) ;
#10648 = DIRECTION ( 'NONE',  ( 0.0000000000000000000, 0.0000000000000000000, 1.000000000000000000 ) ) ;
#10649 = PLANE ( 'NONE',  #5840 ) ;
#10650 = FILL_AREA_STYLE_COLOUR ( '', #4980 ) ;
#10651 = DIRECTION ( 'NONE',  ( -0.7363275207553894300, 0.0000000000000000000, 0.6766252893427953100 ) ) ;
#10652 = SURFACE_STYLE_FILL_AREA ( #7170 ) ;
#10653 = VECTOR ( 'NONE', #675, 1000.000000000000000 ) ;
#10654 = FILL_AREA_STYLE ('',( #3183 ) ) ;
#10655 = ORIENTED_EDGE ( 'NONE', *, *, #7589, .F. ) ;
#10656 = PRESENTATION_STYLE_ASSIGNMENT (( #8418 ) ) ;
#10657 = UNCERTAINTY_MEASURE_WITH_UNIT (LENGTH_MEASURE( 1.000000000000000100E-005 ), #5550, 'distance_accuracy_value', 'NONE');
#10658 = CARTESIAN_POINT ( 'NONE',  ( -1.800000000000000700, -18.15000000000000600, -31.35000000000000100 ) ) ;
#10659 = VECTOR ( 'NONE', #4646, 1000.000000000000000 ) ;
#10660 = CARTESIAN_POINT ( 'NONE',  ( 1.799999999999999400, -18.15000000000000600, -31.35000000000000100 ) ) ;
#10661 = DIRECTION ( 'NONE',  ( 0.0000000000000000000, -1.000000000000000000, 0.0000000000000000000 ) ) ;
#10662 = DIRECTION ( 'NONE',  ( -0.0000000000000000000, -1.000000000000000000, -0.0000000000000000000 ) ) ;
#10663 = SURFACE_SIDE_STYLE ('',( #7060 ) ) ;
#10664 = ADVANCED_FACE ( 'NONE', ( #4075 ), #9120, .F. ) ;
#10665 = EDGE_CURVE ( 'NONE', #7872, #9005, #8914, .T. ) ;
#10666 = CARTESIAN_POINT ( 'NONE',  ( 0.0000000000000000000, 0.0000000000000000000, 12.00000000000000000 ) ) ;
#10667 = FACE_OUTER_BOUND ( 'NONE', #3455, .T. ) ;
#10668 = MECHANICAL_DESIGN_GEOMETRIC_PRESENTATION_REPRESENTATION (  '', ( #6355 ), #8947 ) ;
#10669 = VECTOR ( 'NONE', #10391, 1000.000000000000000 ) ;
#10670 = COLOUR_RGB ( '',0.2509803921568627400, 0.2509803921568627400, 0.2509803921568627400 ) ;
#10671 = CIRCLE ( 'NONE', #2528, 0.5000000000000004400 ) ;
#10672 = CIRCLE ( 'NONE', #1368, 0.5000000000000004400 ) ;
#10673 = DIRECTION ( 'NONE',  ( -8.202002250481356300E-017, 1.000000000000000000, 0.0000000000000000000 ) ) ;
#10674 = FILL_AREA_STYLE_COLOUR ( '', #4482 ) ;
#10675 = SURFACE_STYLE_USAGE ( .BOTH. , #4940 ) ;
#10676 = DIRECTION ( 'NONE',  ( 0.0000000000000000000, 0.0000000000000000000, 1.000000000000000000 ) ) ;
#10677 = VERTEX_POINT ( 'NONE', #3155 ) ;
#10678 = AXIS2_PLACEMENT_3D ( 'NONE', #3024, #1358, #7243 ) ;
#10679 = VECTOR ( 'NONE', #2468, 1000.000000000000000 ) ;
#10680 = MECHANICAL_DESIGN_GEOMETRIC_PRESENTATION_REPRESENTATION (  '', ( #6987 ), #4756 ) ;
#10681 = COLOUR_RGB ( '',0.2509803921568627400, 0.2509803921568627400, 0.2509803921568627400 ) ;
#10682 = AXIS2_PLACEMENT_3D ( 'NONE', #4068, #1516, #748 ) ;
#10683 = CARTESIAN_POINT ( 'NONE',  ( -18.25000000000087400, -15.49999999999912400, -26.99999999999999600 ) ) ;
#10684 = DIRECTION ( 'NONE',  ( 1.000000000000000000, -1.070267186140442500E-014, 0.0000000000000000000 ) ) ;
#10685 = AXIS2_PLACEMENT_3D ( 'NONE', #3317, #4161, #1204 ) ;
#10686 = COLOUR_RGB ( '',0.2509803921568627400, 0.2509803921568627400, 0.2509803921568627400 ) ;
#10687 = PLANE ( 'NONE',  #813 ) ;
#10688 = EDGE_CURVE ( 'NONE', #4505, #5449, #1684, .T. ) ;
#10689 = VECTOR ( 'NONE', #3917, 1000.000000000000000 ) ;
#10690 = PRESENTATION_STYLE_ASSIGNMENT (( #2394 ) ) ;
#10691 = MECHANICAL_DESIGN_GEOMETRIC_PRESENTATION_REPRESENTATION (  '', ( #5266 ), #3780 ) ;
#10692 = EDGE_CURVE ( 'NONE', #1473, #1030, #1421, .T. ) ;
#10693 =( GEOMETRIC_REPRESENTATION_CONTEXT ( 3 ) GLOBAL_UNCERTAINTY_ASSIGNED_CONTEXT ( ( #9982 ) ) GLOBAL_UNIT_ASSIGNED_CONTEXT ( ( #3028, #517, #557 ) ) REPRESENTATION_CONTEXT ( 'NONE', 'WORKASPACE' ) );
#10694 = VECTOR ( 'NONE', #3793, 1000.000000000000000 ) ;
#10695 = DIRECTION ( 'NONE',  ( 0.0000000000000000000, 0.0000000000000000000, -1.000000000000000000 ) ) ;
#10696 = SURFACE_STYLE_FILL_AREA ( #4637 ) ;
#10697 = SURFACE_STYLE_USAGE ( .BOTH. , #5730 ) ;
#10698 = FILL_AREA_STYLE_COLOUR ( '', #2025 ) ;
#10699 = VECTOR ( 'NONE', #7499, 1000.000000000000000 ) ;
#10700 = CIRCLE ( 'NONE', #5798, 2.499999999999999600 ) ;
#10701 = ORIENTED_EDGE ( 'NONE', *, *, #7372, .T. ) ;
#10702 = CARTESIAN_POINT ( 'NONE',  ( 16.94289321881341700, -20.65000000000000200, 9.500000000000000000 ) ) ;
#10704 = STYLED_ITEM ( 'NONE', ( #3235 ), #2728 ) ;
#10703 = VECTOR ( 'NONE', #8595, 1000.000000000000000 ) ;
#10705 = ORIENTED_EDGE ( 'NONE', *, *, #8160, .T. ) ;
#10706 = LINE ( 'NONE', #7076, #8114 ) ;
#10707 = EDGE_CURVE ( 'NONE', #5357, #2374, #8261, .T. ) ;
#10708 = ORIENTED_EDGE ( 'NONE', *, *, #1950, .T. ) ;
#10709 = DIRECTION ( 'NONE',  ( 8.202002250481356300E-017, -1.000000000000000000, -0.0000000000000000000 ) ) ;
#10710 = FILL_AREA_STYLE ('',( #7554 ) ) ;
#10711 = LINE ( 'NONE', #4722, #3521 ) ;
#10712 = DIRECTION ( 'NONE',  ( 1.000000000000000000, -8.881784197001252300E-016, 0.0000000000000000000 ) ) ;
#10713 = AXIS2_PLACEMENT_3D ( 'NONE', #4050, #3251, #8254 ) ;
#10714 = LINE ( 'NONE', #8105, #8505 ) ;
#10715 = AXIS2_PLACEMENT_3D ( 'NONE', #7704, #8580, #10306 ) ;
#10716 = ORIENTED_EDGE ( 'NONE', *, *, #6168, .F. ) ;
#10717 = LINE ( 'NONE', #7522, #8509 ) ;
#10718 = CARTESIAN_POINT ( 'NONE',  ( -2.799999999999999800, 0.0000000000000000000, -25.99999999999999600 ) ) ;
#10719 = SURFACE_STYLE_USAGE ( .BOTH. , #1490 ) ;
#10720 = DIRECTION ( 'NONE',  ( 0.0000000000000000000, -1.000000000000000000, 0.0000000000000000000 ) ) ;
#10721 = FILL_AREA_STYLE ('',( #4091 ) ) ;
#10722 = ADVANCED_FACE ( 'NONE', ( #6700, #8640 ), #6531, .T. ) ;
#10723 = ORIENTED_EDGE ( 'NONE', *, *, #8425, .F. ) ;
#10724 = EDGE_CURVE ( 'NONE', #1308, #6887, #6421, .T. ) ;
#10725 = DIRECTION ( 'NONE',  ( -0.0000000000000000000, -0.0000000000000000000, -1.000000000000000000 ) ) ;
#10726 = CARTESIAN_POINT ( 'NONE',  ( 15.03502403148815600, -14.25001964264521200, -26.99999999999999600 ) ) ;
#10727 = LINE ( 'NONE', #10163, #3806 ) ;
#10728 = DIRECTION ( 'NONE',  ( 0.7071067811865482400, -0.7071067811865469100, 0.0000000000000000000 ) ) ;
#10729 = EDGE_LOOP ( 'NONE', ( #10435, #8040, #1900, #10172 ) ) ;
#10730 = ORIENTED_EDGE ( 'NONE', *, *, #7437, .F. ) ;
#10731 = ORIENTED_EDGE ( 'NONE', *, *, #6687, .F. ) ;
#10732 = ORIENTED_EDGE ( 'NONE', *, *, #7736, .F. ) ;
#10733 = ORIENTED_EDGE ( 'NONE', *, *, #6193, .T. ) ;
#10734 = ORIENTED_EDGE ( 'NONE', *, *, #7457, .T. ) ;
#10735 = EDGE_CURVE ( 'NONE', #8316, #1437, #4209, .T. ) ;
#10736 = EDGE_CURVE ( 'NONE', #2918, #3029, #1290, .T. ) ;
#10737 = ORIENTED_EDGE ( 'NONE', *, *, #8020, .T. ) ;
#10738 = ORIENTED_EDGE ( 'NONE', *, *, #757, .F. ) ;
#10739 = DIRECTION ( 'NONE',  ( -4.956352788505164300E-016, 0.0000000000000000000, -1.000000000000000000 ) ) ;
#10740 = DIRECTION ( 'NONE',  ( -1.000000000000000000, 9.085524283848147300E-015, 0.0000000000000000000 ) ) ;
#10741 =( NAMED_UNIT ( * ) SI_UNIT ( $, .STERADIAN. ) SOLID_ANGLE_UNIT ( ) );
#10742 = CARTESIAN_POINT ( 'NONE',  ( -12.75000000000087200, -15.49999999999912400, -26.99999999999999600 ) ) ;
#10743 =( NAMED_UNIT ( * ) SI_UNIT ( $, .STERADIAN. ) SOLID_ANGLE_UNIT ( ) );
#10744 =( NAMED_UNIT ( * ) SI_UNIT ( $, .STERADIAN. ) SOLID_ANGLE_UNIT ( ) );
#10745 = VECTOR ( 'NONE', #9914, 1000.000000000000000 ) ;
#10746 = ORIENTED_EDGE ( 'NONE', *, *, #5133, .T. ) ;
#10747 = ORIENTED_EDGE ( 'NONE', *, *, #10707, .T. ) ;
#10748 = CARTESIAN_POINT ( 'NONE',  ( 0.0000000000000000000, 0.0000000000000000000, -20.99999999999999600 ) ) ;
#10749 = DIRECTION ( 'NONE',  ( -1.000000000000000000, -3.861347820635129200E-013, 0.0000000000000000000 ) ) ;
#10750 = FILL_AREA_STYLE ('',( #3933 ) ) ;
#10751 = AXIS2_PLACEMENT_3D ( 'NONE', #9227, #6748, #6775 ) ;
#10752 = AXIS2_PLACEMENT_3D ( 'NONE', #486, #1214, #7068 ) ;
#10753 = LINE ( 'NONE', #3714, #8291 ) ;
#10754 = ORIENTED_EDGE ( 'NONE', *, *, #920, .T. ) ;
#10755 = CARTESIAN_POINT ( 'NONE',  ( 1.799999999999999400, -39.15000000000002000, -31.35000000000000100 ) ) ;
#10756 = DIRECTION ( 'NONE',  ( 0.7071067811865475700, 0.7071067811865475700, 0.0000000000000000000 ) ) ;
#10757 = DIRECTION ( 'NONE',  ( 1.000000000000000000, 0.0000000000000000000, 0.0000000000000000000 ) ) ;
#10758 = SURFACE_STYLE_USAGE ( .BOTH. , #692 ) ;
#10759 = DIRECTION ( 'NONE',  ( 0.0000000000000000000, 1.000000000000000000, 0.0000000000000000000 ) ) ;
#10760 = SURFACE_STYLE_USAGE ( .BOTH. , #4202 ) ;
#10761 = ORIENTED_EDGE ( 'NONE', *, *, #10839, .T. ) ;
#10762 = CARTESIAN_POINT ( 'NONE',  ( -0.6000000000000003100, -39.15000000000002000, -30.15000000000000200 ) ) ;
#10763 = AXIS2_PLACEMENT_3D ( 'NONE', #7353, #2366, #5642 ) ;
#10764 = VECTOR ( 'NONE', #5138, 999.9999999999998900 ) ;
#10765 = EDGE_CURVE ( 'NONE', #6036, #2563, #3927, .T. ) ;
#10766 = ORIENTED_EDGE ( 'NONE', *, *, #10428, .T. ) ;
#10767 = EDGE_LOOP ( 'NONE', ( #1685, #1067, #8609, #4742 ) ) ;
#10768 = AXIS2_PLACEMENT_3D ( 'NONE', #4849, #4885, #671 ) ;
#10769 = ORIENTED_EDGE ( 'NONE', *, *, #2108, .T. ) ;
#10770 = STYLED_ITEM ( 'NONE', ( #7789 ), #3078 ) ;
#10771 = EDGE_CURVE ( 'NONE', #1885, #8741, #7992, .T. ) ;
#10772 = ORIENTED_EDGE ( 'NONE', *, *, #8868, .T. ) ;
#10773 = FACE_OUTER_BOUND ( 'NONE', #5400, .T. ) ;
#10774 = ORIENTED_EDGE ( 'NONE', *, *, #8089, .F. ) ;
#10775 = CARTESIAN_POINT ( 'NONE',  ( 0.0000000000000000000, 0.0000000000000000000, -19.00000000000000400 ) ) ;
#10776 = CARTESIAN_POINT ( 'NONE',  ( -15.96497596851089900, 16.74998035735668000, -26.99999999999999600 ) ) ;
#10777 = CARTESIAN_POINT ( 'NONE',  ( 16.94289321881341700, -21.15000000000000200, 2.000000000000000000 ) ) ;
#10778 =( LENGTH_UNIT ( ) NAMED_UNIT ( * ) SI_UNIT ( .MILLI., .METRE. ) );
#10779 = VECTOR ( 'NONE', #2104, 1000.000000000000000 ) ;
#10780 = CARTESIAN_POINT ( 'NONE',  ( 21.00355339059327900, -17.29644660940668600, -28.49999999999999600 ) ) ;
#10781 = ADVANCED_FACE ( 'NONE', ( #7851 ), #10044, .F. ) ;
#10782 = DIRECTION ( 'NONE',  ( -0.0000000000000000000, -0.0000000000000000000, -1.000000000000000000 ) ) ;
#10783 = AXIS2_PLACEMENT_3D ( 'NONE', #1587, #1553, #854 ) ;
#10784 = PRESENTATION_LAYER_ASSIGNMENT (  '', '', ( #6682 ) ) ;
#10785 = DIRECTION ( 'NONE',  ( -0.0000000000000000000, -0.0000000000000000000, -1.000000000000000000 ) ) ;
#10786 = UNCERTAINTY_MEASURE_WITH_UNIT (LENGTH_MEASURE( 1.000000000000000100E-005 ), #4183, 'distance_accuracy_value', 'NONE');
#10787 = SURFACE_SIDE_STYLE ('',( #7981 ) ) ;
#10788 = LINE ( 'NONE', #6763, #1879 ) ;
#10789 = CARTESIAN_POINT ( 'NONE',  ( 21.14999999999999900, 13.32957238623956000, 4.000000000000003600 ) ) ;
#10790 = EDGE_CURVE ( 'NONE', #5774, #6045, #1561, .T. ) ;
#10791 =( NAMED_UNIT ( * ) PLANE_ANGLE_UNIT ( ) SI_UNIT ( $, .RADIAN. ) );
#10792 = LINE ( 'NONE', #5255, #1360 ) ;
#10793 = CARTESIAN_POINT ( 'NONE',  ( 0.0000000000000000000, 0.0000000000000000000, -19.00000000000000400 ) ) ;
#10794 = ORIENTED_EDGE ( 'NONE', *, *, #1241, .F. ) ;
#10795 = FILL_AREA_STYLE_COLOUR ( '', #3114 ) ;
#10796 = VECTOR ( 'NONE', #10661, 1000.000000000000000 ) ;
#10797 = DIRECTION ( 'NONE',  ( 1.000000000000000000, 0.0000000000000000000, 0.0000000000000000000 ) ) ;
#10798 = CARTESIAN_POINT ( 'NONE',  ( -15.01375035175307500, -15.03502403148862900, -26.99999999999999600 ) ) ;
#10799 = UNCERTAINTY_MEASURE_WITH_UNIT (LENGTH_MEASURE( 1.000000000000000100E-005 ), #4524, 'distance_accuracy_value', 'NONE');
#10800 = CIRCLE ( 'NONE', #9440, 4.000000000000000000 ) ;
#10801 = PRESENTATION_STYLE_ASSIGNMENT (( #4099 ) ) ;
#10802 = CIRCLE ( 'NONE', #1801, 20.00000000000000000 ) ;
#10803 = VECTOR ( 'NONE', #3653, 1000.000000000000000 ) ;
#10804 = PRESENTATION_STYLE_ASSIGNMENT (( #4601 ) ) ;
#10805 =( NAMED_UNIT ( * ) SI_UNIT ( $, .STERADIAN. ) SOLID_ANGLE_UNIT ( ) );
#10806 =( NAMED_UNIT ( * ) PLANE_ANGLE_UNIT ( ) SI_UNIT ( $, .RADIAN. ) );
#10807 = FACE_OUTER_BOUND ( 'NONE', #3115, .T. ) ;
#10808 = ORIENTED_EDGE ( 'NONE', *, *, #5, .T. ) ;
#10809 = CARTESIAN_POINT ( 'NONE',  ( 17.29644660940670400, -21.00355339059327500, -28.99999999999999600 ) ) ;
#10810 = CARTESIAN_POINT ( 'NONE',  ( 0.0000000000000000000, 0.0000000000000000000, 34.00000000000000000 ) ) ;
#10811 = FACE_OUTER_BOUND ( 'NONE', #6709, .T. ) ;
#10812 =( NAMED_UNIT ( * ) PLANE_ANGLE_UNIT ( ) SI_UNIT ( $, .RADIAN. ) );
#10813 = DIRECTION ( 'NONE',  ( -0.7071067811865475700, 0.7071067811865475700, 4.906538933386793300E-015 ) ) ;
#10814 = MECHANICAL_DESIGN_GEOMETRIC_PRESENTATION_REPRESENTATION (  '', ( #3339 ), #5795 ) ;
#10815 = DIRECTION ( 'NONE',  ( 1.000000000000000000, 0.0000000000000000000, 0.0000000000000000000 ) ) ;
#10816 = AXIS2_PLACEMENT_3D ( 'NONE', #2193, #6194, #10597 ) ;
#10817 = PRESENTATION_STYLE_ASSIGNMENT (( #3662 ) ) ;
#10818 = CARTESIAN_POINT ( 'NONE',  ( -14.19283027458642900, 15.98624964825022200, -26.99999999999999600 ) ) ;
#10819 = LINE ( 'NONE', #8393, #9641 ) ;
#10820 = ORIENTED_EDGE ( 'NONE', *, *, #8716, .F. ) ;
#10821 = ORIENTED_EDGE ( 'NONE', *, *, #3456, .T. ) ;
#10822 = FACE_OUTER_BOUND ( 'NONE', #2098, .T. ) ;
#10823 = PLANE ( 'NONE',  #10618 ) ;
#10824 = CARTESIAN_POINT ( 'NONE',  ( -16.94289321881343500, 20.64999999999999900, -28.99999999999999600 ) ) ;
#10825 = DIRECTION ( 'NONE',  ( -0.0000000000000000000, -0.0000000000000000000, -1.000000000000000000 ) ) ;
#10826 = STYLED_ITEM ( 'NONE', ( #1623 ), #6850 ) ;
#10827 = PRESENTATION_STYLE_ASSIGNMENT (( #8982 ) ) ;
#10828 = ADVANCED_FACE ( 'NONE', ( #9291, #7082, #9044, #4197, #2830, #588, #317, #7281, #10773 ), #8454, .F. ) ;
#10829 = UNCERTAINTY_MEASURE_WITH_UNIT (LENGTH_MEASURE( 1.000000000000000100E-005 ), #9261, 'distance_accuracy_value', 'NONE');
#10830 =( LENGTH_UNIT ( ) NAMED_UNIT ( * ) SI_UNIT ( .MILLI., .METRE. ) );
#10831 = EDGE_LOOP ( 'NONE', ( #7484, #9862, #5709, #6738 ) ) ;
#10832 = DIRECTION ( 'NONE',  ( 1.000000000000000000, 0.0000000000000000000, 0.0000000000000000000 ) ) ;
#10833 = DIRECTION ( 'NONE',  ( 0.0000000000000000000, 1.000000000000000000, 0.0000000000000000000 ) ) ;
#10834 = PRESENTATION_LAYER_ASSIGNMENT (  '', '', ( #10261 ) ) ;
#10835 = EDGE_CURVE ( 'NONE', #9447, #4771, #9318, .T. ) ;
#10836 = FACE_BOUND ( 'NONE', #7343, .T. ) ;
#10837 =( NAMED_UNIT ( * ) PLANE_ANGLE_UNIT ( ) SI_UNIT ( $, .RADIAN. ) );
#10838 = AXIS2_PLACEMENT_3D ( 'NONE', #2812, #4543, #290 ) ;
#10839 = EDGE_CURVE ( 'NONE', #7482, #7065, #1712, .T. ) ;
#10840 = ORIENTED_EDGE ( 'NONE', *, *, #464, .F. ) ;
#10841 = AXIS2_PLACEMENT_3D ( 'NONE', #1189, #2030, #7152 ) ;
#10842 = SURFACE_SIDE_STYLE ('',( #9605 ) ) ;
#10843 = CARTESIAN_POINT ( 'NONE',  ( -12.75000000000087200, -15.49999999999912400, -26.99999999999999600 ) ) ;
#10844 = SURFACE_SIDE_STYLE ('',( #749 ) ) ;
#10845 =( NAMED_UNIT ( * ) SI_UNIT ( $, .STERADIAN. ) SOLID_ANGLE_UNIT ( ) );
#10846 =( GEOMETRIC_REPRESENTATION_CONTEXT ( 3 ) GLOBAL_UNCERTAINTY_ASSIGNED_CONTEXT ( ( #2752 ) ) GLOBAL_UNIT_ASSIGNED_CONTEXT ( ( #10245, #8738, #6980 ) ) REPRESENTATION_CONTEXT ( 'NONE', 'WORKASPACE' ) );
#10847 = EDGE_CURVE ( 'NONE', #1853, #3370, #8517, .T. ) ;
#10848 = ORIENTED_EDGE ( 'NONE', *, *, #3569, .F. ) ;
#10849 = ORIENTED_EDGE ( 'NONE', *, *, #10193, .F. ) ;
#10850 = VECTOR ( 'NONE', #2345, 1000.000000000000000 ) ;
#10851 = CARTESIAN_POINT ( 'NONE',  ( -15.96497596851091000, 15.01375035175259500, -26.99999999999999600 ) ) ;
#10852 = ORIENTED_EDGE ( 'NONE', *, *, #7999, .F. ) ;
#10853 = DIRECTION ( 'NONE',  ( -1.000000000000000000, 0.0000000000000000000, 0.0000000000000000000 ) ) ;
#10854 = ORIENTED_EDGE ( 'NONE', *, *, #1894, .F. ) ;
#10855 = DIRECTION ( 'NONE',  ( -0.7071067811865510100, 0.7071067811865441300, 0.0000000000000000000 ) ) ;
#10856 = MECHANICAL_DESIGN_GEOMETRIC_PRESENTATION_REPRESENTATION (  '', ( #7168 ), #10496 ) ;
#10857 = VERTEX_POINT ( 'NONE', #8421 ) ;
#10858 = ORIENTED_EDGE ( 'NONE', *, *, #2167, .T. ) ;
#10859 = ORIENTED_EDGE ( 'NONE', *, *, #9697, .T. ) ;
#10860 =( LENGTH_UNIT ( ) NAMED_UNIT ( * ) SI_UNIT ( .MILLI., .METRE. ) );
#10861 = ORIENTED_EDGE ( 'NONE', *, *, #2652, .F. ) ;
#10862 = ORIENTED_EDGE ( 'NONE', *, *, #10540, .F. ) ;
#10863 = ORIENTED_EDGE ( 'NONE', *, *, #757, .T. ) ;
#10864 = LINE ( 'NONE', #3693, #5797 ) ;
#10865 = DIRECTION ( 'NONE',  ( -1.000000000000000000, 0.0000000000000000000, 0.0000000000000000000 ) ) ;
ENDSEC;
END-ISO-10303-21;
